No.,施設所在地,施設方書,施設屋号,営業者名,営業所電話番号,許可番号,業種,初回許可日,許可開始日,許可満了日
1,東京都世田谷区若林一丁目１番２号,-,手打蕎麦　里り,***,-,4世保生食ほ第1792号,飲食店営業,令和5年4月25日,令和5年4月25日,令和11年4月30日
2,東京都世田谷区若林一丁目２番３号,プラチナムコート１Ｆ,Ｓｈｅｒｒｙ,***,5432-9528,31世保生食ほ第1175号,飲食店営業,令和元年9月13日,令和元年9月13日,令和8年9月30日
3,東京都世田谷区若林一丁目２番３号,プラチナコート三軒茶屋Ｂ１Ｆ,和食レストラン真こう,合同会社真洸商会,03-6453-4554,2世保生食ほ第774号,飲食店営業,令和2年8月5日,令和2年8月5日,令和9年8月31日
4,東京都世田谷区若林一丁目２番３号,プラチナコート三軒茶屋Ｂ１,とんかつもとこ,株式会社アンティアチョムアニマ,-,6世保生食ほ第881号,飲食店営業,令和6年9月20日,令和6年9月20日,令和13年9月30日
5,東京都世田谷区若林一丁目５番１号,２Ａ,ＰＯＰＯＥ　ｔｈｅ　ｂａｋｅ　ｓｈｏｐ,株式会社ハートリッツ,-,5世保生食ほ第1156号,菓子製造業,令和5年10月30日,令和5年10月30日,令和12年10月31日
6,東京都世田谷区若林一丁目７番３号,-,ナチュラルローソン若林一丁目店,株式会社スズセン,03-5779-0343,31世保生食ほ第1003号,飲食店営業,平成24年8月31日,令和元年9月1日,令和8年8月31日
7,東京都世田谷区若林一丁目７番３号,-,ナチュラルローソン若林一丁目店,株式会社スズセン,03-5779-0343,31世保生食ほ第1004号,菓子製造業,平成24年8月31日,令和元年9月1日,令和8年8月31日
8,東京都世田谷区若林一丁目８番８号,デンス河野１Ｆ,Ｊｕｎｃ　ｄｅ　ｃｏｔｅ　ｃｏｔｅ,***,03-3410-7514,7世保生食ほ第1713号,飲食店営業,令和8年4月1日,令和8年4月1日,令和14年3月31日
9,東京都世田谷区若林一丁目８番８号,デンス河野１０３,Ｊｅｗｅｌｌｅｒ’ｓ　ｃａｆｅ　Ｃｏｕｒｉｅｒ,***,03-6450-7860,3世保生食ほ第1567号,飲食店営業,令和3年12月1日,令和3年12月1日,令和9年11月30日
10,東京都世田谷区若林一丁目８番８号,デンス河野ビル１０２,サラヴァ,***,03-3410-7514,2世保生食ほ第1954号,飲食店営業,平成27年1月21日,令和3年2月1日,令和9年1月31日
11,東京都世田谷区若林一丁目８番８号,デニス河野Ｂ１（左側）,寿し忠,***,03-3424-2048,2世保生食ほ第194号,飲食店営業,令和2年5月14日,令和2年5月14日,令和9年5月31日
12,東京都世田谷区若林一丁目９番１４号,-,若林キッチン,チャントトリップ合同会社,-,7世保生食ほ第1802号,飲食店営業,令和8年4月1日,令和8年4月1日,令和14年3月31日
13,東京都世田谷区若林一丁目９番１４号,-,若林キッチン,チャントトリップ合同会社,-,7世保生食ほ第1803号,菓子製造業,令和8年4月1日,令和8年4月1日,令和14年3月31日
14,東京都世田谷区若林一丁目１１番１０号,-,世田谷２３３,有限会社パング,03-5430-8539,3世保生食ほ第266号,喫茶店営業,平成15年5月13日,令和3年6月1日,令和9年5月31日
15,東京都世田谷区若林一丁目１６番１号,ディーガーデン１階,香乃,***,6311-0659,31世保生食ほ第2891号,飲食店営業,平成25年3月6日,令和2年4月1日,令和9年3月31日
16,東京都世田谷区若林一丁目１７番３号,シンシア　フォーＤサンゲンヂャヤＢ１,ラヂヲデイズ,***,3414-5131,31世保生食ほ第1402号,飲食店営業,平成18年10月10日,令和元年11月1日,令和8年10月31日
17,東京都世田谷区若林一丁目１７番３号,シンシアフォーディ三軒茶屋１０２,お料理　お蕎麦　石竹,***,03-6805-5553,4世保生食ほ第1816号,飲食店営業,令和5年4月1日,令和5年4月1日,令和12年3月31日
18,東京都世田谷区若林一丁目１７番３号,シンシア　フォーＤ　三軒茶屋　Ｂ１０２,フォルツァ　ドンナ　Ⅱ,アクティブフットワーク株式会社,03-5432-9998,6世保生食ほ第1705号,飲食店営業,令和7年3月1日,令和7年3月1日,令和13年2月28日
19,東京都世田谷区若林一丁目１７番３号,Ｂ１　１０１,ｃｈｉｌｌ＋ｄｒａｉｎ　２４４,株式会社ＮＦＣ,03-6453-2446,5世保生食ほ第853号,飲食店営業,令和5年9月19日,令和5年9月19日,令和12年9月30日
20,東京都世田谷区若林一丁目１７番５号,-,ＭＡＲＵＮＯＷＡ　Ｃｈｉｌｄｒｅｎ’ｓ　ｌａｂｏ,株式会社和音人,03-5787-8859,3世保生食ほ第580号,食肉販売業,令和3年6月9日,令和3年6月9日,令和10年6月30日
21,東京都世田谷区若林一丁目１７番５号,-,ＭＡＲＵＮＯＷＡ　Ｃｈｉｌｄｒｅｎ’ｓ　ｌａｂｏ,株式会社和音人,03-5787-8859,3世保生食ほ第581号,菓子製造業,令和3年6月9日,令和3年6月9日,令和10年6月30日
22,東京都世田谷区若林一丁目１７番５号,-,ＭＡＲＵＮＯＷＡ　Ｃｈｉｌｄｒｅｎ’ｓ　ｌａｂｏ,株式会社和音人,03-5787-8859,3世保生食ほ第582号,そうざい製造業,令和3年6月9日,令和3年6月9日,令和10年6月30日
23,東京都世田谷区若林一丁目２４番９号,きせきビル１Ｆ,ひより,***,03-5787-6639,7世保生食ほ第1267号,飲食店営業,令和8年1月1日,令和8年1月1日,令和14年12月31日
24,東京都世田谷区若林一丁目２４番９号,ＫＥＩビル１階,株式会社東果堂,株式会社東果堂,6804-0721,2世保生食ほ第597号,飲食店営業,令和2年8月7日,令和2年8月7日,令和9年8月31日
25,東京都世田谷区若林一丁目２４番９号,ＫＥＩビル１階,株式会社東果堂,株式会社東果堂,6804-0721,2世保生食ほ第598号,菓子製造業,令和2年8月7日,令和2年8月7日,令和9年8月31日
26,東京都世田谷区若林一丁目２４番９号,ＫＥＩビル１階,株式会社東果堂,株式会社東果堂,6804-0721,2世保生食ほ第599号,そうざい製造業,令和2年8月7日,令和2年8月7日,令和9年8月31日
27,東京都世田谷区若林一丁目２９番１２号,ＫＹフラット１Ｆ,ＭＡＮＺＯ,有限会社マンゾオフィス,03-5430-1084,31世保生食ほ第2687号,飲食店営業,平成8年5月22日,令和2年6月1日,令和8年5月31日
28,東京都世田谷区若林一丁目３３番６号,-,よつば保育園,株式会社ＬＥＯＣ,03-5430-0428,2世保生食ほ第2718号,飲食店営業,令和3年3月26日,令和3年3月26日,令和10年3月31日
29,東京都世田谷区若林二丁目３１番１２号,-,ａｗａｓｈｉｍａ１０２ｂｉｓｔｒｏ,***,03-6413-8911,31世保生食ほ第1253号,飲食店営業,令和元年9月19日,令和元年9月19日,令和8年9月30日
30,東京都世田谷区若林二丁目３２番１５号,-,セブンイレブン若林陸橋店,***,03-3413-9585,31世保生食ほ第356号,飲食店営業,令和元年5月24日,令和元年5月24日,令和8年5月31日
31,東京都世田谷区若林二丁目３２番１５号,-,セブンイレブン若林陸橋店,***,03-3413-9585,31世保生食ほ第357号,菓子製造業,令和元年5月24日,令和元年5月24日,令和8年5月31日
32,東京都世田谷区若林二丁目３８番１１号,１Ｆ,ａｔｔｉｃ　ＦＵＲＮＩＴＵＲＥ,株式会社アティックプラニング,03-6805-3980,2世保生食ほ第2012号,飲食店営業,平成27年1月14日,令和3年2月1日,令和9年1月31日
33,東京都世田谷区若林二丁目３８番１１号,若林１０１,玉川精肉店,株式会社ＤｅｓｉｇｎＴＵＮＥ,03-6417-9838,7世保生食ほ第926号,飲食店営業,令和7年9月30日,令和7年9月30日,令和14年9月30日
34,東京都世田谷区若林二丁目３８番１１号,若林１０１,玉川精肉店,株式会社ＤｅｓｉｇｎＴＵＮＥ,03-6417-9838,7世保生食ほ第927号,食肉販売業,令和7年9月30日,令和7年9月30日,令和14年9月30日
35,東京都世田谷区若林二丁目３８番１１号,若林１０１,玉川精肉店,株式会社ＤｅｓｉｇｎＴＵＮＥ,03-6417-9838,7世保生食ほ第928号,そうざい製造業,令和7年9月30日,令和7年9月30日,令和14年9月30日
36,東京都世田谷区若林二丁目３９番２号,三甲東京ビル１Ｆ,カラオケ喫茶　花の木,***,03-3419-2637,4世保生食ほ第1969号,飲食店営業,令和5年5月1日,令和5年5月1日,令和11年4月30日
37,東京都世田谷区若林二丁目４１番１号,-,ＣＲＡＺＹ　ＭＡＭＡ,***,03-5787-6614,2世保生食ほ第265号,飲食店営業,令和2年5月8日,令和2年5月8日,令和8年5月31日
38,東京都世田谷区若林三丁目３番１６号,パシフィック若林Ｂ１Ａ号室,ＰＡＲＩＹＡ　セントラルキッチン,株式会社巴里屋,03-5787-6248,31世保生食ほ第1184号,そうざい製造業,令和元年10月7日,令和元年10月7日,令和9年10月31日
39,東京都世田谷区若林三丁目３番１６号,パシフィック若林Ｂ１Ｆ　Ａ室,ＨＵＧＥ　ＬＡＢＯ,株式会社ＨＵＧＥ,03-6632-8880,3世保生食ほ第936号,菓子製造業,令和3年8月18日,令和3年8月18日,令和10年8月31日
40,東京都世田谷区若林三丁目３番１６号,パシフィック若林Ｂ１Ｆ　Ａ室,ＨＵＧＥ　ＬＡＢＯ,株式会社ＨＵＧＥ,03-6632-8880,3世保生食ほ第937号,そうざい製造業,令和3年8月18日,令和3年8月18日,令和10年8月31日
41,東京都世田谷区若林三丁目１５番１号,若林ビラージュ１０１,麺通　若林店,株式会社麺通,03-3414-1123,3世保生食ほ第1365号,麺類製造業,令和3年11月1日,令和3年11月1日,令和9年10月31日
42,東京都世田谷区若林三丁目１５番１号,-,まごわやさしい,株式会社自然回帰,03-6804-0581,4世保生食ほ第981号,飲食店営業,令和4年9月22日,令和4年9月22日,令和11年9月30日
43,東京都世田谷区若林三丁目１５番３号,-,浅草もんじゃ　土蛍,株式会社ユリシス,03-5779-3305,6世保生食ほ第1787号,飲食店営業,令和7年4月1日,令和7年4月1日,令和14年3月31日
44,東京都世田谷区若林三丁目１５番６号,エクセル若林,ＤＡＫＩＮＥ,株式会社ＭＡＫ’Ｓ,03-6453-4913,7世保生食ほ第1300号,飲食店営業,令和8年1月1日,令和8年1月1日,令和14年12月31日
45,東京都世田谷区若林三丁目１５番６号,エクセル若林１Ｆ,ＳＥＴＡＧＡＹＡ　ｋｏｄｏ’ｓ,ＡＬＯＨＡＴＯＫＹＯ株式会社,-,31世保生食ほ第419号,飲食店営業,令和元年10月11日,令和元年10月11日,令和8年10月31日
46,東京都世田谷区若林三丁目１６番１号,フジビル１階Ｂ,お肉ダイニングバー　Ｇｒａｖｙ,***,-,4世保生食ほ第185号,飲食店営業,令和4年6月1日,令和4年6月1日,令和10年5月31日
47,東京都世田谷区若林三丁目１７番１号,-,コロラド松陰神社店,***,03-3410-8923,3世保生食ほ第1668号,飲食店営業,令和4年1月1日,令和4年1月1日,令和9年12月31日
48,東京都世田谷区若林三丁目１７番３号,-,ｐｏｒｔｌａｔｅ　ｃａｆｅ,株式会社ポートレート,03-3410-6608,2世保生食ほ第688号,飲食店営業,令和2年7月22日,令和2年7月22日,令和8年7月31日
49,東京都世田谷区若林三丁目１７番４号,-,ＫＡＮＮＯＮ　ＣＯＦＦＥＥ　ｓｈｏｉｎｊｉｎｊａ,株式会社ＫＡＮＮＯＮ,03-6805-2083,6世保生食ほ第1713号,飲食店営業,令和7年3月1日,令和7年3月1日,令和13年2月28日
50,東京都世田谷区若林三丁目１７番５号,-,中華立波,***,-,7世保生食ほ第398号,飲食店営業,令和7年7月1日,令和7年7月1日,令和13年6月30日
51,東京都世田谷区若林三丁目１７番７号,-,ＣＡＦＥＤＩＣＴ,***,-,2世保生食ほ第2208号,飲食店営業,令和3年2月2日,令和3年2月2日,令和9年2月28日
52,東京都世田谷区若林三丁目１７番９号,大丸ビル１Ｆ２号,虎昌,***,-,7世保生食ほ第1414号,飲食店営業,令和7年12月23日,令和7年12月23日,令和13年12月31日
53,東京都世田谷区若林三丁目１７番１０号,-,ＭＥＲＣＩ　ＢＡＫＥ,***,6453-2389,2世保生食ほ第711号,飲食店営業,平成26年7月18日,令和2年8月1日,令和8年7月31日
54,東京都世田谷区若林三丁目１７番１０号,-,ＭＥＲＣＩ　ＢＡＫＥ,***,6453-2389,2世保生食ほ第712号,菓子製造業,平成26年7月18日,令和2年8月1日,令和8年7月31日
55,東京都世田谷区若林三丁目１７番１０号,-,ＤＥ　ＣＡＲＮＥＲＯ　ＣＡＳＴＥ,株式会社ＣＡＲＮＥＲＯ　ＦＡＲＭ,6450-9290,2世保生食ほ第2491号,飲食店営業,令和3年3月17日,令和3年3月17日,令和9年3月31日
56,東京都世田谷区若林三丁目１７番１０号,-,ＤＥ　ＣＡＲＮＥＲＯ　ＣＡＳＴＥ,株式会社ＣＡＲＮＥＲＯ　ＦＡＲＭ,6450-9290,2世保生食ほ第2492号,菓子製造業,令和3年3月17日,令和3年3月17日,令和9年3月31日
57,東京都世田谷区若林三丁目１７番１２号,芳和店舗一階Ｂ,ＴＥＡ　ＳＷＥＥＴＳ　ＦＡＣＴＯＲＹ,***,-,6世保生食ほ第1277号,飲食店営業,令和7年1月1日,令和7年1月1日,令和12年12月31日
58,東京都世田谷区若林三丁目１７番１２号,芳和店舗一階Ｂ,ＴＥＡ　ＳＷＥＥＴＳ　ＦＡＣＴＯＲＹ,***,-,6世保生食ほ第1278号,菓子製造業,令和7年1月1日,令和7年1月1日,令和12年12月31日
59,東京都世田谷区若林三丁目１８番５号,-,れんげ食堂　Ｔｏｓｈｕ松陰神社前店,オリジン東秀株式会社,03-6805-5410,6世保生食ほ第1113号,飲食店営業,令和6年12月1日,令和6年12月1日,令和13年11月30日
60,東京都世田谷区若林三丁目１９番４号,-,炭火焼ダイニング吉良,***,03-3413-6556,2世保生食ほ第1966号,飲食店営業,令和3年1月6日,令和3年1月6日,令和9年1月31日
61,東京都世田谷区若林三丁目１９番４号,-,株式会社ニコラス精養堂,株式会社ニコラス精養堂,03-3410-7276,5世保生食ほ第521号,飲食店営業,令和5年7月10日,令和5年7月10日,令和12年7月31日
62,東京都世田谷区若林三丁目１９番４号,-,株式会社ニコラス精養堂,株式会社ニコラス精養堂,03-3410-7276,5世保生食ほ第522号,菓子製造業,令和5年7月10日,令和5年7月10日,令和12年7月31日
63,東京都世田谷区若林三丁目１９番６号,-,バッカス,***,3422-2004,31世保生食ほ第2864号,飲食店営業,昭和35年6月28日,令和2年7月1日,令和8年6月30日
64,東京都世田谷区若林三丁目１９番６号,-,居酒屋　蔵八,株式会社ビィースマイル,03-3413-9158,3世保生食ほ第637号,飲食店営業,令和3年6月25日,令和3年6月25日,令和9年6月30日
65,東京都世田谷区若林三丁目１９番７号,-,松なみラーメン店,株式会社松濤,03-5787-8789,2世保生食ほ第2445号,飲食店営業,平成21年3月2日,令和3年4月1日,令和9年3月31日
66,東京都世田谷区若林三丁目２３番９号,-,（有）萬安,有限会社萬安,3410-8251,31世保生食ほ第850号,飲食店営業,平成10年9月1日,令和元年9月1日,令和8年8月31日
67,東京都世田谷区若林三丁目３３番１６号,第一愛和ビル１０２,ナイーフ,***,03-6320-9870,3世保生食ほ第1084号,菓子製造業,令和3年10月1日,令和3年10月1日,令和9年9月30日
68,東京都世田谷区若林三丁目３４番１０号,ＴＡＳＩＮＯ１０１号室,天神,***,-,7世保生食ほ第101号,飲食店営業,令和7年4月18日,令和7年4月18日,令和13年4月30日
69,東京都世田谷区若林三丁目３６番８号,藤崎ビル２Ｆ,ハイドラント,株式会社ジップザフューチャーズ,-,4世保生食ほ第1729号,飲食店営業,令和5年3月6日,令和5年3月6日,令和11年3月31日
70,東京都世田谷区若林三丁目３６番８号,-,ＫＡＧＵＹＡ,株式会社さいとう,03-5787-8728,5世保生食ほ第1155号,飲食店営業,令和5年11月1日,令和5年11月1日,令和11年10月31日
71,東京都世田谷区若林四丁目１番３号,-,焼肉　元三,株式会社Ｔｏｕｃｈｗｏｏｄ,03-3421-0734,4世保生食ほ第217号,飲食店営業,令和4年6月29日,令和4年6月29日,令和10年6月30日
72,東京都世田谷区若林四丁目１番３号,-,焼肉　元三,株式会社Ｔｏｕｃｈｗｏｏｄ,03-3421-0734,4世保生食ほ第218号,食肉販売業,令和4年6月29日,令和4年6月29日,令和10年6月30日
73,東京都世田谷区若林四丁目１番５号,-,トップ　若林店,株式会社トップ,03-3412-5121,31世保生食ほ第545号,飲食店営業,平成17年6月22日,令和元年7月1日,令和8年6月30日
74,東京都世田谷区若林四丁目１番５号,-,トップ　若林店,株式会社トップ,03-3412-5121,4世保生食ほ第1369号,菓子製造業,令和4年12月1日,令和4年12月1日,令和11年11月30日
75,東京都世田谷区若林四丁目１番５号,-,トップ若林店,株式会社トップ,03-3412-5121,5世保生食ほ第1199号,食肉販売業,令和5年11月1日,令和5年11月1日,令和12年10月31日
76,東京都世田谷区若林四丁目１番１０号,-,ザ‐青皿,株式会社ギンザラ,-,7世保生食ほ第1764号,飲食店営業,令和8年3月9日,令和8年3月9日,令和14年3月31日
77,東京都世田谷区若林四丁目２番４号,日新第二ビル　１階（Ｎｏ．３区画）,しまんちゅパーラーポータマン,株式会社ｗａｒａｂａｒ,03-4400-5234,4世保生食ほ第235号,飲食店営業,令和4年5月19日,令和4年5月19日,令和11年5月31日
78,東京都世田谷区若林四丁目２番４号,日新第二ビル　１階（Ｎｏ．３区画）,しまんちゅパーラーポータマン,株式会社ｗａｒａｂａｒ,03-4400-5234,6世保生食ほ第448号,そうざい製造業,令和6年7月8日,令和6年7月8日,令和13年7月31日
79,東京都世田谷区若林四丁目３番９号,１０１,９　ｓｅｎｓｅｓ,***,-,5世保生食ほ第607号,飲食店営業,令和5年8月10日,令和5年8月10日,令和11年8月31日
80,東京都世田谷区若林四丁目３番１２号,１Ｆ,ＢＡＲＥ　ＰＩＺＺＡ　ＰＯＣＯ　若林店,ポコフードサービス株式会社,5787-5075,7世保生食ほ第1699号,飲食店営業,令和8年4月1日,令和8年4月1日,令和14年3月31日
81,東京都世田谷区若林四丁目３番１２号,ＳＴＡＴＩＯＮ　ＷＩＮ,九百屋　旬世,合同会社ＫＡＫＵＭＥＩ,-,2世保生食ほ第702号,飲食店営業,令和2年8月4日,令和2年8月4日,令和8年8月31日
82,東京都世田谷区若林四丁目５番６号,重田荘１Ｆ,もつ焼き炉来,***,-,4世保生食ほ第1927号,飲食店営業,令和5年4月13日,令和5年4月13日,令和11年4月30日
83,東京都世田谷区若林四丁目６番１号,-,ピーターセン,***,5787-6872,31世保生食ほ第2084号,飲食店営業,平成25年1月28日,令和2年2月1日,令和9年1月31日
84,東京都世田谷区若林四丁目６番１号,-,ピーターセン,***,5787-6872,31世保生食ほ第2085号,菓子製造業,平成25年1月28日,令和2年2月1日,令和9年1月31日
85,東京都世田谷区若林四丁目８番３号,ハイム勢ん１０１,ＡＬＬ　ＤＡＹ,株式会社　ＡＬＬ　ＤＡＹ,-,5世保生食ほ第446号,飲食店営業,令和5年6月30日,令和5年6月30日,令和11年6月30日
86,東京都世田谷区若林四丁目８番３号,ハイム勢ん１０１,ＡＬＬ　ＤＡＹ,株式会社　ＡＬＬ　ＤＡＹ,-,5世保生食ほ第447号,菓子製造業,令和5年6月30日,令和5年6月30日,令和11年6月30日
87,東京都世田谷区若林四丁目８番３号,ハイム勢ん１０１,ＡＬＬ　ＤＡＹ,株式会社　ＡＬＬ　ＤＡＹ,-,5世保生食ほ第448号,そうざい製造業,令和5年6月30日,令和5年6月30日,令和11年6月30日
88,東京都世田谷区若林四丁目１７番１１号,-,肉の染谷,株式会社染谷食肉フーズ,03-3419-2941,6世保生食ほ第1693号,飲食店営業,令和7年4月1日,令和7年4月1日,令和14年3月31日
89,東京都世田谷区若林四丁目１７番１１号,-,肉の染谷,株式会社染谷食肉フーズ,03-3419-2941,6世保生食ほ第1694号,食肉販売業,令和7年4月1日,令和7年4月1日,令和14年3月31日
90,東京都世田谷区若林四丁目２０番７号,タイガープラザ地下１階,ＴＩＫＡ,株式会社ＳＡＫＩＹＡ,-,31世保生食ほ第483号,飲食店営業,令和元年6月11日,令和元年6月11日,令和8年6月30日
91,東京都世田谷区若林四丁目２０番７号,-,ＰＯＴＰＵＲＲＩ,株式会社ＰＯＴＰＵＲＲＩ,-,5世保生食ほ第1660号,飲食店営業,令和6年2月20日,令和6年2月20日,令和13年2月28日
92,東京都世田谷区若林四丁目２０番９号,岡村ビル１Ｆ,珈琲家　あのころ,一紀珈琲株式会社,03-6804-0967,4世保生食ほ第1799号,飲食店営業,令和5年4月1日,令和5年4月1日,令和11年3月31日
93,東京都世田谷区若林四丁目２０番１０号,-,シチューのお店　ヒポポタマス,株式会社ヒポポタマス,03-3419-1233,3世保生食ほ第1784号,飲食店営業,令和4年2月1日,令和4年2月1日,令和11年1月31日
94,東京都世田谷区若林四丁目２０番１１号,ｋ－ｓｔｙｌｅ１階,オルガ,***,-,6世保生食ほ第371号,飲食店営業,令和6年7月1日,令和6年7月1日,令和13年6月30日
95,東京都世田谷区若林四丁目２０番１２号,石山アパート１階,割烹　尚禅,***,03-6822-7906,6世保生食ほ第938号,飲食店営業,令和6年10月4日,令和6年10月4日,令和13年10月31日
96,東京都世田谷区若林四丁目２１番３号,松蔭神社駅前レジデンス１０２,Ｇｒａｎｄ　Ａｒｂｒｅ,株式会社プティデビュージャパン,03-3411-3821,2世保生食ほ第1689号,飲食店営業,平成26年12月15日,令和3年1月1日,令和8年12月31日
97,東京都世田谷区若林四丁目２１番４号,宮田屋ビル２Ｆ,Ｂｉｓｔｒｏ　Ｔｒｏｉｓ－ｑｕａｒｔｓ,合同会社ＭＳＫ,03-5787-6362,2世保生食ほ第224号,飲食店営業,令和2年4月30日,令和2年4月30日,令和9年4月30日
98,東京都世田谷区若林四丁目２２番３号,Ｉｒｅｎｅ　１階,お酒とごはん　にじみ,***,-,4世保生食ほ第453号,飲食店営業,令和4年6月23日,令和4年6月23日,令和10年6月30日
99,東京都世田谷区若林四丁目２２番１８号,パトリア松蔭　Ａ号室,ｉｒｉ　ｃｏｆｆｅｅ　ｒｏａｓｔｅｒｙ,株式会社よはく,-,5世保生食ほ第698号,飲食店営業,令和5年10月13日,令和5年10月13日,令和11年10月31日
100,東京都世田谷区若林四丁目２２番１８号,パトリア松陰,ｐｒｏｇｒｅｓｓ＿ｂａｒ,***,-,5世保生食ほ第1431号,飲食店営業,令和5年12月13日,令和5年12月13日,令和11年12月31日
101,東京都世田谷区若林四丁目２２番１８号,パトリア松蔭１－Ｂ,Ｆｏｒｎｏ　Ｐｒｅｇｉｏ,株式会社ｉｌ　Ｐｒｅｇｉｏ,-,6世保生食ほ第700号,菓子製造業,令和6年8月23日,令和6年8月23日,令和13年8月31日
102,東京都世田谷区若林四丁目２２番１８号,パトリア松蔭１Ｃ,ａｏｙａ,株式会社ｂｌｕｅ　ｖａｌｌｅｙ,03-6450-7433,6世保生食ほ第1014号,飲食店営業,令和6年10月11日,令和6年10月11日,令和13年10月31日
103,東京都世田谷区若林四丁目２２番１８号,パトリア松蔭１Ｃ,ａｏｙａ,株式会社ｂｌｕｅ　ｖａｌｌｅｙ,03-6450-7433,6世保生食ほ第1015号,そうざい製造業,令和6年10月11日,令和6年10月11日,令和13年10月31日
104,東京都世田谷区若林四丁目２２番２１号,-,平野屋,***,3412-4313,2世保生食ほ第31号,飲食店営業,昭和54年7月16日,令和2年8月1日,令和8年7月31日
105,東京都世田谷区若林四丁目２２番２１号,-,ファミリー喫茶ＡＮあん,***,03-3419-7404,3世保生食ほ第108号,飲食店営業,昭和54年5月12日,令和3年6月1日,令和9年5月31日
106,東京都世田谷区若林四丁目２４番１５号,-,うなぎ割烹　一二三,有限会社うなぎ割烹一二三,03-3421-2702,7世保生食ほ第862号,飲食店営業,令和7年11月1日,令和7年11月1日,令和14年10月31日
107,東京都世田谷区若林四丁目２４番１９号,金木犀スクエア１Ｆ,Ｇｉｇｉｏ,***,03-6804-0535,5世保生食ほ第1867号,飲食店営業,令和6年6月28日,令和6年6月28日,令和13年6月30日
108,東京都世田谷区若林四丁目２４番１９号,金木犀スクエアＢ区画,創作和食　陽華,***,-,6世保生食ほ第1076号,飲食店営業,令和6年12月2日,令和6年12月2日,令和12年12月31日
109,東京都世田谷区若林四丁目２５番１号,-,ファミリーマート松陰神社駅前店,株式会社アイシーズン,03-5431-3061,31世保生食ほ第942号,飲食店営業,令和元年8月28日,令和元年8月28日,令和8年8月31日
110,東京都世田谷区若林四丁目２５番１号,-,ファミリーマート松陰神社駅前店,株式会社アイシーズン,03-5431-3061,31世保生食ほ第943号,菓子製造業,令和元年8月28日,令和元年8月28日,令和8年8月31日
111,東京都世田谷区若林四丁目２６番８号,-,Ｄｏｍｉｎｉｃ,***,-,7世保生食ほ第294号,飲食店営業,令和7年8月29日,令和7年8月29日,令和13年8月31日
112,東京都世田谷区若林四丁目２７番２号,パシフィック松陰神社前１０２号,味くら　三木,***,-,6世保生食ほ第519号,飲食店営業,令和6年8月1日,令和6年8月1日,令和13年7月31日
113,東京都世田谷区若林四丁目２７番１１号,-,鈴木心写真館　松陰神社前,株式会社ｏｎｅ,-,6世保生食ほ第1392号,飲食店営業,令和6年12月20日,令和6年12月20日,令和12年12月31日
114,東京都世田谷区若林四丁目２７番１３号,ＳＡＮＲＩ　１階,ゆきおとワイン,***,03-6805-3287,5世保生食ほ第735号,飲食店営業,令和5年8月30日,令和5年8月30日,令和11年8月31日
115,東京都世田谷区若林四丁目３０番９号,グリーンハウス１Ｆ,ゴーダ　カフェ,ゴーダカフェ株式会社,03-6413-8019,6世保生食ほ第862号,飲食店営業,令和6年10月1日,令和6年10月1日,令和13年9月30日
116,東京都世田谷区若林四丁目３０番１０号,-,Ａｓｈｉａｔｏ,***,-,7世保生食ほ第857号,菓子製造業,令和7年11月1日,令和7年11月1日,令和13年10月31日
117,東京都世田谷区若林四丁目３１番６号,-,ほっともっと世田谷区役所前店,合同会社ＪＯストアショップ,03-5430-1961,6世保生食ほ第1295号,飲食店営業,令和7年1月1日,令和7年1月1日,令和13年12月31日
118,東京都世田谷区若林四丁目３１番８号,ルースパティオ１Ｆ,セブンイレブン世田谷区役所前店,有限会社プレイズ,03-5430-0262,3世保生食ほ第2229号,飲食店営業,令和4年4月1日,令和4年4月1日,令和11年3月31日
119,東京都世田谷区若林四丁目３１番９号,ポライト第二ビルＢ１Ｆ,世田谷食堂バンビーニ,***,03-6450-7774,2世保生食ほ第2800号,飲食店営業,令和3年3月30日,令和3年3月30日,令和10年3月31日
120,東京都世田谷区若林四丁目３１番９号,ポライト第二ビルＢ１Ｆ,世田谷食堂バンビーニ,***,03-6450-7774,2世保生食ほ第2801号,食肉販売業,令和3年3月30日,令和3年3月30日,令和10年3月31日
121,東京都世田谷区若林四丁目３１番１３号,２階,すずのや,***,03-3419-3839,3世保生食ほ第1215号,飲食店営業,令和3年10月1日,令和3年10月1日,令和9年9月30日
122,東京都世田谷区若林四丁目３１番１３号,-,錦盛　丼丸　世田谷区役所前店,***,03-5432-9008,4世保生食ほ第1802号,飲食店営業,令和5年4月1日,令和5年4月1日,令和11年3月31日
123,東京都世田谷区若林四丁目３１番１５号,-,ル　ブラン,***,5433-9535,3世保生食ほ第40号,飲食店営業,平成12年4月26日,令和3年5月1日,令和10年4月30日
124,東京都世田谷区若林四丁目３１番１５号,-,ル　ブラン,***,5433-9535,3世保生食ほ第41号,菓子製造業,平成12年4月26日,令和3年5月1日,令和10年4月30日
125,東京都世田谷区若林四丁目３２番５号,-,デイリーヤマザキ国士舘大学店,山崎製パン株式会社,03-3413-2617,5世保生食ほ第844号,飲食店営業,令和5年10月1日,令和5年10月1日,令和12年9月30日
126,東京都世田谷区若林五丁目３番１０号,-,食事処「かどっこ」,***,-,3世保生食ほ第2237号,飲食店営業,令和4年4月1日,令和4年4月1日,令和10年3月31日
127,東京都世田谷区若林五丁目３番１２号,中川ビル２階,ユキ,株式会社ＳＰＲＹＥＴ,-,6世保生食ほ第1508号,飲食店営業,令和7年2月27日,令和7年2月27日,令和14年2月29日
128,東京都世田谷区若林五丁目４番９号,-,ラ・ファミーユ,有限会社ラ・ファミーユ,-,4世保生食ほ第12号,菓子製造業,令和4年4月8日,令和4年4月8日,令和11年4月30日
129,東京都世田谷区若林五丁目５番１号,-,まごころ弁当　世田谷狛江店,株式会社シルバーライフ,6413-8861,3世保生食ほ第633号,飲食店営業,令和3年6月16日,令和3年6月16日,令和10年6月30日
130,東京都世田谷区若林五丁目６番１１号,-,ことたりぬ,***,6879-0790,2世保生食ほ第1002号,飲食店営業,平成26年9月30日,令和2年10月1日,令和8年9月30日
131,東京都世田谷区若林五丁目７番９号,-,三日月,***,-,3世保生食ほ第89号,飲食店営業,平成27年5月20日,令和3年6月1日,令和9年5月31日
132,東京都世田谷区若林五丁目１４番６号,若林ゆうビルディング１階,ラトリエ　Ｗａｋａｂａｙａｓｈｉ,***,-,4世保生食ほ第1785号,飲食店営業,令和5年2月28日,令和5年2月28日,令和12年2月28日
133,東京都世田谷区若林五丁目１６番１３号,-,魚がし　角金,***,3422-1987,31世保生食ほ第2900号,飲食店営業,昭和56年6月20日,令和2年7月1日,令和8年6月30日
134,東京都世田谷区若林五丁目１７番１号,-,アキッチョバジコ,株式会社アキッチョ,-,3世保生食ほ第1595号,飲食店営業,令和3年12月15日,令和3年12月15日,令和9年12月31日
135,東京都世田谷区若林五丁目２５番４号,フェスタレジデンス１Ｆ,Ｇｒｅｅｎ　Ｔａｂｌｅ　Ｃｌｕｂ,株式会社イエローページセタガヤ,-,7世保生食ほ第1433号,飲食店営業,令和8年1月9日,令和8年1月9日,令和14年1月31日
136,東京都世田谷区若林五丁目２６番１２号,-,ｋｏｂａ,***,-,2世保生食ほ第1249号,菓子製造業,平成26年10月6日,令和2年11月1日,令和8年10月31日
137,東京都世田谷区若林五丁目２７番１８号,-,世田谷区立若林小学校,協立給食株式会社,03-3413-0654,3世保生食ほ第51号,飲食店営業,令和3年4月30日,令和3年4月30日,令和10年4月30日
138,東京都世田谷区若林五丁目３２番２２号,-,ロイヤルホスト若林店,ロイヤルフードサービス株式会社,03-3413-7740,6世保生食ほ第345号,飲食店営業,令和6年7月1日,令和6年7月1日,令和13年6月30日
139,東京都世田谷区若林五丁目４１番２０号,コジマ×ビックカメラ若林店,ＩＪＯＯＺ自動販売機　コジマ×ビックカメラ若林店,ＩＪＯＯＺ株式会社,-,6世保生食ほ第1381号,調理の機能を有する自動販売機により食品を調理し、調理された食品を販売する営業,令和6年12月19日,令和6年12月19日,令和11年12月31日
140,東京都世田谷区世田谷一丁目２番２号,-,トム＆スージー,***,-,6世保生食ほ第1260号,飲食店営業,令和7年1月1日,令和7年1月1日,令和12年12月31日
141,東京都世田谷区世田谷一丁目５番８号,-,セブンイレブン世田谷中央病院前店,有限会社マツモト,03-5450-2871,3世保生食ほ第536号,飲食店営業,令和3年6月18日,令和3年6月18日,令和10年6月30日
142,東京都世田谷区世田谷一丁目１０番１８号,ウィングオオバ１階,セブンイレブン世田谷一丁目店,有限会社によコーポレーション,3427-9305,3世保生食ほ第520号,飲食店営業,令和3年6月18日,令和3年6月18日,令和10年6月30日
143,東京都世田谷区世田谷一丁目１１番１４号,バロニー世田谷１階,カフェ　レミー,有限会社アイピーエス,3420-9255,2世保生食ほ第2315号,飲食店営業,平成15年3月18日,令和3年4月1日,令和9年3月31日
144,東京都世田谷区世田谷一丁目１１番１８号,-,ハート、アンド、ハート,***,03-3426-1545,3世保生食ほ第1109号,飲食店営業,令和3年9月1日,令和3年9月1日,令和9年8月31日
145,東京都世田谷区世田谷一丁目１２番１４号,原ビル１Ａ,ＦＲＩＤＧＥ,株式会社ドナ,03-5799-4786,6世保生食ほ第1572号,飲食店営業,令和7年2月18日,令和7年2月18日,令和13年2月28日
146,東京都世田谷区世田谷一丁目１５番６号,-,伊勢屋,***,3428-1530,2世保生食ほ第2590号,飲食店営業,平成21年3月2日,令和3年4月1日,令和9年3月31日
147,東京都世田谷区世田谷一丁目１５番６号,-,伊勢屋,***,3428-1530,2世保生食ほ第2591号,菓子製造業,平成21年3月2日,令和3年4月1日,令和9年3月31日
148,東京都世田谷区世田谷一丁目１５番６号,-,ｉｍｏｃｏ,***,-,5世保生食ほ第484号,飲食店営業,令和5年8月10日,令和5年8月10日,令和12年8月31日
149,東京都世田谷区世田谷一丁目１５番１２号,-,アンジェリーナ,株式会社サリュ,3439-8996,2世保生食ほ第1086号,飲食店営業,平成26年9月9日,令和2年10月1日,令和8年9月30日
150,東京都世田谷区世田谷一丁目１５番１２号,-,アンジェリーナ,株式会社サリュ,3439-8996,2世保生食ほ第1087号,菓子製造業,平成26年9月9日,令和2年10月1日,令和8年9月30日
151,東京都世田谷区世田谷一丁目１５番１２号,２階,ＨＵＴＣＨＥＲＳＯＮ,***,-,5世保生食ほ第1423号,飲食店営業,令和5年12月22日,令和5年12月22日,令和11年12月31日
152,東京都世田谷区世田谷一丁目１６番１４号,ドミール柏文１階,Ｌａ　ｐｅｓｃａ,***,3420-7688,7世保生食ほ第299号,飲食店営業,令和7年7月1日,令和7年7月1日,令和13年6月30日
153,東京都世田谷区世田谷一丁目１６番１６号,安藤ビル１Ｆ,串カツ田中　世田谷店,株式会社串カツ田中,03-3439-4447,4世保生食ほ第1679号,飲食店営業,令和5年3月1日,令和5年3月1日,令和11年2月28日
154,東京都世田谷区世田谷一丁目１６番１９号,-,やきとん　ひなた　世田谷店,ひなた株式会社,3706-8910,31世保生食ほ第1975号,飲食店営業,令和2年1月9日,令和2年1月9日,令和9年1月31日
155,東京都世田谷区世田谷一丁目１６番２４号,-,あづま,***,3426-8816,7世保生食ほ第432号,飲食店営業,令和7年8月1日,令和7年8月1日,令和14年7月31日
156,東京都世田谷区世田谷一丁目１６番２４号,-,ＰＥＧＯ＆ＣＯ,株式会社Ｇｒｅｅｎ　ｂａｇ,03-6432-6643,2世保生食ほ第742号,飲食店営業,令和2年8月6日,令和2年8月6日,令和9年8月31日
157,東京都世田谷区世田谷一丁目１６番２４号,-,ＰＥＧＯ＆ＣＯ,株式会社Ｇｒｅｅｎ　ｂａｇ,03-6432-6643,2世保生食ほ第743号,菓子製造業,令和2年8月6日,令和2年8月6日,令和9年8月31日
158,東京都世田谷区世田谷一丁目１６番２４号,-,ＰＥＧＯ＆ＣＯ,株式会社Ｇｒｅｅｎ　ｂａｇ,03-6432-6643,2世保生食ほ第744号,アイスクリーム類製造業,令和2年8月6日,令和2年8月6日,令和9年8月31日
159,東京都世田谷区世田谷一丁目１６番２４号,榎本ビル１Ｆ,ＳＥＴＡＧＡＹＡ　ＰＡＲＴ,株式会社ｍａｒｕｓｈｉ,-,5世保生食ほ第1841号,飲食店営業,令和6年4月2日,令和6年4月2日,令和12年4月30日
160,東京都世田谷区世田谷一丁目１７番２号,第一青雲荘１０１,ＤＥＬＬＳ　ＣＯＦＦＥＥ,***,-,2世保生食ほ第2267号,喫茶店営業,令和3年2月16日,令和3年2月16日,令和9年2月28日
161,東京都世田谷区世田谷一丁目１７番３号,-,世田谷１丁目ゆたか園,シダックスフードサービス株式会社,-,31世保生食ほ第2759号,飲食店営業,令和2年3月25日,令和2年3月25日,令和9年3月31日
162,東京都世田谷区世田谷一丁目１７番４号,箕輪店舗１Ｆ,豆／とう,***,-,2世保生食ほ第25号,飲食店営業,平成26年6月5日,令和2年7月1日,令和8年6月30日
163,東京都世田谷区世田谷一丁目１７番４号,-,沖縄居酒屋　ゆいゆい,***,03-6413-4880,6世保生食ほ第445号,飲食店営業,令和6年7月1日,令和6年7月1日,令和12年6月30日
164,東京都世田谷区世田谷一丁目１８番３号,-,酒樂,***,5450-5522,2世保生食ほ第2005号,そうざい製造業,令和3年1月12日,令和3年1月12日,令和9年1月31日
165,東京都世田谷区世田谷一丁目１８番３号,-,酒樂,***,5450-5522,2世保生食ほ第877号,飲食店営業,平成26年9月8日,令和2年10月1日,令和8年9月30日
166,東京都世田谷区世田谷一丁目１８番１２号,ＫＳＫビル１Ｆ,鮨　うち田,***,-,7世保生食ほ第1174号,飲食店営業,令和8年1月1日,令和8年1月1日,令和13年12月31日
167,東京都世田谷区世田谷一丁目１８番１３号,-,桃の木,***,03-6413-6496,6世保生食ほ第463号,飲食店営業,令和6年7月1日,令和6年7月1日,令和12年6月30日
168,東京都世田谷区世田谷一丁目２１番８号,-,ＣＡＩＬＯ,株式会社越川舎,-,7世保生食ほ第1553号,密封包装食品製造業,令和8年2月6日,令和8年2月6日,令和14年2月29日
169,東京都世田谷区世田谷一丁目２１番８号,-,ＣＡＩＬＯ,株式会社越川舎,-,7世保生食ほ第282号,飲食店営業,令和7年6月17日,令和7年6月17日,令和13年6月30日
170,東京都世田谷区世田谷一丁目２２番５号,山一ビル１Ｆ　１Ｂ号室,ｂｕｔｔｅｒ　ｂａｂｙ,株式会社Ｓｗｉｍ,-,7世保生食ほ第368号,飲食店営業,令和7年7月23日,令和7年7月23日,令和14年7月31日
171,東京都世田谷区世田谷一丁目２２番５号,山一ビル１Ｆ　１Ｂ号室,ｂｕｔｔｅｒ　ｂａｂｙ,株式会社Ｓｗｉｍ,-,7世保生食ほ第369号,菓子製造業,令和7年7月23日,令和7年7月23日,令和14年7月31日
172,東京都世田谷区世田谷一丁目２２番１１号,-,居酒屋　みどりん,***,-,2世保生食ほ第443号,飲食店営業,令和2年10月13日,令和2年10月13日,令和8年10月31日
173,東京都世田谷区世田谷一丁目２３番６号,エクセル世田谷１０２号,プラチノ,有限会社プラチノ,3439-2791,3世保生食ほ第1081号,菓子製造業,令和3年10月1日,令和3年10月1日,令和10年9月30日
174,東京都世田谷区世田谷一丁目２４番１号,世田谷水町ビル１Ｆ,ベストリー珈琲,***,03-5799-7196,7世保生食ほ第1826号,飲食店営業,令和8年4月1日,令和8年4月1日,令和14年3月31日
175,東京都世田谷区世田谷一丁目２４番３号,-,栄寿司,有限会社山正商事,3420-1372,2世保生食ほ第2804号,飲食店営業,平成15年4月30日,令和3年5月1日,令和9年4月30日
176,東京都世田谷区世田谷一丁目２４番１２号,-,ニコニコ家,有限会社二幸,3420-5201,6世保生食ほ第1675号,菓子製造業,令和7年4月1日,令和7年4月1日,令和13年3月31日
177,東京都世田谷区世田谷一丁目２５番１号,関山ビル１階,キッチンオリジン　上町店,オリジン東秀株式会社,03-5451-3425,6世保生食ほ第1501号,飲食店営業,令和7年3月1日,令和7年3月1日,令和14年2月29日
178,東京都世田谷区世田谷一丁目２６番１５号,-,砂場,***,5450-8853,7世保生食ほ第957号,飲食店営業,令和7年11月1日,令和7年11月1日,令和13年10月31日
179,東京都世田谷区世田谷一丁目２８番１２号,グランデュオ世田谷１４－１階,カフェ　ヤスクーカ,株式会社　ツバメクリエイト,-,2世保生食ほ第2441号,飲食店営業,令和3年3月5日,令和3年3月5日,令和10年3月31日
180,東京都世田谷区世田谷一丁目２８番１２号,グランデュオ世田谷１４－１階,カフェ　ヤスクーカ,株式会社　ツバメクリエイト,-,2世保生食ほ第2442号,菓子製造業,令和3年3月5日,令和3年3月5日,令和10年3月31日
181,東京都世田谷区世田谷一丁目２８番１６号,-,和風レストラン　やまぐち,***,03-3425-3906,2世保生食ほ第85号,飲食店営業,昭和53年6月21日,令和2年7月1日,令和8年6月30日
182,東京都世田谷区世田谷一丁目２９番１４号,-,世田谷パスタ　ｂｙ　Ｌｕｃｃａ,株式会社石はら,03-6432-6685,2世保生食ほ第614号,そうざい製造業,令和2年7月15日,令和2年7月15日,令和9年7月31日
183,東京都世田谷区世田谷一丁目２９番１４号,-,世田谷パスタ　ｂｙ　Ｌｕｃｃａ,株式会社石はら,03-6432-6685,6世保生食ほ第1285号,飲食店営業,令和6年12月1日,令和6年12月1日,令和13年11月30日
184,東京都世田谷区世田谷一丁目２９番１４号,-,世田谷パスタ　ｂｙ　Ｌｕｃｃａ,株式会社石はら,03-6432-6685,6世保生食ほ第1286号,麺類製造業,令和6年12月1日,令和6年12月1日,令和13年11月30日
185,東京都世田谷区世田谷一丁目３０番１１号,-,ローソン世田谷一丁目店,クオール株式会社,03-5799-6661,31世保生食ほ第2556号,飲食店営業,令和2年2月28日,令和2年2月28日,令和9年2月28日
186,東京都世田谷区世田谷一丁目３０番１１号,-,ローソン世田谷一丁目店,クオール株式会社,03-5799-6661,31世保生食ほ第2557号,菓子製造業,令和2年2月28日,令和2年2月28日,令和9年2月28日
187,東京都世田谷区世田谷一丁目３２番１４号,オリンピックマンション第三セタガヤ１０１,ボロ市通り　りゅうちゃん家,***,03-3429-6627,6世保生食ほ第1222号,飲食店営業,令和7年1月8日,令和7年1月8日,令和13年1月31日
188,東京都世田谷区世田谷一丁目４１番５号,-,セブンイレブン世田谷駒留通り店,合同会社ａｎｄｙｍａ,3420-0511,31世保生食ほ第1068号,飲食店営業,令和元年8月30日,令和元年8月30日,令和8年8月31日
189,東京都世田谷区世田谷一丁目４１番５号,-,セブンイレブン世田谷駒留通り店,合同会社ａｎｄｙｍａ,3420-0511,31世保生食ほ第1069号,菓子製造業,令和元年8月30日,令和元年8月30日,令和8年8月31日
190,東京都世田谷区世田谷一丁目４７番７号,サンフレンド松本１０２,スピードスターカフェ,有限会社スピードスター,03-6432-6362,31世保生食ほ第1429号,飲食店営業,令和元年12月9日,令和元年12月9日,令和8年12月31日
191,東京都世田谷区世田谷一丁目４８番１号,-,ＬＬＯＹＤ　ＣＯＦＦＥＥ　Ｓｅｔａｇａｙａ,***,03-5799-7953,4世保生食ほ第1663号,飲食店営業,令和5年2月9日,令和5年2月9日,令和11年2月28日
192,東京都世田谷区世田谷二丁目２番６号,-,スーパーオオゼキ上町店,株式会社オオゼキ,0354770600,3世保生食ほ第1314号,飲食店営業,令和3年11月1日,令和3年11月1日,令和10年10月31日
193,東京都世田谷区世田谷二丁目２番６号,-,スーパーオオゼキ上町店,株式会社オオゼキ,0354770600,3世保生食ほ第1315号,食肉販売業,令和3年11月1日,令和3年11月1日,令和10年10月31日
194,東京都世田谷区世田谷二丁目２番６号,-,スーパーオオゼキ上町店,株式会社オオゼキ,0354770600,3世保生食ほ第1316号,魚介類販売業,令和3年11月1日,令和3年11月1日,令和10年10月31日
195,東京都世田谷区世田谷二丁目２番６号,スーパーオオゼキ内,寿司の美登利上町店,株式会社梅丘寿司の美登利総本店,3706-3337,3世保生食ほ第1425号,飲食店営業,令和3年10月19日,令和3年10月19日,令和10年10月31日
196,東京都世田谷区世田谷二丁目２番８号,-,１０１世田谷堂,株式会社カリー堂,-,5世保生食ほ第1943号,飲食店営業,令和6年4月1日,令和6年4月1日,令和12年3月31日
197,東京都世田谷区世田谷二丁目４番６号,オオゼキ上町ビル２Ｆ,サイゼリヤ　上町世田谷通り店,株式会社サイゼリヤ,03-5426-6575,7世保生食ほ第1264号,飲食店営業,令和7年12月8日,令和7年12月8日,令和13年12月31日
198,東京都世田谷区世田谷二丁目４番８号,-,ＢＯＲＯＵＧＨ,株式会社グリーンプロジェクト,03-5799-7277,4世保生食ほ第877号,飲食店営業,令和4年9月16日,令和4年9月16日,令和10年9月30日
199,東京都世田谷区世田谷二丁目４番１１号,１階,ｈａｃｈｉｄａｉ　Ｃａｆ,***,03-3425-2927,6世保生食ほ第1160号,飲食店営業,令和6年12月1日,令和6年12月1日,令和12年11月30日
200,東京都世田谷区世田谷二丁目４番１５号,-,世田谷区立桜小学校,葉隠勇進株式会社,03-3420-5381,3世保生食ほ第256号,飲食店営業,令和3年4月26日,令和3年4月26日,令和10年4月30日
201,東京都世田谷区世田谷二丁目４番１５号,-,世田谷区立桜小学校,株式会社スエヒロ,-,7世保生食ほ第1882号,飲食店営業,令和8年3月31日,令和8年3月31日,令和15年3月31日
202,東京都世田谷区世田谷二丁目６番１号,-,慈恩,ＮＯＢＵＫＩ合同会社,5799-6680,2世保生食ほ第549号,飲食店営業,令和2年7月1日,令和2年7月1日,令和9年6月30日
203,東京都世田谷区世田谷二丁目６番２号,染野ビル１Ｆ,ＮＥＷ　ＳＡＨＡＲＡ,株式会社ＳＵＢＨＡ,03-5799-7244,31世保生食ほ第901号,飲食店営業,令和元年8月1日,令和元年8月1日,令和8年7月31日
204,東京都世田谷区世田谷二丁目６番２号,染野ビル１階,Ｔｈａｉ　Ｒｅｓｔａｕｒａｎｔ　５０３,有限会社ゴールデンテンプルトレーディング,03-6413-5629,4世保生食ほ第823号,飲食店営業,令和4年8月25日,令和4年8月25日,令和11年8月31日
205,東京都世田谷区世田谷二丁目６番４号,グリーンアネックスⅠ１０５,排骨担担麺’ｓ　クラブ　ぶち屋,***,03-5450-6677,5世保生食ほ第968号,飲食店営業,令和5年9月28日,令和5年9月28日,令和12年9月30日
206,東京都世田谷区世田谷二丁目１１番７号,-,小麦の里,***,03-3428-9189,2世保生食ほ第2558号,飲食店営業,平成21年3月3日,令和3年4月1日,令和9年3月31日
207,東京都世田谷区世田谷二丁目１１番７号,-,小麦の里,***,03-3428-9189,2世保生食ほ第2559号,菓子製造業,平成9年3月7日,令和3年4月1日,令和9年3月31日
208,東京都世田谷区世田谷二丁目１１番８号,志賀ビル１Ｆ,スパイス　プリムラ,***,-,6世保生食ほ第342号,飲食店営業,令和6年7月1日,令和6年7月1日,令和12年6月30日
209,東京都世田谷区世田谷二丁目１２番１４号,ハピネス上町１Ｂ,Ｌｕｍｉｅｒｅ　ｅｔ　ｏｍｂｒｅ,***,-,5世保生食ほ第1492号,菓子製造業,令和6年2月27日,令和6年2月27日,令和13年2月28日
210,東京都世田谷区世田谷二丁目１３番１号,-,セブンーイレブン世田谷桜小前店,***,5450-5117,3世保生食ほ第534号,飲食店営業,令和3年6月18日,令和3年6月18日,令和10年6月30日
211,東京都世田谷区世田谷二丁目１４番２号,-,鳩タクシー,三和ベンドサービス株式会社,-,7世保生食ほ第1269号,調理の機能を有する自動販売機により食品を調理し、調理された食品を販売する営業,令和8年1月1日,令和8年1月1日,令和12年12月31日
212,東京都世田谷区世田谷二丁目１４番３号,ＴＫビル１Ｆ,ＹＯＵＲ　ＤＡＩＬＹ　ＣＯＦＦＥＥ,株式会社ＹＯＵＲ　ＤＡＩＬＹ　ＣＯＦＦＥＥ,03-6413-5297,4世保生食ほ第1328号,飲食店営業,令和4年11月17日,令和4年11月17日,令和10年11月30日
213,東京都世田谷区世田谷二丁目１５番３号,-,和洋料理　居酒屋　みつる,***,-,4世保生食ほ第49号,飲食店営業,令和4年5月1日,令和4年5月1日,令和10年4月30日
214,東京都世田谷区世田谷二丁目２２番２号,サークルビル世田谷１０２,まめさや。,株式会社足立商店,-,2世保生食ほ第1485号,飲食店営業,令和2年12月16日,令和2年12月16日,令和9年12月31日
215,東京都世田谷区世田谷二丁目２２番２号,サークルビル世田谷１０２,まめさや。,株式会社足立商店,-,2世保生食ほ第1486号,菓子製造業,令和2年12月16日,令和2年12月16日,令和9年12月31日
216,東京都世田谷区世田谷二丁目２２番２号,サークルビル世田谷１０２,まめさや。,株式会社足立商店,-,2世保生食ほ第2130号,そうざい製造業,令和3年1月21日,令和3年1月21日,令和10年1月31日
217,東京都世田谷区世田谷二丁目２２番１２号,-,ＹＯＴＳＵＨＡ,***,03-6413-9648,3世保生食ほ第1696号,飲食店営業,令和4年1月1日,令和4年1月1日,令和9年12月31日
218,東京都世田谷区世田谷二丁目２２番１２号,-,ＹＯＴＳＵＨＡ,***,03-6413-9648,3世保生食ほ第1697号,菓子製造業,令和4年1月1日,令和4年1月1日,令和9年12月31日
219,東京都世田谷区世田谷二丁目２４番２号,-,石黒,有限会社唐木田商店,3428-4333,2世保生食ほ第1804号,菓子製造業,昭和55年12月6日,令和3年1月1日,令和8年12月31日
220,東京都世田谷区世田谷二丁目２４番５号,-,ＣＡＭＥＬ,株式会社ローボート,03-6432-6291,3世保生食ほ第101号,飲食店営業,令和3年4月26日,令和3年4月26日,令和9年4月30日
221,東京都世田谷区世田谷二丁目２４番５号,-,ＣＡＭＥＬ,株式会社ローボート,03-6432-6291,4世保生食ほ第1859号,そうざい製造業,令和5年3月14日,令和5年3月14日,令和11年3月31日
222,東京都世田谷区世田谷二丁目２５番７号,-,ファミリーマート世田谷二丁目,合資会社ヒューマンハーバー,5426-2075,7世保生食ほ第145号,飲食店営業,令和7年5月13日,令和7年5月13日,令和14年5月31日
223,東京都世田谷区世田谷二丁目２７番３号,-,Ｅｎｏｔｅｃａ　ｉＬｕｎａ,***,6876-4207,6世保生食ほ第1143号,飲食店営業,令和6年11月1日,令和6年11月1日,令和12年10月31日
224,東京都世田谷区世田谷二丁目２８番１８号,-,駒寿司,***,3428-0333,2世保生食ほ第1697号,飲食店営業,昭和62年12月10日,令和3年1月1日,令和8年12月31日
225,東京都世田谷区世田谷二丁目２８番１９号,-,株式会社　藤木商店,株式会社藤木商店,03-3429-8131,4世保生食ほ第1421号,飲食店営業,令和5年1月1日,令和5年1月1日,令和11年12月31日
226,東京都世田谷区世田谷二丁目２８番１９号,-,株式会社　藤木商店,株式会社藤木商店,03-3429-8131,4世保生食ほ第1422号,食肉販売業,令和5年1月1日,令和5年1月1日,令和11年12月31日
227,東京都世田谷区世田谷二丁目２９番５号,-,赤木商店,株式会社アップセッター,3428-9099,2世保生食ほ第1414号,菓子製造業,令和2年10月22日,令和2年10月22日,令和9年10月31日
228,東京都世田谷区世田谷二丁目２９番５号,-,赤木商店,株式会社アップセッター,3428-9099,6世保生食ほ第1695号,飲食店営業,令和7年4月1日,令和7年4月1日,令和13年3月31日
229,東京都世田谷区世田谷三丁目１番１号,ＡＹビル１Ｆ,大阪王将　世田谷店,株式会社大阪王将,03-6432-6905,31世保生食ほ第2354号,飲食店営業,令和2年2月19日,令和2年2月19日,令和9年2月28日
230,東京都世田谷区世田谷三丁目１番１号,ＡＹビル１Ｆ,焼肉ゆず,株式会社ｋｏｔｏｎａ,-,5世保生食ほ第982号,飲食店営業,令和5年11月30日,令和5年11月30日,令和12年11月30日
231,東京都世田谷区世田谷三丁目１番３号,-,セキ　ハナレ,株式会社ソラトウミ,03-5450-5870,2世保生食ほ第274号,飲食店営業,令和2年5月11日,令和2年5月11日,令和8年5月31日
232,東京都世田谷区世田谷三丁目１番５号,楽ビル１０１号室,有限会社鹿港,有限会社鹿港,-,5世保生食ほ第1687号,菓子製造業,令和6年4月1日,令和6年4月1日,令和13年3月31日
233,東京都世田谷区世田谷三丁目１番６号,-,東,***,3426-5658,6世保生食ほ第15号,飲食店営業,令和6年4月11日,令和6年4月11日,令和13年4月30日
234,東京都世田谷区世田谷三丁目１番１０号,-,焼肉　松の屋,***,3427-4338,2世保生食ほ第2196号,飲食店営業,昭和51年2月7日,令和3年3月1日,令和9年2月28日
235,東京都世田谷区世田谷三丁目１番２６号,-,酒の高橋,***,3420-5051,2世保生食ほ第651号,飲食店営業,昭和45年8月29日,令和2年9月1日,令和8年8月31日
236,東京都世田谷区世田谷三丁目１番２６号,-,いづみ家,***,3420-2046,7世保生食ほ第1124号,飲食店営業,令和7年12月1日,令和7年12月1日,令和13年11月30日
237,東京都世田谷区世田谷三丁目３番１号,コムスセタガヤ２Ｆ,Ｂｉｓｔｒｏ　碧い月,***,03-6432-6036,2世保生食ほ第2345号,飲食店営業,令和3年2月26日,令和3年2月26日,令和10年2月29日
238,東京都世田谷区世田谷三丁目３番１号,コムス世田谷１Ｆ,たけのこ,***,6875-6217,2世保生食ほ第2596号,飲食店営業,令和3年3月10日,令和3年3月10日,令和9年3月31日
239,東京都世田谷区世田谷三丁目３番５号,-,サイゴン,株式会社タイム・サービス,3420-5581,4世保生食ほ第1308号,飲食店営業,令和4年12月1日,令和4年12月1日,令和10年11月30日
240,東京都世田谷区世田谷三丁目３番５号,-,サイゴン　カフェ,株式会社タイム・サービス,03-3420-5736,3世保生食ほ第1758号,飲食店営業,令和4年1月1日,令和4年1月1日,令和9年12月31日
241,東京都世田谷区世田谷三丁目３番５号,-,エンゼル,***,-,6世保生食ほ第186号,飲食店営業,令和6年5月9日,令和6年5月9日,令和12年5月31日
242,東京都世田谷区世田谷三丁目３番６号,３Ｆ,エンゼル,***,-,7世保生食ほ第1100号,飲食店営業,令和7年12月15日,令和7年12月15日,令和14年12月31日
243,東京都世田谷区世田谷三丁目５番７号,-,城山,***,3420-2038,2世保生食ほ第691号,飲食店営業,昭和55年8月2日,令和2年9月1日,令和8年8月31日
244,東京都世田谷区世田谷三丁目９番１号,-,世田谷樫の木会　上町工房　,社会福祉法人　せたがや樫の木会,3706-0645,4世保生食ほ第650号,菓子製造業,令和4年9月1日,令和4年9月1日,令和11年8月31日
245,東京都世田谷区世田谷三丁目１１番１２号,-,カフェ　トレジャー,***,3420-9612,7世保生食ほ第1564号,飲食店営業,令和8年3月1日,令和8年3月1日,令和15年2月28日
246,東京都世田谷区世田谷三丁目１１番１２号,-,サンセリテ　北の小麦,株式会社サンセリテ,03-6413-6880,5世保生食ほ第1号,飲食店営業,令和5年5月1日,令和5年5月1日,令和12年4月30日
247,東京都世田谷区世田谷三丁目１１番１２号,-,サンセリテ　北の小麦,株式会社サンセリテ,03-6413-6880,5世保生食ほ第2号,菓子製造業,令和5年5月1日,令和5年5月1日,令和12年4月30日
248,東京都世田谷区世田谷三丁目１１番１２号,ブランジュ世田谷　地下１階,ファイブムーン,***,-,6世保生食ほ第1499号,飲食店営業,令和7年1月28日,令和7年1月28日,令和13年1月31日
249,東京都世田谷区世田谷三丁目１２番１１号,-,信華,***,3425-4747,2世保生食ほ第875号,飲食店営業,昭和63年9月26日,令和2年10月1日,令和8年9月30日
250,東京都世田谷区世田谷三丁目１２番１１号,松風ビル１Ｆ,大衆ビストロ　モンスター　,株式会社リミット,6432-6305,6世保生食ほ第774号,飲食店営業,令和6年10月1日,令和6年10月1日,令和12年9月30日
251,東京都世田谷区世田谷三丁目１２番１２号,-,ローソン世田谷三丁目店,有限会社岩崎企画,3706-1566,31世保生食ほ第2843号,飲食店営業,令和2年3月25日,令和2年3月25日,令和9年3月31日
252,東京都世田谷区世田谷三丁目１２番１２号,-,ローソン世田谷三丁目店,有限会社岩崎企画,3706-1566,31世保生食ほ第2844号,菓子製造業,令和2年3月25日,令和2年3月25日,令和9年3月31日
253,東京都世田谷区世田谷三丁目１２番１９号,-,東京医療保健大学　世田谷キャンパス食堂,ジャパンウェルネス株式会社,3425-6422,2世保生食ほ第976号,飲食店営業,平成18年9月29日,令和2年10月1日,令和9年9月30日
254,東京都世田谷区世田谷三丁目１３番１２号,野中ビルＢ１　Ｂ－１,居酒屋　西,***,3428-6054,5世保生食ほ第1872号,飲食店営業,令和6年5月1日,令和6年5月1日,令和13年4月30日
255,東京都世田谷区世田谷三丁目１９番１４号,-,ローソン世田谷駅北店,有限会社岩崎企画,03-5477-1919,5世保生食ほ第597号,飲食店営業,令和5年7月20日,令和5年7月20日,令和12年7月31日
256,東京都世田谷区世田谷四丁目１番１号,-,本場の味　なにわ,***,3412-9981,3世保生食ほ第1312号,飲食店営業,令和3年11月1日,令和3年11月1日,令和9年10月31日
257,東京都世田谷区世田谷四丁目１番１号,-,ビストロ　アルブルドヴィ,***,5432-9253,7世保生食ほ第1516号,飲食店営業,令和8年1月29日,令和8年1月29日,令和14年1月31日
258,東京都世田谷区世田谷四丁目１番１号,-,ビストロ　アルブルドヴィ,***,5432-9253,7世保生食ほ第1517号,菓子製造業,令和8年1月29日,令和8年1月29日,令和14年1月31日
259,東京都世田谷区世田谷四丁目１番１号,-,ビストロ　アルブルドヴィ,***,5432-9253,7世保生食ほ第1518号,そうざい製造業,令和8年1月29日,令和8年1月29日,令和14年1月31日
260,東京都世田谷区世田谷四丁目１番１０号,中ビル２階,Ｉｎｄｉａｎ　Ｒｅｓｔａｕｒａｎｔ＆Ｂａｒ　ジャキール,ジャキル・インターナショナルミート　株式会社,3418-3484,4世保生食ほ第181号,飲食店営業,令和4年6月1日,令和4年6月1日,令和11年5月31日
261,東京都世田谷区世田谷四丁目１番１０号,中ビル１階,三河屋　山田商店,ジャキル・インターナショナルミート　株式会社,3418-2291,4世保生食ほ第179号,飲食店営業,令和4年6月1日,令和4年6月1日,令和11年5月31日
262,東京都世田谷区世田谷四丁目１番１０号,中ビル１階,三河屋　山田商店,ジャキル・インターナショナルミート　株式会社,3418-2291,4世保生食ほ第180号,食肉販売業,令和4年6月1日,令和4年6月1日,令和11年5月31日
263,東京都世田谷区世田谷四丁目１番１１号,-,Ｒｅｇａｒｅｔｔｏ,***,03-3413-4340,3世保生食ほ第1392号,飲食店営業,令和3年11月1日,令和3年11月1日,令和9年10月31日
264,東京都世田谷区世田谷四丁目１番１２号,-,ＨａｗａｉｉａｎＲｅｓｔａｕｒａｎｔＡＬＯＨＡＢＡＢＹ,ＡＬＯＨＡＴＯＫＹＯ株式会社,6805-2375,4世保生食ほ第1848号,飲食店営業,令和5年4月1日,令和5年4月1日,令和11年3月31日
265,東京都世田谷区世田谷四丁目１番１３号,アウルｓｈｏｉｎ１－Ｃ,Ｐｉｚｚｅｒｉａ　ＮｅＮｅ,株式会社　ＰＡＳＳ　ＩＴ　ＯＮ,03-6805-5219,4世保生食ほ第475号,飲食店営業,令和4年6月29日,令和4年6月29日,令和11年6月30日
266,東京都世田谷区世田谷四丁目１番１４号,ロワ松陰　１階,八惣屋,株式会社日本和菜,-,5世保生食ほ第333号,飲食店営業,令和5年6月6日,令和5年6月6日,令和12年6月30日
267,東京都世田谷区世田谷四丁目１番１４号,ロワ松陰　１階,八惣屋,株式会社山傳,-,5世保生食ほ第334号,そうざい製造業,令和5年6月6日,令和5年6月6日,令和12年6月30日
268,東京都世田谷区世田谷四丁目２番７号,ＡＫ世田谷　Ａ号室,ＭｃＱＵＥＥＮ　ＣＯＦＦＥＥ,***,-,5世保生食ほ第707号,飲食店営業,令和5年8月23日,令和5年8月23日,令和11年8月31日
269,東京都世田谷区世田谷四丁目２番１２号,-,ｃａｆ　Ｌｏｔｔａ,***,3428-1126,2世保生食ほ第240号,飲食店営業,令和2年4月30日,令和2年4月30日,令和8年4月30日
270,東京都世田谷区世田谷四丁目２番１２号,-,ｃａｆ　Ｌｏｔｔａ,***,3428-1126,2世保生食ほ第241号,菓子製造業,令和2年4月30日,令和2年4月30日,令和8年4月30日
271,東京都世田谷区世田谷四丁目２番１２号,瑞雲１Ｆ,ＢＬＵＥＭ　ＣＯＦＦＥＥ　ＣＯＵＮＴＥＲ,***,-,5世保生食ほ第150号,飲食店営業,令和5年5月16日,令和5年5月16日,令和11年5月31日
272,東京都世田谷区世田谷四丁目２番１２号,-,セブンイレブン　世田谷松陰神社通り,***,03-3439-0123,5世保生食ほ第152号,飲食店営業,令和5年4月28日,令和5年4月28日,令和12年4月30日
273,東京都世田谷区世田谷四丁目２番１４号,ＳＡＫＡＩビル１Ｆ,はなたれ,株式会社味作家,03-3428-6448,2世保生食ほ第1387号,飲食店営業,令和2年10月20日,令和2年10月20日,令和9年10月31日
274,東京都世田谷区世田谷四丁目２番１５号,-,Ｔｈｉｓ,株式会社１５ＤＥＳＩＧＮ,03-6379-4620,6世保生食ほ第372号,飲食店営業,令和6年7月1日,令和6年7月1日,令和12年6月30日
275,東京都世田谷区世田谷四丁目２番１５号,-,ＪＩＮ,株式会社坂元本舗,3425-3535,7世保生食ほ第6号,飲食店営業,令和7年5月1日,令和7年5月1日,令和13年4月30日
276,東京都世田谷区世田谷四丁目２番１５号,-,やきとり倶楽部世田谷店,***,03-3428-8753,3世保生食ほ第334号,飲食店営業,令和3年5月18日,令和3年5月18日,令和9年5月31日
277,東京都世田谷区世田谷四丁目３番２号,-,ビストロ　アルボワ,***,6413-7988,7世保生食ほ第980号,飲食店営業,令和7年12月1日,令和7年12月1日,令和14年11月30日
278,東京都世田谷区世田谷四丁目３番１４号,-,ブーランジェリー　スドウ,株式会社ブーランジェリースドウ,5426-0175,7世保生食ほ第126号,飲食店営業,令和7年5月14日,令和7年5月14日,令和14年5月31日
279,東京都世田谷区世田谷四丁目３番１４号,-,ブーランジェリー　スドウ,株式会社ブーランジェリースドウ,5426-0175,7世保生食ほ第127号,菓子製造業,令和7年5月14日,令和7年5月14日,令和14年5月31日
280,東京都世田谷区世田谷四丁目３番１８号,巴マンション１Ｂ,和酒　はなみち,***,6336-1385,2世保生食ほ第1931号,飲食店営業,令和3年1月4日,令和3年1月4日,令和9年1月31日
281,東京都世田谷区世田谷四丁目４番１号,-,サミットストア　松陰神社前店,サミット株式会社,03-3425-3310,2世保生食ほ第1044号,飲食店営業,平成25年9月13日,令和2年10月1日,令和9年9月30日
282,東京都世田谷区世田谷四丁目４番１号,-,サミットストア　松陰神社前店,サミット株式会社,03-3425-3310,2世保生食ほ第1046号,飲食店営業,平成25年9月13日,令和2年10月1日,令和9年9月30日
283,東京都世田谷区世田谷四丁目４番１号,-,サミットストア　松陰神社前店,サミット株式会社,03-3425-3310,2世保生食ほ第1047号,飲食店営業,平成25年9月13日,令和2年10月1日,令和9年9月30日
284,東京都世田谷区世田谷四丁目４番１号,-,サミットストア　松陰神社前店,サミット株式会社,03-3425-3310,2世保生食ほ第1048号,魚介類販売業,平成25年9月13日,令和2年10月1日,令和9年9月30日
285,東京都世田谷区世田谷四丁目４番１号,-,サミットストア　松陰神社前店,サミット株式会社,03-3425-3310,31世保生食ほ第916号,菓子製造業,平成24年8月24日,令和元年9月1日,令和8年8月31日
286,東京都世田谷区世田谷四丁目４番１号,-,サミットストア　松陰神社前店,サミット株式会社,03-3425-3310,5世保生食ほ第295号,飲食店営業,令和5年5月31日,令和5年5月31日,令和12年5月31日
287,東京都世田谷区世田谷四丁目４番１号,-,サミットストア　松陰神社前店,サミット株式会社,03-3425-3310,7世保生食ほ第762号,飲食店営業,令和7年10月1日,令和7年10月1日,令和14年9月30日
288,東京都世田谷区世田谷四丁目４番１号,-,サミットストア　松陰神社前店,サミット株式会社,03-3425-3310,7世保生食ほ第763号,食肉販売業,令和7年10月1日,令和7年10月1日,令和14年9月30日
289,東京都世田谷区世田谷四丁目４番１号,-,サミットストア　松陰神社前店,サミット株式会社,03-3425-3310,7世保生食ほ第764号,魚介類販売業,令和7年10月1日,令和7年10月1日,令和14年9月30日
290,東京都世田谷区世田谷四丁目４番２号,２階,カラオケ　歌姫,***,3425-8884,2世保生食ほ第2156号,飲食店営業,令和3年1月22日,令和3年1月22日,令和9年1月31日
291,東京都世田谷区世田谷四丁目４番１９号,東武ハイライン世田谷１０７号,魚の納屋,***,3428-0785,6世保生食ほ第620号,飲食店営業,令和6年9月1日,令和6年9月1日,令和12年8月31日
292,東京都世田谷区世田谷四丁目４番１９号,-,いろり亭,***,3428-4846,3世保生食ほ第1527号,飲食店営業,令和3年12月1日,令和3年12月1日,令和9年11月30日
293,東京都世田谷区世田谷四丁目４番１９号,東武ハイライン世田谷１０６,串や　Ｐｉｃａ　Ｐｉｃａ,***,3426-1194,31世保生食ほ第990号,飲食店営業,平成17年9月5日,令和元年10月1日,令和8年9月30日
294,東京都世田谷区世田谷四丁目４番１９号,１０１,スナック　春,***,03-3426-7568,2世保生食ほ第1472号,飲食店営業,平成26年11月19日,令和2年12月1日,令和8年11月30日
295,東京都世田谷区世田谷四丁目４番１９号,東武ハイライン世田谷１０８号,ＡＩＲ　ＢＲＡＩＮ,ＡＩＲ　ＢＲＡＩＮ株式会社,-,6世保生食ほ第1461号,飲食店営業,令和7年2月5日,令和7年2月5日,令和14年2月29日
296,東京都世田谷区世田谷四丁目５番３号,-,築地銀だこ　世田谷店,株式会社ホットランド,03-5450-0538,4世保生食ほ第847号,飲食店営業,令和4年9月7日,令和4年9月7日,令和11年9月30日
297,東京都世田谷区世田谷四丁目５番３号,-,ベジタブル　ラボ,株式会社フォワード,-,6世保生食ほ第1554号,飲食店営業,令和7年7月9日,令和7年7月9日,令和14年7月31日
298,東京都世田谷区世田谷四丁目６番１号,-,ろくもん銭,***,3425-5725,3世保生食ほ第1301号,飲食店営業,令和3年11月1日,令和3年11月1日,令和9年10月31日
299,東京都世田谷区世田谷四丁目６番１号,高橋ビル１０２,Ｗａｃｋ　Ｄｌａｎｄ！,***,03-5799-6996,7世保生食ほ第829号,飲食店営業,令和7年10月1日,令和7年10月1日,令和14年9月30日
300,東京都世田谷区世田谷四丁目６番１号,-,イエローページセタガヤ,***,03-6413-0696,2世保生食ほ第1554号,飲食店営業,令和2年11月2日,令和2年11月2日,令和8年11月30日
301,東京都世田谷区世田谷四丁目６番１２号,松陰スクエア２Ｆ,ＥＬＥＰＡＮＩ,有限会社小井沼鉄筋工業,-,5世保生食ほ第173号,菓子製造業,令和5年5月18日,令和5年5月18日,令和11年5月31日
302,東京都世田谷区世田谷四丁目６番１２号,２階,ＲＵＢＹ・ＭＵＲＲＡＹ,***,-,5世保生食ほ第1359号,飲食店営業,令和5年12月20日,令和5年12月20日,令和11年12月31日
303,東京都世田谷区世田谷四丁目６番１２号,松陰スクエア１Ｆ　Ａ,Ｋａｎｔａ,***,-,7世保生食ほ第683号,飲食店営業,令和7年8月19日,令和7年8月19日,令和13年8月31日
304,東京都世田谷区世田谷四丁目７番３号,秋元ビルオータム世田谷,上海家庭料理　支那そば　大吉,有限会社ヒロユウカンパニー,5450-4557,6世保生食ほ第1914号,飲食店営業,令和7年4月8日,令和7年4月8日,令和14年4月30日
305,東京都世田谷区世田谷四丁目１３番１８号,クミハウス１Ｆ,京おおばん,株式会社スブリマート．,-,6世保生食ほ第789号,飲食店営業,令和6年9月4日,令和6年9月4日,令和12年9月30日
306,東京都世田谷区世田谷四丁目１３番１８号,クミハウス１Ｆ,京おおばん,株式会社スブリマート．,-,6世保生食ほ第790号,菓子製造業,令和6年9月4日,令和6年9月4日,令和12年9月30日
307,東京都世田谷区世田谷四丁目１４番３１号,２０３号,Ａｌｅｃ’ｓ　Ｒｅｄ,アレックス・レッド合同会社,03-3706-7345,3世保生食ほ第952号,そうざい製造業,令和3年8月5日,令和3年8月5日,令和9年8月31日
308,東京都世田谷区世田谷四丁目１４番３４号,第二大和荘２Ｆ,えんとつ,***,-,31世保生食ほ第2993号,飲食店営業,平成26年7月1日,令和2年7月1日,令和8年6月30日
309,東京都世田谷区世田谷四丁目１６番７号,富久美ビル１階,Ｂｒｅｗｉｎｇ　Ｒｏｏｍ,***,-,6世保生食ほ第1155号,飲食店営業,令和6年12月1日,令和6年12月1日,令和13年11月30日
310,東京都世田谷区世田谷四丁目１６番７号,冨久美ビル１Ｆ,パティスリー　ルリジューズ,***,5799-4466,5世保生食ほ第1517号,菓子製造業,令和6年2月1日,令和6年2月1日,令和12年1月31日
311,東京都世田谷区世田谷四丁目１６番１２号,１Ｆ,麺番館,***,5809-4173,31世保生食ほ第1986号,飲食店営業,平成18年1月17日,令和2年2月1日,令和9年1月31日
312,東京都世田谷区世田谷四丁目１７番６号,-,Ｃｉｔｙ,***,-,2世保生食ほ第456号,飲食店営業,令和2年6月5日,令和2年6月5日,令和8年6月30日
313,東京都世田谷区世田谷四丁目１７番８号,グランデュオ世田谷ＸＩ１Ｆ,ｊｕ,株式会社ｋｉｙｏ,-,2世保生食ほ第2708号,飲食店営業,令和3年3月17日,令和3年3月17日,令和9年3月31日
314,東京都世田谷区世田谷四丁目１８番２号,-,洋食屋　くに亭,***,5477-0217,3世保生食ほ第1072号,飲食店営業,令和3年10月1日,令和3年10月1日,令和9年9月30日
315,東京都世田谷区世田谷四丁目２０番３号,飯塚アパート１階,７５ｆｏｏｄｓ,***,-,7世保生食ほ第288号,飲食店営業,令和7年8月8日,令和7年8月8日,令和13年8月31日
316,東京都世田谷区世田谷四丁目２８番１号,-,中華料理　香苑レストラン,株式会社新梅江,-,7世保生食ほ第871号,飲食店営業,令和7年10月1日,令和7年10月1日,令和14年9月30日
317,東京都世田谷区世田谷四丁目２８番１号,８号館地下１階,国士舘大学８号館学生食堂,株式会社ニコラス精養堂,3412-5337,5世保生食ほ第520号,飲食店営業,令和5年7月18日,令和5年7月18日,令和12年7月31日
318,東京都世田谷区弦巻一丁目９番１８号,-,１８５６世田谷,株式会社ジーエスエフ,03-3427-4606,3世保生食ほ第186号,飲食店営業,令和3年4月26日,令和3年4月26日,令和10年4月30日
319,東京都世田谷区弦巻一丁目２０番,-,ＩＪＯＯＺ自動販売機　三井のリパーク弦巻１丁目第６,ＩＪＯＯＺ株式会社,-,6世保生食ほ第688号,調理の機能を有する自動販売機により食品を調理し、調理された食品を販売する営業,令和6年8月9日,令和6年8月9日,令和11年8月31日
320,東京都世田谷区弦巻一丁目２０番６号,-,薬膳カフェ　日月,***,03-6676-5346,5世保生食ほ第1800号,飲食店営業,令和6年4月1日,令和6年4月1日,令和12年3月31日
321,東京都世田谷区弦巻一丁目２１番１号,-,セブンーイレブン世田谷弦巻１丁目店,***,3439-5577,3世保生食ほ第522号,飲食店営業,令和3年6月18日,令和3年6月18日,令和10年6月30日
322,東京都世田谷区弦巻一丁目３４番１７号,-,常在寺,宗教法人寶樹山常在寺,03-3429-1831,4世保生食ほ第1911号,飲食店営業,令和5年3月17日,令和5年3月17日,令和11年3月31日
323,東京都世田谷区弦巻一丁目４２番２２号,-,世田谷区立　弦巻中学校　給食室,一冨士フードサービス株式会社,03-5282-1081,7世保生食ほ第601号,飲食店営業,令和7年8月22日,令和7年8月22日,令和14年8月31日
324,東京都世田谷区弦巻二丁目１番５号,-,世田谷区立駒沢生活実習所,株式会社レクトン,5430-6311,5世保生食ほ第1723号,飲食店営業,令和6年4月1日,令和6年4月1日,令和13年3月31日
325,東京都世田谷区弦巻二丁目２番９号,アーバンフラッツ弦巻１０１,農家直プレミアムやまがた,有限会社菅田企画,-,6世保生食ほ第510号,飲食店営業,令和6年7月11日,令和6年7月11日,令和12年7月31日
326,東京都世田谷区弦巻二丁目２番９号,アーバンフラッツ弦巻１０１,農家直プレミアムやまがた,有限会社菅田企画,-,6世保生食ほ第511号,菓子製造業,令和6年7月11日,令和6年7月11日,令和12年7月31日
327,東京都世田谷区弦巻二丁目８番１５号,-,ＡＭＩ,***,-,2世保生食ほ第2803号,飲食店営業,平成27年5月1日,令和3年5月1日,令和9年4月30日
328,東京都世田谷区弦巻二丁目８番１７号,-,ＰＯＰＰＹ　ｃｏｆｆｅｅ　ａｎｄ　ｂａｋｅｒｙ,株式会社ＳＨＯＺＯ　ＴＯＫＹＯ,03-6413-0208,4世保生食ほ第330号,飲食店営業,令和4年5月27日,令和4年5月27日,令和11年5月31日
329,東京都世田谷区弦巻二丁目８番１７号,-,ＰＯＰＰＹ　ｃｏｆｆｅｅ　ａｎｄ　ｂａｋｅｒｙ,株式会社ＳＨＯＺＯ　ＴＯＫＹＯ,03-6413-0208,4世保生食ほ第331号,菓子製造業,令和4年5月27日,令和4年5月27日,令和11年5月31日
330,東京都世田谷区弦巻二丁目８番１７号,野本ビル４Ｆ,ＹＡＷＮ,***,-,7世保生食ほ第160号,飲食店営業,令和7年9月25日,令和7年9月25日,令和13年9月30日
331,東京都世田谷区弦巻二丁目８番１７号,野本ビル４Ｆ,ＹＡＷＮ,***,-,7世保生食ほ第161号,菓子製造業,令和7年9月25日,令和7年9月25日,令和13年9月30日
332,東京都世田谷区弦巻二丁目１１番１号,-,トラストガーデン　桜新町,株式会社ＬＥＯＣ,3425-7553,31世保生食ほ第565号,飲食店営業,令和元年6月25日,令和元年6月25日,令和8年6月30日
333,東京都世田谷区弦巻二丁目２２番１５号,-,有限会社　舟,有限会社舟,3706-3179,5世保生食ほ第1751号,飲食店営業,令和6年4月1日,令和6年4月1日,令和12年3月31日
334,東京都世田谷区弦巻二丁目３９番７号,-,ケア悠友の家,令和食品株式会社,5451-3100,31世保生食ほ第1263号,飲食店営業,平成17年10月26日,令和元年11月1日,令和8年10月31日
335,東京都世田谷区弦巻三丁目３番１７号,-,特別養護老人ホーム　さくらほうむ,日清医療食品株式会社,-,31世保生食ほ第1717号,飲食店営業,令和元年11月19日,令和元年11月19日,令和8年11月30日
336,東京都世田谷区弦巻三丁目４番１１号,-,ナチュラルローソン世田谷弦巻三丁目店,クオール株式会社,5426-3225,31世保生食ほ第1094号,飲食店営業,平成24年9月6日,令和元年10月1日,令和8年9月30日
337,東京都世田谷区弦巻三丁目４番１１号,-,ナチュラルローソン世田谷弦巻三丁目店,クオール株式会社,5426-3225,31世保生食ほ第1095号,菓子製造業,平成24年9月6日,令和元年10月1日,令和8年9月30日
338,東京都世田谷区弦巻三丁目９番１１号,ビエンヴニューＴＯＭＩＴＡ　１Ｆ,ＮＥＷＯＬＤ,株式会社ＴＨＥ　ＯＮＥＬＩＮＫ,6413-5100,6世保生食ほ第1661号,飲食店営業,令和7年4月1日,令和7年4月1日,令和14年3月31日
339,東京都世田谷区弦巻三丁目１２番１９号,山ビル１Ｆ号室,Ｈｅｌｌｏ　Ｓｏｎｇ,***,-,6世保生食ほ第1297号,飲食店営業,令和6年12月25日,令和6年12月25日,令和13年12月31日
340,東京都世田谷区弦巻三丁目１２番２０号,-,宝蘭,***,3420-0870,2世保生食ほ第731号,飲食店営業,昭和59年8月28日,令和2年9月1日,令和8年8月31日
341,東京都世田谷区弦巻三丁目１３番１４号,-,すし　やじま,***,3429-5839,7世保生食ほ第1690号,飲食店営業,令和8年4月1日,令和8年4月1日,令和14年3月31日
342,東京都世田谷区弦巻三丁目１６番８号,-,喫茶　レスト,株式会社世田谷サービス公社,3706-7275,30世保生食ほ第2584号,飲食店営業,昭和63年4月20日,令和元年5月1日,令和8年4月30日
343,東京都世田谷区弦巻三丁目１６番８号,-,喫茶　レスト,株式会社世田谷サービス公社,3706-7275,7世保生食ほ第1775号,飲食店営業,令和8年5月1日,令和8年5月1日,令和15年4月30日
344,東京都世田谷区弦巻三丁目２３番１２号,-,世田谷区立松丘小学校,協立給食株式会社,03-3429-4279,3世保生食ほ第54号,飲食店営業,令和3年4月26日,令和3年4月26日,令和10年4月30日
345,東京都世田谷区弦巻四丁目１番２号,-,一般社団法人シェア実家,一般社団法人シェア実家,-,7世保生食ほ第992号,飲食店営業,令和7年10月20日,令和7年10月20日,令和13年10月31日
346,東京都世田谷区弦巻四丁目１番１７号,-,カフェ　ゼーバッハ,有限会社ブロートハイム,3439-9983,31世保生食ほ第892号,飲食店営業,平成17年7月5日,令和元年8月1日,令和8年7月31日
347,東京都世田谷区弦巻四丁目２番２３号,-,きさらぎ堂,***,3420-0353,2世保生食ほ第745号,菓子製造業,昭和56年8月11日,令和2年9月1日,令和8年8月31日
348,東京都世田谷区弦巻四丁目８番１４号,メルティングポット１階,てんぷら天穹,***,-,7世保生食ほ第483号,麺類製造業,令和7年8月1日,令和7年8月1日,令和13年7月31日
349,東京都世田谷区弦巻四丁目１１番１７号,-,８１５　ｃｏｆｆｅｅ　ｓｔａｎｄ,株式会社ピースモンキー,03-5799-4454,5世保生食ほ第1215号,飲食店営業,令和5年12月1日,令和5年12月1日,令和11年11月30日
350,東京都世田谷区弦巻四丁目１７番８号,-,鮨　和食酒家　小しみず　弁慶,***,3420-1051,2世保生食ほ第1266号,飲食店営業,平成14年9月26日,令和2年10月1日,令和8年9月30日
351,東京都世田谷区弦巻四丁目１９番５号,-,ココス世田谷弦巻店,株式会社ココスジャパン,-,3世保生食ほ第627号,飲食店営業,令和3年7月1日,令和3年7月1日,令和10年6月30日
352,東京都世田谷区弦巻四丁目１９番８号,-,つるまき,サミット株式会社,03-6413-3314,3世保生食ほ第2214号,飲食店営業,令和4年4月1日,令和4年4月1日,令和11年3月31日
353,東京都世田谷区弦巻四丁目１９番８号,-,つるまき,サミット株式会社,03-6413-3314,3世保生食ほ第2215号,飲食店営業,令和4年4月1日,令和4年4月1日,令和11年3月31日
354,東京都世田谷区弦巻四丁目１９番９号,-,サミットストア弦巻通り店,サミット株式会社,03-6413-3310,3世保生食ほ第2216号,食肉販売業,令和4年4月1日,令和4年4月1日,令和11年3月31日
355,東京都世田谷区弦巻四丁目１９番９号,-,サミットストア弦巻通り店,サミット株式会社,03-6413-3310,3世保生食ほ第2217号,魚介類販売業,令和4年4月1日,令和4年4月1日,令和11年3月31日
356,東京都世田谷区弦巻四丁目１９番１４号,-,ばらえ亭,***,3420-6867,5世保生食ほ第174号,飲食店営業,令和5年6月1日,令和5年6月1日,令和11年5月31日
357,東京都世田谷区弦巻四丁目２８番１４号,-,ファミリーマート世田谷教育会館前店,株式会社オリエンタルウインド,03-5426-2102,7世保生食ほ第1166号,飲食店営業,令和7年12月1日,令和7年12月1日,令和14年11月30日
358,東京都世田谷区弦巻四丁目３１番７号,-,ピザーラ世田谷,株式会社フォーシーズ,03-5477-8500,3世保生食ほ第453号,飲食店営業,令和3年6月3日,令和3年6月3日,令和9年6月30日
359,東京都世田谷区弦巻五丁目１番３５号,-,有限会社　一力,有限会社一力,3426-7654,4世保生食ほ第487号,飲食店営業,令和4年8月1日,令和4年8月1日,令和11年7月31日
360,東京都世田谷区弦巻五丁目６番１６号,弦巻リハイム１０３,Ｓａｎｄｗｉｃｈ＆Ｃｏ．,***,-,6世保生食ほ第995号,飲食店営業,令和6年11月1日,令和6年11月1日,令和13年10月31日
361,東京都世田谷区弦巻五丁目６番１６号,弦巻リハイム１０２,ＬＥ　ＭＵＦＦＩＮ　ｐｒｃｉｅｕｘ,***,3425-5592,2世保生食ほ第2847号,菓子製造業,令和3年4月12日,令和3年4月12日,令和9年4月30日
362,東京都世田谷区弦巻五丁目１０番２２号,-,世田谷いちい保育園,株式会社ＬＥＯＣ,03-3420-6755,4世保生食ほ第1054号,飲食店営業,令和4年11月1日,令和4年11月1日,令和11年10月31日
363,東京都世田谷区弦巻五丁目１６番１２号,ベルフラット１階,寿々喜屋　ソバ店,***,03-3420-2778,2世保生食ほ第1933号,飲食店営業,平成27年1月7日,令和3年2月1日,令和9年1月31日
364,東京都世田谷区弦巻五丁目１７番１２号,ディアコート１０１号室,焼菓子　シュエット,***,03-6316-9666,6世保生食ほ第737号,菓子製造業,令和6年10月1日,令和6年10月1日,令和13年9月30日
365,東京都世田谷区弦巻五丁目１７番１５号,-,北京飯店　上町店,株式会社融和,5451-7915,5世保生食ほ第1249号,飲食店営業,令和5年11月13日,令和5年11月13日,令和11年11月30日
366,東京都世田谷区弦巻五丁目１８番８号,-,ＴＳＵＢＯＴＴＡ,株式会社世阿弥Ｅｎｔｅｒｔａｉｎｍｅｎｔ,03-6413-7944,6世保生食ほ第490号,飲食店営業,令和6年7月11日,令和6年7月11日,令和12年7月31日
367,東京都世田谷区弦巻五丁目１８番８号,-,ＴＳＵＢＯＴＴＡ,株式会社世阿弥Ｅｎｔｅｒｔａｉｎｍｅｎｔ,03-6413-7944,6世保生食ほ第491号,菓子製造業,令和6年7月11日,令和6年7月11日,令和12年7月31日
368,東京都世田谷区弦巻五丁目１８番１１号,-,すし　八志希,***,3426-1336,31世保生食ほ第2857号,飲食店営業,平成8年7月1日,令和2年8月1日,令和8年7月31日
369,東京都世田谷区弦巻五丁目３４番５号,-,ＧＬＯＣＡＬ　ＷＯＲＫ　ＳＰＡＣＥ　ＴＳＵＲＵＭＡＫＩ,社会福祉法人奉優会,03-6413-7880,5世保生食ほ第974号,飲食店営業,令和5年9月26日,令和5年9月26日,令和12年9月30日
370,東京都世田谷区桜一丁目２８番１４号,-,ＰＥＧＯ,株式会社Ｇｒｅｅｎ　ｂａｇ,5799-6580,3世保生食ほ第930号,菓子製造業,令和3年9月1日,令和3年9月1日,令和9年8月31日
371,東京都世田谷区桜一丁目３１番５号,-,株式会社　ウェルフェア　経堂事業所,株式会社ウェルフェア,5426-2278,7世保生食ほ第274号,飲食店営業,令和7年7月1日,令和7年7月1日,令和14年6月30日
372,東京都世田谷区桜一丁目４８番１５号,-,世田谷区立桜木中学校,日本国民食株式会社,03-3429-5679,3世保生食ほ第139号,飲食店営業,令和3年4月23日,令和3年4月23日,令和10年4月30日
373,東京都世田谷区桜一丁目６６番５号,-,遊食房　雄山,***,3426-0153,7世保生食ほ第1565号,飲食店営業,令和8年3月1日,令和8年3月1日,令和14年2月29日
374,東京都世田谷区桜一丁目６６番５号,-,川味厨房　竹葉青,***,-,2世保生食ほ第1196号,飲食店営業,令和2年9月30日,令和2年9月30日,令和8年9月30日
375,東京都世田谷区桜一丁目６７番９号,-,ボンセジュール経堂,株式会社ＬＥＯＣ,03-6674-2240,7世保生食ほ第1347号,飲食店営業,令和8年2月1日,令和8年2月1日,令和15年1月31日
376,東京都世田谷区桜二丁目１番１０号,１０１,ＰＡＲＳＬＥＹＳＡＧＥ,有限会社シェルデザイン,03-6319-5706,4世保生食ほ第378号,飲食店営業,令和4年6月13日,令和4年6月13日,令和10年6月30日
377,東京都世田谷区桜三丁目２番１０号,１０１,イタリア料理ジータ,***,03-3439-8876,5世保生食ほ第966号,飲食店営業,令和5年11月1日,令和5年11月1日,令和11年10月31日
378,東京都世田谷区桜三丁目２番１１号,-,ピザハット　世田谷店,日本ピザハット株式会社,03-5450-5252,3世保生食ほ第1328号,飲食店営業,令和3年11月1日,令和3年11月1日,令和9年10月31日
379,東京都世田谷区桜三丁目２番１５号,稲田ビル１０１,岩﨑ホルモン,***,03-6804-4029,6世保生食ほ第655号,飲食店営業,令和6年8月9日,令和6年8月9日,令和13年8月31日
380,東京都世田谷区桜三丁目２番１５号,-,Ｒａｖｅｎ’ｓ　Ｔａｂｌｅ,***,-,2世保生食ほ第1236号,飲食店営業,令和2年11月20日,令和2年11月20日,令和9年11月30日
381,東京都世田谷区桜三丁目２番１５号,-,Ｒａｖｅｎ’ｓ　Ｔａｂｌｅ,***,-,2世保生食ほ第1237号,菓子製造業,令和2年11月20日,令和2年11月20日,令和9年11月30日
382,東京都世田谷区桜三丁目２番１８号,第七太陽ハイツ２０１,手打饂飩　麦　上馬　朝日屋,***,03-5486-0488,7世保生食ほ第1266号,飲食店営業,令和7年11月28日,令和7年11月28日,令和14年11月30日
383,東京都世田谷区桜三丁目７番１３号,サンビレッジ橋本　１ＦＥＡＳＴ,Ｍｔ．Ｇ,株式会社源馬美装,-,6世保生食ほ第417号,飲食店営業,令和6年7月1日,令和6年7月1日,令和12年6月30日
384,東京都世田谷区桜三丁目７番１５号,-,壺ほるもん,アンラス株式会社,03-5799-7907,2世保生食ほ第147号,食肉販売業,令和2年4月23日,令和2年4月23日,令和9年4月30日
385,東京都世田谷区桜三丁目７番１５号,-,壺ほるもん,アンラス株式会社,03-5799-7907,2世保生食ほ第1597号,飲食店営業,平成25年11月25日,令和2年12月1日,令和9年11月30日
386,東京都世田谷区桜三丁目７番１５号,-,まごころ弁当　世田谷中央店,株式会社ＰＡＡＭ,6413-0600,2世保生食ほ第1336号,飲食店営業,平成25年10月3日,令和2年11月1日,令和9年10月31日
387,東京都世田谷区桜三丁目８番１１号,-,セブンイレブン馬事公苑店,ライズ株式会社,03-3420-6696,3世保生食ほ第527号,飲食店営業,令和3年6月18日,令和3年6月18日,令和9年6月30日
388,東京都世田谷区桜三丁目８番１２号,-,Ｓａｋｕｒａ３８１２,株式会社深澤,5799-6644,5世保生食ほ第1198号,飲食店営業,令和5年11月1日,令和5年11月1日,令和11年10月31日
389,東京都世田谷区桜三丁目８番１３号,パレス馬事公苑１０１号,ラーメン　陸,有限会社いよや,5477-3841,7世保生食ほ第262号,飲食店営業,令和7年6月1日,令和7年6月1日,令和14年5月31日
390,東京都世田谷区桜三丁目８番１５号,パール世田谷,３０’Ｓクラブ,***,3439-5456,7世保生食ほ第636号,飲食店営業,令和7年9月1日,令和7年9月1日,令和14年8月31日
391,東京都世田谷区桜三丁目８番１５号,パール世田谷１０１,タナカロボ,***,-,2世保生食ほ第338号,飲食店営業,令和2年5月20日,令和2年5月20日,令和8年5月31日
392,東京都世田谷区桜三丁目８番１５号,パール世田谷１０４,麺屋　かまし,***,-,3世保生食ほ第99号,飲食店営業,令和3年6月29日,令和3年6月29日,令和9年6月30日
393,東京都世田谷区桜三丁目２０番９号,１階、２階,絆洋菓子,絆洋菓子株式会社,03-6413-9138,7世保生食ほ第1370号,飲食店営業,令和7年12月19日,令和7年12月19日,令和14年12月31日
394,東京都世田谷区桜三丁目２０番９号,１階、２階,絆洋菓子,絆洋菓子株式会社,03-6413-9138,7世保生食ほ第1379号,菓子製造業,令和7年12月19日,令和7年12月19日,令和13年12月31日
395,東京都世田谷区桜三丁目２１番３号,-,とんかつ　要,***,3420-3211,3世保生食ほ第799号,飲食店営業,令和3年8月1日,令和3年8月1日,令和9年7月31日
396,東京都世田谷区桜三丁目２４番１号,-,サミットストア桜店,サミット株式会社,03-3426-3061,2世保生食ほ第1214号,食肉販売業,昭和54年10月4日,令和2年11月1日,令和9年10月31日
397,東京都世田谷区桜三丁目２４番１号,-,サミットストア桜店,サミット株式会社,03-3426-3061,2世保生食ほ第1754号,飲食店営業,平成6年12月22日,令和3年1月1日,令和9年12月31日
398,東京都世田谷区桜三丁目２４番１号,-,サミットストア桜店,サミット株式会社,03-3426-3061,2世保生食ほ第1755号,飲食店営業,平成6年12月22日,令和3年1月1日,令和9年12月31日
399,東京都世田谷区桜三丁目２４番１号,-,サミットストア桜店,サミット株式会社,03-3426-3061,7世保生食ほ第1744号,魚介類販売業,令和8年4月1日,令和8年4月1日,令和15年3月31日
400,東京都世田谷区桜三丁目２４番１号,-,むさしの森珈琲　世田谷オークラランド店,株式会社すかいらーくレストランツ,03-3706-5310,31世保生食ほ第2488号,飲食店営業,平成18年3月7日,令和2年4月1日,令和9年3月31日
401,東京都世田谷区桜三丁目２５番３号,-,インド料理　スパイス　マジック,有限会社ゴールデンテンプルトレーディング,03-5426-6955,31世保生食ほ第2510号,飲食店営業,平成20年5月13日,令和2年6月1日,令和8年5月31日
402,東京都世田谷区桜三丁目２５番３号,-,インド料理　スパイス　マジック,有限会社ゴールデンテンプルトレーディング,03-5426-6955,4世保生食ほ第468号,そうざい製造業,令和4年6月16日,令和4年6月16日,令和10年6月30日
403,東京都世田谷区桜三丁目２５番３号,-,山起,有限会社ボディー設備,3706-6166,4世保生食ほ第187号,飲食店営業,令和4年6月1日,令和4年6月1日,令和10年5月31日
404,東京都世田谷区桜三丁目２５番３号,-,山起,有限会社ボディー設備,3706-6166,4世保生食ほ第188号,食肉販売業,令和4年6月1日,令和4年6月1日,令和10年5月31日
405,東京都世田谷区桜三丁目２７番１４号,-,相馬製菓,***,3428-8247,3世保生食ほ第1490号,飲食店営業,令和3年12月1日,令和3年12月1日,令和9年11月30日
406,東京都世田谷区桜三丁目２７番１４号,-,相馬製菓,***,3428-8247,7世保生食ほ第1071号,菓子製造業,令和7年12月1日,令和7年12月1日,令和13年11月30日
407,東京都世田谷区桜三丁目３３番１号,-,東京農業大学稲花小学校,株式会社共立ソリューションズ,03-5477-2237,7世保生食ほ第1138号,飲食店営業,令和7年12月1日,令和7年12月1日,令和14年11月30日
408,東京都世田谷区桜丘一丁目１番１号,１２号館　食品加工技術センター,学校法人　東京農業大学,学校法人　東京農業大学,5477-2523,2世保生食ほ第1307号,食肉製品製造業,昭和60年10月3日,令和2年11月1日,令和10年10月31日
409,東京都世田谷区桜丘一丁目１番１号,１２号館　食品加工技術センター,学校法人　東京農業大学,学校法人　東京農業大学,5477-2523,2世保生食ほ第1308号,清涼飲料水製造業,平成24年10月11日,令和2年11月1日,令和10年10月31日
410,東京都世田谷区桜丘一丁目１番１号,１２号館　食品加工技術センター,学校法人　東京農業大学,学校法人　東京農業大学,5477-2523,2世保生食ほ第1309号,乳酸菌飲料製造業,平成24年10月11日,令和2年11月1日,令和10年10月31日
411,東京都世田谷区桜丘一丁目１番１号,１２号館　食品加工技術センター,学校法人　東京農業大学,学校法人　東京農業大学,5477-2523,2世保生食ほ第1310号,缶詰又は瓶詰食品製造業,平成24年10月11日,令和2年11月1日,令和10年10月31日
412,東京都世田谷区桜丘一丁目１番１号,１２号館　食品加工技術センター,学校法人　東京農業大学,学校法人　東京農業大学,5477-2523,3世保生食ほ第1559号,アイスクリーム類製造業,令和3年12月1日,令和3年12月1日,令和11年11月30日
413,東京都世田谷区桜丘一丁目１番１号,１２号館　食品加工技術センター,学校法人　東京農業大学,学校法人　東京農業大学,5477-2523,3世保生食ほ第1560号,みそ又はしょうゆ製造業,令和3年12月1日,令和3年12月1日,令和11年11月30日
414,東京都世田谷区桜丘一丁目１番１号,-,東京農業大学生活協同組合「一番飯」,東京農業大学生活協同組合,3427-5711,2世保生食ほ第939号,飲食店営業,平成11年9月28日,令和2年10月1日,令和9年9月30日
415,東京都世田谷区桜丘一丁目１番１号,-,東京農業大学生活協同組合「カフェテリア　グリーン」,東京農業大学生活協同組合,3427-5952,31世保生食ほ第1751号,飲食店営業,平成7年12月6日,令和2年1月1日,令和8年12月31日
416,東京都世田谷区桜丘一丁目１番１号,-,レストランすずしろ（株式会社松木家）,株式会社松木家,3420-4116,31世保生食ほ第1897号,飲食店営業,平成7年12月20日,令和2年1月1日,令和8年12月31日
417,東京都世田谷区桜丘一丁目１番１号,-,セブンイレブンＡＩＭ東京農業大学店,エームサービス株式会社,-,6世保生食ほ第873号,飲食店営業,令和6年10月1日,令和6年10月1日,令和13年9月30日
418,東京都世田谷区桜丘一丁目１番１号,国際センター１Ｆ,サザコーヒー東京農業大学店,株式会社サザコーヒー,03-6413-1334,5世保生食ほ第85号,飲食店営業,令和5年4月21日,令和5年4月21日,令和12年4月30日
419,東京都世田谷区桜丘一丁目８番５号,-,中華万来,***,3420-3503,2世保生食ほ第2730号,飲食店営業,昭和46年4月21日,令和3年5月1日,令和9年4月30日
420,東京都世田谷区桜丘一丁目９番１５号,-,美よし,***,3420-8354,2世保生食ほ第812号,飲食店営業,昭和53年8月12日,令和2年9月1日,令和8年8月31日
421,東京都世田谷区桜丘一丁目１７番１１号,-,エル・カンピドイオ,***,3420-7432,2世保生食ほ第2564号,飲食店営業,平成21年3月17日,令和3年4月1日,令和9年3月31日
422,東京都世田谷区桜丘一丁目１８番３号,-,河野亭,***,5799-6785,3世保生食ほ第167号,飲食店営業,平成27年5月28日,令和3年6月1日,令和8年5月31日
423,東京都世田谷区桜丘一丁目１９番１７号,-,世田谷区立桜丘小学校,葉隠勇進株式会社,3429-1375,3世保生食ほ第252号,飲食店営業,令和3年4月28日,令和3年4月28日,令和10年4月30日
424,東京都世田谷区桜丘一丁目１９番２２号,-,デイホーム桜丘,社会福祉法人　ふきのとうの会,5451-5500,3世保生食ほ第2299号,飲食店営業,令和4年4月1日,令和4年4月1日,令和11年3月31日
425,東京都世田谷区桜丘二丁目１番３９号,-,世田谷区立桜丘中学校,株式会社サンユー,03-3429-6203,3世保生食ほ第179号,飲食店営業,令和3年4月28日,令和3年4月28日,令和10年4月30日
426,東京都世田谷区桜丘二丁目６番１４号,-,セブンイレブン世田谷桜丘２丁目店,***,3706-8794,3世保生食ほ第502号,飲食店営業,令和3年6月21日,令和3年6月21日,令和10年6月30日
427,東京都世田谷区桜丘二丁目１５番１４号,ＳＫＯＯＢ　ＨＯＵＳＥ　１Ｆ,ＳＫＯＯＢ,***,6413-7288,7世保生食ほ第423号,飲食店営業,令和7年7月18日,令和7年7月18日,令和13年7月31日
428,東京都世田谷区桜丘二丁目１７番１６号,-,うじさん家,株式会社アーク,-,6世保生食ほ第745号,飲食店営業,令和6年9月6日,令和6年9月6日,令和12年9月30日
429,東京都世田谷区桜丘二丁目１８番１７号,第５ハイツ１階Ａ,エバーグリーン　アジアンレストラン,***,6751-2932,4世保生食ほ第825号,飲食店営業,令和4年9月1日,令和4年9月1日,令和10年8月31日
430,東京都世田谷区桜丘二丁目１８番１８号,サンハイツ中島１０１,Ｃａｌｉｑｕｏｒｓ　Ｔｏｋｙｏ　ＷＥＳＴ,クイーンアン・キャピタル・マネジメント株式会社,-,7世保生食ほ第1195号,飲食店営業,令和7年12月19日,令和7年12月19日,令和13年12月31日
431,東京都世田谷区桜丘二丁目１８番２０号,-,ＭＯＫＵ,***,3429-5015,7世保生食ほ第1119号,飲食店営業,令和7年11月25日,令和7年11月25日,令和13年11月30日
432,東京都世田谷区桜丘二丁目２０番７号,-,第三アマノミート,株式会社第三アマノミート,3428-4215,31世保生食ほ第2513号,飲食店営業,平成7年5月24日,令和2年6月1日,令和9年5月31日
433,東京都世田谷区桜丘二丁目２０番７号,-,第三アマノミート,株式会社第三アマノミート,3428-4215,31世保生食ほ第2514号,食肉販売業,平成7年5月24日,令和2年6月1日,令和9年5月31日
434,東京都世田谷区桜丘二丁目２０番７号,伊東ショッピングセンター２階１号店舗,和風酒処　あん,***,3428-1519,3世保生食ほ第644号,飲食店営業,令和3年8月1日,令和3年8月1日,令和9年7月31日
435,東京都世田谷区桜丘二丁目２０番７号,伊東ショッピングセンターイ号,さくらの,***,-,6世保生食ほ第742号,飲食店営業,令和6年10月1日,令和6年10月1日,令和12年9月30日
436,東京都世田谷区桜丘二丁目２０番７号,伊東ショッピングセンターロ号室,鶏富士　千歳船橋店,Ｍｙ　Ｓｔａｆｆ株式会社,03-5799-4299,2世保生食ほ第1139号,食肉販売業,令和2年9月17日,令和2年9月17日,令和8年9月30日
437,東京都世田谷区桜丘二丁目２０番７号,伊東ショッピングセンターロ号室,鶏富士　千歳船橋店,Ｍｙ　Ｓｔａｆｆ株式会社,03-5799-4299,2世保生食ほ第987号,飲食店営業,令和2年9月17日,令和2年9月17日,令和8年9月30日
438,東京都世田谷区桜丘二丁目２０番７号,伊東ショッピングセンター２Ｆ,ｉｎｇ,株式会社コロランド,03-5799-4902,2世保生食ほ第1561号,飲食店営業,令和2年11月6日,令和2年11月6日,令和8年11月30日
439,東京都世田谷区桜丘二丁目２０番７号,伊東ショッピングセンター２階２号室,マドッシュゴー　チトフナ店,株式会社ＡＶＯＣＡＤＯ　ＰＯＷＥＲ　ＣＯＭＰＡＮＹ,-,2世保生食ほ第2334号,飲食店営業,令和3年2月22日,令和3年2月22日,令和9年2月28日
440,東京都世田谷区桜丘二丁目２０番７号,伊東ショッピングセンター　ト号,Ｍｙ　Ｌａｂ,Ｍｙ　Ｓｔａｆｆ株式会社,-,3世保生食ほ第597号,飲食店営業,令和3年6月22日,令和3年6月22日,令和10年6月30日
441,東京都世田谷区桜丘二丁目２０番１０号,築野ビル,ファミリーマート　千歳船橋駅南店,合同会社ＳＡＫＵＲＡ,5426-3471,31世保生食ほ第1688号,飲食店営業,令和元年11月27日,令和元年11月27日,令和8年11月30日
442,東京都世田谷区桜丘二丁目２０番１０号,築野ビル,ファミリーマート　千歳船橋駅南店,合同会社ＳＡＫＵＲＡ,5426-3471,31世保生食ほ第1689号,菓子製造業,令和元年11月27日,令和元年11月27日,令和8年11月30日
443,東京都世田谷区桜丘二丁目２１番５号,坂西店舗１Ｆ,有限会社　すし雅,有限会社すし雅,3425-1939,6世保生食ほ第739号,飲食店営業,令和6年9月1日,令和6年9月1日,令和13年8月31日
444,東京都世田谷区桜丘二丁目２１番７号,メゾンりえいる１Ｆ,ギャラリーＡＧＩＴＯ／ママ応援プロジェクト,ＩＶＯＲＹ合同会社,03-6413-5195,2世保生食ほ第1010号,飲食店営業,令和2年9月4日,令和2年9月4日,令和8年9月30日
445,東京都世田谷区桜丘二丁目２１番７号,メゾンりえいる１Ｆ,ギャラリーＡＧＩＴＯ／ママ応援プロジェクト,ＩＶＯＲＹ合同会社,03-6413-5195,2世保生食ほ第1011号,菓子製造業,令和2年9月4日,令和2年9月4日,令和8年9月30日
446,東京都世田谷区桜丘二丁目２４番１９号,-,まつばや,***,3426-0637,5世保生食ほ第801号,飲食店営業,令和5年10月1日,令和5年10月1日,令和12年9月30日
447,東京都世田谷区桜丘二丁目２４番１９号,-,まつばや,***,3426-0637,5世保生食ほ第802号,食肉販売業,令和5年10月1日,令和5年10月1日,令和12年9月30日
448,東京都世田谷区桜丘二丁目２４番２０号,-,ジンギスバル　まーさん,ＭＡＳＡエンタープライズ株式会社,03-5450-4030,2世保生食ほ第470号,飲食店営業,令和2年6月19日,令和2年6月19日,令和8年6月30日
449,東京都世田谷区桜丘二丁目２５番１０号,田辺ビル１Ｆ,やきとん　たけちゃん,***,03-6413-9197,6世保生食ほ第1641号,飲食店営業,令和7年2月28日,令和7年2月28日,令和14年2月29日
450,東京都世田谷区桜丘二丁目２５番１２号,-,大阪王将　千歳船橋店,株式会社大阪王将,03-6413-0285,31世保生食ほ第2962号,飲食店営業,令和2年4月13日,令和2年4月13日,令和9年4月30日
451,東京都世田谷区桜丘二丁目２５番１２号,雨宮ビル２階１号室,酒場４４１０,合同会社ＢＡＲＮＥＲ,-,7世保生食ほ第1642号,飲食店営業,令和8年2月27日,令和8年2月27日,令和14年2月29日
452,東京都世田谷区桜丘二丁目２６番８号,-,ケイ,***,3427-8385,3世保生食ほ第153号,飲食店営業,平成15年5月23日,令和3年6月1日,令和9年5月31日
453,東京都世田谷区桜丘二丁目２６番１１号,-,そば　一仁,***,03-5799-6517,2世保生食ほ第989号,飲食店営業,平成26年9月16日,令和2年10月1日,令和8年9月30日
454,東京都世田谷区桜丘二丁目２６番１４号,-,とまり木,***,3426-5518,2世保生食ほ第2422号,飲食店営業,平成15年3月11日,令和3年4月1日,令和9年3月31日
455,東京都世田谷区桜丘二丁目２６番１５号,-,とんとん,***,3426-0107,31世保生食ほ第563号,飲食店営業,平成5年6月30日,令和元年8月1日,令和8年7月31日
456,東京都世田谷区桜丘二丁目２６番１６号,桜丘店舗３号１Ｆ（２Ｆ）,おいで屋,***,3429-3750,5世保生食ほ第1236号,飲食店営業,令和5年12月1日,令和5年12月1日,令和11年11月30日
457,東京都世田谷区桜丘二丁目２６番１６号,-,Ｂｉｓｔｒｏ　ｅｎｄｒｏｌｌ,株式会社エンドロール,6432-6908,2世保生食ほ第2508号,飲食店営業,令和3年3月2日,令和3年3月2日,令和9年3月31日
458,東京都世田谷区桜丘二丁目２７番１号,-,酒を焼肉でいちわ,株式会社　ＡＮＬＯＯＰ,6413-6800,2世保生食ほ第2506号,飲食店営業,平成27年3月6日,令和3年4月1日,令和9年3月31日
459,東京都世田谷区桜丘二丁目２７番１１号,-,立呑み処　けんちゃん,株式会社恵幸商事グループ,3420-0525,5世保生食ほ第1817号,飲食店営業,令和6年4月1日,令和6年4月1日,令和12年3月31日
460,東京都世田谷区桜丘二丁目２７番１１号,第２佐川ビル１Ｆ,けんちゃんラーメン,***,03-3425-3467,2世保生食ほ第2570号,飲食店営業,令和3年3月15日,令和3年3月15日,令和9年3月31日
461,東京都世田谷区桜丘二丁目２７番１２号,-,みずほ銀行千歳船橋支店食堂,栄養食株式会社,3429-1101,2世保生食ほ第1553号,飲食店営業,平成元年11月29日,令和2年12月1日,令和9年11月30日
462,東京都世田谷区桜丘二丁目２７番１５号,-,キッチンオリジン　千歳船橋南口店,オリジン東秀株式会社,03-5426-7160,4世保生食ほ第515号,飲食店営業,令和4年8月1日,令和4年8月1日,令和11年7月31日
463,東京都世田谷区桜丘二丁目２７番１６号,シルバーＴＯＭ１階,Ｃａｆｅ＆Ｄｉｎｉｎｇ　ＴＥＲＲＡＣＥ　Ｔｏｋｙｏ,株式会社Ｓｗｅｅｎｙ,-,3世保生食ほ第1625号,飲食店営業,令和3年11月24日,令和3年11月24日,令和10年11月30日
464,東京都世田谷区桜丘二丁目２８番１７号,-,㈱オオゼキ　千歳船橋店,株式会社オオゼキ,0354510061,30世保生食ほ第2304号,食肉販売業,平成17年4月14日,令和元年5月1日,令和8年4月30日
465,東京都世田谷区桜丘二丁目２８番１７号,-,㈱オオゼキ　千歳船橋店,株式会社オオゼキ,0354510061,30世保生食ほ第2305号,魚介類販売業,平成17年4月14日,令和元年5月1日,令和8年4月30日
466,東京都世田谷区桜丘二丁目２８番１７号,モンテフーズビル２Ｆ,焼肉　牛玄,株式会社アノマリーフィールド,3420-2738,31世保生食ほ第2260号,飲食店営業,平成25年1月25日,令和2年2月1日,令和9年1月31日
467,東京都世田谷区桜丘二丁目２８番１７号,モンテフーズビル１Ｆ,なぎ屋　千歳船橋,株式会社オープンダイニング　なぎ屋　千歳船橋,5426-2908,2世保生食ほ第1319号,飲食店営業,平成20年10月15日,令和2年11月1日,令和8年10月31日
468,東京都世田谷区桜丘二丁目２８番１７号,モンテフーズビル１Ｆ,麺屋　はる,株式会社コーセーカンパニー,3426-1281,31世保生食ほ第1289号,飲食店営業,平成24年11月1日,令和元年11月1日,令和8年10月31日
469,東京都世田谷区桜丘二丁目２８番１７号,ちとふな駅前ビル２Ｆ,焼肉ホルモン雅亭,カナミジャパンＡＣ株式会社,-,6世保生食ほ第691号,飲食店営業,令和6年8月9日,令和6年8月9日,令和13年8月31日
470,東京都世田谷区桜丘二丁目２９番１号,-,研ぎ小屋キレット　世田谷店,株式会社ＫＨＲ,03-6874-9288,4世保生食ほ第319号,飲食店営業,令和4年6月7日,令和4年6月7日,令和10年6月30日
471,東京都世田谷区桜丘二丁目２９番５号,Ｃｏｕｒｔ桜丘　１階　店舗Ｄ,からあげのジョー　千歳船橋店,株式会社エイチ・エフ・ホスピタリティ,-,6世保生食ほ第1910号,飲食店営業,令和7年4月23日,令和7年4月23日,令和14年4月30日
472,東京都世田谷区桜丘二丁目２９番６号,-,串屋横丁　千歳船橋店,株式会社Ｒ・Ｄ,03-5799-7900,3世保生食ほ第2040号,飲食店営業,令和4年3月1日,令和4年3月1日,令和10年2月29日
473,東京都世田谷区桜丘二丁目２９番６号,-,餃侍,株式会社ギョーザ将軍,-,3世保生食ほ第1161号,そうざい製造業,令和3年10月4日,令和3年10月4日,令和10年10月31日
474,東京都世田谷区桜丘二丁目２９番６号,１、２階,かぶら屋　千歳船橋,株式会社フーデックスホールディングス,5799-7701,4世保生食ほ第978号,飲食店営業,令和4年9月21日,令和4年9月21日,令和10年9月30日
475,東京都世田谷区桜丘二丁目２９番７号,-,鹿の子,***,3429-0263,4世保生食ほ第911号,菓子製造業,令和4年10月1日,令和4年10月1日,令和10年9月30日
476,東京都世田谷区桜丘二丁目２９番１０号,-,株式会社　東宮,株式会社東宮,3420-2573,2世保生食ほ第2309号,菓子製造業,昭和60年3月28日,令和3年4月1日,令和9年3月31日
477,東京都世田谷区桜丘二丁目２９番１１号,マンタビル１Ｆ,Ｏｈ！ｈｕｇｇｙ！！世田谷,合同会社グレースペック,03-6161-3146,6世保生食ほ第1131号,飲食店営業,令和6年11月27日,令和6年11月27日,令和12年11月30日
478,東京都世田谷区桜丘二丁目２９番１１号,マンタビル１Ｆ,Ｏｈ！ｈｕｇｇｙ！！世田谷,合同会社グレースペック,03-6161-3146,6世保生食ほ第1132号,菓子製造業,令和6年11月27日,令和6年11月27日,令和12年11月30日
479,東京都世田谷区桜丘二丁目２９番１２号,-,フレッシュネスバーガー　千歳船橋店,株式会社フレッシュネス,03-5451-5671,7世保生食ほ第1339号,飲食店営業,令和7年12月24日,令和7年12月24日,令和14年12月31日
480,東京都世田谷区桜丘二丁目２９番１４号,-,あなたの店,***,03-5477-9190,2世保生食ほ第1024号,飲食店営業,平成20年9月4日,令和2年10月1日,令和8年9月30日
481,東京都世田谷区桜丘二丁目２９番１４号,第二内藤ビル１Ｆ,鳥貴族　千歳船橋店,株式会社鳥貴族東日本,03-5426-2556,2世保生食ほ第1626号,飲食店営業,平成20年11月10日,令和2年12月1日,令和8年11月30日
482,東京都世田谷区桜丘二丁目２９番１４号,林ビル１～３Ｆ,ウラニワ千歳船橋店,株式会社ウラニワ,6432-6480,4世保生食ほ第1407号,飲食店営業,令和5年1月1日,令和5年1月1日,令和10年12月31日
483,東京都世田谷区桜丘二丁目２９番１４号,-,魚道,***,03-5450-9125,7世保生食ほ第1671号,飲食店営業,令和8年3月5日,令和8年3月5日,令和14年3月31日
484,東京都世田谷区桜丘二丁目２９番１４号,-,ひじり,合同会社ひじり,03-6432-6275,2世保生食ほ第166号,飲食店営業,令和2年4月22日,令和2年4月22日,令和8年4月30日
485,東京都世田谷区桜丘二丁目２９番１４号,-,チトフナぞっこん,株式会社クラシカルハーツ,-,7世保生食ほ第1570号,飲食店営業,令和8年2月3日,令和8年2月3日,令和14年2月29日
486,東京都世田谷区桜丘二丁目２９番１６号,-,ｋａｍｐａｌａ,***,-,7世保生食ほ第1418号,飲食店営業,令和8年1月1日,令和8年1月1日,令和13年12月31日
487,東京都世田谷区桜丘二丁目２９番１９号,第三稲荷ビル１０２,五明の向かい,株式会社五明田商店,6680-8128,3世保生食ほ第2085号,飲食店営業,令和4年4月1日,令和4年4月1日,令和10年3月31日
488,東京都世田谷区桜丘二丁目２９番１９号,第三稲荷ビル１０３,鶏魚,洋株式会社,-,5世保生食ほ第555号,飲食店営業,令和5年8月3日,令和5年8月3日,令和11年8月31日
489,東京都世田谷区桜丘二丁目２９番２１号,稲荷ビル１０１,久弥,***,3420-3492,4世保生食ほ第916号,飲食店営業,令和4年11月1日,令和4年11月1日,令和10年10月31日
490,東京都世田谷区桜丘二丁目２９番２１号,１０３,洋食　ｃｏｔｏ　ｃｏｔｏ,***,3426-5362,31世保生食ほ第2444号,飲食店営業,令和2年2月17日,令和2年2月17日,令和9年2月28日
491,東京都世田谷区桜丘二丁目２９番２１号,第一稲荷森ビル１０５,すし　中靜,株式会社フィッシュウェル,-,6世保生食ほ第1911号,飲食店営業,令和7年3月31日,令和7年3月31日,令和14年3月31日
492,東京都世田谷区桜丘二丁目２９番２２号,-,リップを塗る前に,株式会社プランニングラボ,03-6413-1040,2世保生食ほ第1050号,飲食店営業,令和2年9月17日,令和2年9月17日,令和9年9月30日
493,東京都世田谷区桜丘二丁目２９番２２号,-,リップを塗る前に,株式会社プランニングラボ,03-6413-1040,2世保生食ほ第1051号,菓子製造業,令和2年9月17日,令和2年9月17日,令和9年9月30日
494,東京都世田谷区桜丘三丁目１番１号,森田ビル３Ｆ,Ｆａｌｅ,***,-,4世保生食ほ第42号,飲食店営業,令和4年5月1日,令和4年5月1日,令和10年4月30日
495,東京都世田谷区桜丘三丁目６番４号,-,トラットリア　コンタディーノ,***,6676-1990,2世保生食ほ第1254号,飲食店営業,平成20年10月6日,令和2年11月1日,令和8年10月31日
496,東京都世田谷区桜丘三丁目６番５号,-,都寿司,***,3429-3031,2世保生食ほ第189号,飲食店営業,平成14年8月1日,令和2年8月1日,令和8年7月31日
497,東京都世田谷区桜丘三丁目９番３１号,-,エーム　常盤寮　食堂,エームサービス株式会社,03-5799-7692,5世保生食ほ第1451号,飲食店営業,令和6年1月11日,令和6年1月11日,令和13年1月31日
498,東京都世田谷区桜丘三丁目９番３１号,-,エーム　グリーンアカデミー,エームサービス株式会社,03-6413-9190,6世保生食ほ第1634号,飲食店営業,令和7年3月7日,令和7年3月7日,令和14年3月31日
499,東京都世田谷区桜丘三丁目２４番４号,-,やきとり大吉　桜丘店,***,03-3429-4031,3世保生食ほ第923号,飲食店営業,令和3年9月1日,令和3年9月1日,令和9年8月31日
500,東京都世田谷区桜丘三丁目２４番４号,山田ビル１０３,ハイファイブス,***,-,7世保生食ほ第1229号,飲食店営業,令和7年11月28日,令和7年11月28日,令和14年11月30日
501,東京都世田谷区桜丘三丁目２６番３号,-,ファミリーマート桜丘世田谷通り店,セントラルエンジニアリング株式会社,03-5426-3677,4世保生食ほ第1705号,飲食店営業,令和5年3月1日,令和5年3月1日,令和12年2月28日
502,東京都世田谷区桜丘三丁目２７番４号,-,ヴォアラ,株式会社ル・サントノーレ,03-3706-6662,7世保生食ほ第247号,飲食店営業,令和7年6月24日,令和7年6月24日,令和14年6月30日
503,東京都世田谷区桜丘三丁目２７番４号,-,ヴォアラ,株式会社ル・サントノーレ,03-3706-6662,7世保生食ほ第248号,菓子製造業,令和7年6月24日,令和7年6月24日,令和14年6月30日
504,東京都世田谷区桜丘三丁目２７番４号,-,ヴォアラ,株式会社ル・サントノーレ,03-3706-6662,7世保生食ほ第249号,アイスクリーム類製造業,令和7年6月24日,令和7年6月24日,令和14年6月30日
505,東京都世田谷区桜丘三丁目２７番６号,-,セブンイレブン世田谷通り店,***,03-3420-0369,3世保生食ほ第545号,飲食店営業,令和3年6月21日,令和3年6月21日,令和10年6月30日
506,東京都世田谷区桜丘四丁目９番１２号,-,ドーミー世田谷桜丘,株式会社共立メンテナンス,03-3425-5351,2世保生食ほ第2576号,飲食店営業,昭和56年3月27日,令和3年4月1日,令和9年3月31日
507,東京都世田谷区桜丘四丁目１６番９号,-,ベストライフ世田谷,株式会社アスモフードサービス,03-5450-7055,30世保生食ほ第2573号,飲食店営業,平成17年4月19日,令和元年5月1日,令和8年4月30日
508,東京都世田谷区桜丘四丁目１９番４１号,-,ｃｌａｓｓｙ　ＢＡＳＥ　世田谷桜丘　,イートランド株式会社,-,3世保生食ほ第2231号,飲食店営業,令和4年3月24日,令和4年3月24日,令和11年3月31日
509,東京都世田谷区桜丘四丁目２５番８号,-,医療法人社団井上外科記念会　世田谷井上病院,日清医療食品株式会社,03-3425-1817,4世保生食ほ第581号,飲食店営業,令和4年7月19日,令和4年7月19日,令和11年7月31日
510,東京都世田谷区桜丘四丁目２６番２２号,-,桜の詩保育園,イフスコヘルスケア株式会社,03-6804-4682,5世保生食ほ第1741号,飲食店営業,令和6年4月1日,令和6年4月1日,令和13年3月31日
511,東京都世田谷区桜丘四丁目２６番３０号,１Ｆ,サクラマス食堂,***,6413-5969,7世保生食ほ第1484号,飲食店営業,令和8年3月1日,令和8年3月1日,令和14年2月29日
512,東京都世田谷区桜丘五丁目１６番９号,-,ｎｏ．５０２（ナンバー・ゴ・マル・ニ）,株式会社Ｂｏｔｔｌｅ　Ｔｏｋｙｏ,6413-5550,2世保生食ほ第1568号,飲食店営業,令和2年11月17日,令和2年11月17日,令和8年11月30日
513,東京都世田谷区桜丘五丁目１７番１３号,-,ヒロ,株式会社ヒロ,3420-8992,5世保生食ほ第875号,菓子製造業,令和5年10月1日,令和5年10月1日,令和12年9月30日
514,東京都世田谷区桜丘五丁目１９番１号,-,世田谷区笹原小学校,株式会社藤江,3428-8383,3世保生食ほ第376号,飲食店営業,令和3年5月18日,令和3年5月18日,令和10年5月31日
515,東京都世田谷区桜丘五丁目２０番７号,-,セブン－イレブン世田谷桜丘５丁目店,***,03-3425-1459,3世保生食ほ第503号,飲食店営業,令和3年6月21日,令和3年6月21日,令和10年6月30日
516,東京都世田谷区桜丘五丁目２０番１２号,-,ｃｕｒｅ,山仙株式会社,5799-6430,6世保生食ほ第1594号,飲食店営業,令和7年3月1日,令和7年3月1日,令和13年2月28日
517,東京都世田谷区桜丘五丁目２１番４号,-,えびす,株式会社エビスホールディングス,-,6世保生食ほ第291号,飲食店営業,令和6年7月1日,令和6年7月1日,令和12年6月30日
518,東京都世田谷区桜丘五丁目２１番６号,-,ＴＡＳＫ　ＣＯＦＦＥＥ,***,-,6世保生食ほ第928号,飲食店営業,令和6年10月31日,令和6年10月31日,令和12年10月31日
519,東京都世田谷区桜丘五丁目２１番１５号,-,残波の風,***,03-5477-0107,2世保生食ほ第2024号,飲食店営業,平成15年1月24日,令和3年2月1日,令和9年1月31日
520,東京都世田谷区桜丘五丁目４３番,-,スエヒロ館　環八成城店,株式会社　あみやき亭,0357992929,5世保生食ほ第856号,飲食店営業,令和5年10月1日,令和5年10月1日,令和12年9月30日
521,東京都世田谷区桜丘五丁目４７番４号,１階,ＡＰＯＣシアター,株式会社アポック,6321-7690,3世保生食ほ第115号,飲食店営業,平成21年5月27日,令和3年6月1日,令和9年5月31日
522,東京都世田谷区桜丘五丁目４８番１６号,水道機工７階,Ｂ＆Ｉ７９３０,グリーンホスピタリティフードサービス株式会社,3426-2842,31世保生食ほ第879号,飲食店営業,平成17年8月25日,令和元年9月1日,令和8年8月31日
523,東京都世田谷区経堂一丁目４番９号,小黒ビル１Ｆ,浜焼太郎　経堂店,株式会社オフィスがむしゃら,03-5799-6844,2世保生食ほ第2446号,飲食店営業,平成27年2月27日,令和3年3月1日,令和9年2月28日
524,東京都世田谷区経堂一丁目４番９号,正興ビル２Ｆ,炭火焼鳥や　三日月ロック経堂店,株式会社クレッセントＲ,6804-4269,31世保生食ほ第414号,飲食店営業,令和元年6月6日,令和元年6月6日,令和8年6月30日
525,東京都世田谷区経堂一丁目４番９号,正興ビル２Ｆ,焼肉ｔｈｅ大苑,ｔｈｅ大苑合同会社,-,5世保生食ほ第1057号,飲食店営業,令和5年10月10日,令和5年10月10日,令和11年10月31日
526,東京都世田谷区経堂一丁目４番９号,正興ビル２階,にくず,合同会社　二九,-,5世保生食ほ第1107号,飲食店営業,令和5年10月24日,令和5年10月24日,令和11年10月31日
527,東京都世田谷区経堂一丁目４番１０号,アイハビル１Ｆ,麺匠　億,***,-,5世保生食ほ第1484号,飲食店営業,令和6年2月1日,令和6年2月1日,令和12年1月31日
528,東京都世田谷区経堂一丁目４番１０号,相原ビル２階,ナポレオン　経堂,***,03-5799-6585,2世保生食ほ第199号,食肉販売業,令和2年4月30日,令和2年4月30日,令和9年4月30日
529,東京都世田谷区経堂一丁目４番１０号,相原ビル２階,ナポレオン　経堂,***,03-5799-6585,7世保生食ほ第263号,飲食店営業,令和7年5月21日,令和7年5月21日,令和14年5月31日
530,東京都世田谷区経堂一丁目４番１０号,相原ビル１階,野家　経堂店,株式会社吉野家,03-6413-1869,4世保生食ほ第1650号,飲食店営業,令和5年2月15日,令和5年2月15日,令和11年2月28日
531,東京都世田谷区経堂一丁目４番１１号,-,ナマステ　東京,ＢＲＡ合同会社,5450-3866,2世保生食ほ第1025号,飲食店営業,平成26年9月5日,令和2年10月1日,令和8年9月30日
532,東京都世田谷区経堂一丁目４番１２号,-,ほろよい処　宵待,***,3706-8585,2世保生食ほ第1876号,飲食店営業,令和2年12月18日,令和2年12月18日,令和8年12月31日
533,東京都世田谷区経堂一丁目５番４号,永和第５ビル２Ｆ,株式会社エイワ　東京ラボ,株式会社エイワ,03-3439-2526,6世保生食ほ第1086号,菓子製造業,令和6年12月1日,令和6年12月1日,令和12年11月30日
534,東京都世田谷区経堂一丁目５番６号,パルファム経堂地下Ｃ号室,ＬＯＶＥ，ＰＥＡＣＥ＆ＳＯＵＬ　ＬＩＶＥ　ＣＡＦＥ,ココベイ株式会社,-,5世保生食ほ第750号,飲食店営業,令和5年10月1日,令和5年10月1日,令和11年9月30日
535,東京都世田谷区経堂一丁目５番８号,-,すし勝,***,6413-1663,3世保生食ほ第125号,飲食店営業,平成26年5月23日,令和3年6月1日,令和9年5月31日
536,東京都世田谷区経堂一丁目５番８号,ロイヤルハイツ経堂１階,炭火焼肉ふちおか,株式会社Ｆ＆Ｍ,03-6804-4829,2世保生食ほ第247号,飲食店営業,令和2年5月7日,令和2年5月7日,令和9年5月31日
537,東京都世田谷区経堂一丁目５番８号,ロイヤルハイツ経堂１階,炭火焼肉ふちおか,株式会社Ｆ＆Ｍ,03-6804-4829,2世保生食ほ第251号,食肉販売業,令和2年5月7日,令和2年5月7日,令和9年5月31日
538,東京都世田谷区経堂一丁目５番１０号,ヴィラフォレスト１０１,らーめん　せい家　経堂店,株式会社トップアンドフレーバー,3428-9888,2世保生食ほ第1069号,飲食店営業,平成25年9月19日,令和2年10月1日,令和9年9月30日
539,東京都世田谷区経堂一丁目５番１０号,１０２号室,大衆イタリアン酒場　煙,株式会社オーイズミフーズ,03-5451-8800,2世保生食ほ第332号,飲食店営業,令和2年5月25日,令和2年5月25日,令和9年5月31日
540,東京都世田谷区経堂一丁目６番７号,-,百姓亭,有限会社百姓亭,3425-3935,5世保生食ほ第1112号,飲食店営業,令和5年12月1日,令和5年12月1日,令和11年11月30日
541,東京都世田谷区経堂一丁目６番７号,多田ハイム１Ｆ,居酒屋　らくと,***,03-3439-4774,7世保生食ほ第868号,飲食店営業,令和7年10月30日,令和7年10月30日,令和14年10月31日
542,東京都世田谷区経堂一丁目６番８号,-,ＰＡＳＴＡ　ＨＯＵＳＥ　すぱげったあた,***,3420-2815,3世保生食ほ第800号,飲食店営業,令和3年8月1日,令和3年8月1日,令和9年7月31日
543,東京都世田谷区経堂一丁目６番１０号,木原ビル１Ｆ,Ｍｒｓ．Ａｎｇｅｌ,***,-,7世保生食ほ第602号,飲食店営業,令和7年9月1日,令和7年9月1日,令和13年8月31日
544,東京都世田谷区経堂一丁目６番１０号,木原ビル２Ｆ,ニューハナイ,***,-,7世保生食ほ第1234号,飲食店営業,令和7年12月23日,令和7年12月23日,令和13年12月31日
545,東京都世田谷区経堂一丁目６番１０号,木原ビル１Ｆ,スパイスワラ経堂店,株式会社ＢｉＢｉ,-,3世保生食ほ第1103号,飲食店営業,令和3年8月31日,令和3年8月31日,令和9年8月31日
546,東京都世田谷区経堂一丁目６番１２号,-,スペインバル　トロンパ,***,03-6804-4186,2世保生食ほ第2202号,飲食店営業,平成27年2月24日,令和3年3月1日,令和9年2月28日
547,東京都世田谷区経堂一丁目６番１３号,第三いずみビル１Ｆ,ミラベル,***,3420-6779,7世保生食ほ第472号,飲食店営業,令和7年7月8日,令和7年7月8日,令和13年7月31日
548,東京都世田谷区経堂一丁目６番１３号,第三いずみビル１Ｆ,ミラベル,***,3420-6779,7世保生食ほ第473号,菓子製造業,令和7年7月8日,令和7年7月8日,令和13年7月31日
549,東京都世田谷区経堂一丁目７番７号,-,株式会社　小澤商店,株式会社小澤商店,3426-2929,6世保生食ほ第801号,食肉処理業,令和6年10月1日,令和6年10月1日,令和13年9月30日
550,東京都世田谷区経堂一丁目１１番６号,藤原第２ビル１～４階,カラオケバンバン経堂モアイ店,株式会社シン・コーポレーション,-,2世保生食ほ第937号,飲食店営業,平成25年8月8日,令和2年9月1日,令和9年8月31日
551,東京都世田谷区経堂一丁目１１番８号,シンフォニー経堂１Ｆ,ｔｅｃｏｎａ　ｂａｇｌｅ　Ｃｏ　経堂店,株式会社シーウェイズ,03-5799-6118,3世保生食ほ第1199号,菓子製造業,令和3年9月22日,令和3年9月22日,令和10年9月30日
552,東京都世田谷区経堂一丁目１１番９号,マールビル２・３Ｆ,カラオケまねきねこ　経堂農大通り店,株式会社コシダカ,03-6413-6960,5世保生食ほ第789号,飲食店営業,令和5年10月1日,令和5年10月1日,令和12年9月30日
553,東京都世田谷区経堂一丁目１１番１０号,-,ローソン経堂一丁目店,有限会社ジョーダン,3420-3122,6世保生食ほ第662号,飲食店営業,令和6年9月1日,令和6年9月1日,令和13年8月31日
554,東京都世田谷区経堂一丁目１１番１３号,長島ビル１－Ｃ,もつ焼き　松ちゃん,***,03-6413-0347,6世保生食ほ第1031号,飲食店営業,令和6年12月1日,令和6年12月1日,令和12年11月30日
555,東京都世田谷区経堂一丁目１１番１３号,ウエダビル１階,洋風食堂　はしぐち亭,株式会社はしぐち亭,03-5799-6458,4世保生食ほ第1554号,飲食店営業,令和5年1月24日,令和5年1月24日,令和12年1月31日
556,東京都世田谷区経堂一丁目１１番１３号,ウエダビル１階,洋風食堂　はしぐち亭,株式会社はしぐち亭,03-5799-6458,4世保生食ほ第1555号,そうざい製造業,令和5年1月24日,令和5年1月24日,令和12年1月31日
557,東京都世田谷区経堂一丁目１１番１３号,ウエダビル１０１号室,あきた屋,***,-,7世保生食ほ第1486号,飲食店営業,令和8年2月24日,令和8年2月24日,令和14年2月29日
558,東京都世田谷区経堂一丁目１２番４号,峰ビル１Ｆ,魚粋,株式会社ネオスタンダード,6751-1450,2世保生食ほ第318号,飲食店営業,令和2年5月21日,令和2年5月21日,令和8年5月31日
559,東京都世田谷区経堂一丁目１２番４号,峰ビル２Ｆ,アイランド,***,6322-8334,2世保生食ほ第1049号,飲食店営業,令和2年9月14日,令和2年9月14日,令和8年9月30日
560,東京都世田谷区経堂一丁目１２番５号,吉良代一元ビルＢ１右側,ＪＥＴ　にとろ,***,3425-2106,6世保生食ほ第508号,飲食店営業,令和6年8月1日,令和6年8月1日,令和13年7月31日
561,東京都世田谷区経堂一丁目１２番５号,吉良代一元ビル　１Ｆ,エビス参　経堂店,株式会社あさくま,3420-7799,7世保生食ほ第1232号,飲食店営業,令和7年11月28日,令和7年11月28日,令和13年11月30日
562,東京都世田谷区経堂一丁目１２番５号,吉良代一元ビル２Ｆ南側,大衆鉄板酒場ミナテラス,株式会社　ミナテラス,6754-0370,31世保生食ほ第2198号,飲食店営業,令和2年10月7日,令和2年10月7日,令和9年10月31日
563,東京都世田谷区経堂一丁目１２番５号,第一吉良ビルＢ１階　Ｂ１Ｆ号,Ｍｅｍｂｅｒｓ　ラウンジ　Ｖｅｇａ,***,-,7世保生食ほ第953号,飲食店営業,令和7年10月3日,令和7年10月3日,令和13年10月31日
564,東京都世田谷区経堂一丁目１２番７号,-,城南信用金庫　経堂支店食堂,有限会社水間,03-3426-0161,5世保生食ほ第1840号,飲食店営業,令和6年3月15日,令和6年3月15日,令和13年3月31日
565,東京都世田谷区経堂一丁目１２番１０号,松原ビル　２階,中華四川料理　蜀彩,***,3425-1668,5世保生食ほ第862号,飲食店営業,令和5年10月1日,令和5年10月1日,令和11年9月30日
566,東京都世田谷区経堂一丁目１２番１０号,-,横浜餃子軒,株式会社シンキ,03-6413-9480,4世保生食ほ第1015号,飲食店営業,令和4年11月1日,令和4年11月1日,令和11年10月31日
567,東京都世田谷区経堂一丁目１２番１０号,第７２東京ビル１，２階,中華食堂一番館経堂店,株式会社ＫＶＣ一番館,5799-6174,31世保生食ほ第760号,飲食店営業,令和元年7月16日,令和元年7月16日,令和8年7月31日
568,東京都世田谷区経堂一丁目１２番１１号,-,松屋　経堂店,株式会社松屋フーズ,-,5世保生食ほ第1937号,飲食店営業,令和6年5月1日,令和6年5月1日,令和12年4月30日
569,東京都世田谷区経堂一丁目１２番１２号,-,鮨処　喜楽,***,3429-1344,4世保生食ほ第417号,飲食店営業,令和4年7月1日,令和4年7月1日,令和10年6月30日
570,東京都世田谷区経堂一丁目１２番１４号,-,ＬＧＥ（リューゲ）,***,3420-3133,6世保生食ほ第1402号,飲食店営業,令和7年2月1日,令和7年2月1日,令和13年1月31日
571,東京都世田谷区経堂一丁目１２番１４号,-,花坊,***,3706-1278,5世保生食ほ第1196号,飲食店営業,令和5年12月1日,令和5年12月1日,令和11年11月30日
572,東京都世田谷区経堂一丁目１２番１４号,中谷ビル２階,シーシャカフェ　クレイドル,***,-,2世保生食ほ第1416号,飲食店営業,令和2年10月30日,令和2年10月30日,令和8年10月31日
573,東京都世田谷区経堂一丁目１２番１５号,-,Ｆｉｎｅｔｉｍｅ　Ｃｏｆｆｅｅ　Ｒｏａｓｔｅｒｓ,***,03-5799-4130,4世保生食ほ第13号,飲食店営業,令和4年5月1日,令和4年5月1日,令和10年4月30日
574,東京都世田谷区経堂一丁目１６番１０号,-,友福楼,株式会社アカネデザイナーズプランニング,03-6766-7887,3世保生食ほ第1172号,飲食店営業,令和3年11月1日,令和3年11月1日,令和10年10月31日
575,東京都世田谷区経堂一丁目１６番１２号,-,魚眞,有限会社魚眞,03-5450-1125,2世保生食ほ第663号,魚介類販売業,平成25年8月22日,令和2年9月1日,令和9年8月31日
576,東京都世田谷区経堂一丁目１７番１２号,-,Ｌｅ　Ｐｅｔｉｔ　Ｐａｒａｄｉｓ,***,5799-7988,6世保生食ほ第1765号,飲食店営業,令和7年4月1日,令和7年4月1日,令和13年3月31日
577,東京都世田谷区経堂一丁目１７番１２号,ファインハウスＫ１Ｆ,Ｍａｎｅｙａ,株式会社Ｅｎｈｉｔｔｏ,-,6世保生食ほ第618号,飲食店営業,令和6年8月16日,令和6年8月16日,令和12年8月31日
578,東京都世田谷区経堂一丁目１８番６号,カイテキアパートＡ号室,Ｃａｓｓｉｅｌ,合同会社Ｂｏｔｓｃｈａｆｔ,-,5世保生食ほ第1712号,酒類製造業,令和6年2月27日,令和6年2月27日,令和13年2月28日
579,東京都世田谷区経堂一丁目１８番６号,カイテキアパートＡ号室,Ｃａｓｓｉｅｌ,合同会社Ｂｏｔｓｃｈａｆｔ,-,7世保生食ほ第1459号,飲食店営業,令和8年1月26日,令和8年1月26日,令和15年1月31日
580,東京都世田谷区経堂一丁目１８番６号,カイテキアパート１０２,ＣＬＡＳＳＩＣＳ,***,03-6764-2798,4世保生食ほ第5号,飲食店営業,令和4年4月13日,令和4年4月13日,令和10年4月30日
581,東京都世田谷区経堂一丁目１８番１１号,ビル２階,食欲,株式会社食欲,03-6881-3259,31世保生食ほ第1946号,飲食店営業,令和元年12月17日,令和元年12月17日,令和8年12月31日
582,東京都世田谷区経堂一丁目１９番２号,松菱ビル１Ｆ,洋食バル　ウルトラ,***,6413-9326,7世保生食ほ第1595号,飲食店営業,令和8年2月16日,令和8年2月16日,令和15年2月28日
583,東京都世田谷区経堂一丁目１９番５号,-,ひじり家,株式会社アストラーレ・コーポレーション,5477-2003,6世保生食ほ第443号,飲食店営業,令和6年7月1日,令和6年7月1日,令和12年6月30日
584,東京都世田谷区経堂一丁目１９番６号,清水ビル１Ｆ,築地銀だこ　経堂店,株式会社縁屋,5426-2983,5世保生食ほ第454号,飲食店営業,令和5年8月1日,令和5年8月1日,令和12年7月31日
585,東京都世田谷区経堂一丁目１９番６号,三丸ビル１階,ファミリーマート経堂駅前店,ＬＦＭ株式会社,03-5426-3955,4世保生食ほ第203号,飲食店営業,令和4年6月1日,令和4年6月1日,令和11年5月31日
586,東京都世田谷区経堂一丁目１９番７号,セントラル経堂Ｂ１,フォロミー,***,3426-4594,4世保生食ほ第765号,飲食店営業,令和4年9月1日,令和4年9月1日,令和10年8月31日
587,東京都世田谷区経堂一丁目１９番７号,セントラル経堂Ｂ１,ｃｌｕｂ　ｃｕｏｒｅ,有限会社みのりグループ,03-6804-4305,2世保生食ほ第2813号,飲食店営業,平成9年3月7日,令和3年4月1日,令和9年3月31日
588,東京都世田谷区経堂一丁目１９番７号,セントラル経堂Ｂ１Ｆ,せぴあ亭　経堂駅前店,***,3706-8571,7世保生食ほ第1号,飲食店営業,令和7年4月23日,令和7年4月23日,令和14年4月30日
589,東京都世田谷区経堂一丁目１９番７号,セントラル経堂地下１階０１０号,アナログ,***,03-3426-0766,3世保生食ほ第646号,飲食店営業,令和3年8月1日,令和3年8月1日,令和9年7月31日
590,東京都世田谷区経堂一丁目１９番７号,セントラル経堂Ｂ１ー００２号,香氣　四川麺条　経堂店,株式会社オレンジタイム,6413-1665,7世保生食ほ第118号,飲食店営業,令和7年5月1日,令和7年5月1日,令和14年4月30日
591,東京都世田谷区経堂一丁目１９番７号,セントラル経堂Ｂ１　００４号室,凧　ＨＡＮＡＲＥ,有限会社凧,6413-0790,31世保生食ほ第135号,飲食店営業,平成31年4月24日,平成31年4月24日,令和8年4月30日
592,東京都世田谷区経堂一丁目１９番７号,セントラル経堂Ｂ１　００４号室,凧　ＨＡＮＡＲＥ,有限会社凧,6413-0790,7世保生食ほ第1773号,飲食店営業,令和8年4月2日,令和8年4月2日,令和14年4月30日
593,東京都世田谷区経堂一丁目１９番７号,セントラル経堂Ｂ１－００５,経堂ダイニング,ＢＡＲＳＨＡ＆ＢＡＲＵＮ合同会社,5477-9966,7世保生食ほ第258号,飲食店営業,令和7年5月21日,令和7年5月21日,令和13年5月31日
594,東京都世田谷区経堂一丁目１９番７号,セントラル経堂Ｂ１－０１１号室,Ｗｉｎｅ　Ｓｔａｎｄ　Ｅｌｍｏ,***,6879-7407,31世保生食ほ第914号,飲食店営業,令和元年8月23日,令和元年8月23日,令和8年8月31日
595,東京都世田谷区経堂一丁目１９番７号,セントラル経堂２０１号,スナック　凪,***,03-6413-6387,31世保生食ほ第2797号,飲食店営業,令和2年3月31日,令和2年3月31日,令和8年3月31日
596,東京都世田谷区経堂一丁目１９番７号,セントラル経堂００８,串焼と肴　鳥勢飛,株式会社スリーアロウズ,03-6318-8404,4世保生食ほ第1249号,飲食店営業,令和4年11月2日,令和4年11月2日,令和11年11月30日
597,東京都世田谷区経堂一丁目１９番７号,セントラル経堂２１５－２,白黒,株式会社Ａｄａｔｔｏ,03-3427-6141,5世保生食ほ第1006号,飲食店営業,令和5年10月3日,令和5年10月3日,令和11年10月31日
598,東京都世田谷区経堂一丁目１９番１２号,遠州ビル２Ｆ,酒と料理　凧（ハタ）,有限会社凧,3429-5088,7世保生食ほ第1772号,飲食店営業,令和8年3月11日,令和8年3月11日,令和15年3月31日
599,東京都世田谷区経堂一丁目１９番１２号,遠州ビル１Ｆ,デリカのサカイ,有限会社倶楽部二十九,03-5799-6752,2世保生食ほ第2780号,飲食店営業,令和3年4月12日,令和3年4月12日,令和10年4月30日
600,東京都世田谷区経堂一丁目１９番１２号,-,陳家菜房,株式会社佳園,03-6323-7162,4世保生食ほ第1641号,飲食店営業,令和5年1月26日,令和5年1月26日,令和12年1月31日
601,東京都世田谷区経堂一丁目１９番１２号,遠州ビル２階　Ｄ号室,Ｂａｒ　Ｌｕｓｔ,***,-,6世保生食ほ第494号,飲食店営業,令和6年7月12日,令和6年7月12日,令和12年7月31日
602,東京都世田谷区経堂一丁目１９番１５号,グレース経堂１０２,Ｒｉｔｒｏ’ｓ　ｄｅｌｉ,***,-,31世保生食ほ第657号,飲食店営業,令和元年7月22日,令和元年7月22日,令和8年7月31日
603,東京都世田谷区経堂一丁目１９番１５号,グレース経堂１０２,Ｒｉｔｒｏ’ｓ　ｄｅｌｉ,***,-,31世保生食ほ第658号,菓子製造業,令和元年7月22日,令和元年7月22日,令和8年7月31日
604,東京都世田谷区経堂一丁目１９番１５号,グレース経堂１０２,伊酒屋　ｔｏｙｓ,***,5799-7676,31世保生食ほ第659号,飲食店営業,令和元年7月22日,令和元年7月22日,令和8年7月31日
605,東京都世田谷区経堂一丁目１９番１５号,グレース経堂２Ｆ,ＣＡＦＥ　ＫＡＮＯＡ,株式会社ＫＡＮＯＡ,03-5799-6260,3世保生食ほ第610号,飲食店営業,令和3年6月11日,令和3年6月11日,令和9年6月30日
606,東京都世田谷区経堂一丁目２０番１号,-,マクドナルド経堂駅前店,クォリティフーズ株式会社,3429-6855,31世保生食ほ第2734号,飲食店営業,令和2年3月16日,令和2年3月16日,令和9年3月31日
607,東京都世田谷区経堂一丁目２０番１号,-,マクドナルド経堂駅前店,クォリティフーズ株式会社,3429-6855,31世保生食ほ第2735号,菓子製造業,令和2年3月16日,令和2年3月16日,令和9年3月31日
608,東京都世田谷区経堂一丁目２０番１号,-,マクドナルド経堂駅前店,クォリティフーズ株式会社,3429-6855,31世保生食ほ第2736号,アイスクリーム類製造業,令和2年3月16日,令和2年3月16日,令和9年3月31日
609,東京都世田谷区経堂一丁目２１番１６号,経堂森ビルⅡ・１階,ＴＯＫＩ　ＳＥＶＥＮ　ＴＥＡ,株式会社喬宸,03-6881-3268,2世保生食ほ第1970号,飲食店営業,令和3年1月7日,令和3年1月7日,令和9年1月31日
610,東京都世田谷区経堂一丁目２１番１６号,経堂森ビルⅡ３Ｆ,経堂　ガールズバー　ＳＣＡＲＬＥＴ,ＵＮＬＥＤ合同会社,03-4361-6580,4世保生食ほ第1937号,飲食店営業,令和5年3月20日,令和5年3月20日,令和12年3月31日
611,東京都世田谷区経堂一丁目２１番１８号,原田ビル２Ｆ,パブ四季,有限会社四季,3428-5043,6世保生食ほ第914号,飲食店営業,令和6年12月1日,令和6年12月1日,令和13年11月30日
612,東京都世田谷区経堂一丁目２１番１８号,河村ビル,ドトールコーヒーショップ　経堂農大通り店,株式会社ドトールコーヒー,03-5477-8729,6世保生食ほ第1123号,飲食店営業,令和6年11月19日,令和6年11月19日,令和13年11月30日
613,東京都世田谷区経堂一丁目２１番２１号,ショップ経堂１０３,日高屋　経堂農大通店,株式会社ハイデイ日高,03-5426-2752,4世保生食ほ第1102号,飲食店営業,令和4年11月1日,令和4年11月1日,令和11年10月31日
614,東京都世田谷区経堂一丁目２１番２１号,ショップきょうどう１階,串カツ田中経堂店,株式会社マルハンダイニング,03-6413-9344,7世保生食ほ第90号,飲食店営業,令和7年5月1日,令和7年5月1日,令和14年4月30日
615,東京都世田谷区経堂一丁目２１番２１号,ショップ経堂　２階,ＴＷＯ　ＢＲＩＴＳ　ＢＵＲＧＥＲ　ＢＡＲ,株式会社Ｂ　ｐｌａｎ　ｉｎｔｅｒｎａｔｉｏｎａｌ,03-6413-5206,2世保生食ほ第1465号,飲食店営業,令和2年10月23日,令和2年10月23日,令和9年10月31日
616,東京都世田谷区経堂一丁目２１番２１号,ショップきょうどう２階,ゴーゴーカレー経堂店,株式会社ゴーゴーカレーグループ,03-6413-6255,7世保生食ほ第1474号,飲食店営業,令和8年1月21日,令和8年1月21日,令和15年1月31日
617,東京都世田谷区経堂一丁目２１番２２号,-,らぁ麺　時は麺なり,株式会社ＩＮＧＳ,03-5799-6368,3世保生食ほ第537号,飲食店営業,令和3年7月1日,令和3年7月1日,令和9年6月30日
618,東京都世田谷区経堂一丁目２１番２２号,ショップ経堂２Ｆ,常笑かぞく,株式会社三枚目,03-6751-1567,6世保生食ほ第359号,飲食店営業,令和6年7月1日,令和6年7月1日,令和13年6月30日
619,東京都世田谷区経堂一丁目２１番２２号,ショップ経堂２Ｆ,Ｂａｒ　Ｐｒｉｖａｔｅ　Ｐｏｄ,***,6876-3682,7世保生食ほ第1468号,飲食店営業,令和8年1月20日,令和8年1月20日,令和15年1月31日
620,東京都世田谷区経堂一丁目２１番２２号,ショップ経堂１Ｆ,とり鉄　経堂店,鈴木商店合同会社,03-5477-7276,5世保生食ほ第605号,飲食店営業,令和5年7月31日,令和5年7月31日,令和11年7月31日
621,東京都世田谷区経堂一丁目２２番１４号,-,もっこす,***,03-3427-6385,31世保生食ほ第2954号,飲食店営業,昭和53年5月24日,令和2年6月1日,令和8年5月31日
622,東京都世田谷区経堂一丁目２２番１５号,松原ビル１Ｆ,イタリア料理　グレッキオ,***,5477-9367,7世保生食ほ第1307号,飲食店営業,令和7年12月19日,令和7年12月19日,令和13年12月31日
623,東京都世田谷区経堂一丁目２２番１７号,-,酒と肴　升,***,03-6413-9559,5世保生食ほ第1480号,飲食店営業,令和6年2月1日,令和6年2月1日,令和12年1月31日
624,東京都世田谷区経堂一丁目２２番１８号,-,オリアン２,***,3427-6686,2世保生食ほ第2483号,飲食店営業,平成21年3月18日,令和3年4月1日,令和9年3月31日
625,東京都世田谷区経堂一丁目２２番１８号,松村ビル１Ｆ,もつやき　優貴,***,3420-0429,2世保生食ほ第335号,食肉販売業,令和2年5月22日,令和2年5月22日,令和9年5月31日
626,東京都世田谷区経堂一丁目２２番１８号,松村ビル１Ｆ,もつやき　優貴,***,3420-0429,31世保生食ほ第1075号,飲食店営業,平成24年9月20日,令和元年10月1日,令和8年9月30日
627,東京都世田谷区経堂一丁目２２番１８号,タイムポート経堂　２０１,インド・スパイス料理レストラン　ガラムマサラ,***,3427-1985,31世保生食ほ第2299号,飲食店営業,平成25年3月7日,令和2年4月1日,令和9年3月31日
628,東京都世田谷区経堂一丁目２２番１８号,タイムポート１０１,経堂しずる,株式会社Ｅｎｈｉｔｔｏ,03-3429-6677,2世保生食ほ第2304号,飲食店営業,平成26年2月21日,令和3年3月1日,令和10年2月29日
629,東京都世田谷区経堂一丁目２２番２１号,-,六文銭,***,3426-7684,5世保生食ほ第278号,飲食店営業,令和5年7月1日,令和5年7月1日,令和11年6月30日
630,東京都世田谷区経堂一丁目２２番２１号,和田ビル１Ｆ,温野菜　経堂店,株式会社レインズインターナショナル,0354515129,2世保生食ほ第375号,食肉販売業,令和2年5月22日,令和2年5月22日,令和9年5月31日
631,東京都世田谷区経堂一丁目２２番２１号,和田ビル１Ｆ,温野菜　経堂店,株式会社レインズインターナショナル,0354515129,7世保生食ほ第1236号,飲食店営業,令和7年11月28日,令和7年11月28日,令和14年11月30日
632,東京都世田谷区経堂一丁目２３番３号,-,嵯峨野,***,3420-8721,7世保生食ほ第1441号,飲食店営業,令和8年1月1日,令和8年1月1日,令和13年12月31日
633,東京都世田谷区経堂一丁目２３番１３号,-,盛岡冷麺と焼肉　れんが,***,6413-6367,7世保生食ほ第1127号,飲食店営業,令和7年11月6日,令和7年11月6日,令和13年11月30日
634,東京都世田谷区経堂一丁目２３番１６号,三河屋ビル２Ｆ,つぼ八経堂農大通り店,***,3427-9586,2世保生食ほ第635号,飲食店営業,令和2年7月28日,令和2年7月28日,令和9年7月31日
635,東京都世田谷区経堂一丁目２４番１８号,ランドエアビル２／３Ｆ,カラオケ　ＢａｎＢａｎ　経堂店,株式会社シン・コーポレーション,-,3世保生食ほ第1388号,飲食店営業,令和3年11月1日,令和3年11月1日,令和10年10月31日
636,東京都世田谷区経堂一丁目２５番１７号,-,自然派クレープ専門店　ナチュラルクレープ,株式会社ジザイ,3429-9050,2世保生食ほ第1841号,飲食店営業,平成20年12月3日,令和3年1月1日,令和8年12月31日
637,東京都世田谷区経堂一丁目２５番１７号,-,自然派クレープ専門店　ナチュラルクレープ,株式会社ジザイ,3429-9050,2世保生食ほ第1842号,菓子製造業,平成20年12月3日,令和3年1月1日,令和8年12月31日
638,東京都世田谷区経堂一丁目２５番１７号,ルート経堂ビルＢ１Ｆ,水炊き・焼き鳥　とりいちず酒場経堂店,株式会社ＦＳ．ｓｈａｋｅ,03-5799-7450,31世保生食ほ第1109号,飲食店営業,令和元年9月9日,令和元年9月9日,令和8年9月30日
639,東京都世田谷区経堂一丁目２５番１７号,-,東京油そば専門店　鰐,トリゼンダイニング株式会社,03-6413-9366,3世保生食ほ第1363号,飲食店営業,令和3年10月18日,令和3年10月18日,令和9年10月31日
640,東京都世田谷区経堂一丁目２５番１７号,河野ビル１Ｆ,三亀商店,株式会社三代目鳥松,03-6413-5232,4世保生食ほ第1791号,飲食店営業,令和5年3月9日,令和5年3月9日,令和11年3月31日
641,東京都世田谷区経堂一丁目２５番１７号,河野ビル１Ｆ,いっ久どーなつ・いっ久家経堂本店,有限会社リーベル,-,7世保生食ほ第1376号,飲食店営業,令和8年2月13日,令和8年2月13日,令和15年2月28日
642,東京都世田谷区経堂一丁目２５番１９号,-,ＤｏｚｅｎＦｏｕｒ（ダズンフォー）,***,3420-0124,3世保生食ほ第998号,飲食店営業,令和3年9月1日,令和3年9月1日,令和9年8月31日
643,東京都世田谷区経堂一丁目２５番１９号,-,ＤｏｚｅｎＦｏｕｒ（ダズンフォー）,***,3420-0124,3世保生食ほ第999号,菓子製造業,令和3年9月1日,令和3年9月1日,令和9年8月31日
644,東京都世田谷区経堂一丁目２５番１９号,-,焼肉経堂明月館,株式会社　明月館,3420-2397,2世保生食ほ第1649号,飲食店営業,平成26年12月12日,令和3年1月1日,令和8年12月31日
645,東京都世田谷区経堂一丁目２５番１９号,清照ビル１階,鉄板焼肉　大当り,アタリ株式会社,03-3439-8929,6世保生食ほ第1173号,飲食店営業,令和6年12月1日,令和6年12月1日,令和12年11月30日
646,東京都世田谷区経堂一丁目２５番１９号,-,ＴＡＮＤＯＯＲ,株式会社ＡＳＢ,6804-4520,7世保生食ほ第306号,飲食店営業,令和7年6月1日,令和7年6月1日,令和13年5月31日
647,東京都世田谷区経堂一丁目２５番１９号,ＤＯＭＣ経堂ビル２Ｆ,喫茶パタア,***,-,7世保生食ほ第1828号,飲食店営業,令和8年3月12日,令和8年3月12日,令和14年3月31日
648,東京都世田谷区経堂一丁目２６番１０号,-,ＡＮＣＯＲＯ,株式会社ジザイ,-,3世保生食ほ第2368号,飲食店営業,令和4年3月28日,令和4年3月28日,令和10年3月31日
649,東京都世田谷区経堂一丁目２６番１０号,-,おにぎり　大吾郎,株式会社ＤＧＲ,-,7世保生食ほ第524号,飲食店営業,令和7年8月21日,令和7年8月21日,令和13年8月31日
650,東京都世田谷区経堂一丁目２６番１１号,-,果物とお菓子のお店　華果,株式会社Ｓｏｆｆｉｏｎｅ,-,3世保生食ほ第606号,菓子製造業,令和3年6月16日,令和3年6月16日,令和10年6月30日
651,東京都世田谷区経堂一丁目２６番１２号,ビジネスホテル経堂Ｂ１Ｆ,鳥貴族　経堂店,株式会社鳥貴族東日本,03-6413-1994,6世保生食ほ第1401号,飲食店営業,令和7年2月1日,令和7年2月1日,令和14年1月31日
652,東京都世田谷区経堂一丁目２６番１４号,２Ｆ,お好み焼き　ごっつい　経堂,***,03-5939-8479,3世保生食ほ第273号,飲食店営業,平成19年5月24日,令和3年6月1日,令和10年5月31日
653,東京都世田谷区経堂一丁目２６番１５号,２Ｆ,タイ屋　ソンタナ,合同会社工藤商会,03-5426-2329,31世保生食ほ第2659号,飲食店営業,平成26年4月17日,令和2年5月1日,令和8年4月30日
654,東京都世田谷区経堂一丁目２６番１５号,石塚ビル２０１,ひらきや,***,-,5世保生食ほ第503号,飲食店営業,令和5年8月7日,令和5年8月7日,令和11年8月31日
655,東京都世田谷区経堂一丁目３３番１６号,-,セブンイレブン世田谷千歳郵便局前,***,3427-1523,3世保生食ほ第486号,飲食店営業,令和3年6月21日,令和3年6月21日,令和10年6月30日
656,東京都世田谷区経堂一丁目３８番２０号,ハイコーポ経堂１０１,居酒屋　○,***,3420-6900,6世保生食ほ第1032号,飲食店営業,令和6年11月1日,令和6年11月1日,令和12年10月31日
657,東京都世田谷区経堂一丁目３８番２０号,-,タベルナ　バルボーネ,７Ｄａｙｓ　ａ　Ｗｅｅｋ合同会社,6432-6911,2世保生食ほ第1868号,飲食店営業,令和3年1月15日,令和3年1月15日,令和9年1月31日
658,東京都世田谷区経堂一丁目４１番９号,-,東京日石オートガス　株式会社,三和ベンドサービス株式会社,3428-8131,3世保生食ほ第143号,喫茶店営業（自動販売機）,平成23年5月16日,令和3年6月1日,令和8年5月31日
659,東京都世田谷区経堂二丁目１番３号,-,箱根そば経堂店,株式会社小田急レストランシステム,5450-9977,31世保生食ほ第1536号,飲食店営業,平成24年11月29日,令和元年12月1日,令和8年11月30日
660,東京都世田谷区経堂二丁目１番３号,-,セブンーイレブン小田急経堂店,小田急商事株式会社,03-5451-1831,3世保生食ほ第737号,飲食店営業,令和3年6月25日,令和3年6月25日,令和10年6月30日
661,東京都世田谷区経堂二丁目１番３号,-,スターバックスコーヒー　経堂駅店,株式会社小田急レストランシステム,03-6804-4851,2世保生食ほ第578号,飲食店営業,令和2年7月21日,令和2年7月21日,令和9年7月31日
662,東京都世田谷区経堂二丁目１番３３号,経堂コルティ１Ｆ　１０６区画,とんかつ新宿さぼてん,株式会社グリーンハウスフーズ,6413-5401,7世保生食ほ第51号,飲食店営業,令和7年5月1日,令和7年5月1日,令和14年4月30日
663,東京都世田谷区経堂二丁目１番３３号,経堂コルティ１Ｆ　１０８区画,ミスタードーナツ小田急ＯＸ経堂店,株式会社ジョイ・フローラ,03-6413-6961,6世保生食ほ第1871号,飲食店営業,令和7年5月1日,令和7年5月1日,令和14年4月30日
664,東京都世田谷区経堂二丁目１番３３号,経堂コルティ１Ｆ　１０８区画,ミスタードーナツ小田急ＯＸ経堂店,株式会社ジョイ・フローラ,03-6413-6961,6世保生食ほ第1872号,菓子製造業,令和7年5月1日,令和7年5月1日,令和14年4月30日
665,東京都世田谷区経堂二丁目１番３３号,経堂コルティ４Ｆ　４０５区画,リータンタンカフェ　経堂コルティ店,株式会社甘や,3429-1920,6世保生食ほ第1920号,飲食店営業,令和7年5月1日,令和7年5月1日,令和14年4月30日
666,東京都世田谷区経堂二丁目１番３３号,経堂コルティ１Ｆ,京樽　ＯＸ経堂店,株式会社京樽,03-5426-0344,6世保生食ほ第1894号,飲食店営業,令和7年5月1日,令和7年5月1日,令和14年4月30日
667,東京都世田谷区経堂二丁目１番３３号,経堂コルティ１階　１１３区画,フロプレステージュ　経堂ＯＸ店,株式会社フロジャポン,03-5426-3443,6世保生食ほ第1931号,菓子製造業,令和7年5月1日,令和7年5月1日,令和14年4月30日
668,東京都世田谷区経堂二丁目１番３３号,経堂コルティ１階,ＯｄａｋｙｕＯＸ経堂店,小田急商事株式会社,03-3439-8181,6世保生食ほ第1904号,飲食店営業,令和7年5月1日,令和7年5月1日,令和14年4月30日
669,東京都世田谷区経堂二丁目１番３３号,経堂コルティ１階,ＯｄａｋｙｕＯＸ経堂店,小田急商事株式会社,03-3439-8181,6世保生食ほ第1905号,飲食店営業,令和7年5月1日,令和7年5月1日,令和14年4月30日
670,東京都世田谷区経堂二丁目１番３３号,経堂コルティ１階,ＯｄａｋｙｕＯＸ経堂店,小田急商事株式会社,03-3439-8181,6世保生食ほ第1906号,飲食店営業,令和7年5月1日,令和7年5月1日,令和14年4月30日
671,東京都世田谷区経堂二丁目１番３３号,経堂コルティ１階,ＯｄａｋｙｕＯＸ経堂店,小田急商事株式会社,03-3439-8181,6世保生食ほ第1907号,食肉販売業,令和7年5月1日,令和7年5月1日,令和14年4月30日
672,東京都世田谷区経堂二丁目１番３３号,経堂コルティ１階,ＯｄａｋｙｕＯＸ経堂店,小田急商事株式会社,03-3439-8181,6世保生食ほ第1908号,魚介類販売業,令和7年5月1日,令和7年5月1日,令和14年4月30日
673,東京都世田谷区経堂二丁目１番３３号,経堂コルティ１Ｆ,横浜　昇龍園,株式会社大和グループ,03-3428-6868,6世保生食ほ第1903号,飲食店営業,令和7年5月1日,令和7年5月1日,令和14年4月30日
674,東京都世田谷区経堂二丁目１番３３号,経堂コルティ４Ｆ　４０１,叙々苑　経堂コルティ店,株式会社叙々苑,5451-0089,6世保生食ほ第1930号,飲食店営業,令和7年5月1日,令和7年5月1日,令和14年4月30日
675,東京都世田谷区経堂二丁目１番３３号,経堂コルティ４階,イタリアンダイニング　ＤｏＮａ経堂コルティ店,東和フードサービス株式会社,03-5426-3003,6世保生食ほ第1104号,飲食店営業,令和6年12月1日,令和6年12月1日,令和13年11月30日
676,東京都世田谷区経堂二丁目１番３３号,経堂コルティ内４Ｆ　,和幸経堂コルティ店,和幸商事株式会社,03-5450-9330,6世保生食ほ第1672号,飲食店営業,令和7年4月1日,令和7年4月1日,令和14年3月31日
677,東京都世田谷区経堂二丁目１番３３号,４階　４０３号,大戸屋ごはん処　経堂コルティ店,株式会社大戸屋,5799-4929,2世保生食ほ第402号,飲食店営業,令和2年6月3日,令和2年6月3日,令和9年6月30日
678,東京都世田谷区経堂二丁目１番３３号,経堂コルティ１階,はまけい　経堂コルティ店,株式会社ハマケイ,03-6413-0116,3世保生食ほ第1295号,飲食店営業,令和3年10月6日,令和3年10月6日,令和10年10月31日
679,東京都世田谷区経堂二丁目１番３３号,経堂コルティ１階　１０７区画,ドンクエディテ小田急ＯＸ経堂店,株式会社ドンク,0364130577,4世保生食ほ第254号,飲食店営業,令和4年5月17日,令和4年5月17日,令和11年5月31日
680,東京都世田谷区経堂二丁目１番３３号,経堂コルティ　１Ｆ,ビアードパパ　経堂コルティ店,株式会社ＤＡＹ　ＴＯ　ＬＩＦＥ,03-5799-6322,4世保生食ほ第1961号,飲食店営業,令和5年4月14日,令和5年4月14日,令和12年4月30日
681,東京都世田谷区経堂二丁目２番３号,内藤ビル１Ｆ,鉢の木　経堂店,株式会社釜人鉢の木,3429-1808,31世保生食ほ第2592号,飲食店営業,平成20年4月10日,令和2年5月1日,令和8年4月30日
682,東京都世田谷区経堂二丁目２番３号,内藤ビル１Ｆ,鉢の木　経堂店,株式会社釜人鉢の木,3429-1808,31世保生食ほ第2593号,菓子製造業,平成20年4月10日,令和2年5月1日,令和8年4月30日
683,東京都世田谷区経堂二丁目２番３号,内藤ビル１Ｆ,鉢の木　経堂店,株式会社釜人鉢の木,3429-1808,31世保生食ほ第2594号,アイスクリーム類製造業,平成20年4月10日,令和2年5月1日,令和8年4月30日
684,東京都世田谷区経堂二丁目２番３号,内藤ビル１Ｆ,鉢の木　経堂店,株式会社釜人鉢の木,3429-1808,7世保生食ほ第1855号,飲食店営業,令和8年4月2日,令和8年4月2日,令和14年4月30日
685,東京都世田谷区経堂二丁目２番３号,内藤ビル１Ｆ,鉢の木　経堂店,株式会社釜人鉢の木,3429-1808,7世保生食ほ第1856号,菓子製造業,令和8年4月2日,令和8年4月2日,令和14年4月30日
686,東京都世田谷区経堂二丁目２番４号,越前ビル１Ｆ,牛鉄　鉄韓,有限会社山道,3425-2848,2世保生食ほ第362号,食肉販売業,令和2年6月3日,令和2年6月3日,令和9年6月30日
687,東京都世田谷区経堂二丁目２番４号,越前ビル１Ｆ,牛鉄　鉄韓,有限会社山道,3425-2848,6世保生食ほ第216号,飲食店営業,令和6年6月1日,令和6年6月1日,令和13年5月31日
688,東京都世田谷区経堂二丁目２番４号,第一越前ビル３Ｆ,ＲｅＢＯＲＮ経堂,***,6413-5605,6世保生食ほ第791号,飲食店営業,令和6年10月1日,令和6年10月1日,令和12年9月30日
689,東京都世田谷区経堂二丁目２番４号,２Ｆ　Ｃ号室,バー　スナイデル,株式会社Ｔｈｒｅｅ　ｎｉｎｅ,6413-7742,2世保生食ほ第600号,飲食店営業,令和2年7月13日,令和2年7月13日,令和8年7月31日
690,東京都世田谷区経堂二丁目２番４号,-,かつや経堂店,株式会社かつや,03-6413-1761,4世保生食ほ第554号,飲食店営業,令和4年7月12日,令和4年7月12日,令和11年7月31日
691,東京都世田谷区経堂二丁目２番４号,第一越前ビル－２Ｄ,ななん家,***,-,7世保生食ほ第1581号,飲食店営業,令和8年4月8日,令和8年4月8日,令和15年4月30日
692,東京都世田谷区経堂二丁目２番９号,内田ビル１Ｆ,ＤＥＡＲ,***,3425-8153,7世保生食ほ第972号,飲食店営業,令和7年10月23日,令和7年10月23日,令和13年10月31日
693,東京都世田谷区経堂二丁目３番１号,木津ビル　１・２階,ケンタッキーフライドチキン経堂店,日本ケンタッキー・フライド・チキン株式会社,03-5477-7315,6世保生食ほ第418号,飲食店営業,令和6年7月1日,令和6年7月1日,令和13年6月30日
694,東京都世田谷区経堂二丁目３番７号,-,鳥幸,***,3429-8595,2世保生食ほ第354号,飲食店営業,平成26年5月22日,令和2年6月1日,令和8年5月31日
695,東京都世田谷区経堂二丁目３番９号,ハイヌーン２Ｆ,Ｃｒａｚｙ　Ｖｉｒｇｉｎ,***,03-3420-0700,2世保生食ほ第963号,飲食店営業,平成25年9月9日,令和2年10月1日,令和9年9月30日
696,東京都世田谷区経堂二丁目３番９号,-,タンジャイミールス経堂,株式会社Ｂｉｚ　Ｍａｘ世田谷,-,5世保生食ほ第1285号,飲食店営業,令和5年12月12日,令和5年12月12日,令和12年12月31日
697,東京都世田谷区経堂二丁目４番１号,経堂Ｋビル２Ｆ,トスカーナ経堂,株式会社ハート＆グレイス,3427-0033,4世保生食ほ第1990号,飲食店営業,令和5年5月1日,令和5年5月1日,令和11年4月30日
698,東京都世田谷区経堂二丁目４番１号,竹ビル３階,ＦＵＮ　経堂店,株式会社カイト,3466-2813,4世保生食ほ第1384号,飲食店営業,令和4年12月7日,令和4年12月7日,令和10年12月31日
699,東京都世田谷区経堂二丁目４番１１号,-,ほっともっと経堂店,株式会社プレナス,03-5426-2136,6世保生食ほ第1121号,飲食店営業,令和6年12月1日,令和6年12月1日,令和13年11月30日
700,東京都世田谷区経堂二丁目５番１４号,-,焙煎珈房　セレクト,ミハト株式会社,03-3428-0250,2世保生食ほ第2167号,喫茶店営業,平成6年2月23日,令和3年3月1日,令和9年2月28日
701,東京都世田谷区経堂二丁目５番１７号,和泉ビル１０２号,Ａｃｃｅｌ－ｉｎｎ,***,3706-7417,2世保生食ほ第2827号,飲食店営業,平成21年4月24日,令和3年5月1日,令和9年4月30日
702,東京都世田谷区経堂二丁目５番１７号,ＫＴビル,ジェスターズストア,有限会社ランビック,5799-7567,2世保生食ほ第118号,飲食店営業,令和2年4月23日,令和2年4月23日,令和8年4月30日
703,東京都世田谷区経堂二丁目６番６号,-,まめちよ,***,03-5450-2577,2世保生食ほ第1161号,飲食店営業,平成20年10月17日,令和2年11月1日,令和8年10月31日
704,東京都世田谷区経堂二丁目６番６号,-,お湯かふぇ　さばのゆ,株式会社スローコメディ広告社,5799-6138,3世保生食ほ第712号,飲食店営業,令和3年7月1日,令和3年7月1日,令和9年6月30日
705,東京都世田谷区経堂二丁目６番６号,ｐｌｕｍｂｏｘＶ１階,イベントカフェ　さばのゆ,株式会社さばのゆ,03-5799-6138,6世保生食ほ第190号,飲食店営業,令和6年5月10日,令和6年5月10日,令和12年5月31日
706,東京都世田谷区経堂二丁目６番６号,ｐｌｕｍｂｏｘＶ１階,イベントカフェ　さばのゆ,株式会社さばのゆ,03-5799-6138,6世保生食ほ第465号,そうざい製造業,令和6年7月9日,令和6年7月9日,令和12年5月31日
707,東京都世田谷区経堂二丁目７番１３号,-,リリィ,***,-,5世保生食ほ第1230号,飲食店営業,令和5年12月1日,令和5年12月1日,令和11年11月30日
708,東京都世田谷区経堂二丁目８番７号,-,英,株式会社フードサービスＪＰ,5477-3707,5世保生食ほ第688号,飲食店営業,令和5年9月1日,令和5年9月1日,令和11年8月31日
709,東京都世田谷区経堂二丁目８番８号,-,菜ころ,***,03-5799-7146,6世保生食ほ第1438号,飲食店営業,令和7年1月23日,令和7年1月23日,令和14年1月31日
710,東京都世田谷区経堂二丁目１０番９号,-,ＴＯＳＨＩＹＡ　Ｖｅｒｄｅ,株式会社ヴェルデＴ,3420-3948,7世保生食ほ第1011号,飲食店営業,令和7年10月16日,令和7年10月16日,令和14年10月31日
711,東京都世田谷区経堂二丁目１０番１０号,-,ケーキ工房　七つの水仙,***,3427-0414,3世保生食ほ第558号,飲食店営業,令和3年6月1日,令和3年6月1日,令和9年5月31日
712,東京都世田谷区経堂二丁目１０番１１号,Ｂ１,ペンタ,***,03-6413-0627,6世保生食ほ第1327号,飲食店営業,令和7年1月1日,令和7年1月1日,令和13年12月31日
713,東京都世田谷区経堂二丁目１１番１０号,-,のびしろ,***,6413-7115,7世保生食ほ第235号,飲食店営業,令和7年5月21日,令和7年5月21日,令和13年5月31日
714,東京都世田谷区経堂二丁目１１番１０号,-,のびしろ,***,6413-7115,7世保生食ほ第236号,そうざい製造業,令和7年5月21日,令和7年5月21日,令和13年5月31日
715,東京都世田谷区経堂二丁目１３番１４号,ハイツＭ　１Ｆ,暁ブルワリー,株式会社太極舎,03-3706-0227,3世保生食ほ第2044号,飲食店営業,令和4年2月18日,令和4年2月18日,令和10年2月29日
716,東京都世田谷区経堂二丁目１３番１４号,ハイツＭ　１Ｆ,暁ブルワリー,株式会社太極舎,03-3706-0227,4世保生食ほ第849号,酒類製造業,令和4年9月1日,令和4年9月1日,令和10年8月31日
717,東京都世田谷区経堂二丁目１４番４号,-,橘寿司,***,3425-1399,4世保生食ほ第14号,飲食店営業,令和4年5月1日,令和4年5月1日,令和10年4月30日
718,東京都世田谷区経堂二丁目１４番５号,１Ｆ右,Ｌｏｕｎｇｅ　ｂａｒ　ＭＯＲ,***,-,7世保生食ほ第260号,飲食店営業,令和7年5月28日,令和7年5月28日,令和13年5月31日
719,東京都世田谷区経堂二丁目１４番１０号,-,オオゼキ　経堂駅前店,株式会社オオゼキ,0354513312,2世保生食ほ第2379号,飲食店営業,令和3年3月31日,令和3年3月31日,令和10年3月31日
720,東京都世田谷区経堂二丁目１４番１０号,-,オオゼキ　経堂駅前店,株式会社オオゼキ,0354513312,2世保生食ほ第2380号,菓子製造業,令和3年3月31日,令和3年3月31日,令和10年3月31日
721,東京都世田谷区経堂二丁目１４番１０号,-,オオゼキ　経堂駅前店,株式会社オオゼキ,0354513312,2世保生食ほ第2382号,食肉販売業,令和3年3月31日,令和3年3月31日,令和10年3月31日
722,東京都世田谷区経堂二丁目１４番１０号,-,オオゼキ　経堂駅前店,株式会社オオゼキ,0354513312,2世保生食ほ第2383号,魚介類販売業,令和3年3月31日,令和3年3月31日,令和10年3月31日
723,東京都世田谷区経堂二丁目１４番１３号,ＭＴビル２Ｆ,リコピン,***,03-3420-2018,7世保生食ほ第736号,飲食店営業,令和7年9月30日,令和7年9月30日,令和13年9月30日
724,東京都世田谷区経堂二丁目１５番１１号,第２松原マンション１階,彩雲瑞,***,3439-0809,2世保生食ほ第2134号,飲食店営業,平成19年2月6日,令和3年3月1日,令和10年2月29日
725,東京都世田谷区経堂二丁目１５番１１号,-,やきとん　あかり,***,03-5450-8828,2世保生食ほ第324号,食肉販売業,令和2年6月9日,令和2年6月9日,令和9年6月30日
726,東京都世田谷区経堂二丁目１５番１１号,-,やきとん　あかり,***,03-5450-8828,3世保生食ほ第660号,飲食店営業,令和3年8月1日,令和3年8月1日,令和10年7月31日
727,東京都世田谷区経堂二丁目１５番１１号,第２松原マンションビルＢ１,Ｂｕｎ　Ｂｕｎ,***,03-5426-2214,5世保生食ほ第1504号,飲食店営業,令和6年1月1日,令和6年1月1日,令和11年12月31日
728,東京都世田谷区経堂二丁目１５番１１号,１Ｆ,七厘いちわ,株式会社ＡＮＬＯＯＰ,03-6413-7587,2世保生食ほ第1941号,食肉販売業,令和2年12月28日,令和2年12月28日,令和8年8月31日
729,東京都世田谷区経堂二丁目１５番１１号,１Ｆ,七厘いちわ,株式会社ＡＮＬＯＯＰ,03-6413-7587,2世保生食ほ第991号,飲食店営業,令和2年9月1日,令和2年9月1日,令和8年8月31日
730,東京都世田谷区経堂二丁目１５番１５号,-,はるばるてい,***,3427-3242,2世保生食ほ第2402号,飲食店営業,昭和63年3月9日,令和3年4月1日,令和9年3月31日
731,東京都世田谷区経堂二丁目１５番１５号,松原屋第３ビルＢ１－Ｄ,ラウンジ　美々,有限会社丸盛,6804-4501,7世保生食ほ第1734号,飲食店営業,令和8年3月13日,令和8年3月13日,令和14年3月31日
732,東京都世田谷区経堂二丁目１５番１５号,松原屋第３ビルＢ１－Ａ,アクア,***,5477-9933,2世保生食ほ第32号,飲食店営業,令和2年4月10日,令和2年4月10日,令和8年4月30日
733,東京都世田谷区経堂二丁目１５番１５号,松原屋第３ビルＢ１－Ａ,アクア,***,5477-9933,7世保生食ほ第1960号,飲食店営業,令和8年5月1日,令和8年5月1日,令和14年4月30日
734,東京都世田谷区経堂二丁目１５番１５号,-,デリス,***,03-3428-5300,3世保生食ほ第107号,飲食店営業,令和3年4月20日,令和3年4月20日,令和9年4月30日
735,東京都世田谷区経堂二丁目１５番１５号,小泉荘１０２号室,さけとギャラリー　晴陽,***,-,3世保生食ほ第156号,飲食店営業,令和3年5月7日,令和3年5月7日,令和9年5月31日
736,東京都世田谷区経堂二丁目１５番１５号,松原屋第三ビル地下ビル１階Ｃ号室,Ｄａｒｔｓ　ｂａｒ　ＴＤＬ,***,-,6世保生食ほ第376号,飲食店営業,令和6年6月14日,令和6年6月14日,令和12年6月30日
737,東京都世田谷区経堂二丁目１６番２号,-,マレット,***,3427-7171,2世保生食ほ第1848号,飲食店営業,平成14年12月16日,令和3年1月1日,令和8年12月31日
738,東京都世田谷区経堂二丁目１６番３号,-,てんぷら　はやし,***,6413-1112,31世保生食ほ第2614号,飲食店営業,平成25年4月3日,令和2年5月1日,令和9年4月30日
739,東京都世田谷区経堂二丁目１８番２号,ネオクレスト内藤,東京電力㈱経堂寮,大東食品株式会社,5477-9421,6世保生食ほ第1783号,飲食店営業,令和7年4月1日,令和7年4月1日,令和14年3月31日
740,東京都世田谷区経堂二丁目１８番１１号,-,こりすの小道,***,-,7世保生食ほ第377号,菓子製造業,令和7年6月19日,令和7年6月19日,令和13年6月30日
741,東京都世田谷区経堂二丁目１９番９号,-,宴神,***,-,6世保生食ほ第1382号,飲食店営業,令和6年12月19日,令和6年12月19日,令和12年12月31日
742,東京都世田谷区経堂二丁目２０番１号,-,ａｎａｍｏ　ｃａｆｅ,株式会社クリエイティブピース,03-6804-4489,6世保生食ほ第988号,飲食店営業,令和6年11月1日,令和6年11月1日,令和12年10月31日
743,東京都世田谷区経堂二丁目２０番１号,-,ａｎａｍｏ　ｃａｆｅ,株式会社クリエイティブピース,03-6804-4489,6世保生食ほ第989号,菓子製造業,令和6年11月1日,令和6年11月1日,令和12年10月31日
744,東京都世田谷区経堂二丁目２０番２号,シャルム１Ｆ,プラッツ,***,3429-7295,3世保生食ほ第1829号,飲食店営業,令和4年2月1日,令和4年2月1日,令和10年1月31日
745,東京都世田谷区経堂二丁目２０番４号,ウィング萩原ビル１０５,楡,***,3425-2002,5世保生食ほ第1979号,飲食店営業,令和6年5月1日,令和6年5月1日,令和12年4月30日
746,東京都世田谷区経堂二丁目２５番１２号,-,ｂａｒｃｏｒｔｅ,***,6873-4093,2世保生食ほ第2109号,飲食店営業,平成27年2月25日,令和3年3月1日,令和9年2月28日
747,東京都世田谷区経堂二丁目２５番１２号,-,ｂａｒｃｏｒｔｅ,***,6873-4093,2世保生食ほ第2110号,菓子製造業,平成27年3月31日,令和3年3月1日,令和9年2月28日
748,東京都世田谷区経堂二丁目２５番１２号,-,メストナ・レカ,レボ・エアー株式会社,03-5325-3126,5世保生食ほ第872号,飲食店営業,令和5年9月13日,令和5年9月13日,令和11年9月30日
749,東京都世田谷区経堂二丁目２５番１３号,-,くろねこドーナツ,***,-,2世保生食ほ第2317号,飲食店営業,令和3年2月18日,令和3年2月18日,令和9年2月28日
750,東京都世田谷区経堂二丁目２５番１３号,-,くろねこドーナツ,***,-,2世保生食ほ第2318号,菓子製造業,令和3年2月18日,令和3年2月18日,令和9年2月28日
751,東京都世田谷区経堂二丁目２５番１５号,１階,源耒軒,***,3428-8910,3世保生食ほ第19号,飲食店営業,昭和45年4月2日,令和3年5月1日,令和9年4月30日
752,東京都世田谷区経堂二丁目２７番１８号,ジョイパーク経堂１Ｆ,華味屋,***,3427-2832,6世保生食ほ第446号,飲食店営業,令和6年8月1日,令和6年8月1日,令和13年7月31日
753,東京都世田谷区経堂二丁目２７番１８号,ジェーピー世田谷経堂ビル３Ｂ,スパイス婆ちゃん,***,-,7世保生食ほ第287号,飲食店営業,令和7年6月17日,令和7年6月17日,令和13年6月30日
754,東京都世田谷区経堂二丁目２７番１８号,ジェーピー世田谷経堂２階Ｃ号室,スナック　ＡＬＥＮＡ,***,5799-7753,7世保生食ほ第553号,飲食店営業,令和7年7月25日,令和7年7月25日,令和13年7月31日
755,東京都世田谷区経堂二丁目２７番１８号,ジェーピー経堂２ＦＡ,８３　ハチサン,***,-,7世保生食ほ第1759号,飲食店営業,令和8年4月1日,令和8年4月1日,令和14年3月31日
756,東京都世田谷区経堂二丁目２７番１８号,ＪＰ世田谷経堂ビル３Ｄ,たちのみ　リオネル・グワッシ,***,-,2世保生食ほ第417号,飲食店営業,令和2年5月28日,令和2年5月28日,令和8年5月31日
757,東京都世田谷区経堂二丁目２７番１８号,ジョイパーク世田谷経堂３Ａ,Ｓｏｍｅｄａｙ,***,-,7世保生食ほ第1846号,飲食店営業,令和8年3月13日,令和8年3月13日,令和14年3月31日
758,東京都世田谷区経堂二丁目３２番８号,-,和孝,***,3428-6254,7世保生食ほ第1751号,飲食店営業,令和8年3月5日,令和8年3月5日,令和14年3月31日
759,東京都世田谷区経堂二丁目３３番１０号,-,コクトゥーラ,株式会社味作家,-,2世保生食ほ第1367号,飲食店営業,令和2年11月20日,令和2年11月20日,令和8年11月30日
760,東京都世田谷区経堂二丁目３３番１０号,１Ｆ－Ｂ１,一揆,株式会社たまロカ,03-4362-5963,5世保生食ほ第701号,飲食店営業,令和5年8月7日,令和5年8月7日,令和11年8月31日
761,東京都世田谷区経堂三丁目１番１号,大六ビル２Ｆ,焼肉いちわ　経堂店,***,3420-8828,2世保生食ほ第458号,菓子製造業,令和2年6月9日,令和2年6月9日,令和8年6月30日
762,東京都世田谷区経堂三丁目１番１号,大六ビル２階,経堂プッチョン,株式会社エイトグッド・カンパニー,3420-8828,2世保生食ほ第1927号,飲食店営業,令和2年12月25日,令和2年12月25日,令和8年12月31日
763,東京都世田谷区経堂三丁目１番１号,大六ビル２階,経堂プッチョン,株式会社エイトグッド・カンパニー,3420-8828,3世保生食ほ第2126号,食肉販売業,令和4年3月2日,令和4年3月2日,令和10年3月31日
764,東京都世田谷区経堂三丁目２番１０号,-,スエヒロ,***,3439-5550,3世保生食ほ第433号,飲食店営業,令和3年7月1日,令和3年7月1日,令和9年6月30日
765,東京都世田谷区経堂三丁目２番１１号,-,有限会社　天ん洋,有限会社天ん洋,3426-1343,3世保生食ほ第649号,飲食店営業,令和3年8月1日,令和3年8月1日,令和9年7月31日
766,東京都世田谷区経堂三丁目２番１１号,-,　中むら,***,3706-2640,4世保生食ほ第1722号,飲食店営業,令和5年4月1日,令和5年4月1日,令和11年3月31日
767,東京都世田谷区経堂三丁目２番１１号,-,経堂まことや,***,5477-6582,3世保生食ほ第1445号,飲食店営業,令和3年12月1日,令和3年12月1日,令和9年11月30日
768,東京都世田谷区経堂三丁目６番２４号,小田急線高架下,世田谷区立ほほえみ経堂,企業組合　労協センター事業団,5451-5151,31世保生食ほ第2478号,飲食店営業,平成18年3月30日,令和2年4月1日,令和9年3月31日
769,東京都世田谷区経堂三丁目１７番１号,-,むぎ工房　ｂｅｌｌｏｗｓ,***,3428-4282,3世保生食ほ第271号,飲食店営業,平成15年5月8日,令和3年6月1日,令和9年5月31日
770,東京都世田谷区経堂三丁目１７番１号,-,むぎ工房　ｂｅｌｌｏｗｓ,***,3428-4282,3世保生食ほ第272号,菓子製造業,平成15年5月8日,令和3年6月1日,令和9年5月31日
771,東京都世田谷区経堂三丁目２０番２２号,１Ｆ,アリスタージュ経堂　ダイニング,京王ウェルシィステージ株式会社,03-6413-6111,31世保生食ほ第224号,飲食店営業,平成24年5月30日,令和元年6月1日,令和8年5月31日
772,東京都世田谷区経堂三丁目２０番２２号,１Ｆ,アリスタージュ経堂　ロビーラウンジ,京王ウェルシィステージ株式会社,6413-6111,31世保生食ほ第223号,飲食店営業,平成24年5月30日,令和元年6月1日,令和8年5月31日
773,東京都世田谷区経堂三丁目２１番６号,-,セブンイレブン世田谷経堂３丁目店,株式会社ＮＥＺＵ,3420-2361,3世保生食ほ第472号,飲食店営業,令和3年6月21日,令和3年6月21日,令和10年6月30日
774,東京都世田谷区経堂三丁目３８番２号,-,ウチデノコヅチ,***,03-6339-2223,5世保生食ほ第1315号,飲食店営業,令和5年11月29日,令和5年11月29日,令和11年11月30日
775,東京都世田谷区経堂三丁目３８番５号,-,㈲山道ＣＫ,有限会社山道,03-5477-4985,2世保生食ほ第2293号,魚介類販売業,平成15年2月27日,令和3年3月1日,令和9年2月28日
776,東京都世田谷区経堂三丁目３８番５号,-,㈲山道ＣＫ,有限会社山道,03-5477-4985,3世保生食ほ第1082号,食肉処理業,令和3年10月1日,令和3年10月1日,令和9年9月30日
777,東京都世田谷区経堂三丁目３８番５号,-,㈲山道ＣＫ,有限会社山道,03-5477-4985,3世保生食ほ第1083号,漬物製造業,令和3年10月1日,令和3年10月1日,令和9年9月30日
778,東京都世田谷区経堂四丁目３番１０号,シャンブル経堂１Ｆ,Ｋａｌｐａｓｉ,株式会社ＳｔｏｎｅＦｌｏｗｅｒ,-,4世保生食ほ第919号,飲食店営業,令和4年9月6日,令和4年9月6日,令和10年9月30日
779,東京都世田谷区経堂四丁目５番２号,グランドワール千歳船橋１０１,宝美いちご,リトルファーマーズ合同会社,-,4世保生食ほ第1069号,飲食店営業,令和4年11月29日,令和4年11月29日,令和10年11月30日
780,東京都世田谷区経堂四丁目６番６号,-,小川屋森精肉店,***,3420-1544,7世保生食ほ第513号,飲食店営業,令和7年7月25日,令和7年7月25日,令和14年7月31日
781,東京都世田谷区経堂四丁目６番６号,-,小川屋森精肉店,***,3420-1544,7世保生食ほ第514号,食肉販売業,令和7年7月25日,令和7年7月25日,令和14年7月31日
782,東京都世田谷区経堂四丁目６番６号,チリエージョ千歳船橋１０２号室,ごはん屋　十六（ジュウロク）,***,5154-7716,31世保生食ほ第1119号,飲食店営業,令和元年9月24日,令和元年9月24日,令和8年9月30日
783,東京都世田谷区経堂四丁目６番６号,チリエージョ１０２,うなり,株式会社ＦＦ．ａ,03-4362-6480,2世保生食ほ第1999号,飲食店営業,令和3年1月13日,令和3年1月13日,令和10年1月31日
784,東京都世田谷区経堂四丁目６番６号,チリエージョ１０２号室,ダイニング　慶,株式会社祐玄ワークス,-,5世保生食ほ第558号,飲食店営業,令和5年8月10日,令和5年8月10日,令和12年8月31日
785,東京都世田谷区経堂四丁目６番８号,田島ビル１Ｆ,ＰＯＴＥ,***,3420-1233,30世保生食ほ第2551号,飲食店営業,平成24年4月23日,令和元年5月1日,令和8年4月30日
786,東京都世田谷区経堂四丁目６番１０号,-,Ｌａ　Ｐｉｎｅｔａ　Ｔｏｋｙｏ,***,03-3426-3855,4世保生食ほ第879号,飲食店営業,令和4年8月31日,令和4年8月31日,令和11年8月31日
787,東京都世田谷区経堂四丁目６番１５号,-,囲炉裏しろくろ,株式会社　８８組,5799-4289,3世保生食ほ第1521号,飲食店営業,令和3年11月8日,令和3年11月8日,令和9年11月30日
788,東京都世田谷区経堂四丁目７番７号,-,もがみ食堂,***,6310-2339,31世保生食ほ第2415号,飲食店営業,令和2年3月24日,令和2年3月24日,令和8年3月31日
789,東京都世田谷区経堂四丁目７番８号,-,お茶とおやつ　ヨウケル舎,株式会社ヨウケル,3429-2255,5世保生食ほ第877号,飲食店営業,令和5年10月1日,令和5年10月1日,令和11年9月30日
790,東京都世田谷区経堂四丁目７番８号,-,お茶とおやつ　ヨウケル舎,株式会社ヨウケル,3429-2255,5世保生食ほ第878号,菓子製造業,令和5年10月1日,令和5年10月1日,令和11年9月30日
791,東京都世田谷区経堂四丁目７番８号,丸橋ハイツ１０２,ＡＭＩＥ’Ｓ,***,3706-7002,6世保生食ほ第319号,飲食店営業,令和6年7月1日,令和6年7月1日,令和12年6月30日
792,東京都世田谷区経堂四丁目１０番１２号,吉野ビル１階,月麦,有限会社グランデエスト,-,7世保生食ほ第1247号,飲食店営業,令和7年11月28日,令和7年11月28日,令和13年11月30日
793,東京都世田谷区経堂四丁目１２番１２号,-,フレデリック・カッセル　経堂,グリーンスタンプ株式会社,03-6413-1118,5世保生食ほ第220号,飲食店営業,令和5年6月2日,令和5年6月2日,令和12年6月30日
794,東京都世田谷区経堂四丁目１２番１２号,-,フレデリック・カッセル　経堂,グリーンスタンプ株式会社,03-6413-1118,5世保生食ほ第221号,菓子製造業,令和5年6月2日,令和5年6月2日,令和12年6月30日
795,東京都世田谷区経堂四丁目１４番１０号,ＳＢフラッツウエスト１０２,魚丼屋２４Ｈ市場,合同会社紫アジサイ,-,5世保生食ほ第1193号,飲食店営業,令和5年10月31日,令和5年10月31日,令和11年10月31日
796,東京都世田谷区経堂四丁目１７番７号,コーシャハイム千歳船橋１号棟１階,メフォス東日本１０２６７号店,株式会社メフォス東日本,03-3428-1656,3世保生食ほ第208号,飲食店営業,令和3年4月30日,令和3年4月30日,令和10年4月30日
797,東京都世田谷区経堂四丁目１８番３９号,-,Ｏｄａｋｙｕ　ＯＸ千歳船橋店,小田急商事株式会社,03-3425-1051,2世保生食ほ第1243号,飲食店営業,平成18年10月23日,令和2年11月1日,令和9年10月31日
798,東京都世田谷区経堂四丁目１８番３９号,-,Ｏｄａｋｙｕ　ＯＸ千歳船橋店,小田急商事株式会社,03-3425-1051,2世保生食ほ第1245号,食肉販売業,平成18年10月23日,令和2年11月1日,令和9年10月31日
799,東京都世田谷区経堂四丁目１８番３９号,-,Ｏｄａｋｙｕ　ＯＸ千歳船橋店,小田急商事株式会社,03-3425-1051,2世保生食ほ第1246号,魚介類販売業,平成18年10月23日,令和2年11月1日,令和9年10月31日
800,東京都世田谷区経堂四丁目１８番３９号,-,Ｏｄａｋｙｕ　ＯＸ千歳船橋店,小田急商事株式会社,03-3425-1051,3世保生食ほ第1975号,飲食店営業,令和4年2月15日,令和4年2月15日,令和11年2月28日
801,東京都世田谷区経堂五丁目３番２０号,ソレイユ経堂１Ｃ,経堂　めん助,株式会社ＡＲＩＫＩ,-,4世保生食ほ第514号,飲食店営業,令和4年6月28日,令和4年6月28日,令和10年6月30日
802,東京都世田谷区経堂五丁目３番２０号,ソレイユ経堂１Ｃ,ｗａｔｏｗａ,株式会社ＭＩＮＹ＆ＭＯＥ,-,7世保生食ほ第654号,飲食店営業,令和7年9月30日,令和7年9月30日,令和13年9月30日
803,東京都世田谷区経堂五丁目１３番３号,-,ラファイエット　ストリート,***,3426-4624,3世保生食ほ第1901号,飲食店営業,令和4年2月1日,令和4年2月1日,令和10年1月31日
804,東京都世田谷区経堂五丁目１５番７号,-,ｈａｎａｍｉｚｕｋｉ　ｆｌｏｗｅｒ　＆　ｄｅｓｉｇｎ,有限会社寿和興業,-,5世保生食ほ第277号,飲食店営業,令和5年5月25日,令和5年5月25日,令和11年5月31日
805,東京都世田谷区経堂五丁目１５番７号,-,ｈａｎａｍｉｚｕｋｉ　ｆｌｏｗｅｒ　＆　ｄｅｓｉｇｎ,有限会社寿和興業,-,7世保生食ほ第1016号,菓子製造業,令和7年10月27日,令和7年10月27日,令和13年10月31日
806,東京都世田谷区経堂五丁目１７番１７号,-,世田谷食堂,株式会社あなぶき社宅サービス,-,4世保生食ほ第1825号,飲食店営業,令和5年4月1日,令和5年4月1日,令和12年3月31日
807,東京都世田谷区経堂五丁目２９番４号,-,ＣＨＥＺ　ＲＯＮＡ,***,-,2世保生食ほ第2327号,飲食店営業,令和3年2月22日,令和3年2月22日,令和9年2月28日
808,東京都世田谷区経堂五丁目２９番１７号,-,はま寿司　経堂店,株式会社はま寿司,0570-081-176,6世保生食ほ第1549号,飲食店営業,令和7年3月1日,令和7年3月1日,令和14年2月29日
809,東京都世田谷区経堂五丁目２９番１９号,-,オヒルバ　（カフェバー）,***,-,2世保生食ほ第982号,飲食店営業,平成26年9月2日,令和2年10月1日,令和8年9月30日
810,東京都世田谷区経堂五丁目２９番１９号,コーポのせや１０１,ｓ?ｒｉｅｕｘ,***,03-5799-6516,6世保生食ほ第912号,飲食店営業,令和6年9月25日,令和6年9月25日,令和12年9月30日
811,東京都世田谷区経堂五丁目２９番２０号,-,ｏｎｋ,***,03-6318-7184,3世保生食ほ第268号,飲食店営業,令和3年5月6日,令和3年5月6日,令和9年5月31日
812,東京都世田谷区経堂五丁目２９番２０号,-,ｏｎｋ,***,03-6318-7184,3世保生食ほ第269号,菓子製造業,令和3年5月6日,令和3年5月6日,令和9年5月31日
813,東京都世田谷区経堂五丁目２９番２１号,-,Ｂｉｓｔｒｏ＆ＷｉｎｅＢａｒ　ＭＯＭＯ,***,5799-4827,4世保生食ほ第1321号,飲食店営業,令和4年12月1日,令和4年12月1日,令和10年11月30日
814,東京都世田谷区経堂五丁目３０番２号,Ｆｅｌｉｔｅ１Ｆ,浅浅茶,日福商事株式会社,-,31世保生食ほ第1569号,喫茶店営業,令和元年11月8日,令和元年11月8日,令和8年11月30日
815,東京都世田谷区経堂五丁目３０番２号,フェリーテ経堂　１階,ＲＥＳＴＡＵＲＡＮＴ　ＤＥＵＸ　ＶＩＳＡＧＥＳ,***,03-6826-2906,5世保生食ほ第1352号,飲食店営業,令和5年12月21日,令和5年12月21日,令和11年12月31日
816,東京都世田谷区経堂五丁目３１番５号,-,ミニストップ経堂店,株式会社オーリン通商,03-3420-5771,3世保生食ほ第852号,飲食店営業,令和3年7月29日,令和3年7月29日,令和10年7月31日
817,東京都世田谷区経堂五丁目３１番９号,-,公益社　経堂会館,株式会社公益社,03-6413-5620,6世保生食ほ第1609号,飲食店営業,令和7年2月19日,令和7年2月19日,令和14年2月29日
818,東京都世田谷区経堂五丁目３２番６号,Ｂ１Ｆ,ライフ経堂店,株式会社ライフコーポレーション,3706-2011,3世保生食ほ第1969号,飲食店営業,令和4年2月22日,令和4年2月22日,令和11年2月28日
819,東京都世田谷区経堂五丁目３２番６号,Ｂ１Ｆ,ライフ経堂店,株式会社ライフコーポレーション,3706-2011,3世保生食ほ第1970号,飲食店営業,令和4年2月22日,令和4年2月22日,令和11年2月28日
820,東京都世田谷区経堂五丁目３２番６号,Ｂ１Ｆ,ライフ経堂店,株式会社ライフコーポレーション,3706-2011,31世保生食ほ第1042号,飲食店営業,平成24年9月4日,令和元年10月1日,令和8年9月30日
821,東京都世田谷区経堂五丁目３２番６号,Ｂ１Ｆ,ライフ経堂店,株式会社ライフコーポレーション,3706-2011,31世保生食ほ第1043号,飲食店営業,平成24年9月28日,令和元年10月1日,令和8年9月30日
822,東京都世田谷区経堂五丁目３２番６号,Ｂ１Ｆ,ライフ経堂店,株式会社ライフコーポレーション,3706-2011,31世保生食ほ第1044号,飲食店営業,平成24年9月4日,令和元年10月1日,令和8年9月30日
823,東京都世田谷区経堂五丁目３２番６号,Ｂ１Ｆ,ライフ経堂店,株式会社ライフコーポレーション,3706-2011,31世保生食ほ第1045号,菓子製造業,平成24年9月4日,令和元年10月1日,令和8年9月30日
824,東京都世田谷区経堂五丁目３２番６号,Ｂ１Ｆ,ライフ経堂店,株式会社ライフコーポレーション,3706-2011,31世保生食ほ第1047号,食肉販売業,平成24年9月28日,令和元年10月1日,令和8年9月30日
825,東京都世田谷区経堂五丁目３２番６号,Ｂ１Ｆ,ライフ経堂店,株式会社ライフコーポレーション,3706-2011,31世保生食ほ第1048号,魚介類販売業,平成24年9月28日,令和元年10月1日,令和8年9月30日
826,東京都世田谷区宮坂一丁目２番２０号,弥生コーポ１０２,ｔａｋｅ　ｔｏｋｙｏ,***,-,3世保生食ほ第922号,飲食店営業,令和3年8月4日,令和3年8月4日,令和9年8月31日
827,東京都世田谷区宮坂一丁目１４番８号,経堂山浦ハイツ１Ｆ,山とハチミツ,株式会社マウントアンドカンパニー,03-6804-4333,3世保生食ほ第847号,菓子製造業,令和3年7月19日,令和3年7月19日,令和10年7月31日
828,東京都世田谷区宮坂一丁目１４番８号,経堂山浦ハイツ１Ｆ,山とハチミツ,株式会社マウントアンドカンパニー,03-6804-4333,8世保生食ほ第43号,飲食店営業,令和8年4月17日,令和8年4月17日,令和15年4月30日
829,東京都世田谷区宮坂一丁目２３番１１号,-,日欧フーズ株式会社,日欧フーズ株式会社,03-5799-6652,4世保生食ほ第2034号,そうざい製造業,令和5年4月4日,令和5年4月4日,令和12年4月30日
830,東京都世田谷区宮坂一丁目２３番１１号,-,日欧フーズ株式会社,日欧フーズ株式会社,03-5799-6652,4世保生食ほ第2035号,食肉製品製造業,令和5年4月4日,令和5年4月4日,令和12年4月30日
831,東京都世田谷区宮坂一丁目２５番１号,-,ファミリーマート宮の坂店,***,03-5426-3450,5世保生食ほ第948号,飲食店営業,令和5年11月1日,令和5年11月1日,令和11年10月31日
832,東京都世田谷区宮坂一丁目２５番２号,-,楽縁,***,6325-7870,6世保生食ほ第1061号,飲食店営業,令和6年12月1日,令和6年12月1日,令和12年11月30日
833,東京都世田谷区宮坂一丁目２５番２号,-,ＥＮｇｒａｖｅ　ｃｏｆｆｅｅ　ｒｏａｓｔｅｒｓ,合同会社ＥＮＧＲＡＶＥ,-,7世保生食ほ第856号,飲食店営業,令和7年10月2日,令和7年10月2日,令和13年10月31日
834,東京都世田谷区宮坂一丁目２８番７号,-,銀のさら　経堂店,株式会社山くじら,5799-9095,31世保生食ほ第548号,飲食店営業,令和元年6月27日,令和元年6月27日,令和8年6月30日
835,東京都世田谷区宮坂一丁目３８番４号,-,世田谷区立世田谷小学校,株式会社サンユー,03-3420-7241,3世保生食ほ第180号,飲食店営業,令和3年4月26日,令和3年4月26日,令和10年4月30日
836,東京都世田谷区宮坂一丁目３８番１９号,-,バレアリック飲食店,合同会社ＮＵＴＯＰＩＡ,-,2世保生食ほ第1731号,飲食店営業,令和2年12月3日,令和2年12月3日,令和8年12月31日
837,東京都世田谷区宮坂一丁目３８番１９号,ウィンザーパレス１０５,Ｔｈｅ　Ｓｔａｔｉｏｎｅｒｙ　Ｓｅｌｅｃｔｉｏｎ,株式会社ＥＨＰ,-,7世保生食ほ第1245号,飲食店営業,令和7年12月23日,令和7年12月23日,令和13年12月31日
838,東京都世田谷区宮坂一丁目４２番１５号,-,キットワー,キットワー有限会社,03-3429-7777,5世保生食ほ第534号,飲食店営業,令和5年8月1日,令和5年8月1日,令和11年7月31日
839,東京都世田谷区宮坂一丁目４４番２０号,-,工房　凛,***,03-3420-5878,4世保生食ほ第259号,飲食店営業,令和4年6月23日,令和4年6月23日,令和10年6月30日
840,東京都世田谷区宮坂一丁目４４番２５号,-,セブンイレブン世田谷経堂本町通り店,株式会社武,3425-1010,2世保生食ほ第1920号,飲食店営業,平成26年1月23日,令和3年2月1日,令和10年1月31日
841,東京都世田谷区宮坂一丁目４４番２５号,-,セブンイレブン世田谷経堂本町通り店,株式会社武,3425-1010,2世保生食ほ第1921号,菓子製造業,平成26年1月23日,令和3年2月1日,令和10年1月31日
842,東京都世田谷区宮坂二丁目１５番４号,１Ｆ,関所,有限会社鈴生,3420-1718,3世保生食ほ第1925号,飲食店営業,令和4年3月1日,令和4年3月1日,令和10年2月29日
843,東京都世田谷区宮坂二丁目１５番４号,１Ｆ,クレイジー　トイボックス,***,-,6世保生食ほ第669号,飲食店営業,令和6年8月16日,令和6年8月16日,令和12年8月31日
844,東京都世田谷区宮坂二丁目１６番１号,-,有限会社魚眞,有限会社魚眞,3420-7929,31世保生食ほ第1982号,魚介類販売業,平成6年1月14日,令和2年2月1日,令和9年1月31日
845,東京都世田谷区宮坂二丁目１６番３号,-,ＶＩＢＥＳ,***,03-6432-6150,7世保生食ほ第1682号,飲食店営業,令和8年4月1日,令和8年4月1日,令和14年3月31日
846,東京都世田谷区宮坂二丁目１７番２号,-,串揚げ×おばちゃん割烹おかえり,***,5799-6901,2世保生食ほ第530号,飲食店営業,令和2年7月2日,令和2年7月2日,令和8年7月31日
847,東京都世田谷区宮坂二丁目１８番１号,１Ｆ,ｎｏ．５０６,株式会社Ｂｏｔｔｌｅ　Ｔｏｋｙｏ,-,3世保生食ほ第833号,飲食店営業,令和3年7月21日,令和3年7月21日,令和10年7月31日
848,東京都世田谷区宮坂二丁目１８番３号,キャッスル経堂Ｂ１,ⅠｎｇｏＢｉｎｇｏ,株式会社インゴビンゴ,5450-1535,31世保生食ほ第2175号,飲食店営業,平成25年2月26日,令和2年3月1日,令和9年2月28日
849,東京都世田谷区宮坂二丁目１８番３号,キャッスル経堂Ｂ１,ⅠｎｇｏＢｉｎｇｏ,株式会社インゴビンゴ,5450-1535,31世保生食ほ第2176号,食肉製品製造業,平成25年2月26日,令和2年3月1日,令和9年2月28日
850,東京都世田谷区宮坂二丁目１９番１号,吉村商店ビル１Ｆ,酒ワイン食堂　今日どう？,株式会社マイルデザイン,03-6413-6396,4世保生食ほ第502号,飲食店営業,令和4年6月23日,令和4年6月23日,令和10年6月30日
851,東京都世田谷区宮坂二丁目１９番５号,-,ピーコックストア経堂店,イオンマーケット株式会社,3439-7071,3世保生食ほ第2230号,魚介類販売業,令和4年4月1日,令和4年4月1日,令和11年3月31日
852,東京都世田谷区宮坂二丁目１９番５号,-,ピーコックストア経堂店,イオンマーケット株式会社,3439-7071,4世保生食ほ第339号,食肉販売業,令和4年7月1日,令和4年7月1日,令和11年6月30日
853,東京都世田谷区宮坂二丁目１９番５号,-,ピーコックストア経堂店,イオンマーケット株式会社,3439-7071,7世保生食ほ第67号,飲食店営業,令和7年4月21日,令和7年4月21日,令和14年4月30日
854,東京都世田谷区宮坂二丁目１９番５号,-,サンマルクカフェ　ピーコックストア経堂店,株式会社サンマルクカフェ,5426-0309,4世保生食ほ第257号,菓子製造業,令和4年6月1日,令和4年6月1日,令和11年5月31日
855,東京都世田谷区宮坂二丁目１９番５号,-,サンマルクカフェ　ピーコックストア経堂店,株式会社サンマルクカフェ,5426-0309,4世保生食ほ第89号,飲食店営業,令和4年6月1日,令和4年6月1日,令和11年5月31日
856,東京都世田谷区宮坂二丁目１９番５号,ピーコックストア内１Ｆ,ピーコックストア経堂店,イオンマーケット株式会社,03-3439-7071,5世保生食ほ第1766号,飲食店営業,令和6年4月1日,令和6年4月1日,令和13年3月31日
857,東京都世田谷区宮坂二丁目１９番５号,松原ビル５Ｆ,経堂ボウル,株式会社ディグ,03-3426-6711,7世保生食ほ第844号,飲食店営業,令和7年11月1日,令和7年11月1日,令和14年10月31日
858,東京都世田谷区宮坂二丁目２５番１号,ＨＩＲＡＹＡ　ＧＯＴＯＫＵＪＩ内,２－３－４　ＳＨＯＫＵＤＯ,***,-,31世保生食ほ第2997号,そうざい製造業,令和2年4月7日,令和2年4月7日,令和8年4月30日
859,東京都世田谷区宮坂二丁目２５番１号,ＨＩＲＡＹＡ　ＧＯＴＯＫＵＪＩ内,２－３－４　ＳＨＯＫＵＤＯ,***,-,6世保生食ほ第406号,飲食店営業,令和6年7月1日,令和6年7月1日,令和12年6月30日
860,東京都世田谷区宮坂二丁目２６番４号,豪徳寺コーポラス１０２,ＴＯＮｃｈａｎ,***,3428-0770,6世保生食ほ第977号,飲食店営業,令和6年11月1日,令和6年11月1日,令和12年10月31日
861,東京都世田谷区宮坂二丁目２６番４号,豪徳寺コーポラス１０１号室,ｋｅｔｏｋｕ,***,6413-7569,6世保生食ほ第997号,飲食店営業,令和6年11月1日,令和6年11月1日,令和12年10月31日
862,東京都世田谷区宮坂二丁目２６番４号,豪徳寺コーポラス１０３,ぴーかん,***,-,7世保生食ほ第1519号,飲食店営業,令和8年1月26日,令和8年1月26日,令和14年1月31日
863,東京都世田谷区宮坂二丁目２６番１７号,ソーワ豪徳寺マンション１階,にこにこみやさか,労働者協同組合ワーカーズコープ・センター事業団,6413-7585,30世保生食ほ第2217号,菓子製造業,平成31年2月22日,平成31年2月22日,令和8年9月30日
864,東京都世田谷区宮坂二丁目２６番３１号,２Ｆ,こば屋,***,6356-5418,2世保生食ほ第2751号,飲食店営業,平成27年4月10日,令和3年5月1日,令和9年4月30日
865,東京都世田谷区宮坂二丁目２７番２６号,-,ｍ１２２４２,シダックスフードサービス株式会社,3428-6950,2世保生食ほ第861号,飲食店営業,平成18年8月21日,令和2年9月1日,令和9年8月31日
866,東京都世田谷区宮坂三丁目１番３１号,-,洋麺屋五右衛門　経堂店,日本レストランシステム株式会社,5450-2576,4世保生食ほ第263号,飲食店営業,令和4年7月1日,令和4年7月1日,令和11年6月30日
867,東京都世田谷区宮坂三丁目１番３１号,経堂テラスガーデン,メゾン・イチ,株式会社ブロードエッジ・アドバイザーズ,03-5799-7991,31世保生食ほ第2417号,飲食店営業,令和2年2月19日,令和2年2月19日,令和9年2月28日
868,東京都世田谷区宮坂三丁目１番３１号,経堂テラスガーデン,メゾン・イチ,株式会社ブロードエッジ・アドバイザーズ,03-5799-7991,31世保生食ほ第2418号,菓子製造業,令和2年2月19日,令和2年2月19日,令和9年2月28日
869,東京都世田谷区宮坂三丁目１番３１号,経堂テラスガーデン,メゾン・イチ,株式会社ブロードエッジ・アドバイザーズ,03-5799-7991,31世保生食ほ第2419号,アイスクリーム類製造業,令和2年2月19日,令和2年2月19日,令和9年2月28日
870,東京都世田谷区宮坂三丁目１番３２号,-,セブンーイレブン小田急経堂テラスガーデン店,小田急商事株式会社,03-3425-7755,3世保生食ほ第736号,飲食店営業,令和3年6月25日,令和3年6月25日,令和10年6月30日
871,東京都世田谷区宮坂三丁目１番４２号,-,すし銚子丸　経堂店,株式会社銚子丸,03-6413-7521,3世保生食ほ第1115号,飲食店営業,令和3年9月3日,令和3年9月3日,令和10年9月30日
872,東京都世田谷区宮坂三丁目１番４２号,-,三菱ＵＦＪ銀行　経堂支店,栄養食株式会社,5477-5751,31世保生食ほ第873号,飲食店営業,令和元年8月28日,令和元年8月28日,令和8年8月31日
873,東京都世田谷区宮坂三丁目１番４５号,経堂スポーツクラブビル１Ｆ,ＰＩＺＺＡ　ＳＡＬＶＡＴＯＲＥ　ＣＵＯＭＯ　経堂,株式会社本久,5450-1965,5世保生食ほ第1071号,飲食店営業,令和5年11月1日,令和5年11月1日,令和12年10月31日
874,東京都世田谷区宮坂三丁目４番１号,ライオンズマンション経堂１０４号,ことこ茶店,***,03-4291-5274,2世保生食ほ第1650号,飲食店営業,令和2年11月20日,令和2年11月20日,令和8年11月30日
875,東京都世田谷区宮坂三丁目５番４号,-,栃の実,***,3706-0215,7世保生食ほ第425号,飲食店営業,令和7年8月1日,令和7年8月1日,令和13年7月31日
876,東京都世田谷区宮坂三丁目５番４号,１Ｆ,よりどころ,***,-,7世保生食ほ第1770号,飲食店営業,令和8年4月1日,令和8年4月1日,令和15年3月31日
877,東京都世田谷区宮坂三丁目５番４号,１Ｆ,よりどころ,***,-,7世保生食ほ第1771号,菓子製造業,令和8年4月1日,令和8年4月1日,令和15年3月31日
878,東京都世田谷区宮坂三丁目９番４号,１１１号室,Ｒａｗ　Ｓｕｇａｒ　Ｒｏａｓｔ,株式会社Ｓｗｉｍ,03-6413-5057,3世保生食ほ第2001号,飲食店営業,令和4年3月11日,令和4年3月11日,令和10年3月31日
879,東京都世田谷区宮坂三丁目１０番７号,-,ファミリーマートサンズ経堂駅北,株式会社サンズ,5799-9016,5世保生食ほ第1078号,飲食店営業,令和5年11月1日,令和5年11月1日,令和12年10月31日
880,東京都世田谷区宮坂三丁目１１番１２号,-,Ｂ＆Ｉ　１３６２,グリーンホスピタリティフードサービス株式会社,3420-1171,31世保生食ほ第1397号,飲食店営業,平成17年10月5日,令和元年11月1日,令和8年10月31日
881,東京都世田谷区宮坂三丁目１２番２号,-,亀屋,株式会社亀屋商店,3429-0208,4世保生食ほ第136号,菓子製造業,令和4年6月1日,令和4年6月1日,令和10年5月31日
882,東京都世田谷区宮坂三丁目１２番２号,ブエノス経堂２Ｆ,ｒｉｐｐｌｅ,***,3420-8788,7世保生食ほ第277号,飲食店営業,令和7年7月1日,令和7年7月1日,令和13年6月30日
883,東京都世田谷区宮坂三丁目１２番２号,-,アルパジョン経堂店,株式会社ル・サントノーレ,03-6413-6004,5世保生食ほ第252号,菓子製造業,令和5年5月30日,令和5年5月30日,令和11年5月31日
884,東京都世田谷区宮坂三丁目１２番３号,ＤＯＭ経堂１０７,らあめんや　やしげる,***,-,2世保生食ほ第2515号,飲食店営業,平成26年3月27日,令和3年4月1日,令和10年3月31日
885,東京都世田谷区宮坂三丁目１２番４号,ドム経堂１０９号,肴亭　日と月,***,6311-1119,7世保生食ほ第335号,飲食店営業,令和7年7月1日,令和7年7月1日,令和13年6月30日
886,東京都世田谷区宮坂三丁目１２番４号,ドム経堂１Ｆ,酒と味ソウコウ,***,6323-6098,7世保生食ほ第1315号,飲食店営業,令和8年1月1日,令和8年1月1日,令和14年12月31日
887,東京都世田谷区宮坂三丁目１２番４号,ドム経堂２０２,ｐｒａｔｉｍ?ｋｒｒｍ　ｃ??－ゆるやかな彫刻－,***,03-5799-7593,7世保生食ほ第424号,飲食店営業,令和7年7月1日,令和7年7月1日,令和13年6月30日
888,東京都世田谷区宮坂三丁目１２番４号,ドム経堂２０５,みんなのテーブル　Ｍａｍａ’ｓ　Ｋｉｔｃｈｅｎ,***,6413-6884,31世保生食ほ第570号,飲食店営業,令和元年7月12日,令和元年7月12日,令和8年7月31日
889,東京都世田谷区宮坂三丁目１２番４号,-,肴や　惣,***,3425-8353,2世保生食ほ第225号,飲食店営業,令和2年5月1日,令和2年5月1日,令和8年4月30日
890,東京都世田谷区宮坂三丁目１２番４号,-,肴や　惣,***,3425-8353,7世保生食ほ第1817号,飲食店営業,令和8年3月31日,令和8年3月31日,令和14年3月31日
891,東京都世田谷区宮坂三丁目１２番４号,ドム経堂　２階　２０４,莫迦巣,***,03-6874-4105,3世保生食ほ第1311号,飲食店営業,令和3年10月7日,令和3年10月7日,令和9年10月31日
892,東京都世田谷区宮坂三丁目１２番４号,ＤＯＭ経堂１０８,トランク,***,-,6世保生食ほ第492号,飲食店営業,令和6年7月31日,令和6年7月31日,令和12年7月31日
893,東京都世田谷区宮坂三丁目１２番４号,ＤＯＭ経堂２０８号室,日本酒と小料理　かめさん,***,03-6413-6559,7世保生食ほ第1938号,飲食店営業,令和8年3月31日,令和8年3月31日,令和14年3月31日
894,東京都世田谷区宮坂三丁目１２番５号,-,ちばから経堂店,株式会社ＴＡＮＺＯ,-,31世保生食ほ第949号,飲食店営業,令和元年9月2日,令和元年9月2日,令和8年9月30日
895,東京都世田谷区宮坂三丁目１２番５号,タケベビル１Ｆ,くろこ,株式会社ＬＴＶ,03-5799-7799,5世保生食ほ第245号,飲食店営業,令和5年5月23日,令和5年5月23日,令和11年5月31日
896,東京都世田谷区宮坂三丁目１２番５号,タケベビル１Ｆ,博多おでんと黒毛和牛の店　くろこ,***,03-5799-7799,7世保生食ほ第266号,飲食店営業,令和7年5月29日,令和7年5月29日,令和13年5月31日
897,東京都世田谷区宮坂三丁目１２番１５号,ライズビーアパートキョウドウ１０１,鉄板会席なつき,株式会社ＡＫＡＧＡＭＩコーポレーション,-,6世保生食ほ第392号,飲食店営業,令和6年7月9日,令和6年7月9日,令和13年7月31日
898,東京都世田谷区宮坂三丁目１３番１３号,Ｂ１,カフェ・ダイニング素々,株式会社ＺＡＩ,03-5426-5215,4世保生食ほ第1865号,飲食店営業,令和5年4月1日,令和5年4月1日,令和12年3月31日
899,東京都世田谷区宮坂三丁目１７番１１号,荒井マンション１Ｆ,山角,***,-,5世保生食ほ第1862号,飲食店営業,令和6年3月18日,令和6年3月18日,令和13年3月31日
900,東京都世田谷区宮坂三丁目１８番１号,２Ｆ,でんでん　清水家,***,3426-6821,3世保生食ほ第1170号,飲食店営業,令和3年10月1日,令和3年10月1日,令和9年9月30日
901,東京都世田谷区宮坂三丁目１８番１号,タマオキビル２Ｆ,Ｂａｒ　ｎｅｔｔ,***,03-6413-5026,6世保生食ほ第1558号,飲食店営業,令和7年2月1日,令和7年2月1日,令和14年1月31日
902,東京都世田谷区宮坂三丁目１８番３号,-,ファミリーマートサンズ経堂すずらん通り店,有限会社三河屋酒店,03-5426-3308,3世保生食ほ第365号,飲食店営業,平成26年5月29日,令和3年6月1日,令和10年5月31日
903,東京都世田谷区宮坂三丁目１８番１４号,-,フード・バー　樹里庵,***,3426-8888,3世保生食ほ第2158号,飲食店営業,令和4年4月1日,令和4年4月1日,令和10年3月31日
904,東京都世田谷区宮坂三丁目１９番２号,-,有限会社　キムラヤ,有限会社キムラヤ,3429-7850,7世保生食ほ第832号,飲食店営業,令和7年11月1日,令和7年11月1日,令和14年10月31日
905,東京都世田谷区宮坂三丁目１９番２号,-,有限会社　キムラヤ,有限会社キムラヤ,3429-7850,7世保生食ほ第833号,菓子製造業,令和7年11月1日,令和7年11月1日,令和13年10月31日
906,東京都世田谷区宮坂三丁目２０番２号,松喜ビルＢ１,カラオケハウス　ＳＯＵＴＨＥＲＮ　ＣＲＯＳＳ,***,5477-7633,2世保生食ほ第2645号,飲食店営業,令和3年3月17日,令和3年3月17日,令和9年3月31日
907,東京都世田谷区宮坂三丁目２０番３号,宮坂３丁目店舗　１、２階,空,***,-,7世保生食ほ第831号,飲食店営業,令和7年10月1日,令和7年10月1日,令和13年9月30日
908,東京都世田谷区宮坂三丁目２３番１号,-,インディアンレストラン　ＨＡＴＩ,株式会社ＨＡＴＩ,03-3429-0708,6世保生食ほ第1244号,飲食店営業,令和7年1月1日,令和7年1月1日,令和12年12月31日
909,東京都世田谷区宮坂三丁目２５番２号,-,セブン－イレブン　世田谷経堂すずらん通り店,株式会社武,03-3420-8420,3世保生食ほ第553号,飲食店営業,令和3年6月21日,令和3年6月21日,令和10年6月30日
910,東京都世田谷区宮坂三丁目２８番２号,かんだビル１Ｆ,かん田,株式会社かんだ商会,03-5450-3088,7世保生食ほ第743号,飲食店営業,令和7年9月10日,令和7年9月10日,令和14年9月30日
911,東京都世田谷区宮坂三丁目３５番２号,ｃｌａｓｓｙ　ＢＡＳＥ　経堂,ｃｌａｓｓｙ　ＢＡＳＥ　経堂,イートランド株式会社,03-3328-7588,31世保生食ほ第2742号,飲食店営業,令和2年3月16日,令和2年3月16日,令和9年3月31日
912,東京都世田谷区宮坂三丁目３８番１０号,-,天富良　重助,***,3322-2308,2世保生食ほ第950号,飲食店営業,昭和63年9月2日,令和2年10月1日,令和8年9月30日
913,東京都世田谷区宮坂三丁目４４番３号,-,キッチン＆バー　ボロゾー,イプシロンズ株式会社,03-5799-4778,2世保生食ほ第1379号,飲食店営業,令和2年11月4日,令和2年11月4日,令和8年11月30日
914,東京都世田谷区宮坂三丁目４４番３号,-,ＯＬＤ　ＳＣＨＯＯＬ,***,-,7世保生食ほ第1202号,飲食店営業,令和7年11月19日,令和7年11月19日,令和14年11月30日
915,東京都世田谷区宮坂三丁目５１番１号,-,太田尻家,***,-,3世保生食ほ第2405号,飲食店営業,令和4年5月1日,令和4年5月1日,令和10年4月30日
916,東京都世田谷区池尻一丁目２番２４号,-,自衛隊中央病院食堂,株式会社マンナストック,-,6世保生食ほ第1655号,飲食店営業,令和7年2月28日,令和7年2月28日,令和14年2月29日
917,東京都世田谷区池尻一丁目５番２７号,区立世田谷公園,世田谷公園売店,株式会社世田谷サービス公社,3424-3780,6世保生食ほ第507号,飲食店営業,令和6年7月17日,令和6年7月17日,令和12年7月31日
918,東京都世田谷区池尻一丁目６番８号,-,市民酒場　ジョー,***,-,5世保生食ほ第664号,飲食店営業,令和5年9月1日,令和5年9月1日,令和11年8月31日
919,東京都世田谷区池尻一丁目７番２号,-,ＰＡＲＫ　ＳＴＯＲＥ,株式会社ＳＯＭＥＷＨＥＲＥ,-,6世保生食ほ第1311号,菓子製造業,令和7年2月4日,令和7年2月4日,令和13年2月28日
920,東京都世田谷区池尻一丁目７番９号,-,かすがい,株式会社ソニック,-,2世保生食ほ第540号,飲食店営業,令和2年7月8日,令和2年7月8日,令和8年7月31日
921,東京都世田谷区池尻一丁目７番１４号,アントレパルクＢ１,炭火焼肉　かくれ家,有限会社かくれ家,3424-8929,31世保生食ほ第1629号,飲食店営業,平成17年11月8日,令和元年12月1日,令和8年11月30日
922,東京都世田谷区池尻一丁目７番１４号,アントレパルク２Ｆ,三宿中華「中」,株式会社ムゲンダイニング,03-6805-2603,6世保生食ほ第623号,飲食店営業,令和6年8月6日,令和6年8月6日,令和13年8月31日
923,東京都世田谷区池尻一丁目７番１８号,-,ドミノ・ピザ　世田谷公園店,株式会社ドミノ・ピザジャパン,03-5779-4111,6世保生食ほ第435号,飲食店営業,令和6年7月8日,令和6年7月8日,令和13年7月31日
924,東京都世田谷区池尻一丁目７番１９号,三宿タイニーテラスＢ１,Ｍｉｓｈｕｋｕ　ＡＮ,株式会社ＡＮ,-,3世保生食ほ第2180号,飲食店営業,令和4年3月11日,令和4年3月11日,令和10年3月31日
925,東京都世田谷区池尻一丁目７番１９号,三宿タイニービル１Ｆ,三宿ケべロス,ＫＥＶＥＬＯＳ株式会社,03-6450-7133,4世保生食ほ第1号,飲食店営業,令和4年4月12日,令和4年4月12日,令和11年4月30日
926,東京都世田谷区池尻一丁目７番１９号,三宿タイニーテラスＢ１Ｆ,ｇｙｐｓｙ,株式会社砂川工業,-,6世保生食ほ第671号,飲食店営業,令和6年8月16日,令和6年8月16日,令和12年8月31日
927,東京都世田谷区池尻一丁目７番１９号,三宿タイニーテラス２階,ｒｏｍａｎ,有限会社スリーエス,03-5789-8822,6世保生食ほ第1408号,飲食店営業,令和6年12月25日,令和6年12月25日,令和13年12月31日
928,東京都世田谷区池尻一丁目８番８号,-,シーブリーズ,***,5486-1568,2世保生食ほ第2119号,飲食店営業,平成27年2月19日,令和3年3月1日,令和9年2月28日
929,東京都世田谷区池尻一丁目９番４号,-,一隆,***,3422-7005,2世保生食ほ第72号,飲食店営業,平成6年7月14日,令和2年8月1日,令和9年7月31日
930,東京都世田谷区池尻一丁目９番１０号,-,ローソン池尻一丁目店,有限会社岩崎企画,03-3424-0515,2世保生食ほ第1784号,飲食店営業,令和2年12月4日,令和2年12月4日,令和9年12月31日
931,東京都世田谷区池尻一丁目９番１０号,-,ローソン池尻一丁目店,有限会社岩崎企画,03-3424-0515,2世保生食ほ第1785号,菓子製造業,令和2年12月4日,令和2年12月4日,令和9年12月31日
932,東京都世田谷区池尻一丁目９番１１号,-,世田谷ラ・ボエム,株式会社グローバル・ダイニング,5486-3700,5世保生食ほ第1281号,飲食店営業,令和5年12月1日,令和5年12月1日,令和11年11月30日
933,東京都世田谷区池尻一丁目１０番８号,-,有限会社　瓢亭,有限会社瓢亭,03-5787-6995,3世保生食ほ第1283号,飲食店営業,令和3年11月1日,令和3年11月1日,令和9年10月31日
934,東京都世田谷区池尻一丁目１０番８号,-,ひさごや,***,-,5世保生食ほ第1931号,菓子製造業,令和6年4月16日,令和6年4月16日,令和12年4月30日
935,東京都世田谷区池尻一丁目１１番１号,-,Ｏｌｕ　’ｏｌｕ　ｃａｆｅ,***,03-3795-6060,3世保生食ほ第2252号,飲食店営業,令和4年4月1日,令和4年4月1日,令和10年3月31日
936,東京都世田谷区池尻一丁目１１番８号,和光ハイム１０３,ＥＬＮＩＤＯ,株式会社ＫＩＶＡ,03-6450-7637,3世保生食ほ第1776号,飲食店営業,令和4年1月1日,令和4年1月1日,令和9年12月31日
937,東京都世田谷区池尻一丁目１１番８号,和光ハイム１０５号,鳥とみ,***,03-6805-5283,6世保生食ほ第793号,飲食店営業,令和6年9月6日,令和6年9月6日,令和12年9月30日
938,東京都世田谷区池尻一丁目１１番１０号,サンヴィレッジ３２　Ｂ１Ｆ,ＭＥＲ,合同会社３Ｍ,-,3世保生食ほ第1264号,飲食店営業,令和3年9月29日,令和3年9月29日,令和10年9月30日
939,東京都世田谷区池尻一丁目１１番１０号,サンビレッジ３２　Ｂ１Ｆ,ＣＲＥＡＴＥＲＮＡ,***,-,7世保生食ほ第285号,飲食店営業,令和7年7月2日,令和7年7月2日,令和14年7月31日
940,東京都世田谷区池尻一丁目１１番１２号,パレ・ド・ジュネス２Ｆ,やきとり　児玉,株式会社まさ吉,5787-8606,7世保生食ほ第314号,飲食店営業,令和7年6月1日,令和7年6月1日,令和14年5月31日
941,東京都世田谷区池尻二丁目３番１１号,池尻健康増進交流施設３Ｆ,せたがや　がやがや館　アルトマーレ,株式会社オーエンス,6450-7918,6世保生食ほ第1795号,飲食店営業,令和7年3月14日,令和7年3月14日,令和14年3月31日
942,東京都世田谷区池尻二丁目４番５号,ＨＯＭＥ／ＷＯＲＫ　ＶＩＬＬＡＧＥ　１０８,ｎａｍｉｄａ,***,-,7世保生食ほ第338号,飲食店営業,令和7年8月5日,令和7年8月5日,令和14年8月31日
943,東京都世田谷区池尻二丁目４番５号,ＨＯＭＥ／ＷＯＲＫ　ＶＩＬＬＡＧＥ　１０８,ｎａｍｉｄａ,***,-,7世保生食ほ第339号,菓子製造業,令和7年8月5日,令和7年8月5日,令和14年8月31日
944,東京都世田谷区池尻二丁目４番５号,ＨＯＭＥ／ＷＯＲＫ　ＶＩＬＬＡＧＥ　１０８,ｎａｍｉｄａ,***,-,7世保生食ほ第340号,麺類製造業,令和7年8月5日,令和7年8月5日,令和14年8月31日
945,東京都世田谷区池尻二丁目４番５号,ＨＯＭＥ／ＷＯＲＫ　ＶＩＬＬＡＧＥ　１０８,ｎａｍｉｄａ,***,-,7世保生食ほ第341号,そうざい製造業,令和7年8月5日,令和7年8月5日,令和14年8月31日
946,東京都世田谷区池尻二丁目４番５号,ＨＯＭＥ／ＷＯＲＫ　ＶＩＬＬＡＧＥ　１１８区画,Ｍａｒｋｅｄ　池尻,株式会社ＷＡＴ,03-5787-8708,7世保生食ほ第403号,飲食店営業,令和7年7月11日,令和7年7月11日,令和14年7月31日
947,東京都世田谷区池尻二丁目４番５号,１階窓口,とつとつと,方方株式会社,03-6450-8131,7世保生食ほ第503号,飲食店営業,令和7年7月17日,令和7年7月17日,令和13年7月31日
948,東京都世田谷区池尻二丁目４番５号,ＨＯＭＥ／ＷＯＲＫ　ＶＩＬＬＡＧＥ　１１２,洋食ａｐｉ,株式会社２ＴＡＰＳ,03-6450-9902,7世保生食ほ第505号,飲食店営業,令和7年7月16日,令和7年7月16日,令和14年7月31日
949,東京都世田谷区池尻二丁目４番５号,ｈｏｍｅ／ｗｏｒｋ　ｖｉｌｌａｇｅ　１１０区画,Ａｆｔｅｒ　Ｓｃｈｏｏｌ　Ｂｒｅｗｅｒｙ,三宿ビール合同会社,03-4400-8075,7世保生食ほ第751号,飲食店営業,令和7年9月17日,令和7年9月17日,令和14年9月30日
950,東京都世田谷区池尻二丁目４番５号,ｈｏｍｅ／ｗｏｒｋ　ｖｉｌｌａｇｅ　１１０区画,Ａｆｔｅｒ　Ｓｃｈｏｏｌ　Ｂｒｅｗｅｒｙ,三宿ビール合同会社,03-4400-8075,7世保生食ほ第752号,酒類製造業,令和7年12月5日,令和7年12月5日,令和14年9月30日
951,東京都世田谷区池尻二丁目４番５号,ＨＯＭＥ／ＷＯＲＫ　ＶＩＬＬＡＧＥ　１１７,ＨＯＭＥ／ＷＯＲＫ　ＫＩＴＣＨＥＮ,方方株式会社,03-6450-8131,7世保生食ほ第965号,飲食店営業,令和7年10月9日,令和7年10月9日,令和14年10月31日
952,東京都世田谷区池尻二丁目４番５号,ＨＯＭＥ／ＷＯＲＫ　ＶＩＬＬＡＧＥ　１１７,ＨＯＭＥ／ＷＯＲＫ　ＫＩＴＣＨＥＮ,方方株式会社,03-6450-8131,7世保生食ほ第974号,菓子製造業,令和7年10月9日,令和7年10月9日,令和14年10月31日
953,東京都世田谷区池尻二丁目４番５号,ＨＯＭＥ／ＷＯＲＫ　ＶＩＬＬＡＧＥ　１１７,ＨＯＭＥ／ＷＯＲＫ　ＫＩＴＣＨＥＮ,方方株式会社,03-6450-8131,7世保生食ほ第975号,そうざい製造業,令和7年10月9日,令和7年10月9日,令和14年10月31日
954,東京都世田谷区池尻二丁目４番５号,１１７区画,ＣＡＮ　／　ＨＯＭＥ／ＷＯＲＫ　ＫＩＴＣＨＥＮ,***,03-6450-8131,7世保生食ほ第1897号,飲食店営業,令和8年3月26日,令和8年3月26日,令和15年3月31日
955,東京都世田谷区池尻二丁目４番５号,１１７区画,ＣＡＮ　／　ＨＯＭＥ／ＷＯＲＫ　ＫＩＴＣＨＥＮ,***,03-6450-8131,7世保生食ほ第1898号,菓子製造業,令和8年3月26日,令和8年3月26日,令和15年3月31日
956,東京都世田谷区池尻二丁目４番１０号,-,世田谷区立池尻小学校,株式会社ＨＩＴＯＷＡ,3424-2410,3世保生食ほ第290号,飲食店営業,令和3年4月30日,令和3年4月30日,令和10年4月30日
957,東京都世田谷区池尻二丁目７番１２号,Ｂ１Ｆ,サンデー,***,6413-8055,7世保生食ほ第584号,飲食店営業,令和7年9月1日,令和7年9月1日,令和14年8月31日
958,東京都世田谷区池尻二丁目７番１２号,-,ＳＵＮＤＡＹ,***,6413-8055,3世保生食ほ第137号,飲食店営業,平成27年4月28日,令和3年5月1日,令和9年4月30日
959,東京都世田谷区池尻二丁目８番３号,-,オステリア　オルト,***,5787-5070,6世保生食ほ第149号,飲食店営業,令和6年5月9日,令和6年5月9日,令和12年5月31日
960,東京都世田谷区池尻二丁目８番７号,ペアハイツ１０３,うちごはん,株式会社パワーレックス,-,5世保生食ほ第1615号,飲食店営業,令和6年4月1日,令和6年4月1日,令和12年3月31日
961,東京都世田谷区池尻二丁目９番８号,エンドウビル１Ｆ,サモワール,有限会社サモワール,3487-0691,2世保生食ほ第778号,飲食店営業,平成19年8月21日,令和2年9月1日,令和8年8月31日
962,東京都世田谷区池尻二丁目１５番８号,プラザ池尻１０２号,リンクフード池尻店,合同会社リンクフード,-,4世保生食ほ第1655号,飲食店営業,令和5年3月22日,令和5年3月22日,令和11年3月31日
963,東京都世田谷区池尻二丁目１６番１２号,トリロジー中川１０１号,鮨　おさ内,***,03-3414-0511,2世保生食ほ第2438号,飲食店営業,平成19年3月13日,令和3年4月1日,令和10年3月31日
964,東京都世田谷区池尻二丁目１８番８号,-,朱々（ＣｈｏｕＣｈｏｕ）,ＤＥＩ株式会社,03-6884-4036,2世保生食ほ第2611号,飲食店営業,令和3年3月8日,令和3年3月8日,令和9年3月31日
965,東京都世田谷区池尻二丁目１８番８号,-,朱々（ＣｈｏｕＣｈｏｕ）,ＤＥＩ株式会社,03-6884-4036,3世保生食ほ第22号,食肉販売業,令和3年4月7日,令和3年4月7日,令和9年4月30日
966,東京都世田谷区池尻二丁目１８番８号,-,朱々（ＣｈｏｕＣｈｏｕ）,ＤＥＩ株式会社,03-6884-4036,3世保生食ほ第427号,そうざい製造業,令和3年5月31日,令和3年5月31日,令和9年5月31日
967,東京都世田谷区池尻二丁目１９番７号,レザン池尻Ｂ１,ＢＡＴＡＲＤ　Ｐｃａ,ＢＡＴＡＲＤ　Ｐｃａ有限会社,5486-4631,6世保生食ほ第501号,飲食店営業,令和6年7月18日,令和6年7月18日,令和13年7月31日
968,東京都世田谷区池尻二丁目２０番８号,-,カラオケ居酒屋おいしんぼ,***,3410-8294,2世保生食ほ第1316号,飲食店営業,平成3年10月14日,令和2年11月1日,令和8年10月31日
969,東京都世田谷区池尻二丁目２０番８号,-,やきとり　基久屋,***,3410-5929,31世保生食ほ第2724号,飲食店営業,平成2年5月14日,令和2年6月1日,令和8年5月31日
970,東京都世田谷区池尻二丁目２０番９号,スパツィオＲ６５５　１Ｆ,Ｘ　Ｋｉｔｃｈｅｎ　池尻大橋店,株式会社Ｘ　Ｋｉｔｃｈｅｎ,-,2世保生食ほ第1829号,飲食店営業,令和2年12月11日,令和2年12月11日,令和8年12月31日
971,東京都世田谷区池尻二丁目２３番１１号,本館１階第２製菓実習室,Ｃａｆ　Ｌａ　Ｔａｂｌｅ本館,学校法人　食糧学院,3424-9113,2世保生食ほ第2602号,飲食店営業,平成19年3月22日,令和3年4月1日,令和10年3月31日
972,東京都世田谷区池尻二丁目２３番１１号,本館１階第２製菓実習室,Ｃａｆ　Ｌａ　Ｔａｂｌｅ本館,学校法人　食糧学院,3424-9113,2世保生食ほ第2603号,菓子製造業,平成19年3月22日,令和3年4月1日,令和10年3月31日
973,東京都世田谷区池尻二丁目２３番１１号,第一校舎３Ｆ,第一校舎３Ｆ調理実習室,学校法人　食糧学院,3424-9113,30世保生食ほ第2541号,飲食店営業,平成24年4月26日,令和元年5月1日,令和8年4月30日
974,東京都世田谷区池尻二丁目２３番１１号,第一校舎３Ｆ,第一校舎３Ｆ調理実習室,学校法人　食糧学院,3424-9113,30世保生食ほ第2542号,菓子製造業,平成24年4月26日,令和元年5月1日,令和8年4月30日
975,東京都世田谷区池尻二丁目２３番１１号,第一校舎３Ｆ,第一校舎３Ｆ調理実習室,学校法人　食糧学院,3424-9113,6世保生食ほ第33号,みそ又はしょうゆ製造業,令和6年4月11日,令和6年4月11日,令和13年4月30日
976,東京都世田谷区池尻二丁目２３番１１号,第一校舎３Ｆ,第一校舎３Ｆ調理実習室,学校法人　食糧学院,3424-9113,7世保生食ほ第1950号,飲食店営業,令和8年5月1日,令和8年5月1日,令和15年4月30日
977,東京都世田谷区池尻二丁目２３番１１号,第一校舎３Ｆ,第一校舎３Ｆ調理実習室,学校法人　食糧学院,3424-9113,7世保生食ほ第1951号,菓子製造業,令和8年5月1日,令和8年5月1日,令和15年4月30日
978,東京都世田谷区池尻二丁目２３番１１号,第三校舎１階,第三校舎　カフェ・ラターブル,学校法人　食糧学院,3424-9113,30世保生食ほ第2543号,飲食店営業,平成24年4月26日,令和元年5月1日,令和8年4月30日
979,東京都世田谷区池尻二丁目２３番１１号,第三校舎１階,第三校舎　カフェ・ラターブル,学校法人　食糧学院,3424-9113,7世保生食ほ第1952号,飲食店営業,令和8年5月1日,令和8年5月1日,令和15年4月30日
980,東京都世田谷区池尻二丁目２３番１１号,本館Ｂ１階給食経営管理実習室,本館Ｂ１・給食経営管理実習室,学校法人　食糧学院,3424-9113,30世保生食ほ第2544号,飲食店営業,平成24年4月26日,令和元年5月1日,令和8年4月30日
981,東京都世田谷区池尻二丁目２３番１１号,本館Ｂ１階給食経営管理実習室,本館Ｂ１・給食経営管理実習室,学校法人　食糧学院,3424-9113,7世保生食ほ第1953号,飲食店営業,令和8年5月1日,令和8年5月1日,令和15年4月30日
982,東京都世田谷区池尻二丁目２３番１１号,-,東京栄養食糧専門学校　第２校舎実習室,学校法人食糧学院,3424-9113,31世保生食ほ第1393号,菓子製造業,令和元年10月8日,令和元年10月8日,令和8年10月31日
983,東京都世田谷区池尻二丁目２６番６号,コーポ森１０１,池尻餃子．,株式会社アリガトウ島,03-6804-3467,3世保生食ほ第131号,飲食店営業,平成27年5月11日,令和3年6月1日,令和9年5月31日
984,東京都世田谷区池尻二丁目２６番６号,-,Ｐｏｒｔａ,***,03-6805-3010,7世保生食ほ第111号,飲食店営業,令和7年5月8日,令和7年5月8日,令和14年5月31日
985,東京都世田谷区池尻二丁目２６番７号,岡田ビル１階,おわん,有限会社ＷＡＮ　Ｃｏｒｐｏｒａｔｉｏｎ,5486-3844,3世保生食ほ第1487号,そうざい製造業,令和3年11月1日,令和3年11月1日,令和9年10月31日
986,東京都世田谷区池尻二丁目２６番７号,岡田ビル１階,おわん,有限会社ＷＡＮ　Ｃｏｒｐｏｒａｔｉｏｎ,5486-3844,3世保生食ほ第206号,飲食店営業,平成15年5月27日,令和3年6月1日,令和9年5月31日
987,東京都世田谷区池尻二丁目２６番９号,第５玉川ビル１０１,ラパン,***,-,6世保生食ほ第763号,飲食店営業,令和6年9月3日,令和6年9月3日,令和12年9月30日
988,東京都世田谷区池尻二丁目２７番４号,-,十方　鉄板焼,有限会社　十方,03-6450-7771,6世保生食ほ第1824号,飲食店営業,令和7年3月28日,令和7年3月28日,令和13年3月31日
989,東京都世田谷区池尻二丁目２７番７号,-,スターバックスコーヒー　　池尻２丁目店,スターバックスコーヒージャパン株式会社,03-5431-3957,7世保生食ほ第1813号,飲食店営業,令和8年4月1日,令和8年4月1日,令和14年3月31日
990,東京都世田谷区池尻二丁目２８番８号,-,ｍａｎｙ　ｍｏｒｅ　ｔｉｍｅｓ,株式会社碧屋,03-6450-9320,2世保生食ほ第901号,飲食店営業,令和2年9月1日,令和2年9月1日,令和8年8月31日
991,東京都世田谷区池尻二丁目３０番８号,-,ｐａｓｓｅ　ｔｅｍｐｓ,***,-,7世保生食ほ第380号,飲食店営業,令和7年6月20日,令和7年6月20日,令和13年6月30日
992,東京都世田谷区池尻二丁目３０番１１号,ＴＨＥ　ＦＩＲＳＴ　ＩＫＥＪＩＲＩ　１Ｆ,Ｗｈｉｔｅ　Ｍｏｎｋｅｙ　ｃｏｆｆｅｅ＆Ｂａｒ,株式会社Ｗｈｉｔｅ　Ｍｏｎｋｅｙ,-,6世保生食ほ第999号,飲食店営業,令和6年10月8日,令和6年10月8日,令和13年10月31日
993,東京都世田谷区池尻二丁目３０番１２号,ＯＳビル１０２,３４％,***,03-5787-5134,3世保生食ほ第403号,飲食店営業,平成27年5月11日,令和3年6月1日,令和9年5月31日
994,東京都世田谷区池尻二丁目３０番１３号,-,堀内,***,5787-5429,5世保生食ほ第394号,飲食店営業,令和5年6月13日,令和5年6月13日,令和11年6月30日
995,東京都世田谷区池尻二丁目３０番１４号,-,東京すし和食調理専門学校,学校法人水野学園,03-5431-5961,5世保生食ほ第1477号,飲食店営業,令和6年2月1日,令和6年2月1日,令和13年1月31日
996,東京都世田谷区池尻二丁目３０番１４号,-,東京すし和食調理専門学校,学校法人水野学園,03-5431-5961,6世保生食ほ第282号,魚介類販売業,令和6年6月17日,令和6年6月17日,令和13年6月30日
997,東京都世田谷区池尻二丁目３１番１０号,-,セブンイレブン池尻大橋店,***,03-3424-1482,7世保生食ほ第110号,飲食店営業,令和7年5月22日,令和7年5月22日,令和14年5月31日
998,東京都世田谷区池尻二丁目３１番１７号,-,ＴＡＣＯＳ　Ｓｈｏｐ　池尻,株式会社Ｔｅｒｕ,-,2世保生食ほ第2646号,飲食店営業,令和3年3月26日,令和3年3月26日,令和9年3月31日
999,東京都世田谷区池尻二丁目３１番１７号,-,ＴＡＣＯＳ　Ｓｈｏｐ　池尻,株式会社Ｔｅｒｕ,-,2世保生食ほ第2647号,そうざい製造業,令和3年3月26日,令和3年3月26日,令和9年3月31日
1000,東京都世田谷区池尻二丁目３１番１７号,-,ＥＩＦＦＥＬ,***,-,7世保生食ほ第318号,飲食店営業,令和7年6月19日,令和7年6月19日,令和13年6月30日
1001,東京都世田谷区池尻二丁目３１番２３号,-,焼鳥　とり方,株式会社ガープ,3413-0790,3世保生食ほ第2403号,飲食店営業,令和4年5月1日,令和4年5月1日,令和10年4月30日
1002,東京都世田谷区池尻二丁目３１番２３号,ニュー池尻ビル２階,Ｗｈｉｍｓ　ｃｏｆｆｅｅ　ａｎｄ　ｂａｒ,株式会社Ｃｏｎｓｔｒｕｃｔ　ｆｉｌｍ　ｗｏｒｋｓ,-,5世保生食ほ第992号,飲食店営業,令和5年11月1日,令和5年11月1日,令和11年10月31日
1003,東京都世田谷区池尻二丁目３１番２３号,ニュー池尻ビルＢ１,ＭＵＳＩＣＢＡＲ　ｉ’ｌｌ　～アイル～,***,6450-7111,7世保生食ほ第684号,飲食店営業,令和7年10月1日,令和7年10月1日,令和13年9月30日
1004,東京都世田谷区池尻二丁目３１番２４号,信田ビル２Ｆ,ＢＰＭ,ＮＥＷ　ＳＴＡＮＤＡＲＤ株式会社,6427-0701,5世保生食ほ第1710号,飲食店営業,令和6年4月1日,令和6年4月1日,令和12年3月31日
1005,東京都世田谷区池尻二丁目３２番９号,ＧｒａｎＤｕｏ池尻Ｂｌｄｇ,だぐあうと,***,03-6450-8809,7世保生食ほ第352号,飲食店営業,令和7年7月1日,令和7年7月1日,令和13年6月30日
1006,東京都世田谷区池尻二丁目３３番７号,村山ビル１階,ＭＵＲＯ　ＬＵＣＡＮＯ,株式会社マルベリープラニング,-,6世保生食ほ第62号,飲食店営業,令和6年4月23日,令和6年4月23日,令和13年4月30日
1007,東京都世田谷区池尻二丁目３３番７号,村山ビル１階,ＭＵＲＯ　ＬＵＣＡＮＯ,株式会社マルベリープラニング,-,6世保生食ほ第63号,菓子製造業,令和6年4月23日,令和6年4月23日,令和13年4月30日
1008,東京都世田谷区池尻二丁目３３番８号,岩城マンション１０３号室,旬彩　なないろ,***,03-3410-6747,5世保生食ほ第184号,飲食店営業,令和5年5月1日,令和5年5月1日,令和11年4月30日
1009,東京都世田谷区池尻二丁目３３番８号,岩城マンション１０４号,Ｃａｓａｌｉｎｇａ,***,03-6804-0305,5世保生食ほ第1461号,飲食店営業,令和5年12月20日,令和5年12月20日,令和11年12月31日
1010,東京都世田谷区池尻二丁目３３番１０号,-,古畑病院,株式会社ＬＥＯＣ,6694-5709,3世保生食ほ第2440号,飲食店営業,令和4年5月1日,令和4年5月1日,令和11年4月30日
1011,東京都世田谷区池尻二丁目３４番１２号,シンエイビル１Ｆ,誠屋,株式会社Ｍ’ｓｃｏｒｐｏｒａｔｉｏｎ,3424-0733,4世保生食ほ第1637号,飲食店営業,令和5年3月1日,令和5年3月1日,令和11年2月28日
1012,東京都世田谷区池尻二丁目３４番１２号,シンエイ池尻ビル２Ｆ,ＯＫＡＤＡ　ＧＡＲＬＩＣ,***,03-6805-5092,5世保生食ほ第1797号,飲食店営業,令和6年4月1日,令和6年4月1日,令和12年3月31日
1013,東京都世田谷区池尻二丁目３４番１６号,１Ｆ左,ＢＡＲ　Ｊｕｌｅｐ,***,3422-7650,7世保生食ほ第1725号,飲食店営業,令和8年4月1日,令和8年4月1日,令和14年3月31日
1014,東京都世田谷区池尻二丁目３４番１６号,橋本ハウス１Ｆ奥,ａｍｐ,ａｍｐ株式会社,-,5世保生食ほ第1251号,飲食店営業,令和5年11月16日,令和5年11月16日,令和11年11月30日
1015,東京都世田谷区池尻二丁目３６番５号,１Ｆ,ＬｉＬｉＢＥＴ,有限会社エリコエフカンパニー,6805-3349,4世保生食ほ第678号,飲食店営業,令和4年9月1日,令和4年9月1日,令和11年8月31日
1016,東京都世田谷区池尻二丁目３６番１１号,-,大衆イタリア酒場　ダビンチ,ｅｎｊｏｙｎｔ株式会社,6453-1874,2世保生食ほ第350号,飲食店営業,令和2年5月19日,令和2年5月19日,令和8年5月31日
1017,東京都世田谷区池尻二丁目３６番１１号,-,大衆イタリア酒場　ダビンチ,ｅｎｊｏｙｎｔ株式会社,6453-1874,2世保生食ほ第351号,そうざい製造業,令和2年5月19日,令和2年5月19日,令和8年5月31日
1018,東京都世田谷区池尻二丁目３６番１１号,-,中華そば　千乃鶏,株式会社萬福フードサービス,03-6805-3536,3世保生食ほ第2194号,飲食店営業,令和4年3月16日,令和4年3月16日,令和11年3月31日
1019,東京都世田谷区池尻二丁目３７番３号,エスポワール１階,ピザーラ三軒茶屋店,株式会社フィフティーズ,03-3414-1451,6世保生食ほ第28号,飲食店営業,令和6年4月12日,令和6年4月12日,令和13年4月30日
1020,東京都世田谷区池尻二丁目３７番１０号,石井ビル１Ｆ,焼肉六甲園,株式会社三力商事,6805-5529,2世保生食ほ第1366号,飲食店営業,令和2年10月19日,令和2年10月19日,令和9年10月31日
1021,東京都世田谷区池尻二丁目３７番７号,スカイビュー２４６　１Ｆ,デュ　バリー,***,03-6450-8177,6世保生食ほ第40号,飲食店営業,令和6年4月23日,令和6年4月23日,令和13年4月30日
1022,東京都世田谷区池尻二丁目３７番１５号,桃仙ビル１・２階,ｃａｆｅ＆ｂａｒ　ＭＩＥＬ,***,5787-8793,31世保生食ほ第575号,飲食店営業,令和元年6月25日,令和元年6月25日,令和8年6月30日
1023,東京都世田谷区池尻二丁目３７番１５号,桃仙ビル１・２階,ｃａｆｅ＆ｂａｒ　ＭＩＥＬ,***,5787-8793,31世保生食ほ第578号,菓子製造業,令和元年6月25日,令和元年6月25日,令和8年6月30日
1024,東京都世田谷区池尻二丁目３７番１６号,ハピネス池尻１Ｆ,セブンイレブン世田谷池尻２丁目店,***,3419-2356,31世保生食ほ第2369号,飲食店営業,平成18年2月13日,令和2年3月1日,令和9年2月28日
1025,東京都世田谷区池尻二丁目３７番１６号,２０１,世田谷ワインレストラン　セタ,株式会社カートエンターテイメント,5787-6711,3世保生食ほ第1902号,飲食店営業,令和4年2月1日,令和4年2月1日,令和10年1月31日
1026,東京都世田谷区池尻二丁目３７番２０号,-,弧虎,株式会社Ｃｒａｓｓｕｌａ,03-6804-0057,7世保生食ほ第1118号,飲食店営業,令和7年11月5日,令和7年11月5日,令和14年11月30日
1027,東京都世田谷区池尻三丁目１番３号,武藤工業本社ビルＢ１Ｆ,プロント池尻大橋店,株式会社宏有,5486-1158,3世保生食ほ第1772号,飲食店営業,令和3年12月15日,令和3年12月15日,令和10年12月31日
1028,東京都世田谷区池尻三丁目１番３号,ＭＵＴＯＨ池尻ビルＢ１Ｆ,ファミリーマート池尻大橋店,高橋商店合同会社,03-5779-8520,6世保生食ほ第1309号,飲食店営業,令和6年12月11日,令和6年12月11日,令和13年12月31日
1029,東京都世田谷区池尻三丁目１番１２号,-,ローソンＳ三菱ＵＦＪ銀行池尻ビル丸の内よろず店,株式会社ローソン,5431-3860,31世保生食ほ第2032号,喫茶店営業,令和2年1月15日,令和2年1月15日,令和9年1月31日
1030,東京都世田谷区池尻三丁目２番３号,サンケイグランドハイツ１０１号,居酒屋　そてつ,有限会社奄美商会,03-3419-2662,2世保生食ほ第2281号,飲食店営業,平成4年2月29日,令和3年3月1日,令和9年2月28日
1031,東京都世田谷区池尻三丁目２番３号,サンケイグランドハイツ１０２号,池尻蕎麦,有限会社タカヤ企画,-,31世保生食ほ第7号,飲食店営業,平成31年4月4日,平成31年4月4日,令和8年4月30日
1032,東京都世田谷区池尻三丁目２番３号,サンケイグランドハイツ１０２号,池尻蕎麦,***,-,2世保生食ほ第612号,飲食店営業,令和2年7月10日,令和2年7月10日,令和9年7月31日
1033,東京都世田谷区池尻三丁目２番４号,-,山正,***,-,2世保生食ほ第2470号,飲食店営業,令和3年3月11日,令和3年3月11日,令和9年3月31日
1034,東京都世田谷区池尻三丁目２番５号,コンフィアンス流来Ｂ１,池尻　ぶらいあん,***,5787-5392,31世保生食ほ第1224号,飲食店営業,令和元年10月2日,令和元年10月2日,令和8年10月31日
1035,東京都世田谷区池尻三丁目２番５号,コンフィアンス流来地下１階Ｂ,喜臨軒,株式会社ＺＩＰＡＮＧＵ,5787-6982,2世保生食ほ第1950号,飲食店営業,令和3年1月18日,令和3年1月18日,令和10年1月31日
1036,東京都世田谷区池尻三丁目２番５号,コンフィアンス流来地下１階Ｂ,喜臨軒,株式会社ＺＩＰＡＮＧＵ,5787-6982,2世保生食ほ第1951号,菓子製造業,令和3年1月18日,令和3年1月18日,令和10年1月31日
1037,東京都世田谷区池尻三丁目２番５号,コンフィアンス流来１階Ｂ号室,池尻居髪店,株式会社エヌイーエス,03-6450-7510,4世保生食ほ第355号,飲食店営業,令和4年6月9日,令和4年6月9日,令和11年6月30日
1038,東京都世田谷区池尻三丁目３番２号,-,ハタカノミヤ,株式会社エヌイーエス,03-5787-8733,6世保生食ほ第1220号,飲食店営業,令和6年11月20日,令和6年11月20日,令和12年11月30日
1039,東京都世田谷区池尻三丁目３番３号,グレイス池尻大橋Ｂ１,三葉洞,***,3412-6574,2世保生食ほ第2232号,飲食店営業,昭和60年2月27日,令和3年3月1日,令和9年2月28日
1040,東京都世田谷区池尻三丁目３番３号,グレイス池尻１階,花しずく,株式会社花しずく,03-3795-8622,2世保生食ほ第1816号,飲食店営業,平成26年12月26日,令和3年1月1日,令和8年12月31日
1041,東京都世田谷区池尻三丁目４番２号,-,串むすび・ひいな,株式会社ラホス,6805-2858,5世保生食ほ第1866号,飲食店営業,令和6年4月1日,令和6年4月1日,令和13年3月31日
1042,東京都世田谷区池尻三丁目４番２号,ＳＳビル　Ｂ１Ｆ,＃ｃｈｏｒｄ＿,ひよこファイターｍｕｓｉｃ合同会社,-,6世保生食ほ第1185号,飲食店営業,令和6年11月21日,令和6年11月21日,令和12年11月30日
1043,東京都世田谷区池尻三丁目４番５号,-,ｂａｒ　Ｓｔｕｎｎｉｎｇ　Ｍｏｏｎ,有限会社リービルフーズ,03-5431-3850,3世保生食ほ第1723号,飲食店営業,令和4年1月1日,令和4年1月1日,令和10年12月31日
1044,東京都世田谷区池尻三丁目４番５号,大江ビルＢ１,ＫＩＴＣＨＥＮ　４０１,ギルド株式会社,03-6805-2552,3世保生食ほ第270号,飲食店営業,令和3年4月28日,令和3年4月28日,令和9年4月30日
1045,東京都世田谷区池尻三丁目５番１３号,-,泉州会館テスティパル事業所,株式会社テスティパル,3412-2520,30世保生食ほ第2578号,飲食店営業,平成10年4月6日,令和元年5月1日,令和8年4月30日
1046,東京都世田谷区池尻三丁目５番１３号,-,泉州会館テスティパル事業所,株式会社テスティパル,3412-2520,7世保生食ほ第1964号,飲食店営業,令和8年5月1日,令和8年5月1日,令和15年4月30日
1047,東京都世田谷区池尻三丁目５番２２号,グレースマンション１Ｆ,Ｌｉｅｎ,合同会社Ｌｉｅｎ,03-6413-8552,4世保生食ほ第2015号,飲食店営業,令和5年4月6日,令和5年4月6日,令和12年4月30日
1048,東京都世田谷区池尻三丁目７番３号,-,ＯＦＳ．ＴＯＫＹＯ,ＯＵＲ　ＦＡＶＯＵＲＩＴＥ　ＳＨＯＰ株式会社,03-6677-0575,5世保生食ほ第106号,飲食店営業,令和5年4月28日,令和5年4月28日,令和11年4月30日
1049,東京都世田谷区池尻三丁目８番１号,フィールズ池尻１階,Ｕｒａｄａｎａ,***,3422-0580,7世保生食ほ第246号,飲食店営業,令和7年7月1日,令和7年7月1日,令和14年6月30日
1050,東京都世田谷区池尻三丁目１０番３号,-,三菱電機世田谷寮,三菱電機ライフサービス株式会社,03-3422-0714,3世保生食ほ第166号,飲食店営業,平成12年5月26日,令和3年6月1日,令和10年5月31日
1051,東京都世田谷区池尻三丁目１３番１号,コーポウィルロウン１階,アジアンブリーズ,株式会社アジアンブリーズ,5486-6320,3世保生食ほ第250号,飲食店営業,平成15年5月20日,令和3年6月1日,令和9年5月31日
1052,東京都世田谷区池尻三丁目１３番２号,秀和ハウス１階Ｂ館,季節の手料理　吟家,***,3424-4545,2世保生食ほ第1967号,飲食店営業,平成21年1月15日,令和3年2月1日,令和9年1月31日
1053,東京都世田谷区池尻三丁目１５番１号,-,酒場ターコイズ,株式会社歩幸商会,03-6881-3137,5世保生食ほ第619号,飲食店営業,令和5年8月24日,令和5年8月24日,令和11年8月31日
1054,東京都世田谷区池尻三丁目１６番２号,-,可,株式会社アクアダイニング,3413-9000,2世保生食ほ第2239号,食肉販売業,令和3年2月10日,令和3年2月10日,令和10年2月29日
1055,東京都世田谷区池尻三丁目１６番２号,-,可,株式会社アクアダイニング,3413-9000,4世保生食ほ第1238号,飲食店営業,令和4年12月1日,令和4年12月1日,令和11年11月30日
1056,東京都世田谷区池尻三丁目１６番３号,-,ルリイロ,株式会社コローリ,03-5787-6662,4世保生食ほ第87号,飲食店営業,令和4年5月1日,令和4年5月1日,令和10年4月30日
1057,東京都世田谷区池尻三丁目１６番５号,ｔｒｕｔｈｉｋｅｊｉｒｉ１０１,Ｐａｓｔａ　Ａｌｂａ,株式会社ＡＬＢＡ　ＭＡＤＥ,03-6805-2723,3世保生食ほ第13号,飲食店営業,令和3年4月9日,令和3年4月9日,令和9年4月30日
1058,東京都世田谷区池尻三丁目１７番１２号,-,河豚鮮,***,3414-8811,7世保生食ほ第888号,飲食店営業,令和7年10月14日,令和7年10月14日,令和13年10月31日
1059,東京都世田谷区池尻三丁目１７番１２号,Ｂ１,アジト,株式会社ウルトラレート,-,6世保生食ほ第1861号,飲食店営業,令和7年3月21日,令和7年3月21日,令和13年3月31日
1060,東京都世田谷区池尻三丁目１８番１号,-,池坊,***,03-5432-9810,2世保生食ほ第407号,飲食店営業,令和2年6月1日,令和2年6月1日,令和8年5月31日
1061,東京都世田谷区池尻三丁目１８番２号,-,宝録堂食品工業有限会社“ホーチャン”,宝録堂食品工業有限会社,3421-6688,31世保生食ほ第2524号,飲食店営業,平成6年5月9日,令和2年6月1日,令和9年5月31日
1062,東京都世田谷区池尻三丁目１８番２号,-,宝録堂食品工業有限会社,宝録堂食品工業有限会社,3421-6688,3世保生食ほ第1210号,麺類製造業,令和3年10月1日,令和3年10月1日,令和9年9月30日
1063,東京都世田谷区池尻三丁目１８番３号,-,奥吉,***,3414-7211,3世保生食ほ第913号,飲食店営業,令和3年9月1日,令和3年9月1日,令和9年8月31日
1064,東京都世田谷区池尻三丁目１８番３号,-,奥吉,***,3414-7211,3世保生食ほ第914号,食肉販売業,令和3年9月1日,令和3年9月1日,令和9年8月31日
1065,東京都世田谷区池尻三丁目１８番４号,ＭＩＮＯＷＡ　ＩＫＥＪＩＲＩ　２階,Ｊｏｈｎ,株式会社エスアールシー,-,6世保生食ほ第1636号,飲食店営業,令和7年2月26日,令和7年2月26日,令和14年2月29日
1066,東京都世田谷区池尻三丁目１８番１４号,-,ファミリーマート　池尻三丁目店,株式会社リレーションズ,03-5433-8980,4世保生食ほ第1198号,飲食店営業,令和4年11月4日,令和4年11月4日,令和11年11月30日
1067,東京都世田谷区池尻三丁目１８番１６号,ハイツ旭１Ｆ,成味屋,***,3411-3828,2世保生食ほ第62号,飲食店営業,平成26年6月24日,令和2年7月1日,令和9年6月30日
1068,東京都世田谷区池尻三丁目１８番１６号,-,Ｐｒｉｖｅ　ｄｅ　Ｌｉｅｎ,合同会社Ｌｉｅｎ,03-6413-8552,6世保生食ほ第298号,飲食店営業,令和6年5月31日,令和6年5月31日,令和13年5月31日
1069,東京都世田谷区池尻三丁目１９番３号,ベルエアービル３Ｆ,アルルカン,***,3414-5051,5世保生食ほ第598号,飲食店営業,令和5年7月21日,令和5年7月21日,令和11年7月31日
1070,東京都世田谷区池尻三丁目１９番３号,-,とりビアー池尻大橋店,株式会社オネストツリーズ,5787-5488,6世保生食ほ第973号,飲食店営業,令和6年10月3日,令和6年10月3日,令和13年10月31日
1071,東京都世田谷区池尻三丁目１９番３号,ベルエア―２Ｆ,居酒屋　笑吉,***,03-6310-4120,7世保生食ほ第1788号,飲食店営業,令和8年4月9日,令和8年4月9日,令和15年4月30日
1072,東京都世田谷区池尻三丁目１９番５号,-,みんなのぶた,株式会社マサキヨコーポレーション,5431-5787,2世保生食ほ第1709号,飲食店営業,平成19年12月20日,令和3年1月1日,令和8年12月31日
1073,東京都世田谷区池尻三丁目１９番２０号,リヒト池尻２・３Ｆ,Ｃａｆｅ　ｄｅ　みらい樹,有限会社マスター・プランニング,03-5432-9115,2世保生食ほ第2695号,飲食店営業,令和3年3月23日,令和3年3月23日,令和9年3月31日
1074,東京都世田谷区池尻三丁目２０番２号,-,しゃぶしゃぶ＆ステーキ八代井亭,有限会社大橋商店,3411-2911,4世保生食ほ第1951号,飲食店営業,令和5年5月1日,令和5年5月1日,令和11年4月30日
1075,東京都世田谷区池尻三丁目２０番２号,-,デイリーヤマザキ池尻店,山崎製パン株式会社,03-5481-2877,3世保生食ほ第1562号,飲食店営業,令和3年12月1日,令和3年12月1日,令和10年11月30日
1076,東京都世田谷区池尻三丁目２１番２５号,廣井産業ビル１階,池尻　浅野,***,03-6875-8508,5世保生食ほ第1713号,飲食店営業,令和6年4月1日,令和6年4月1日,令和12年3月31日
1077,東京都世田谷区池尻三丁目２１番２９号,ＴＯＹＡビルＢ１Ｂ,零,株式会社ネスタ,3421-4230,6世保生食ほ第1517号,飲食店営業,令和7年2月1日,令和7年2月1日,令和13年1月31日
1078,東京都世田谷区池尻三丁目２１番２９号,ＴＯＹＡビルＢ１－Ａ,ＲＯＯＭＳ,株式会社サワコーポレーションジャパン,03-6884-6965,4世保生食ほ第1714号,飲食店営業,令和5年3月1日,令和5年3月1日,令和11年2月28日
1079,東京都世田谷区池尻三丁目２１番２９号,ＴＯＹＡビル１０２,アジアン料理　アビスカ,株式会社ＤＨＡＵＬＡＧＩＲＩ,03-5787-6912,7世保生食ほ第697号,飲食店営業,令和7年9月1日,令和7年9月1日,令和13年8月31日
1080,東京都世田谷区池尻三丁目２１番３２号,池尻ビル１Ｆ,十方　立ち呑み,有限会社レインボープロダクツ,5432-9988,31世保生食ほ第2664号,飲食店営業,令和2年3月5日,令和2年3月5日,令和9年3月31日
1081,東京都世田谷区池尻三丁目２１番３３号,セリーヌ池尻大橋１Ｆ,Ｄｏｎ　Ｇｉｏｖａｎｎｉ,サン・ニコロ株式会社,6453-2697,3世保生食ほ第1427号,そうざい製造業,令和3年10月20日,令和3年10月20日,令和10年10月31日
1082,東京都世田谷区池尻三丁目２１番３３号,セリーヌ池尻大橋１Ｆ,Ｄｏｎ　Ｇｉｏｖａｎｎｉ,サン・ニコロ株式会社,6453-2697,3世保生食ほ第1428号,菓子製造業,令和3年10月20日,令和3年10月20日,令和10年10月31日
1083,東京都世田谷区池尻三丁目２１番３３号,セリーヌ池尻大橋１Ｆ,Ｄｏｎ　Ｇｉｏｖａｎｎｉ,サン・ニコロ株式会社,6453-2697,31世保生食ほ第2615号,飲食店営業,平成25年4月8日,令和2年5月1日,令和9年4月30日
1084,東京都世田谷区池尻三丁目２２番３号,-,三宿Ｂａｒ　３－２２－３,株式会社ミナミ,3421-3608,7世保生食ほ第1600号,飲食店営業,令和8年3月1日,令和8年3月1日,令和15年2月28日
1085,東京都世田谷区池尻三丁目２２番４号,-,餃子の王将　ジョイ・ナーホ池尻大橋店,株式会社王将フードサービス,03-3418-1587,3世保生食ほ第628号,飲食店営業,令和3年6月16日,令和3年6月16日,令和10年6月30日
1086,東京都世田谷区池尻三丁目２３番２号,-,セブンイレブン世田谷池尻３丁目店,***,3413-8706,3世保生食ほ第548号,飲食店営業,令和3年6月15日,令和3年6月15日,令和9年6月30日
1087,東京都世田谷区池尻三丁目２３番５号,-,ＨＯＴＥＬ　Ｌｅｅ,有限会社リービルフーズ,5712-3587,31世保生食ほ第1587号,飲食店営業,令和元年10月29日,令和元年10月29日,令和8年10月31日
1088,東京都世田谷区池尻三丁目２３番５号,ＳＧビル１階,Ｃａｖａ？,株式会社ＢｏｏＳＴＡＲ,03-3412-0777,4世保生食ほ第1265号,飲食店営業,令和4年12月5日,令和4年12月5日,令和10年12月31日
1089,東京都世田谷区池尻三丁目２３番５号,ＳＧビル２階,Ｂａｒ　Ｃａｖａ？,株式会社ＢｏｏＳＴＡＲ,03-3418-0888,7世保生食ほ第1594号,飲食店営業,令和8年2月5日,令和8年2月5日,令和14年2月29日
1090,東京都世田谷区池尻三丁目２４番２号,ヴィラネージュ１０１,ＨＯＮＥＹ　ＢＥＥ（ハニー・ビー）,有限会社ハニー・ビー・カンパニー,3421-1540,3世保生食ほ第1号,飲食店営業,平成9年4月4日,令和3年5月1日,令和9年4月30日
1091,東京都世田谷区池尻三丁目２４番２号,ビラネージュ１０３号,ＶＩＶＩＡＮ．Ｂ,***,5787-8025,3世保生食ほ第161号,飲食店営業,平成27年6月1日,令和3年6月1日,令和9年5月31日
1092,東京都世田谷区池尻三丁目２４番２号,ビラネージュ１０３号,ＶＩＶＩＡＮ．Ｂ,***,5787-8025,3世保生食ほ第162号,菓子製造業,平成27年6月1日,令和3年6月1日,令和9年5月31日
1093,東京都世田谷区池尻三丁目２５番１８号,-,Ｓｌａｎｔ／ギャングガパオ,***,-,7世保生食ほ第941号,飲食店営業,令和7年10月10日,令和7年10月10日,令和13年10月31日
1094,東京都世田谷区池尻三丁目２７番１０号,榎本ビル２　１０１,ラ・テール　洋菓子店,株式会社ラ・テール,5486-5489,6世保生食ほ第645号,菓子製造業,令和6年9月1日,令和6年9月1日,令和13年8月31日
1095,東京都世田谷区池尻三丁目２７番１０号,榎本ビル２　１０１,ラ・テール　洋菓子店,株式会社ラ・テール,5486-5489,7世保生食ほ第735号,飲食店営業,令和7年9月1日,令和7年9月1日,令和13年8月31日
1096,東京都世田谷区池尻三丁目２７番１０号,榎本ビル２　１０２,ラ・テール,株式会社ラ・テール,3418-2821,6世保生食ほ第646号,菓子製造業,令和6年9月1日,令和6年9月1日,令和13年8月31日
1097,東京都世田谷区池尻三丁目２７番１１号,-,オーケー池尻大橋店,オーケー株式会社,5787-5087,7世保生食ほ第149号,飲食店営業,令和7年6月1日,令和7年6月1日,令和14年5月31日
1098,東京都世田谷区池尻三丁目２７番１１号,-,オーケー池尻大橋店,オーケー株式会社,5787-5087,7世保生食ほ第150号,飲食店営業,令和7年6月1日,令和7年6月1日,令和14年5月31日
1099,東京都世田谷区池尻三丁目２７番１１号,-,オーケー池尻大橋店,オーケー株式会社,5787-5087,7世保生食ほ第151号,飲食店営業,令和7年6月1日,令和7年6月1日,令和14年5月31日
1100,東京都世田谷区池尻三丁目２７番１１号,-,オーケー池尻大橋店,オーケー株式会社,5787-5087,7世保生食ほ第152号,食肉販売業,令和7年6月1日,令和7年6月1日,令和14年5月31日
1101,東京都世田谷区池尻三丁目２７番１１号,-,オーケー池尻大橋店,オーケー株式会社,5787-5087,7世保生食ほ第153号,魚介類販売業,令和7年6月1日,令和7年6月1日,令和14年5月31日
1102,東京都世田谷区池尻三丁目２７番２４号,-,株式会社オオゼキ池尻店,株式会社オオゼキ,0354316588,31世保生食ほ第698号,食肉販売業,平成24年7月26日,令和元年8月1日,令和8年7月31日
1103,東京都世田谷区池尻三丁目２７番２４号,-,株式会社オオゼキ池尻店,株式会社オオゼキ,0354316588,31世保生食ほ第699号,魚介類販売業,平成24年7月26日,令和元年8月1日,令和8年7月31日
1104,東京都世田谷区池尻三丁目２７番２４号,-,株式会社オオゼキ池尻店,株式会社オオゼキ,0354316588,6世保生食ほ第778号,飲食店営業,令和6年9月10日,令和6年9月10日,令和13年9月30日
1105,東京都世田谷区池尻三丁目２７番２４号,-,寿司の美登利池尻店,株式会社梅丘寿司の美登利総本店,3419-6051,31世保生食ほ第586号,飲食店営業,平成24年7月26日,令和元年8月1日,令和8年7月31日
1106,東京都世田谷区池尻三丁目２７番２４号,-,イーズデリオオゼキ池尻店,カネ美食品株式会社,03-5779-7270,6世保生食ほ第320号,飲食店営業,令和6年5月31日,令和6年5月31日,令和13年5月31日
1107,東京都世田谷区池尻三丁目２８番６号,ファーストアミューズビル１Ｆ奥,ＢＡＲ　ＫＯ１,***,3487-5001,4世保生食ほ第1318号,飲食店営業,令和4年12月1日,令和4年12月1日,令和10年11月30日
1108,東京都世田谷区池尻三丁目２８番６号,ファーストアミューズビル３Ｆ,トライアングル,ＤＥＬＴＡ株式会社,3411-3722,4世保生食ほ第1292号,飲食店営業,令和4年12月1日,令和4年12月1日,令和10年11月30日
1109,東京都世田谷区池尻三丁目２８番６号,ファーストアミューズＢ１－Ａ,Ｋａｒａｏｋｅ＆Ｂａｒ　Ｗａｎｄｅｒｌｕｓｔ,株式会社ワンダーラスト,03-6450-8037,6世保生食ほ第1434号,飲食店営業,令和7年1月20日,令和7年1月20日,令和14年1月31日
1110,東京都世田谷区池尻三丁目２８番６号,ファーストアミューズビル３階,十方　鮨,有限会社十方,6804-0444,7世保生食ほ第1436号,飲食店営業,令和8年2月1日,令和8年2月1日,令和14年1月31日
1111,東京都世田谷区池尻三丁目２８番６号,ファーストアミューズ２Ｆ－Ａ,Ｒｏｕｎｇｅ　ＭＡＹＡ,株式会社ＭＡＹＡ,6805-5119,2世保生食ほ第1137号,飲食店営業,令和2年9月24日,令和2年9月24日,令和8年9月30日
1112,東京都世田谷区池尻三丁目２８番６号,ファーストアミューズビルＢ１－Ｂ,Ｋａｒａｏｋｅ＆Ｌｏｕｎｇｅ　Ｗａｎｄｅｒｌｕｓｔ,株式会社ワンダーラスト,03-6413-8750,2世保生食ほ第1269号,飲食店営業,令和2年10月9日,令和2年10月9日,令和8年10月31日
1113,東京都世田谷区池尻三丁目２８番６号,ファーストアミューズ２Ｆ,アリバイ,ニアイコール株式会社,6450-7871,2世保生食ほ第2386号,飲食店営業,令和3年3月11日,令和3年3月11日,令和9年3月31日
1114,東京都世田谷区池尻三丁目２８番６号,-,Ｓｈｅｒｒｙ．．．,***,03-6450-8938,3世保生食ほ第556号,飲食店営業,令和3年6月8日,令和3年6月8日,令和9年6月30日
1115,東京都世田谷区池尻三丁目２９番３号,Ｂ１Ｆ,ＰＵＢ　ぶらんこ,***,3419-4994,3世保生食ほ第1681号,飲食店営業,令和4年1月1日,令和4年1月1日,令和9年12月31日
1116,東京都世田谷区池尻三丁目２９番４号,アルティザ池尻１Ｆ,Ｌ．Ａ．ＧＡＲＡＧＥ,株式会社ＬＡＧ,6805-3056,2世保生食ほ第647号,飲食店営業,令和2年7月20日,令和2年7月20日,令和9年7月31日
1117,東京都世田谷区池尻三丁目２９番５号,-,ローソン池尻三宿通店,***,5779-7290,7世保生食ほ第1215号,飲食店営業,令和7年12月1日,令和7年12月1日,令和14年11月30日
1118,東京都世田谷区池尻三丁目３０番２号,昭和ビル１Ｆ,夢吟坊,株式会社夢吟坊,3487-4811,4世保生食ほ第908号,飲食店営業,令和4年10月1日,令和4年10月1日,令和10年9月30日
1119,東京都世田谷区池尻三丁目３０番３号,-,「天下一品」池尻店,有限会社天一,03-3412-3617,3世保生食ほ第1017号,飲食店営業,令和3年9月1日,令和3年9月1日,令和9年8月31日
1120,東京都世田谷区池尻三丁目３０番５号,ニュー池尻マンション１階,ビストロ喜楽亭,有限会社大富産業,3410-5289,7世保生食ほ第715号,飲食店営業,令和7年10月1日,令和7年10月1日,令和14年9月30日
1121,東京都世田谷区池尻三丁目３０番５号,ニュー池尻マンション１階１０３号,ビストロ喜楽亭,有限会社大富産業,3410-5289,2世保生食ほ第582号,飲食店営業,令和2年7月20日,令和2年7月20日,令和9年7月31日
1122,東京都世田谷区池尻三丁目３０番５号,ニュー池尻マンション１階１０３号,ビストロ喜楽亭,有限会社大富産業,3410-5289,2世保生食ほ第583号,菓子製造業,令和2年7月20日,令和2年7月20日,令和9年7月31日
1123,東京都世田谷区池尻三丁目３０番６号,中尾ビル２階,三宿　たれ焼肉のんき,株式会社ネクストグローバルフーズ,03-6453-2933,7世保生食ほ第755号,飲食店営業,令和7年9月9日,令和7年9月9日,令和14年9月30日
1124,東京都世田谷区池尻三丁目３０番８号,-,城南信用金庫三宿支店食堂,ランサー株式会社,3413-3211,4世保生食ほ第1344号,飲食店営業,令和4年12月1日,令和4年12月1日,令和10年11月30日
1125,東京都世田谷区池尻三丁目３０番１０号,-,松屋　三宿店,株式会社松屋フーズ,-,6世保生食ほ第890号,飲食店営業,令和6年9月19日,令和6年9月19日,令和13年9月30日
1126,東京都世田谷区池尻三丁目３０番１０号,三旺ビル５Ｆ,Ｋｏｎｇ－Ｔｏｎｇ,株式会社ＧＡＲＬＡＮＤ,5431-7329,2世保生食ほ第2420号,飲食店営業,平成21年3月6日,令和3年4月1日,令和9年3月31日
1127,東京都世田谷区池尻三丁目３０番１０号,三旺ビル４Ｆ,Ｃａｒａ,合同会社ＳＣＩＲＯＣＣＯ,6453-4139,7世保生食ほ第1563号,飲食店営業,令和8年3月1日,令和8年3月1日,令和14年2月29日
1128,東京都世田谷区池尻三丁目３０番１０号,三旺ビル３階,おしりあい,株式会社スピリッツ,03-6450-7370,5世保生食ほ第14号,飲食店営業,令和5年5月1日,令和5年5月1日,令和11年4月30日
1129,東京都世田谷区池尻三丁目３０番１０号,-,香港麺　新記本店,***,3419-4123,7世保生食ほ第522号,飲食店営業,令和7年9月1日,令和7年9月1日,令和14年8月31日
1130,東京都世田谷区池尻三丁目３０番１０号,三旺ビル６階,ＪＩＰＰＯ　ＬＯＵＮＧＥ　ＭＩＳＨＵＫＵ,有限会社十方,6804-0349,6世保生食ほ第1597号,飲食店営業,令和7年2月14日,令和7年2月14日,令和13年2月28日
1131,東京都世田谷区池尻四丁目５番１号,駒場東邦中学校高等学校内,駒場東邦中学校・高校学校　食堂,株式会社ＯｃｅａｎＢｌｕｅＢｉｒｄ,-,4世保生食ほ第964号,飲食店営業,令和4年9月15日,令和4年9月15日,令和11年9月30日
1132,東京都世田谷区池尻四丁目９番１５号,-,沖縄ダイニング　ゆんたく,株式会社ＭＹＫＴ,03-6805-5551,3世保生食ほ第972号,飲食店営業,令和3年9月1日,令和3年9月1日,令和9年8月31日
1133,東京都世田谷区池尻四丁目２９番１６号,Ｖｉｌｌａ　Ｖｉｓｔａ２０２号,コトコトパスタ,有限会社コトコトパスタ,03-3411-7220,2世保生食ほ第2049号,麺類製造業,令和3年1月15日,令和3年1月15日,令和10年1月31日
1134,東京都世田谷区池尻四丁目２９番１６号,Ｖｉｌｌａ　Ｖｉｓｔａ２０２号,コトコトパスタ,有限会社コトコトパスタ,03-3411-7220,2世保生食ほ第2050号,そうざい製造業,令和3年1月15日,令和3年1月15日,令和10年1月31日
1135,東京都世田谷区池尻四丁目３３番１１号,ダイセイビル１階,居酒屋　やっちゃば,***,03-3412-3666,31世保生食ほ第1061号,飲食店営業,令和元年9月13日,令和元年9月13日,令和8年9月30日
1136,東京都世田谷区池尻四丁目３４番６号,シティライブ池ノ上１０６,ＦＣＮ株式会社世田谷店,ＦＣＮ株式会社,03-6382-8117,7世保生食ほ第1719号,飲食店営業,令和8年4月1日,令和8年4月1日,令和14年3月31日
1137,東京都世田谷区池尻四丁目３６番８号,コーポツカハラ１Ｆ,墨繪　代沢池尻ヨイツバ店,櫻製菓株式会社,-,6世保生食ほ第609号,飲食店営業,令和6年8月1日,令和6年8月1日,令和12年7月31日
1138,東京都世田谷区池尻四丁目３６番８号,コーポツカハラ１Ｆ,ｍｏｆ×２,***,-,7世保生食ほ第1765号,飲食店営業,令和8年3月16日,令和8年3月16日,令和14年3月31日
1139,東京都世田谷区池尻四丁目３６番９号,-,松月庵,***,5481-3939,7世保生食ほ第1507号,飲食店営業,令和8年3月1日,令和8年3月1日,令和15年2月28日
1140,東京都世田谷区池尻四丁目３７番８号,-,ＢＬＵＥ　ＲＩＢＢＯＮ　ＴＯＫＹＯ,株式会社ＳＨＩＰ,6450-9393,6世保生食ほ第1255号,飲食店営業,令和6年12月2日,令和6年12月2日,令和12年12月31日
1141,東京都世田谷区池尻四丁目３７番８号,-,ＢＬＵＥ　ＲＩＢＢＯＮ　ＴＯＫＹＯ,株式会社ＳＨＩＰ,6450-9393,6世保生食ほ第1256号,菓子製造業,令和6年12月2日,令和6年12月2日,令和12年12月31日
1142,東京都世田谷区池尻四丁目３８番１０号,-,ＮＥＷ　ＤＲＥＡＭ,***,4361-7793,2世保生食ほ第739号,飲食店営業,令和2年8月6日,令和2年8月6日,令和8年8月31日
1143,東京都世田谷区池尻四丁目３８番１０号,-,ＮＥＷ　ＤＲＥＡＭ,***,4361-7793,2世保生食ほ第740号,菓子製造業,令和2年8月6日,令和2年8月6日,令和8年8月31日
1144,東京都世田谷区池尻四丁目３９番３号,１階,柳　りゅう,***,3411-1998,6世保生食ほ第1223号,飲食店営業,令和6年12月2日,令和6年12月2日,令和12年12月31日
1145,東京都世田谷区池尻四丁目３９番６号,-,やまねフランス,***,6386-6003,2世保生食ほ第618号,飲食店営業,平成26年7月16日,令和2年8月1日,令和9年7月31日
1146,東京都世田谷区池尻四丁目３９番６号,-,やまねフランス,***,6386-6003,2世保生食ほ第619号,菓子製造業,平成26年7月16日,令和2年8月1日,令和9年7月31日
1147,東京都世田谷区三宿一丁目１番２号,-,丼丸,株式会社ササフネ,3413-1778,31世保生食ほ第966号,飲食店営業,平成24年9月18日,令和元年10月1日,令和8年9月30日
1148,東京都世田谷区三宿一丁目１番１６号,１階,そば処　しおじま,***,3421-8624,3世保生食ほ第1346号,飲食店営業,令和3年11月1日,令和3年11月1日,令和9年10月31日
1149,東京都世田谷区三宿一丁目３番１８号,ボナール石井３階,焼鳥　?た,株式会社エイト,6450-9088,6世保生食ほ第595号,飲食店営業,令和6年7月26日,令和6年7月26日,令和12年7月31日
1150,東京都世田谷区三宿一丁目３番１８号,ボナール石井２階全号室,ｇｒｅｙ三宿ラウンジＨＡ．ＮＡ．ＲＥ,Ｂａｃｃｈｕｓ株式会社,03-6805-2317,31世保生食ほ第1340号,飲食店営業,令和元年10月3日,令和元年10月3日,令和8年10月31日
1151,東京都世田谷区三宿一丁目３番２０号,コーポハックベリーＢ１Ｆ,ももいろ,有限会社海楽,3412-3421,2世保生食ほ第1806号,飲食店営業,平成10年12月2日,令和3年1月1日,令和9年12月31日
1152,東京都世田谷区三宿一丁目３番２１号,ヒラネビル１階,ｔａｂｅｌｏｏｐ,バリュードライバーズ株式会社,-,3世保生食ほ第2084号,飲食店営業,令和4年3月2日,令和4年3月2日,令和11年3月31日
1153,東京都世田谷区三宿一丁目３番２１号,ヒラネビル１階,ｔａｂｅｌｏｏｐ,バリュードライバーズ株式会社,-,4世保生食ほ第531号,魚介類販売業,令和4年6月28日,令和4年6月28日,令和11年6月30日
1154,東京都世田谷区三宿一丁目３番２１号,ヒラネビル１階,ｔａｂｅｌｏｏｐ,バリュードライバーズ株式会社,-,5世保生食ほ第140号,食肉販売業,令和5年4月28日,令和5年4月28日,令和12年4月30日
1155,東京都世田谷区三宿一丁目３番２２号,メタセコイアビル２－Ａ,ラ．ファミリア,***,03-3418-8870,2世保生食ほ第643号,飲食店営業,平成26年7月4日,令和2年8月1日,令和8年7月31日
1156,東京都世田谷区三宿一丁目３番２２号,-,Ｈ　ｂａｒ,株式会社ジー・バイ・コーリング,03-3419-8647,2世保生食ほ第2658号,飲食店営業,平成27年3月9日,令和3年4月1日,令和9年3月31日
1157,東京都世田谷区三宿一丁目３番２２号,メタセコイヤビルＢ１Ｆ,炭火焼　くぼ田,株式会社　アクスオン,6450-9229,2世保生食ほ第476号,飲食店営業,令和2年6月12日,令和2年6月12日,令和9年6月30日
1158,東京都世田谷区三宿一丁目３番２３号,クラールハイト三宿Ⅰ　５階,ｇｒｅｙ,Ｂａｃｃｈｕｓ株式会社,03-6453-2914,31世保生食ほ第1341号,飲食店営業,令和元年10月3日,令和元年10月3日,令和8年10月31日
1159,東京都世田谷区三宿一丁目４番１８号,-,エビス参三宿本店,株式会社あさくま,5431-3719,7世保生食ほ第966号,飲食店営業,令和7年11月1日,令和7年11月1日,令和13年10月31日
1160,東京都世田谷区三宿一丁目４番１９号,-,焼肉　ケニヤ,ウルラトレス合同会社,6413-8838,5世保生食ほ第10号,飲食店営業,令和5年5月1日,令和5年5月1日,令和11年4月30日
1161,東京都世田谷区三宿一丁目４番１９号,-,焼肉　ケニヤ,ウルラトレス合同会社,6413-8838,5世保生食ほ第1171号,そうざい製造業,令和5年10月30日,令和5年10月30日,令和11年10月31日
1162,東京都世田谷区三宿一丁目４番２０号,-,相川屋豆腐店,株式会社青柳商店,03-3410-7039,3世保生食ほ第301号,豆腐製造業,平成9年5月13日,令和3年6月1日,令和9年5月31日
1163,東京都世田谷区三宿一丁目４番２１号,スクエア三軒茶屋Ｂ１,ｂａｒ　ｓｉｌｖｅｒｚ　ｐａｐａ,***,3411-6946,3世保生食ほ第1333号,飲食店営業,令和3年11月1日,令和3年11月1日,令和9年10月31日
1164,東京都世田谷区三宿一丁目４番２１号,スクエア三軒茶屋１Ｆ,９９９９　サンバースト,***,-,5世保生食ほ第1950号,飲食店営業,令和6年4月1日,令和6年4月1日,令和12年3月31日
1165,東京都世田谷区三宿一丁目６番３号,マイルストーンビル　ＢＦ１,ＳＩＲＣＡＲＳ,株式会社デクノバース,03-6805-5303,2世保生食ほ第410号,ソース類製造業,令和2年6月2日,令和2年6月2日,令和9年6月30日
1166,東京都世田谷区三宿一丁目６番３号,マイルストーンビル　ＢＦ１,ＳＩＲＣＡＲＳ,株式会社デクノバース,03-6805-5303,2世保生食ほ第411号,そうざい製造業,令和2年6月2日,令和2年6月2日,令和9年6月30日
1167,東京都世田谷区三宿一丁目６番３号,マイルストーンビル　ＢＦ１,ＳＩＲＣＡＲＳ,株式会社デクノバース,03-6805-5303,3世保生食ほ第1709号,水産製品製造業,令和3年12月9日,令和3年12月9日,令和10年12月31日
1168,東京都世田谷区三宿一丁目６番３号,マイルストーンビル　ＢＦ１,ＳＩＲＣＡＲＳ,株式会社デクノバース,03-6805-5303,31世保生食ほ第1572号,飲食店営業,令和元年11月12日,令和元年11月12日,令和8年11月30日
1169,東京都世田谷区三宿一丁目６番３号,マイルストーンビル　ＢＦ１,ＳＩＲＣＡＲＳ,株式会社デクノバース,03-6805-5303,31世保生食ほ第1573号,菓子製造業,令和元年11月12日,令和元年11月12日,令和8年11月30日
1170,東京都世田谷区三宿一丁目６番３号,マイルストーンビル　ＢＦ１,ＳＩＲＣＡＲＳ,株式会社デクノバース,03-6805-5303,31世保生食ほ第2427号,食肉製品製造業,令和2年2月26日,令和2年2月26日,令和9年2月28日
1171,東京都世田谷区三宿一丁目６番３号,マイルストーンビル　ＢＦ１,ＳＩＲＣＡＲＳ,株式会社デクノバース,03-6805-5303,4世保生食ほ第835号,食肉販売業,令和4年8月30日,令和4年8月30日,令和11年8月31日
1172,東京都世田谷区三宿一丁目７番２号,アズ三宿レジデンス１階,ＡＲＲＯＷ,株式会社Ｈａｗｋｅｒ＇ｓ,-,4世保生食ほ第1653号,飲食店営業,令和5年2月8日,令和5年2月8日,令和11年2月28日
1173,東京都世田谷区三宿一丁目７番６号,竹下マンション１Ｆ,ｐｏｌｅ　ｐｏｌｅ　＋,***,03-5432-9514,31世保生食ほ第2578号,飲食店営業,令和2年3月4日,令和2年3月4日,令和9年3月31日
1174,東京都世田谷区三宿一丁目７番６号,竹下マンション１Ｆ,ｐｏｌｅ　ｐｏｌｅ　＋,***,03-5432-9514,31世保生食ほ第2579号,菓子製造業,令和2年3月4日,令和2年3月4日,令和9年3月31日
1175,東京都世田谷区三宿一丁目８番１０号,山元ビル１階,Ｇｒａｃｅ,***,03-6453-2037,30世保生食ほ第2530号,飲食店営業,平成31年4月2日,平成31年4月2日,令和8年4月30日
1176,東京都世田谷区三宿一丁目８番１０号,-,ドミノ・ピザ三宿店,株式会社ドミノ・ピザジャパン,03-5431-0822,2世保生食ほ第511号,飲食店営業,令和2年6月18日,令和2年6月18日,令和9年6月30日
1177,東京都世田谷区三宿一丁目８番１０号,-,ドミノ・ピザ三宿店,株式会社ドミノ・ピザジャパン,03-5431-0822,2世保生食ほ第512号,菓子製造業,令和2年6月18日,令和2年6月18日,令和9年6月30日
1178,東京都世田谷区三宿一丁目１２番６号,-,世田谷区立三宿小学校内給食室,メリックス株式会社,3414-5840,3世保生食ほ第396号,飲食店営業,令和3年5月20日,令和3年5月20日,令和10年5月31日
1179,東京都世田谷区三宿一丁目１３番２号,エ・ドゥ・リ三宿１Ｆ,十方,有限会社十方,03-3418-7970,7世保生食ほ第1244号,飲食店営業,令和7年12月1日,令和7年12月1日,令和14年11月30日
1180,東京都世田谷区三宿一丁目１４番１号,エルドール三宿,ローソン世田谷三宿一丁目店,***,5431-3661,31世保生食ほ第1297号,飲食店営業,令和元年10月2日,令和元年10月2日,令和8年10月31日
1181,東京都世田谷区三宿一丁目１４番１号,エルドール三宿,ローソン世田谷三宿一丁目店,***,5431-3661,31世保生食ほ第1298号,菓子製造業,令和元年10月2日,令和元年10月2日,令和8年10月31日
1182,東京都世田谷区三宿一丁目１６番３１号,-,世田谷学園　中・高等学校　食堂　三心館,株式会社Ｏｃｅａｎ　Ｂｌｕｅ　Ｂｉｒｄ,03-3411-7513,2世保生食ほ第346号,飲食店営業,令和2年5月22日,令和2年5月22日,令和9年5月31日
1183,東京都世田谷区三宿一丁目１８番３号,-,東京医療保健大学　なでしこ寮,株式会社ＬＥＯＣ,03-3424-5113,7世保生食ほ第2号,飲食店営業,令和7年5月1日,令和7年5月1日,令和14年4月30日
1184,東京都世田谷区三宿一丁目１９番１２号,辰巳ＰＬＡＺＡ三軒茶屋,ＤＥＡＮ＆ＤＥＬＵＣＡ三宿ホームキッチン,株式会社ウェルカム,5432-7505,4世保生食ほ第1706号,そうざい製造業,令和5年2月17日,令和5年2月17日,令和12年2月28日
1185,東京都世田谷区三宿一丁目１９番１２号,辰巳ＰＬＡＺＡ三軒茶屋,ＤＥＡＮ＆ＤＥＬＵＣＡ三宿ホームキッチン,株式会社ウェルカム,5432-7505,5世保生食ほ第1273号,食肉製品製造業,令和5年11月14日,令和5年11月14日,令和12年11月30日
1186,東京都世田谷区三宿一丁目１９番１２号,辰巳ＰＬＡＺＡ三軒茶屋,ＤＥＡＮ＆ＤＥＬＵＣＡ三宿ホームキッチン,株式会社ウェルカム,5432-7505,5世保生食ほ第459号,菓子製造業,令和5年8月1日,令和5年8月1日,令和12年7月31日
1187,東京都世田谷区三宿一丁目１９番１３号,ヒロセビル１０２,たちばな屋,株式会社ａｌｌ　ｏｎ　ｔａｂｌｅ,03-5787-8785,2世保生食ほ第2592号,飲食店営業,令和3年3月19日,令和3年3月19日,令和9年3月31日
1188,東京都世田谷区三宿一丁目１９番１３号,ヒロセビル１０２,たちばな屋,株式会社ａｌｌ　ｏｎ　ｔａｂｌｅ,03-5787-8785,2世保生食ほ第2593号,魚介類販売業,令和3年3月19日,令和3年3月19日,令和9年3月31日
1189,東京都世田谷区三宿一丁目１９番１３号,-,ＲｅｎＲｙｕ,名匠プランニング株式会社,-,5世保生食ほ第593号,飲食店営業,令和5年8月31日,令和5年8月31日,令和12年8月31日
1190,東京都世田谷区三宿一丁目１９番１５号,タムラビル１階,よいしょ　三宿,ＣＯＵＮＴＥＲシップ株式会社,03-4400-7180,7世保生食ほ第1918号,飲食店営業,令和8年3月30日,令和8年3月30日,令和14年3月31日
1191,東京都世田谷区三宿一丁目１９番１６号,島田コーポ１０１,ａｓｉｔａｎｏｈａｎａ,***,6323-2804,6世保生食ほ第124号,飲食店営業,令和6年4月26日,令和6年4月26日,令和12年4月30日
1192,東京都世田谷区三宿一丁目１９番１６号,ワニブチマンション１０２,悠雅,***,5787-8922,6世保生食ほ第729号,飲食店営業,令和6年9月4日,令和6年9月4日,令和12年9月30日
1193,東京都世田谷区三宿一丁目２０番１１号,杉本ビル１Ｆ,カフェ．コンコルド,***,3419-5597,30世保生食ほ第2464号,飲食店営業,平成17年4月20日,令和元年5月1日,令和8年4月30日
1194,東京都世田谷区三宿一丁目２８番１号,-,ボネダンヌ,***,6805-5848,7世保生食ほ第445号,飲食店営業,令和7年8月1日,令和7年8月1日,令和13年7月31日
1195,東京都世田谷区三宿一丁目２８番１号,-,ボネダンヌ,***,6805-5848,7世保生食ほ第446号,菓子製造業,令和7年8月1日,令和7年8月1日,令和13年7月31日
1196,東京都世田谷区三宿一丁目２９番１号,-,セブンイレブン世田谷三宿１丁目店,有限会社　カノウヤ商店,5481-2243,3世保生食ほ第549号,飲食店営業,令和3年6月15日,令和3年6月15日,令和9年6月30日
1197,東京都世田谷区三宿一丁目３０番１号,-,ＰａＰａ　ｐｏｕｌｅ,***,-,31世保生食ほ第100号,飲食店営業,平成31年4月26日,平成31年4月26日,令和8年4月30日
1198,東京都世田谷区三宿一丁目３０番１号,グレー三宿１Ｆ,キュリッチ,***,-,4世保生食ほ第1393号,飲食店営業,令和4年12月14日,令和4年12月14日,令和11年12月31日
1199,東京都世田谷区三宿二丁目２番６号,-,たこ焼きＢＡＲ　福居家,合同会社　福居家,3411-2918,2世保生食ほ第856号,飲食店営業,平成26年8月5日,令和2年9月1日,令和8年8月31日
1200,東京都世田谷区三宿二丁目５番３号,-,ブルーキャビン,***,3412-4032,6世保生食ほ第1115号,飲食店営業,令和6年11月12日,令和6年11月12日,令和12年11月30日
1201,東京都世田谷区三宿二丁目６番３号,-,セブンイレブン世田谷三宿２丁目店,有限会社一嘉,3487-7110,3世保生食ほ第509号,飲食店営業,令和3年6月15日,令和3年6月15日,令和10年6月30日
1202,東京都世田谷区三宿二丁目７番６号,-,株式会社ＣＯＲＥ,株式会社ＣＯＲＥ,-,7世保生食ほ第678号,飲食店営業,令和7年9月3日,令和7年9月3日,令和13年9月30日
1203,東京都世田谷区三宿二丁目７番９号,スカイマンション１Ｆ,まごころ弁当　渋谷本店,アイムサービス株式会社,6805-4636,5世保生食ほ第1811号,飲食店営業,令和6年4月1日,令和6年4月1日,令和12年3月31日
1204,東京都世田谷区三宿二丁目１０番１６号,１Ｆ,フリウリキッチン,Ｌｉｓａ　Ｔｅｃｈｎｏｌｏｇｉｅｓ株式会社,03-6450-4502,5世保生食ほ第476号,飲食店営業,令和5年7月5日,令和5年7月5日,令和11年7月31日
1205,東京都世田谷区三宿二丁目１０番１６号,ザ・レジデンス１階Ｂ号室,ＭＡＲＵＫＩＣＨＩ池尻大橋店,ＶＥＮＧ合同会社,-,6世保生食ほ第1365号,飲食店営業,令和6年12月12日,令和6年12月12日,令和12年12月31日
1206,東京都世田谷区三宿二丁目１１番１号,-,金多楼,***,3413-4339,7世保生食ほ第1010号,飲食店営業,令和7年12月1日,令和7年12月1日,令和14年11月30日
1207,東京都世田谷区三宿二丁目１１番３３号,１Ｆ,ｃａｍｉｎｏ,***,3487-0694,2世保生食ほ第387号,飲食店営業,平成20年5月16日,令和2年6月1日,令和8年5月31日
1208,東京都世田谷区三宿二丁目１３番１２号,-,三宿ＢＡＳＥ,***,-,8世保生食ほ第62号,飲食店営業,令和8年4月15日,令和8年4月15日,令和14年4月30日
1209,東京都世田谷区三宿二丁目１３番１２号,-,三宿ＢＡＳＥ,***,-,8世保生食ほ第63号,そうざい製造業,令和8年4月15日,令和8年4月15日,令和14年4月30日
1210,東京都世田谷区三宿二丁目２４番６号,-,芳洋,***,3413-2471,7世保生食ほ第1344号,飲食店営業,令和8年2月1日,令和8年2月1日,令和14年1月31日
1211,東京都世田谷区三宿二丁目２５番９号,-,世田谷区立　多聞幼稚園　給食室,株式会社藤江,03-5625-5811,3世保生食ほ第373号,飲食店営業,令和3年5月17日,令和3年5月17日,令和10年5月31日
1212,東京都世田谷区三宿二丁目２６番１１号,-,世田谷区立多聞小学校　給食室,株式会社藤江,3413-2026,3世保生食ほ第377号,飲食店営業,令和3年5月17日,令和3年5月17日,令和10年5月31日
1213,東京都世田谷区三宿二丁目２７番４０号,ＳＣＨＯＬＥ,ＳＣＨＯＬＥ,***,-,5世保生食ほ第1982号,飲食店営業,令和6年4月3日,令和6年4月3日,令和12年4月30日
1214,東京都世田谷区三宿二丁目２７番４２号,ＡＲ三軒茶屋１０１,ｋｉｎｏｅｎｅ,***,-,6世保生食ほ第1364号,飲食店営業,令和6年12月24日,令和6年12月24日,令和12年12月31日
1215,東京都世田谷区三宿二丁目３０番７号,-,つくしんぼホーム,日清医療食品株式会社,5779-9095,7世保生食ほ第1714号,飲食店営業,令和8年4月1日,令和8年4月1日,令和15年3月31日
1216,東京都世田谷区三宿二丁目３０番９号,-,あけぼの学園,日清医療食品株式会社,5779-9095,7世保生食ほ第1715号,飲食店営業,令和8年4月1日,令和8年4月1日,令和15年3月31日
1217,東京都世田谷区三宿二丁目３８番３号,-,またたび惣菜店,***,-,6世保生食ほ第1082号,飲食店営業,令和6年10月29日,令和6年10月29日,令和12年10月31日
1218,東京都世田谷区三宿二丁目３８番３号,-,またたび惣菜店,***,-,6世保生食ほ第1087号,そうざい製造業,令和6年10月29日,令和6年10月29日,令和12年10月31日
1219,東京都世田谷区下馬一丁目５番３号,ベントーレ三宿１０２号,しとらす,***,6805-3702,6世保生食ほ第1172号,飲食店営業,令和6年11月13日,令和6年11月13日,令和13年11月30日
1220,東京都世田谷区下馬一丁目５番１６号,-,株式会社泰山食品商行,株式会社泰山食品商行,03-3487-5555,4世保生食ほ第1740号,魚介類販売業,令和5年3月1日,令和5年3月1日,令和11年2月28日
1221,東京都世田谷区下馬一丁目５番１６号,-,株式会社泰山食品商行,株式会社泰山食品商行,03-3487-5555,4世保生食ほ第702号,食品の小分け業,令和4年9月7日,令和4年9月7日,令和11年9月30日
1222,東京都世田谷区下馬一丁目１２番２号,-,セブン－イレブン　世田谷下馬北店,***,03-3487-3091,5世保生食ほ第1904号,飲食店営業,令和6年3月26日,令和6年3月26日,令和13年3月31日
1223,東京都世田谷区下馬一丁目１７番８号,-,はがくれ,***,3424-9195,31世保生食ほ第2985号,飲食店営業,平成14年6月13日,令和2年7月1日,令和8年6月30日
1224,東京都世田谷区下馬一丁目１８番１０号,-,伊勢屋,***,3422-4769,2世保生食ほ第2081号,飲食店営業,平成26年2月6日,令和3年3月1日,令和10年2月29日
1225,東京都世田谷区下馬一丁目１８番１０号,-,伊勢屋,***,3422-4769,2世保生食ほ第2082号,菓子製造業,平成26年2月6日,令和3年3月1日,令和10年2月29日
1226,東京都世田谷区下馬一丁目１９番５号,-,炭火焼肉かくれ家,有限会社かくれ家,3487-4129,31世保生食ほ第2943号,飲食店営業,平成18年7月7日,令和2年8月1日,令和9年7月31日
1227,東京都世田谷区下馬一丁目２２番１２号,-,ぶひぶひ,***,6450-8945,2世保生食ほ第1169号,飲食店営業,令和2年9月17日,令和2年9月17日,令和8年9月30日
1228,東京都世田谷区下馬一丁目２７番６号,-,株式会社　美園屋,株式会社美園屋,5486-2929,7世保生食ほ第1168号,食肉処理業,令和8年1月1日,令和8年1月1日,令和14年12月31日
1229,東京都世田谷区下馬一丁目４０番１６号,-,ダン・ブラウン下馬店,サミット株式会社,-,2世保生食ほ第2548号,飲食店営業,平成26年3月14日,令和3年4月1日,令和10年3月31日
1230,東京都世田谷区下馬一丁目４０番１６号,-,ダン・ブラウン下馬店,サミット株式会社,-,2世保生食ほ第2549号,菓子製造業,平成26年3月14日,令和3年4月1日,令和10年3月31日
1231,東京都世田谷区下馬一丁目４０番１６号,-,サミットストア下馬店,サミット株式会社,03-5431-3130,2世保生食ほ第2550号,飲食店営業,平成26年3月14日,令和3年4月1日,令和10年3月31日
1232,東京都世田谷区下馬一丁目４０番１６号,-,サミットストア下馬店,サミット株式会社,03-5431-3130,2世保生食ほ第2552号,食肉販売業,平成26年3月14日,令和3年4月1日,令和10年3月31日
1233,東京都世田谷区下馬一丁目４０番１６号,-,サミットストア下馬店,サミット株式会社,03-5431-3130,2世保生食ほ第2553号,魚介類販売業,平成26年3月14日,令和3年4月1日,令和10年3月31日
1234,東京都世田谷区下馬一丁目４０番１８号,-,インド料理Ｍｒダルジットスパイスマジック,有限会社ゴールデンテンプルトレーディング,6320-0187,5世保生食ほ第1138号,飲食店営業,令和5年12月1日,令和5年12月1日,令和11年11月30日
1235,東京都世田谷区下馬一丁目４０番２０号,-,サミットストア下馬店,サミット株式会社,03-5431-3130,2世保生食ほ第2554号,飲食店営業,平成26年3月14日,令和3年4月1日,令和10年3月31日
1236,東京都世田谷区下馬一丁目４０番２０号,-,サミットストア下馬店,サミット株式会社,03-5431-3130,2世保生食ほ第2555号,飲食店営業,平成26年3月14日,令和3年4月1日,令和10年3月31日
1237,東京都世田谷区下馬一丁目４０番２０号,-,サミットストア下馬店,サミット株式会社,03-5431-3130,2世保生食ほ第2556号,菓子製造業,平成26年3月14日,令和3年4月1日,令和10年3月31日
1238,東京都世田谷区下馬一丁目４１番７号,Ｆｏｒｋｙ三軒茶屋１階,ＡＮＤＦＯＯＤ下馬店,ＡＮＤＦＯＯＤ株式会社,-,4世保生食ほ第752号,飲食店営業,令和4年9月20日,令和4年9月20日,令和10年9月30日
1239,東京都世田谷区下馬一丁目４２番１号,-,おともだち保育園　分園　こまつなぎ,株式会社ニフス,-,5世保生食ほ第748号,飲食店営業,令和5年8月23日,令和5年8月23日,令和12年8月31日
1240,東京都世田谷区下馬一丁目４２番１２号,-,世田谷区立駒繋小学校,株式会社藤江,03-3424-0820,3世保生食ほ第378号,飲食店営業,令和3年5月17日,令和3年5月17日,令和10年5月31日
1241,東京都世田谷区下馬一丁目４６番１０号,-,ＧＲＡＮＮＹ　ＳＭＩＴＨ　ＡＰＰＬＥ　ＰＩＥ＆ＣＯＦＦＥＥ,株式会社Ｉ－ＳＴＹＬＥ,03-6805-3353,5世保生食ほ第1341号,飲食店営業,令和5年11月24日,令和5年11月24日,令和12年11月30日
1242,東京都世田谷区下馬一丁目４６番１０号,-,ＧＲＡＮＮＹ　ＳＭＩＴＨ　ＡＰＰＬＥ　ＰＩＥ＆ＣＯＦＦＥＥ,株式会社Ｉ－ＳＴＹＬＥ,03-6805-3353,5世保生食ほ第1342号,菓子製造業,令和5年11月24日,令和5年11月24日,令和12年11月30日
1243,東京都世田谷区下馬一丁目５２番１４号,-,キーヤコッタ,株式会社ｗｉｌｌ　ｂｅｙｏｎｄ,03-6805-2700,2世保生食ほ第2178号,飲食店営業,令和3年2月1日,令和3年2月1日,令和9年1月31日
1244,東京都世田谷区下馬一丁目５３番８号,-,Ｇｏｌｄｅｎ　Ｐｅａｋｓ,***,3419-1506,2世保生食ほ第878号,飲食店営業,平成26年9月19日,令和2年10月1日,令和8年9月30日
1245,東京都世田谷区下馬一丁目５６番１１号,昭和第二ビル１Ｆ,ローソン世田谷下馬１丁目店,有限会社岩崎企画,03-3410-7463,7世保生食ほ第1572号,飲食店営業,令和8年2月16日,令和8年2月16日,令和15年2月28日
1246,東京都世田谷区下馬一丁目５６番１３号,１Ｆ,Ｓｎｉｉｔｅ,***,6885-9335,2世保生食ほ第615号,飲食店営業,令和2年11月6日,令和2年11月6日,令和8年11月30日
1247,東京都世田谷区下馬二丁目２番１８号,ブランラファール下馬Ｂ１,ＳＵＳＵＣＲＥ,***,5856-6284,4世保生食ほ第477号,菓子製造業,令和4年7月1日,令和4年7月1日,令和11年6月30日
1248,東京都世田谷区下馬二丁目３番１０号,-,ＴＯＫＩ　Ｃａｆ,社会福祉法人常盤会,03-6413-8571,31世保生食ほ第859号,飲食店営業,令和元年8月16日,令和元年8月16日,令和8年8月31日
1249,東京都世田谷区下馬二丁目９番９号,-,Ｈｕｄｄｌｅ,***,5787-5698,6世保生食ほ第141号,飲食店営業,令和6年5月14日,令和6年5月14日,令和12年5月31日
1250,東京都世田谷区下馬二丁目１４番１８号,ＩＩＪＩＭＡ　ＢＬＤ　ＰＡＲＴ４,ｃｏｓｉ　ｃｏｍ’,株式会社Ｃｏｓｉ　Ｃｏｍ’ｅ,6318-6402,2世保生食ほ第2458号,飲食店営業,令和3年3月4日,令和3年3月4日,令和9年3月31日
1251,東京都世田谷区下馬二丁目１４番１８号,第四飯島ビル　１階１０１号,Ｃｏｍ’ｅ　Ｃｏｓｉ,株式会社Ｃｏｓｉ　Ｃｏｍ’ｅ,-,6世保生食ほ第3号,飲食店営業,令和6年4月3日,令和6年4月3日,令和12年4月30日
1252,東京都世田谷区下馬二丁目１４番１９号,-,上野　正太郎商店,有限会社ウエノ　,-,2世保生食ほ第91号,飲食店営業,令和2年4月30日,令和2年4月30日,令和8年4月30日
1253,東京都世田谷区下馬二丁目１９番９号,-,渡辺畜産,有限会社渡辺畜産,3418-6298,4世保生食ほ第262号,食肉処理業,令和4年7月1日,令和4年7月1日,令和10年6月30日
1254,東京都世田谷区下馬二丁目２０番２号,マガザン三軒茶屋１Ｆ,ＭＡＹ,株式会社エムズレストラン,03-4363-8123,5世保生食ほ第145号,飲食店営業,令和5年5月12日,令和5年5月12日,令和11年5月31日
1255,東京都世田谷区下馬二丁目２０番２号,マガザン三軒茶屋１Ｆ,－ＦＯＳＳＡ－,***,-,6世保生食ほ第924号,飲食店営業,令和6年10月3日,令和6年10月3日,令和13年10月31日
1256,東京都世田谷区下馬二丁目２０番５号,-,ＣａｆＣａｆ,***,5432-0456,6世保生食ほ第562号,飲食店営業,令和6年9月1日,令和6年9月1日,令和12年8月31日
1257,東京都世田谷区下馬二丁目２０番５号,-,ＣａｆＣａｆ,***,5432-0456,6世保生食ほ第563号,菓子製造業,令和6年9月1日,令和6年9月1日,令和12年8月31日
1258,東京都世田谷区下馬二丁目２０番５号,-,ランマス　チーズ専門店,ＬＡＭＭＡＳ株式会社,6453-2045,7世保生食ほ第638号,飲食店営業,令和7年9月1日,令和7年9月1日,令和13年8月31日
1259,東京都世田谷区下馬二丁目２０番５号,-,ランマス　チーズ専門店,ＬＡＭＭＡＳ株式会社,6453-2045,7世保生食ほ第639号,菓子製造業,令和7年9月1日,令和7年9月1日,令和13年8月31日
1260,東京都世田谷区下馬二丁目２０番５号,-,ランマス　チーズ専門店,ＬＡＭＭＡＳ株式会社,6453-2045,7世保生食ほ第640号,食品の小分け業,令和7年9月1日,令和7年9月1日,令和13年8月31日
1261,東京都世田谷区下馬二丁目２０番５号,Ｂ１Ｆ,リトルポンド,***,-,7世保生食ほ第408号,飲食店営業,令和7年6月24日,令和7年6月24日,令和13年6月30日
1262,東京都世田谷区下馬二丁目２０番８号,-,金寿し,***,3414-4819,2世保生食ほ第2124号,飲食店営業,平成9年2月10日,令和3年3月1日,令和9年2月28日
1263,東京都世田谷区下馬二丁目２０番１４号,２階,世田谷区立　下馬福祉工房,社会福祉法人　せたがや樫の木会,03-5712-5103,5世保生食ほ第1738号,菓子製造業,令和6年4月1日,令和6年4月1日,令和13年3月31日
1264,東京都世田谷区下馬二丁目２１番１１号,-,おともだち保育園　本園,株式会社ニフス,-,5世保生食ほ第749号,飲食店営業,令和5年8月23日,令和5年8月23日,令和12年8月31日
1265,東京都世田谷区下馬二丁目２３番２号,下馬寮,警視庁下馬寮,株式会社昭和イーティング,3795-3071,31世保生食ほ第2800号,飲食店営業,平成25年4月26日,令和2年5月1日,令和9年4月30日
1266,東京都世田谷区下馬二丁目２５番１２号,-,おともだち・ララ保育園,株式会社ニフス,-,5世保生食ほ第747号,飲食店営業,令和5年8月23日,令和5年8月23日,令和12年8月31日
1267,東京都世田谷区下馬二丁目２７番１４号,玉川Ｂ＆Ｓビル１０１,Ｈａｐｐｙ　Ｓｃｏｏｐｙ,株式会社琉球スタイル,-,6世保生食ほ第34号,飲食店営業,令和6年4月9日,令和6年4月9日,令和12年4月30日
1268,東京都世田谷区下馬二丁目２９番１２号,-,デニーズ世田谷公園店,株式会社デニーズジャパン,03-3410-3441,3世保生食ほ第1164号,飲食店営業,令和3年10月1日,令和3年10月1日,令和9年9月30日
1269,東京都世田谷区下馬二丁目３１番６号,-,世田谷区立世田谷福祉作業所,株式会社レクトン,3414-0141,31世保生食ほ第2722号,飲食店営業,令和2年3月18日,令和2年3月18日,令和9年3月31日
1270,東京都世田谷区下馬二丁目３１番６号,-,しあわ世のもりあわせ,社会福祉法人　武蔵野会,3414-0141,2世保生食ほ第453号,飲食店営業,令和2年6月8日,令和2年6月8日,令和9年6月30日
1271,東京都世田谷区下馬二丁目３１番６号,-,しあわ世のもりあわせ,社会福祉法人　武蔵野会,3414-0141,2世保生食ほ第454号,菓子製造業,令和2年6月8日,令和2年6月8日,令和9年6月30日
1272,東京都世田谷区下馬二丁目３１番１５号,-,しあわ世のもりあわせ　カフェ,社会福祉法人　武蔵野会,03-3414-0141,2世保生食ほ第455号,飲食店営業,令和2年6月8日,令和2年6月8日,令和9年6月30日
1273,東京都世田谷区下馬二丁目３６番１号,-,ｓａｒｋａｒａ,株式会社ｓａｒｋａｒａ,-,5世保生食ほ第1649号,飲食店営業,令和6年11月7日,令和6年11月7日,令和13年11月30日
1274,東京都世田谷区下馬二丁目３６番１号,-,ｓａｒｋａｒａ,株式会社ｓａｒｋａｒａ,-,5世保生食ほ第1651号,菓子製造業,令和6年11月7日,令和6年11月7日,令和13年11月30日
1275,東京都世田谷区下馬二丁目３８番２３号,-,都立青鳥特別支援学校内給食室　レパスト事業所,株式会社レパスト,-,4世保生食ほ第1947号,飲食店営業,令和5年3月30日,令和5年3月30日,令和12年3月31日
1276,東京都世田谷区下馬二丁目３８番２３号,-,東京都立青鳥特別支援学校,東京都,3424-2525,4世保生食ほ第1980号,飲食店営業,令和5年3月30日,令和5年3月30日,令和12年3月31日
1277,東京都世田谷区下馬二丁目４３番１１号,コムズ下馬２Ｆ,和キッチン　かんな,株式会社カンナ,03-6453-2737,2世保生食ほ第263号,飲食店営業,平成25年5月2日,令和2年6月1日,令和9年5月31日
1278,東京都世田谷区下馬二丁目４３番１１号,コムズ下馬２Ｆ,和キッチン　かんな,株式会社カンナ,03-6453-2737,2世保生食ほ第264号,菓子製造業,令和2年5月8日,令和2年5月8日,令和9年5月31日
1279,東京都世田谷区下馬二丁目４４番１１号,-,グランターブル,株式会社Ｙクリエイト,03-5787-6672,2世保生食ほ第2073号,飲食店営業,令和3年1月15日,令和3年1月15日,令和9年1月31日
1280,東京都世田谷区下馬二丁目４４番１１号,-,グランターブル,株式会社Ｙクリエイト,03-5787-6672,2世保生食ほ第2074号,菓子製造業,令和3年1月15日,令和3年1月15日,令和9年1月31日
1281,東京都世田谷区下馬二丁目４４番１６号,-,ほっともっと　世田谷三宿通り店,株式会社プレナス,5431-5195,7世保生食ほ第1589号,飲食店営業,令和8年3月1日,令和8年3月1日,令和15年2月28日
1282,東京都世田谷区下馬三丁目１１番６号,トレディカーサ三軒茶屋１Ｆ,ローソン下馬三丁目店,***,5431-3538,3世保生食ほ第2026号,飲食店営業,令和4年3月1日,令和4年3月1日,令和11年2月28日
1283,東京都世田谷区下馬三丁目１１番１０号,三ビル２Ｆ,喜平,有限会社三寿司,6453-2456,30世保生食ほ第2568号,飲食店営業,平成31年4月4日,平成31年4月4日,令和8年4月30日
1284,東京都世田谷区下馬三丁目１６番８号,-,三喜平,有限会社三寿司,03-4285-4557,3世保生食ほ第2162号,飲食店営業,令和4年4月1日,令和4年4月1日,令和10年3月31日
1285,東京都世田谷区下馬三丁目３４番１号,日本大学三軒茶屋キャンパス１号館１階食堂,日本大学　三軒茶屋キャンパス１号館１階　食堂,***,-,5世保生食ほ第1850号,飲食店営業,令和6年3月12日,令和6年3月12日,令和13年3月31日
1286,東京都世田谷区下馬三丁目３８番２号,-,おむすび茶ｃｈａｃｈａ,***,03-3414-4432,3世保生食ほ第17号,飲食店営業,令和3年5月19日,令和3年5月19日,令和9年5月31日
1287,東京都世田谷区下馬三丁目３８番２号,-,Ｋｏｌｍ,株式会社ＦＬＹＴＯ,-,5世保生食ほ第1313号,飲食店営業,令和5年11月24日,令和5年11月24日,令和11年11月30日
1288,東京都世田谷区下馬三丁目３８番２号,-,Ｋｏｌｍ,株式会社ＦＬＹＴＯ,-,5世保生食ほ第1314号,菓子製造業,令和5年11月24日,令和5年11月24日,令和11年11月30日
1289,東京都世田谷区下馬三丁目３９番５号,-,焼肉　貴味,***,3424-8955,2世保生食ほ第1592号,飲食店営業,平成25年11月13日,令和2年12月1日,令和9年5月31日
1290,東京都世田谷区下馬三丁目３９番５号,-,焼肉　貴味,***,3424-8955,2世保生食ほ第383号,食肉販売業,令和2年5月21日,令和2年5月21日,令和9年5月31日
1291,東京都世田谷区下馬三丁目３９番５号,-,Ｎｉｓｈｉ・や・庵,合資会社　にしやん,3424-2480,7世保生食ほ第1203号,飲食店営業,令和8年1月1日,令和8年1月1日,令和13年12月31日
1292,東京都世田谷区下馬三丁目３９番５号,-,てっぱんや燎,株式会社燎,3487-2904,5世保生食ほ第385号,飲食店営業,令和5年7月1日,令和5年7月1日,令和11年6月30日
1293,東京都世田谷区下馬三丁目３９番７号,-,都寿司,***,3411-0329,5世保生食ほ第631号,飲食店営業,令和5年9月1日,令和5年9月1日,令和11年8月31日
1294,東京都世田谷区下馬四丁目２番８号,-,セブンイレブン世田谷下馬４丁目店,***,-,6世保生食ほ第622号,飲食店営業,令和6年8月1日,令和6年8月1日,令和13年7月31日
1295,東京都世田谷区下馬四丁目３番９号,魚鯛ビル１Ｆ,マノワ　ラボ,マノワ株式会社,-,2世保生食ほ第968号,飲食店営業,令和2年9月9日,令和2年9月9日,令和9年9月30日
1296,東京都世田谷区下馬四丁目３番９号,魚鯛ビル１Ｆ,マノワ　ラボ,マノワ株式会社,-,2世保生食ほ第969号,菓子製造業,令和2年9月9日,令和2年9月9日,令和9年9月30日
1297,東京都世田谷区下馬四丁目３番９号,魚鯛ビル１Ｆ,マノワ　ラボ,マノワ株式会社,-,2世保生食ほ第970号,食肉販売業,令和2年9月9日,令和2年9月9日,令和9年9月30日
1298,東京都世田谷区下馬四丁目３番９号,魚鯛ビル１Ｆ,マノワ　ラボ,マノワ株式会社,-,2世保生食ほ第971号,食肉製品製造業,令和2年9月9日,令和2年9月9日,令和9年9月30日
1299,東京都世田谷区下馬四丁目３番９号,魚鯛ビル１Ｆ,マノワ　ラボ,マノワ株式会社,-,2世保生食ほ第972号,そうざい製造業,令和2年9月9日,令和2年9月9日,令和9年9月30日
1300,東京都世田谷区下馬四丁目３番９号,魚鯛ビル,おにぎり一番　おにいち　三軒茶屋,株式会社エフエフアルファ,-,3世保生食ほ第2449号,飲食店営業,令和4年4月8日,令和4年4月8日,令和11年4月30日
1301,東京都世田谷区下馬四丁目３番９号,魚鯛ビル,おにぎり一番　おにいち　三軒茶屋,株式会社エフエフアルファ,-,3世保生食ほ第2450号,魚介類販売業,令和4年4月8日,令和4年4月8日,令和11年4月30日
1302,東京都世田谷区下馬四丁目３番９号,魚鯛ビル,おにぎり一番　おにいち　三軒茶屋,株式会社エフエフアルファ,-,3世保生食ほ第2451号,そうざい製造業,令和4年4月8日,令和4年4月8日,令和11年4月30日
1303,東京都世田谷区下馬四丁目３番９号,-,肉屋のハンバーグとガーリックライス　三軒茶屋,株式会社エフ・エフ・アルファ,-,4世保生食ほ第516号,飲食店営業,令和4年6月30日,令和4年6月30日,令和11年6月30日
1304,東京都世田谷区下馬四丁目３番９号,-,肉屋のハンバーグとガーリックライス　三軒茶屋,株式会社エフ・エフ・アルファ,-,4世保生食ほ第517号,食肉販売業,令和4年6月30日,令和4年6月30日,令和11年6月30日
1305,東京都世田谷区下馬四丁目３番９号,-,肉屋のハンバーグとガーリックライス　三軒茶屋,株式会社エフ・エフ・アルファ,-,4世保生食ほ第518号,魚介類販売業,令和4年6月30日,令和4年6月30日,令和11年6月30日
1306,東京都世田谷区下馬四丁目３番９号,-,肉屋のハンバーグとガーリックライス　三軒茶屋,株式会社エフ・エフ・アルファ,-,4世保生食ほ第519号,菓子製造業,令和4年6月30日,令和4年6月30日,令和11年6月30日
1307,東京都世田谷区下馬四丁目３番９号,-,肉屋のハンバーグとガーリックライス　三軒茶屋,株式会社エフ・エフ・アルファ,-,4世保生食ほ第520号,そうざい製造業,令和4年6月30日,令和4年6月30日,令和11年6月30日
1308,東京都世田谷区下馬四丁目４番１１号,１階,ＢＯＮＴＡ　ＬＡＢ,ＪＰｉｎｓａ株式会社,-,7世保生食ほ第776号,飲食店営業,令和7年11月19日,令和7年11月19日,令和13年11月30日
1309,東京都世田谷区下馬四丁目４番１１号,１階,ＢＯＮＴＡ　ＬＡＢ,ＪＰｉｎｓａ株式会社,-,7世保生食ほ第777号,冷凍食品製造業,令和7年11月19日,令和7年11月19日,令和13年11月30日
1310,東京都世田谷区下馬四丁目１４番３号,-,市川精肉店,***,03-3411-0459,5世保生食ほ第651号,飲食店営業,令和5年9月1日,令和5年9月1日,令和11年8月31日
1311,東京都世田谷区下馬四丁目１４番３号,-,市川精肉店,***,03-3411-0459,5世保生食ほ第652号,食肉販売業,令和5年9月1日,令和5年9月1日,令和11年8月31日
1312,東京都世田谷区下馬四丁目１８番１号,-,おともだち保育園　分園　こまどめ,株式会社ニフス,-,5世保生食ほ第746号,飲食店営業,令和5年8月23日,令和5年8月23日,令和12年8月31日
1313,東京都世田谷区下馬四丁目２４番１１号,アパートメントハウスＴ２　１Ｆ,ローソン下馬四丁目店,有限会社樹彩,5430-1875,31世保生食ほ第2239号,飲食店営業,平成25年2月28日,令和2年3月1日,令和9年2月28日
1314,東京都世田谷区下馬四丁目２４番１１号,アパートメントハウスＴ２　１Ｆ,ローソン下馬四丁目店,有限会社樹彩,5430-1875,31世保生食ほ第2240号,菓子製造業,平成25年2月28日,令和2年3月1日,令和9年2月28日
1315,東京都世田谷区下馬四丁目２７番１３号,-,２９９　ｃａｆｅ,***,-,2世保生食ほ第2314号,飲食店営業,令和3年2月24日,令和3年2月24日,令和9年2月28日
1316,東京都世田谷区下馬五丁目７番１０号,-,好乃鮨,***,3414-4524,4世保生食ほ第985号,飲食店営業,令和4年11月1日,令和4年11月1日,令和10年10月31日
1317,東京都世田谷区下馬五丁目１４番１７号,-,（有）吉崎食品センター,有限会社吉崎食品センター,03-3422-2618,3世保生食ほ第128号,食肉販売業,平成27年5月13日,令和3年6月1日,令和9年5月31日
1318,東京都世田谷区下馬五丁目１６番１号,-,こんといて,株式会社三平商会,03-6452-3938,2世保生食ほ第2543号,飲食店営業,令和3年3月23日,令和3年3月23日,令和9年3月31日
1319,東京都世田谷区下馬五丁目１６番１号,１階,ｃｏｆｆｅｅ　ｈｏｕｓｅ　＂Ｍｅｅｔｓ”,***,03-6804-0777,5世保生食ほ第1703号,飲食店営業,令和6年2月29日,令和6年2月29日,令和12年2月28日
1320,東京都世田谷区下馬五丁目３５番３号,ハイネストン下馬Ｂ１０１,ａｔ　ａｐａｒｔｍｅｎｔ,株式会社イナセ工務店,-,3世保生食ほ第1474号,飲食店営業,令和3年11月8日,令和3年11月8日,令和9年11月30日
1321,東京都世田谷区下馬六丁目１１番１号,Ｂ１,五風十雨／５１０ｃａｆｅ,株式会社グローバルオーガニックゲート,03-6804-0703,7世保生食ほ第355号,飲食店営業,令和7年7月25日,令和7年7月25日,令和14年7月31日
1322,東京都世田谷区下馬六丁目１１番１号,Ｂ１,五風十雨／５１０ｃａｆｅ,株式会社グローバルオーガニックゲート,03-6804-0703,7世保生食ほ第356号,菓子製造業,令和7年7月25日,令和7年7月25日,令和14年7月31日
1323,東京都世田谷区下馬六丁目２１番１号,ラ・ジョリーメゾン１０１,松野,***,03-6805-4059,6世保生食ほ第1625号,飲食店営業,令和7年3月1日,令和7年3月1日,令和14年2月29日
1324,東京都世田谷区下馬六丁目２５番３号,-,ｂｉｊｉ,有限会社ｄｅｃｏ－ｅｃｏ,-,31世保生食ほ第2088号,飲食店営業,令和2年1月22日,令和2年1月22日,令和9年1月31日
1325,東京都世田谷区下馬六丁目４９番１６号,-,Ｃｈｉ　Ｂａｋｅｓ,株式会社イチゴアジア,6316-9186,2世保生食ほ第1687号,菓子製造業,平成26年12月4日,令和3年1月1日,令和8年12月31日
1326,東京都世田谷区太子堂一丁目３番４３号,-,世田谷区立　三宿中学校,株式会社スエヒロ,-,3世保生食ほ第216号,飲食店営業,令和3年4月23日,令和3年4月23日,令和10年4月30日
1327,東京都世田谷区太子堂一丁目３番４６号,-,世田谷区立学校給食太子堂調理場,株式会社東洋食品,3424-6776,2世保生食ほ第2816号,飲食店営業,令和3年4月23日,令和3年4月23日,令和10年4月30日
1328,東京都世田谷区太子堂一丁目４番３２号,-,世田谷製パン㈱,世田谷製パン株式会社,03-3421-0179,31世保生食ほ第924号,飲食店営業,平成7年8月30日,令和元年9月1日,令和8年8月31日
1329,東京都世田谷区太子堂一丁目４番３２号,-,世田谷製パン㈱,世田谷製パン株式会社,03-3421-0179,31世保生食ほ第925号,菓子製造業,平成7年8月30日,令和元年9月1日,令和8年8月31日
1330,東京都世田谷区太子堂一丁目４番３５号,ニシムラアートプラザビル１階,板蕎麦　山灯香,フードゲート株式会社,03-5779-3670,6世保生食ほ第37号,飲食店営業,令和6年5月1日,令和6年5月1日,令和13年4月30日
1331,東京都世田谷区太子堂一丁目４番３５号,ニシムラアートビル３Ｆ,ＢＲＡＶＵＲＡ　ＢＵＲＧＥＲ,Ｐａｔｕ株式会社,5787-5790,3世保生食ほ第2012号,飲食店営業,令和4年2月10日,令和4年2月10日,令和10年2月29日
1332,東京都世田谷区太子堂一丁目４番３５号,ニシムラアートプラザ２Ｆ,小籠包の丸福,株式会社ＪａｍＯｎ,-,6世保生食ほ第1680号,そうざい製造業,令和7年2月25日,令和7年2月25日,令和13年2月28日
1333,東京都世田谷区太子堂一丁目６番９号,-,瀬戸内バルＣｏｌｌａｂｏ,株式会社Ｃｏｌｌａｂｏ,03-5787-6078,5世保生食ほ第1403号,飲食店営業,令和6年1月1日,令和6年1月1日,令和11年12月31日
1334,東京都世田谷区太子堂一丁目７番,人見記念講堂Ｂ１,昭和女子大学ショップ　プレリュード,株式会社アイビー・シー・エス,03-3413-3880,5世保生食ほ第1258号,飲食店営業,令和5年12月1日,令和5年12月1日,令和12年11月30日
1335,東京都世田谷区太子堂一丁目７番５７号,-,レパスト　昭和女子大学食堂,株式会社レパスト,-,2世保生食ほ第2754号,飲食店営業,令和3年3月26日,令和3年3月26日,令和10年3月31日
1336,東京都世田谷区太子堂一丁目７番５７号,-,昭和女子大学１号館Ｂ１食堂,三和ベンドサービス株式会社,03-3411-5123,3世保生食ほ第144号,喫茶店営業（自動販売機）,令和3年4月21日,令和3年4月21日,令和8年4月30日
1337,東京都世田谷区太子堂一丁目７番５７号,-,昭和女子大学附属　昭和小学校・昭和こども園内給食室,株式会社レパスト,3411-5114,3世保生食ほ第414号,飲食店営業,令和3年5月28日,令和3年5月28日,令和10年5月31日
1338,東京都世田谷区太子堂一丁目７番５７号,大学３号館１階,ＣＡＦＥ３,株式会社アイビー・シー・エス,03-3413-3880,4世保生食ほ第970号,飲食店営業,令和4年9月29日,令和4年9月29日,令和11年9月30日
1339,東京都世田谷区太子堂一丁目１２番２４号,ハイツ阿藤１Ｆ,長崎　平戸漁港,アクティブリージョン株式会社,-,31世保生食ほ第1528号,飲食店営業,令和元年10月28日,令和元年10月28日,令和8年10月31日
1340,東京都世田谷区太子堂一丁目１２番２４号,ハイツ阿藤,クリスプ・サラダワークス　三軒茶屋店,株式会社ＣＲＩＳＰ,03-5432-9574,2世保生食ほ第872号,飲食店営業,令和2年8月26日,令和2年8月26日,令和9年8月31日
1341,東京都世田谷区太子堂一丁目１２番２５号,サンティビルＢ１,炭火焼き離島酒場ウタとルリ,***,03-5787-5434,6世保生食ほ第1167号,飲食店営業,令和6年11月19日,令和6年11月19日,令和12年11月30日
1342,東京都世田谷区太子堂一丁目１２番２９号,ダイアパレス三軒茶屋１０３,ＨＥＹＤＡＹ,合同会社　ＨＥＹＤＡＹ,03-3412-4550,2世保生食ほ第1256号,飲食店営業,令和2年10月2日,令和2年10月2日,令和9年10月31日
1343,東京都世田谷区太子堂一丁目１２番２９号,ダイアパレス三軒茶屋１０３,ＨＥＹＤＡＹ,合同会社　ＨＥＹＤＡＹ,03-3412-4550,31世保生食ほ第404号,飲食店営業,令和元年6月3日,令和元年6月3日,令和8年6月30日
1344,東京都世田谷区太子堂一丁目１２番３２号,エスビレッジ太子堂１０１,Ｍａｐｐｙ　Ｃｏｆｆｅｅ,合同会社ＳｋｙＭａｐｐｙ　Ｍａｒｋｅｔｉｎｇ,-,7世保生食ほ第1655号,飲食店営業,令和8年2月17日,令和8年2月17日,令和14年2月29日
1345,東京都世田谷区太子堂一丁目１２番３４号,-,ファミリーマート三軒茶屋東店,株式会社Ａｔｔｒａｃｔ　Ｐｌａｃｅ,03-5799-8291,5世保生食ほ第627号,飲食店営業,令和5年7月24日,令和5年7月24日,令和12年7月31日
1346,東京都世田谷区太子堂一丁目１２番３６号,ＳＴビル２階　Ｂ号室,ｗａｒａｂａｒ２４６,株式会社ｗａｒａｂａｒ,-,6世保生食ほ第527号,飲食店営業,令和6年7月17日,令和6年7月17日,令和12年7月31日
1347,東京都世田谷区太子堂一丁目１２番３６号,ＭＯＤＥＬＬＯ　三軒茶屋　　１Ｆ,ケンタッキーフライドチキンＲ２４６三軒茶屋店,日本ケンタッキー・フライド・チキン株式会社,-,6世保生食ほ第1316号,飲食店営業,令和7年1月17日,令和7年1月17日,令和15年1月31日
1348,東京都世田谷区太子堂一丁目１２番３８号,藤和三軒茶屋コープ１Ｆ,味噌一,株式会社エフエフエス,03-3418-7674,3世保生食ほ第2398号,飲食店営業,令和4年5月1日,令和4年5月1日,令和11年4月30日
1349,東京都世田谷区太子堂一丁目１３番２１号,-,昭和女子大学ナースリー保育園,株式会社レパスト,03-3411-6200,7世保生食ほ第924号,飲食店営業,令和7年11月1日,令和7年11月1日,令和14年10月31日
1350,東京都世田谷区太子堂一丁目１４番１４号,ライオンズマンション２ＦＤ号,串焼処　鶏太,***,03-5486-2662,6世保生食ほ第1320号,飲食店営業,令和7年1月1日,令和7年1月1日,令和12年12月31日
1351,東京都世田谷区太子堂一丁目１４番１４号,ライオンズマンション太子堂西側２階Ｅ号,コモードキッチン,株式会社コモード,03-6805-3165,4世保生食ほ第1387号,飲食店営業,令和4年12月1日,令和4年12月1日,令和10年11月30日
1352,東京都世田谷区太子堂一丁目１４番１４号,-,ＩＪＯＯＺ自動販売機　ダイエー　三軒茶屋店,ＩＪＯＯＺ株式会社,-,6世保生食ほ第1451号,調理の機能を有する自動販売機により食品を調理し、調理された食品を販売する営業,令和7年1月10日,令和7年1月10日,令和12年1月31日
1353,東京都世田谷区太子堂一丁目１５番１１号,いしいビル１階,三軒茶屋珈琲ｒｅｄ－ｃｌｏｖｅｒ,***,6362-3986,2世保生食ほ第2149号,飲食店営業,平成21年2月4日,令和3年3月1日,令和9年2月28日
1354,東京都世田谷区太子堂一丁目１５番１２号,-,太子堂　かご,***,5432-9876,7世保生食ほ第1603号,飲食店営業,令和8年3月1日,令和8年3月1日,令和14年2月29日
1355,東京都世田谷区太子堂一丁目１５番１２号,-,よかよか亭,株式会社Ｙｏｋａ,-,3世保生食ほ第629号,飲食店営業,令和3年7月15日,令和3年7月15日,令和9年7月31日
1356,東京都世田谷区太子堂一丁目１５番１２号,-,よかよか亭,株式会社Ｙｏｋａ,-,7世保生食ほ第988号,食肉販売業,令和7年10月20日,令和7年10月20日,令和13年10月31日
1357,東京都世田谷区太子堂一丁目１５番１２号,-,よかよか亭,株式会社Ｙｏｋａ,-,7世保生食ほ第989号,そうざい製造業,令和7年10月20日,令和7年10月20日,令和13年10月31日
1358,東京都世田谷区太子堂一丁目１５番１２号,セントラルビル１階１０１号,ＣＲＡＦＴ　ＢＲＥＷＥＲＳ,ＣＲＡＦＴ　ＢＲＥＷＥＲＳ株式会社,-,6世保生食ほ第1263号,飲食店営業,令和6年12月10日,令和6年12月10日,令和12年12月31日
1359,東京都世田谷区太子堂一丁目１５番１３号,-,くし　頌,***,03-3410-0094,3世保生食ほ第1627号,飲食店営業,令和4年1月1日,令和4年1月1日,令和9年12月31日
1360,東京都世田谷区太子堂一丁目１５番１３号,ソフィアビル２階,Ｆｕｔｂｏｌ　Ｃｅｒｖｅｃｅｒｉａ　ＯＮＣＥ　三軒茶屋店,株式会社オンセ,-,2世保生食ほ第566号,飲食店営業,令和2年7月3日,令和2年7月3日,令和8年7月31日
1361,東京都世田谷区太子堂一丁目１５番１３号,２Ｆ,焼肉ショップ　まんちい,株式会社ハイスポット,03-6805-5140,2世保生食ほ第2204号,飲食店営業,令和3年2月5日,令和3年2月5日,令和9年2月28日
1362,東京都世田谷区太子堂一丁目１５番１３号,３Ｆ,Ｐａｔｒｏｌ,株式会社ハイスポット,03-6805-5140,2世保生食ほ第2205号,飲食店営業,令和3年2月5日,令和3年2月5日,令和9年2月28日
1363,東京都世田谷区太子堂一丁目１５番１５号,Ｊａｚｚ　Ｉｎｎ　Ｕｎｃｌｅ　Ｔｏｍ,Ｊａｚｚ　Ｉｎｎ　Ｕｎｃｌｅ　Ｔｏｍ,***,03-3410-7903,5世保生食ほ第1409号,飲食店営業,令和6年1月1日,令和6年1月1日,令和11年12月31日
1364,東京都世田谷区太子堂一丁目１５番１５号,大槻ビル２Ｆ,ばる　まよるか,***,3422-8844,7世保生食ほ第1696号,飲食店営業,令和8年4月1日,令和8年4月1日,令和14年3月31日
1365,東京都世田谷区太子堂一丁目１５番１５号,２階,．Ｂ．Ｂ．Ｂ．,株式会社ＥＩＧＨＴ　ＷＡＶＥ,03-5787-5960,3世保生食ほ第1274号,飲食店営業,令和3年11月1日,令和3年11月1日,令和9年10月31日
1366,東京都世田谷区太子堂一丁目１５番１５号,-,立呑　たこ焼き　なんば,株式会社ＢｔｏＭ,-,7世保生食ほ第1419号,飲食店営業,令和8年2月1日,令和8年2月1日,令和14年1月31日
1367,東京都世田谷区太子堂一丁目１５番１８号,メゾンフォルテ１階,ＳＴＥＡＫ　ＨＯＵＳＥ　ＢＩＧ　ＢＥＡＲ　三軒茶屋店,株式会社アイティープラス,03-6450-7629,6世保生食ほ第1168号,飲食店営業,令和6年12月1日,令和6年12月1日,令和13年11月30日
1368,東京都世田谷区太子堂二丁目１番１号,ヴァンヴェール世田谷１０２,葱料理ｓｈｉｎ´ｓ　ｐｌａｃｅ,***,-,31世保生食ほ第891号,飲食店営業,令和元年8月7日,令和元年8月7日,令和8年8月31日
1369,東京都世田谷区太子堂二丁目１番１号,ヴァンヴェール世田谷１０４号室,Ｂａｒ　さくら,***,6770-8926,2世保生食ほ第616号,飲食店営業,令和2年7月13日,令和2年7月13日,令和8年7月31日
1370,東京都世田谷区太子堂二丁目２番５号,-,有限会社　海老徳,有限会社海老徳,3413-8295,2世保生食ほ第1988号,魚介類販売業,平成19年1月16日,令和3年2月1日,令和10年1月31日
1371,東京都世田谷区太子堂二丁目４番６号,-,（有）髙竹製麺所,有限会社髙竹製麺所,3412-1066,6世保生食ほ第1772号,麺類製造業,令和7年4月1日,令和7年4月1日,令和13年3月31日
1372,東京都世田谷区太子堂二丁目４番６号,-,（有）髙竹製麺所,有限会社髙竹製麺所,3412-1066,6世保生食ほ第335号,そうざい製造業,令和6年6月1日,令和6年6月1日,令和12年5月31日
1373,東京都世田谷区太子堂二丁目４番１１号,ルブラン太子堂１０２号,ＯＲＡＮＧＥ　ＧＥＲＢＥＲＡ,合同会社ＯＲＡＮＧＥ　ＧＥＲＢＥＲＡ,-,2世保生食ほ第728号,喫茶店営業,令和2年8月12日,令和2年8月12日,令和8年8月31日
1374,東京都世田谷区太子堂二丁目４番１９号,-,ＣＡＦＥ　ＣＩＲＣＯＬＯ　自家焙煎珈琲,***,5431-1284,30世保生食ほ第2511号,飲食店営業,平成18年4月26日,令和元年5月1日,令和8年4月30日
1375,東京都世田谷区太子堂二丁目４番１９号,-,ＣＡＦＥ　ＣＩＲＣＯＬＯ　自家焙煎珈琲,***,5431-1284,7世保生食ほ第1910号,飲食店営業,令和8年5月1日,令和8年5月1日,令和15年4月30日
1376,東京都世田谷区太子堂二丁目６番２号,曽山ビル１０１号,めん　和正,***,-,2世保生食ほ第1382号,飲食店営業,平成19年11月29日,令和2年12月1日,令和8年11月30日
1377,東京都世田谷区太子堂二丁目６番３号,Ｆ－ＦＬＡＴ三軒茶屋１Ｆ,ガミカリー,株式会社キックスエンターテイメント,03-6450-7775,4世保生食ほ第1408号,飲食店営業,令和4年12月13日,令和4年12月13日,令和11年12月31日
1378,東京都世田谷区太子堂二丁目６番５号,-,ベルクス世田谷太子堂店（鮮魚作業室）,株式会社サンベルクス,03-6450-8819,6世保生食ほ第249号,魚介類販売業,令和6年6月12日,令和6年6月12日,令和13年6月30日
1379,東京都世田谷区太子堂二丁目６番５号,-,ベルクス世田谷太子堂店（精肉作業室）,株式会社サンベルクス,03-6450-8819,6世保生食ほ第250号,食肉販売業,令和6年6月12日,令和6年6月12日,令和13年6月30日
1380,東京都世田谷区太子堂二丁目６番５号,-,ベルクス世田谷太子堂店（青果作業室）,株式会社サンベルクス,03-6450-8819,6世保生食ほ第251号,漬物製造業,令和6年6月12日,令和6年6月12日,令和13年6月30日
1381,東京都世田谷区太子堂二丁目６番５号,-,ベルクス世田谷太子堂店（惣菜作業室）,株式会社サンベルクス,03-6450-8819,6世保生食ほ第252号,飲食店営業,令和6年6月12日,令和6年6月12日,令和13年6月30日
1382,東京都世田谷区太子堂二丁目６番５号,-,ベルクス世田谷太子堂店（惣菜寿司作業室）,株式会社サンベルクス,03-6450-8819,6世保生食ほ第253号,飲食店営業,令和6年6月12日,令和6年6月12日,令和13年6月30日
1383,東京都世田谷区太子堂二丁目７番３号,橋和屋東京１Ｆ,Ｂａｒ　１２,株式会社橋和屋本店,03-6450-7212,4世保生食ほ第2025号,飲食店営業,令和5年5月1日,令和5年5月1日,令和11年4月30日
1384,東京都世田谷区太子堂二丁目８番１１号,１Ｆ,ＧＥＮＥＲＡＬＳＴＯＲＥ　ＭＩＫＡＷＡＹＡ,マケナエンタープライズ株式会社,03-5779-6939,2世保生食ほ第2265号,飲食店営業,令和3年2月5日,令和3年2月5日,令和10年2月29日
1385,東京都世田谷区太子堂二丁目８番１２号,-,ｍｉ　Ｃａｓａ,株式会社ＭＩＫＡＳＡ,03-6804-0433,7世保生食ほ第20号,飲食店営業,令和7年5月1日,令和7年5月1日,令和14年4月30日
1386,東京都世田谷区太子堂二丁目８番１２号,佐々木ビルＢ１Ｆ,Ｇｒａｐｅ　Ｆｒｕｉｔ　Ｍｏｏｎ,株式会社ＧｒａｐｅＦｒｕｉｔＭｏｏｎ,03-3487-8159,3世保生食ほ第1824号,飲食店営業,令和4年1月4日,令和4年1月4日,令和10年1月31日
1387,東京都世田谷区太子堂二丁目９番２１号,-,銀のさら・釜寅・すし上等　三軒茶屋,株式会社ライドオンエクスプレス,03-3787-3387,31世保生食ほ第2814号,飲食店営業,令和2年3月24日,令和2年3月24日,令和9年3月31日
1388,東京都世田谷区太子堂二丁目９番２５号,-,ＪＯＯＲＮＥＹ,株式会社郷土菓子研究社,-,3世保生食ほ第1522号,菓子製造業,令和3年11月9日,令和3年11月9日,令和10年11月30日
1389,東京都世田谷区太子堂二丁目９番２６号,-,李白苑,***,03-3419-8081,2世保生食ほ第2633号,飲食店営業,平成4年3月27日,令和3年4月1日,令和9年3月31日
1390,東京都世田谷区太子堂二丁目９番３４号,-,Ｐｅｔｉｔ・ｒｅｓｔａｕｒａｎｔナカジマ,***,03-3413-5833,4世保生食ほ第1375号,飲食店営業,令和5年1月1日,令和5年1月1日,令和11年12月31日
1391,東京都世田谷区太子堂二丁目１２番１号,-,セブンイレブン三軒茶屋駅東店,***,03-3411-9174,3世保生食ほ第470号,飲食店営業,令和3年6月15日,令和3年6月15日,令和10年6月30日
1392,東京都世田谷区太子堂二丁目１３番１号,佑和ビル１Ｆ,らーめん茂木,***,03-3421-1769,6世保生食ほ第1079号,飲食店営業,令和6年12月1日,令和6年12月1日,令和12年11月30日
1393,東京都世田谷区太子堂二丁目１４番８号,-,Ｂ＆Ｉ　１３６４,グリーンホスピタリティフードサービス株式会社,03-3410-2241,3世保生食ほ第1545号,飲食店営業,令和3年12月1日,令和3年12月1日,令和10年11月30日
1394,東京都世田谷区太子堂二丁目１５番,-,ＬＡＷＳＯＮ＋ｔｏｋｓ　三軒茶屋駅店,株式会社東急ストア,03-6805-3310,7世保生食ほ第610号,飲食店営業,令和7年8月8日,令和7年8月8日,令和14年8月31日
1395,東京都世田谷区太子堂二丁目１５番２号,２Ｆ,医療法人財団　青葉会　青葉病院,日清医療食品株式会社,03-3419-7111,7世保生食ほ第1712号,飲食店営業,令和8年4月1日,令和8年4月1日,令和15年3月31日
1396,東京都世田谷区太子堂二丁目１５番４号,-,ティップネス　三軒茶屋店,株式会社　ティップネス,03-5433-1171,3世保生食ほ第976号,調理の機能を有する自動販売機により食品を調理し、調理された食品を販売する営業,令和3年8月20日,令和3年8月20日,令和8年8月31日
1397,東京都世田谷区太子堂二丁目１５番４号,Ｇビル三軒茶屋０１　Ｂ１Ｆ,スシロー三軒茶屋店,株式会社あきんどスシロー,03-6804-0501,7世保生食ほ第1647号,飲食店営業,令和8年2月20日,令和8年2月20日,令和15年2月28日
1398,東京都世田谷区太子堂二丁目１５番８号,松山貸店舗２階部分,Ｖ　ｂａｒ,株式会社ＭＴｅｍｐｔｙ,-,2世保生食ほ第509号,飲食店営業,令和2年6月26日,令和2年6月26日,令和8年6月30日
1399,東京都世田谷区太子堂二丁目１５番８号,松山店舗１階,Ｎｅｎｅ,***,-,2世保生食ほ第723号,飲食店営業,令和2年7月30日,令和2年7月30日,令和8年7月31日
1400,東京都世田谷区太子堂二丁目１５番８号,-,河童,***,-,2世保生食ほ第1521号,飲食店営業,令和3年1月14日,令和3年1月14日,令和9年1月31日
1401,東京都世田谷区太子堂二丁目１５番８号,２Ｆ,カラオケバー　あすなろ,***,-,5世保生食ほ第1525号,飲食店営業,令和6年1月17日,令和6年1月17日,令和12年1月31日
1402,東京都世田谷区太子堂二丁目１６番７号,世田谷産業プラザ１階,産業情報コーナー,財団法人　世田谷区産業振興公社,3411-6602,2世保生食ほ第2798号,飲食店営業,平成19年4月25日,令和3年5月1日,令和10年4月30日
1403,東京都世田谷区太子堂二丁目１６番８号,１・２階,野家三軒茶屋店,株式会社野家,5431-5083,5世保生食ほ第554号,飲食店営業,令和5年8月1日,令和5年8月1日,令和12年7月31日
1404,東京都世田谷区太子堂二丁目１６番９号,Ａ・Ｋビルカマナカ２Ｆ,Ｃａｓｔｏｒ,***,3414-8765,2世保生食ほ第843号,飲食店営業,昭和63年8月3日,令和2年9月1日,令和8年8月31日
1405,東京都世田谷区太子堂二丁目１７番５号,佐藤ビル３Ｆ,三茶ワーク,三茶ワークカンパニー株式会社,6883-1319,31世保生食ほ第539号,飲食店営業,令和元年7月19日,令和元年7月19日,令和8年7月31日
1406,東京都世田谷区太子堂二丁目１７番６号,第五カスタムビル３Ｆ,ｇｉｒｌｓ　ｂａｒ　ＢＯＵＮＴＹ,株式会社ディスタンス,03-5433-4665,3世保生食ほ第420号,飲食店営業,令和3年5月31日,令和3年5月31日,令和9年5月31日
1407,東京都世田谷区太子堂二丁目１７番９号,-,ｔｈｅ　ｂ　三軒茶屋,株式会社ホライズン・ホテルズ,3795-0505,2世保生食ほ第653号,飲食店営業,令和2年7月15日,令和2年7月15日,令和9年7月31日
1408,東京都世田谷区太子堂二丁目１７番９号,-,ローソン太子堂二丁目店,***,03-3419-4460,5世保生食ほ第489号,飲食店営業,令和5年6月29日,令和5年6月29日,令和12年6月30日
1409,東京都世田谷区太子堂二丁目１７番１１号,-,煙房,株式会社ＷＩＬＤ　ＵＰ,-,7世保生食ほ第1184号,飲食店営業,令和7年11月14日,令和7年11月14日,令和13年11月30日
1410,東京都世田谷区太子堂二丁目１７番１２号,１Ｆ,らーめん蓮　三軒茶屋店,株式会社ＲＥＢＯＲＮ,03-5787-8990,6世保生食ほ第61号,飲食店営業,令和6年4月15日,令和6年4月15日,令和12年4月30日
1411,東京都世田谷区太子堂二丁目１８番２号,-,ＭＵＭ’ｓ　ＳＴＡＮＤ,株式会社コイケ,03-6805-3301,2世保生食ほ第2604号,麺類製造業,令和3年3月10日,令和3年3月10日,令和10年3月31日
1412,東京都世田谷区太子堂二丁目１８番２号,-,ＭＵＭ’ｓ　ＳＴＡＮＤ,株式会社コイケ,03-6805-3301,2世保生食ほ第2605号,そうざい製造業,令和3年3月10日,令和3年3月10日,令和10年3月31日
1413,東京都世田谷区太子堂二丁目１８番２号,-,ＭＵＭ’ｓ　ＳＴＡＮＤ,株式会社コイケ,03-6805-3301,31世保生食ほ第1086号,飲食店営業,令和元年9月3日,令和元年9月3日,令和8年9月30日
1414,東京都世田谷区太子堂二丁目１８番２号,１階,さかな食堂,スタックス有限会社,03-6805-3301,6世保生食ほ第1909号,魚介類販売業,令和7年4月1日,令和7年4月1日,令和13年3月31日
1415,東京都世田谷区太子堂二丁目１８番３号,-,ＲＯＵＴＥ　ＡＧＡＲＥ,株式会社ＷＡＫＵＷＡＫＵ,03-6805-5317,7世保生食ほ第837号,飲食店営業,令和7年10月1日,令和7年10月1日,令和13年9月30日
1416,東京都世田谷区太子堂二丁目１８番３号,２階,Ｄｅｅｐ,株式会社ＦＯＮＡ,-,6世保生食ほ第866号,飲食店営業,令和6年9月20日,令和6年9月20日,令和12年9月30日
1417,東京都世田谷区太子堂二丁目１９番５号,ライファービル４Ｆ,一穂,株式会社一穂,03-6805-2595,7世保生食ほ第211号,飲食店営業,令和7年6月1日,令和7年6月1日,令和14年5月31日
1418,東京都世田谷区太子堂二丁目２０番５号,-,ピザ　ロクサン,***,03-3414-4902,6世保生食ほ第73号,飲食店営業,令和6年6月1日,令和6年6月1日,令和12年5月31日
1419,東京都世田谷区太子堂二丁目２０番７号,１階,ＳＡＮＣＹＡ　ＧＯＯＤ　ＨＯＲＵＭＯＮＺ,株式会社ＲＡＫＵＺＡ　ＷＯＲＫＳ,03-4361-0406,7世保生食ほ第1294号,飲食店営業,令和7年12月18日,令和7年12月18日,令和13年12月31日
1420,東京都世田谷区太子堂二丁目２２番９号,中野ビル２０１,小料理　まい,***,03-6450-8636,2世保生食ほ第2172号,飲食店営業,平成27年2月17日,令和3年3月1日,令和9年2月28日
1421,東京都世田谷区太子堂二丁目２２番９号,中野ビル１Ｆ,三茶呑場　マルコ,株式会社２ＴＡＰＳ,03-6413-8208,6世保生食ほ第1757号,飲食店営業,令和7年4月1日,令和7年4月1日,令和13年3月31日
1422,東京都世田谷区太子堂二丁目２２番９号,中野ビル３Ｆ,ＮＯＬ,***,-,2世保生食ほ第574号,飲食店営業,令和2年7月8日,令和2年7月8日,令和8年7月31日
1423,東京都世田谷区太子堂二丁目２２番１１号,-,ちる　と　ｓａｋｅ,***,-,3世保生食ほ第123号,飲食店営業,令和3年5月6日,令和3年5月6日,令和9年5月31日
1424,東京都世田谷区太子堂二丁目２２番１１号,ＷＩｌｌ三軒茶屋２ＦＣ号室,ＴＨＥ　ＤＡＹ,株式会社ｂａｒａｎｃｅ,-,3世保生食ほ第326号,飲食店営業,令和3年5月20日,令和3年5月20日,令和9年5月31日
1425,東京都世田谷区太子堂二丁目２２番１１号,ｗｉｌｌ三軒茶屋Ｄ,Ｈａｃｈｉｍｉｔｓｕ,***,-,3世保生食ほ第395号,飲食店営業,令和3年5月25日,令和3年5月25日,令和9年5月31日
1426,東京都世田谷区太子堂二丁目２３番２号,ラフィンⅡ２０２,てっぽうや,有限会社五臓六腑,6453-4664,31世保生食ほ第1173号,飲食店営業,令和元年9月12日,令和元年9月12日,令和8年9月30日
1427,東京都世田谷区太子堂二丁目２３番２号,ラフィンⅡ,五臓六腑本店,有限会社五臓六腑,03-3422-5656,31世保生食ほ第1710号,飲食店営業,令和元年12月2日,令和元年12月2日,令和8年12月31日
1428,東京都世田谷区太子堂二丁目２３番４号,ＳＡＬＯＮ　１階,Ｔｅａ　Ｌａｎｄ,Ｔｅａ　Ｌａｎｄ合同会社,-,31世保生食ほ第190号,喫茶店営業,令和元年6月27日,令和元年6月27日,令和8年6月30日
1429,東京都世田谷区太子堂二丁目２３番４号,サロンビル１階,Ｒｅ．ＴＯＳＣＡＮＡ,株式会社イタリアンイノベーションクッチーナ,03-6450-9497,2世保生食ほ第2858号,飲食店営業,令和3年4月7日,令和3年4月7日,令和10年4月30日
1430,東京都世田谷区太子堂二丁目２３番５号,プルミエビル１階,東京餃子楼　茶沢通り店,株式会社パズルフードサービス,03-5779-8757,5世保生食ほ第716号,飲食店営業,令和5年9月1日,令和5年9月1日,令和12年8月31日
1431,東京都世田谷区太子堂二丁目２３番５号,２Ｆ,本格タイ料理バル　プアン,***,-,2世保生食ほ第2614号,飲食店営業,平成27年3月2日,令和3年4月1日,令和9年3月31日
1432,東京都世田谷区太子堂二丁目２３番５号,プルミエ太子堂Ｂ１,Ｃｏｍｅ　Ｔｏｇｅｔｈｅｒ,***,-,7世保生食ほ第1249号,飲食店営業,令和8年1月1日,令和8年1月1日,令和13年12月31日
1433,東京都世田谷区太子堂二丁目２３番５号,太子堂２丁目戸建店舗１階,Ｒｅｎｇｅ酒場,株式会社ブラボー・ピープルズ,03-5787-8113,2世保生食ほ第1832号,飲食店営業,令和2年12月22日,令和2年12月22日,令和9年12月31日
1434,東京都世田谷区太子堂二丁目２３番５号,ブランカ１Ｆ,ディプジョティ,ババグループ株式会社,03-5787-6669,5世保生食ほ第1040号,飲食店営業,令和5年10月6日,令和5年10月6日,令和12年10月31日
1435,東京都世田谷区太子堂二丁目２３番５号,１Ｆ,赤星,株式会社ｐｌｏｗ,03-5787-5677,5世保生食ほ第1348号,飲食店営業,令和5年12月5日,令和5年12月5日,令和11年12月31日
1436,東京都世田谷区太子堂二丁目２４番５号,-,Ｔｒｕｆｆｌｅ　ＢＡＫＥＲＹ,株式会社ドレステーブル,03-6805-3223,2世保生食ほ第610号,飲食店営業,令和2年7月15日,令和2年7月15日,令和9年7月31日
1437,東京都世田谷区太子堂二丁目２４番５号,-,Ｔｒｕｆｆｌｅ　ＢＡＫＥＲＹ,株式会社ドレステーブル,03-6805-3223,2世保生食ほ第611号,菓子製造業,令和2年7月15日,令和2年7月15日,令和9年7月31日
1438,東京都世田谷区太子堂二丁目２４番６号,ドミー三軒茶屋Ｂ１,ゆいまーる食堂　三軒茶屋店,株式会社琉球スタイル,6453-2131,31世保生食ほ第2677号,飲食店営業,平成26年4月11日,令和2年5月1日,令和8年4月30日
1439,東京都世田谷区太子堂二丁目２４番６号,ドミー三軒茶屋Ｂ１,ゆいまーる食堂　三軒茶屋店,株式会社琉球スタイル,6453-2131,8世保生食ほ第15号,飲食店営業,令和8年5月1日,令和8年5月1日,令和14年4月30日
1440,東京都世田谷区太子堂二丁目２４番７号,ラピス三軒茶屋１Ｆ,濱田家,有限会社濱田家,03-3424-9988,7世保生食ほ第216号,飲食店営業,令和7年6月1日,令和7年6月1日,令和14年5月31日
1441,東京都世田谷区太子堂二丁目２４番７号,ラピス三軒茶屋１Ｆ,濱田家,有限会社濱田家,03-3424-9988,7世保生食ほ第217号,菓子製造業,令和7年6月1日,令和7年6月1日,令和14年5月31日
1442,東京都世田谷区太子堂二丁目２５番２号,ボヌール三軒茶屋１Ｆ,セブンイレブン世田谷太子堂２丁目店,***,03-3424-5038,3世保生食ほ第511号,飲食店営業,令和3年6月15日,令和3年6月15日,令和10年6月30日
1443,東京都世田谷区太子堂二丁目２５番６号,池田屋ビル２Ｆ,イチゼロ,***,-,2世保生食ほ第2248号,飲食店営業,令和3年2月5日,令和3年2月5日,令和10年2月29日
1444,東京都世田谷区太子堂二丁目２６番１号,-,どないや,株式会社Ｙｕｍｍｙ　Ｒｅｐｕｂｌｉｃ,6450-9677,7世保生食ほ第497号,飲食店営業,令和7年8月1日,令和7年8月1日,令和13年7月31日
1445,東京都世田谷区太子堂二丁目２６番１号,ＺＥＳＴⅢ　３Ｆ,マッコリ　Ａｎｇ,***,6845-5851,7世保生食ほ第241号,飲食店営業,令和7年6月1日,令和7年6月1日,令和13年5月31日
1446,東京都世田谷区太子堂二丁目２６番１号,ＺＥＳＴ３　２階,からん／しまんちゅパーラー,株式会社ｗａｒａｂａｒ,-,6世保生食ほ第961号,飲食店営業,令和6年10月8日,令和6年10月8日,令和13年10月31日
1447,東京都世田谷区太子堂二丁目２８番３号,ライファービルⅡ２Ｆ,ニューマルコ,株式会社２ＴＡＰＳ,03-6805-5678,6世保生食ほ第785号,飲食店営業,令和6年10月1日,令和6年10月1日,令和13年9月30日
1448,東京都世田谷区太子堂二丁目２８番３号,ライファービルⅡ　１階－Ｂ,志のもと　三軒茶屋店,合同会社ＴＲＵＮＫ　ＯＵＴ,03-5432-9989,4世保生食ほ第191号,飲食店営業,令和4年5月6日,令和4年5月6日,令和10年5月31日
1449,東京都世田谷区太子堂二丁目２８番３号,ライファービル１Ｆ,プチ　シュシュ,***,-,6世保生食ほ第528号,飲食店営業,令和6年7月17日,令和6年7月17日,令和12年7月31日
1450,東京都世田谷区太子堂二丁目２８番３号,ライファービルⅡ　１０１,ニューマルコ　１階,株式会社ＳＯ－ＴＯ,-,6世保生食ほ第1446号,飲食店営業,令和7年3月31日,令和7年3月31日,令和13年3月31日
1451,東京都世田谷区太子堂二丁目２９番３号,スカイブルー三軒茶屋１階１０１,空輝,***,03-3411-3402,2世保生食ほ第2735号,飲食店営業,平成21年4月30日,令和3年5月1日,令和9年4月30日
1452,東京都世田谷区太子堂二丁目２９番３号,-,ファミリーマート太子堂店,株式会社諏訪矢崎,0357123510,5世保生食ほ第1147号,飲食店営業,令和5年11月1日,令和5年11月1日,令和12年10月31日
1453,東京都世田谷区太子堂二丁目２９番５号,-,有限会社紀吉食品太子堂支店,有限会社紀吉食品,03-3411-0825,2世保生食ほ第2545号,飲食店営業,平成6年3月25日,令和3年4月1日,令和9年3月31日
1454,東京都世田谷区太子堂二丁目２９番５号,-,有限会社紀吉食品太子堂支店,有限会社紀吉食品,03-3411-0825,2世保生食ほ第2546号,魚介類販売業,平成6年3月25日,令和3年4月1日,令和9年3月31日
1455,東京都世田谷区太子堂二丁目２９番５号,ヴィレッジちろりん３Ｆ,Ｒｕｍｃｏｋｅ,***,03-5787-5721,2世保生食ほ第528号,飲食店営業,令和2年6月26日,令和2年6月26日,令和8年6月30日
1456,東京都世田谷区太子堂二丁目２９番５号,ヴィレッジちろりん３Ｆ,Ｊｉｍｉｎｙ　ｃｒｉｃｋｅｔ,***,03-5787-5721,2世保生食ほ第2671号,飲食店営業,令和3年3月16日,令和3年3月16日,令和9年3月31日
1457,東京都世田谷区太子堂二丁目２９番５号,平和ビル１Ｆ,ＭＩＴＳＵ－ＡＭＩ,株式会社Ｏｎｅｗｌｄ,-,5世保生食ほ第96号,飲食店営業,令和5年4月17日,令和5年4月17日,令和11年4月30日
1458,東京都世田谷区太子堂二丁目３０番１号,-,メルカティーノ三軒茶屋,東食サービス株式会社,-,2世保生食ほ第425号,飲食店営業,令和2年6月3日,令和2年6月3日,令和8年6月30日
1459,東京都世田谷区太子堂二丁目３０番１号,-,メルカティーノ三軒茶屋,東食サービス株式会社,-,2世保生食ほ第428号,そうざい製造業,令和2年6月3日,令和2年6月3日,令和8年6月30日
1460,東京都世田谷区太子堂二丁目３０番１号,第２丸栄ビル１階,メルカティーノ三軒茶屋,東京食彩株式会社,03-5787-8144,2世保生食ほ第2807号,飲食店営業,令和3年4月5日,令和3年4月5日,令和10年4月30日
1461,東京都世田谷区太子堂二丁目３０番１号,第２丸栄ビル１階,メルカティーノ三軒茶屋,東京食彩株式会社,03-5787-8144,2世保生食ほ第2808号,菓子製造業,令和3年4月5日,令和3年4月5日,令和10年4月30日
1462,東京都世田谷区太子堂二丁目３０番１号,第２丸栄ビル１階,メルカティーノ三軒茶屋,東京食彩株式会社,03-5787-8144,2世保生食ほ第2809号,そうざい製造業,令和3年4月5日,令和3年4月5日,令和10年4月30日
1463,東京都世田谷区太子堂二丁目３０番２号,１Ｆ、２Ｆ　,まる２９　三軒茶屋店,ＡｔｈＲｅｅｂｏ株式会社,03-6805-4529,2世保生食ほ第1830号,食肉販売業,令和2年12月10日,令和2年12月10日,令和8年12月31日
1464,東京都世田谷区太子堂二丁目３０番２号,１Ｆ、２Ｆ　,まる２９　三軒茶屋店,ＡｔｈＲｅｅｂｏ株式会社,03-6805-4529,7世保生食ほ第1121号,飲食店営業,令和7年11月1日,令和7年11月1日,令和13年10月31日
1465,東京都世田谷区太子堂二丁目３０番２号,-,晴レ結び,***,-,2世保生食ほ第1609号,飲食店営業,令和2年11月16日,令和2年11月16日,令和8年11月30日
1466,東京都世田谷区太子堂二丁目３２番２号,加藤ビル１Ｆ,アイスナイン,***,3411-4524,2世保生食ほ第65号,飲食店営業,平成14年6月21日,令和2年7月1日,令和8年6月30日
1467,東京都世田谷区太子堂二丁目３２番３号,-,ほていや,***,3413-5701,2世保生食ほ第78号,飲食店営業,平成14年7月8日,令和2年8月1日,令和8年7月31日
1468,東京都世田谷区太子堂二丁目３４番５号,-,居酒屋　のんき,***,03-5481-0727,6世保生食ほ第1666号,飲食店営業,令和7年4月1日,令和7年4月1日,令和14年3月31日
1469,東京都世田谷区太子堂二丁目３５番６号,スズキビル１階,エスプーン　三軒茶屋店,ｓｓ－ｐｏｏｎ株式会社,03-5787-6386,5世保生食ほ第1389号,飲食店営業,令和6年1月1日,令和6年1月1日,令和11年12月31日
1470,東京都世田谷区太子堂二丁目３５番６号,１Ｆ左,カフェ　下ノ谷,***,-,2世保生食ほ第359号,飲食店営業,令和2年5月20日,令和2年5月20日,令和8年5月31日
1471,東京都世田谷区太子堂二丁目３７番２号,-,グランダ三軒茶屋,株式会社ＬＥＯＣ,6687-8060,2世保生食ほ第1588号,飲食店営業,平成25年11月20日,令和2年12月1日,令和9年11月30日
1472,東京都世田谷区太子堂二丁目３８番３号,-,Ｐｌｕｔｏ,株式会社ｎｅｗｎ,-,6世保生食ほ第560号,飲食店営業,令和6年8月5日,令和6年8月5日,令和13年8月31日
1473,東京都世田谷区太子堂二丁目３８番３号,-,Ｐｌｕｔｏ,株式会社ｎｅｗｎ,-,6世保生食ほ第561号,菓子製造業,令和6年8月5日,令和6年8月5日,令和13年8月31日
1474,東京都世田谷区太子堂三丁目４番１２号,１Ｆ,Ｆｒｅｅｅａｔ,株式会社フリーウォール,03-6450-9117,7世保生食ほ第461号,飲食店営業,令和7年7月15日,令和7年7月15日,令和14年7月31日
1475,東京都世田谷区太子堂三丁目１１番４号,１階,ＮＡＫＡＮＯ,***,03-4296-2420,4世保生食ほ第294号,飲食店営業,令和4年7月1日,令和4年7月1日,令和11年6月30日
1476,東京都世田谷区太子堂三丁目１３番２号,-,津久井,***,3410-6586,31世保生食ほ第839号,飲食店営業,平成24年8月31日,令和元年9月1日,令和8年8月31日
1477,東京都世田谷区太子堂三丁目１４番１号,-,有限会社アーモンド洋菓子店,有限会社アーモンド洋菓子店,03-3412-5982,5世保生食ほ第105号,アイスクリーム類製造業,令和5年6月1日,令和5年6月1日,令和11年5月31日
1478,東京都世田谷区太子堂三丁目１４番１号,-,有限会社アーモンド洋菓子店,有限会社アーモンド洋菓子店,03-3412-5982,7世保生食ほ第996号,菓子製造業,令和7年11月1日,令和7年11月1日,令和13年10月31日
1479,東京都世田谷区太子堂三丁目１４番１号,千葉ビル１Ｆ,あづま商店,株式会社アイズプラス,03-3410-4633,3世保生食ほ第163号,飲食店営業,令和3年4月30日,令和3年4月30日,令和9年4月30日
1480,東京都世田谷区太子堂三丁目１４番４号,エスペランサ三軒茶屋２Ｆ,おちょこ,***,-,5世保生食ほ第1985号,飲食店営業,令和6年4月1日,令和6年4月1日,令和12年3月31日
1481,東京都世田谷区太子堂三丁目１４番４号,エスペランサ三軒茶屋１階,三茶一〇一,株式会社ＡＲＣＥ,-,6世保生食ほ第547号,飲食店営業,令和6年8月22日,令和6年8月22日,令和13年8月31日
1482,東京都世田谷区太子堂三丁目１５番２号,ゴリラビル１Ｆ,ファミリーマート太子堂三丁目店,株式会社丸德ファーム,03-5431-6136,4世保生食ほ第1936号,飲食店営業,令和5年4月1日,令和5年4月1日,令和12年3月31日
1483,東京都世田谷区太子堂三丁目１５番２号,蛇の目ビルＢ１,ＣＨＯＴ　ＢＡＲ　ＳｈＩＥＬＬＥ,***,03-3418-7887,2世保生食ほ第1250号,飲食店営業,平成14年10月21日,令和2年11月1日,令和8年10月31日
1484,東京都世田谷区太子堂三丁目１５番５号,金地ビル２Ｆ,能登屋,***,03-5432-9117,4世保生食ほ第1520号,飲食店営業,令和5年1月1日,令和5年1月1日,令和10年12月31日
1485,東京都世田谷区太子堂三丁目１５番５号,バナナビル４Ｆ,Ｂｒｏｔｈｅｒ,株式会社オフィス高岩,-,2世保生食ほ第1744号,飲食店営業,令和2年12月9日,令和2年12月9日,令和8年12月31日
1486,東京都世田谷区太子堂三丁目１５番５号,バナナビル４Ｆ,ｍｏｎｋｅｙ　ｂａｒ,***,-,6世保生食ほ第404号,飲食店営業,令和6年6月18日,令和6年6月18日,令和12年6月30日
1487,東京都世田谷区太子堂三丁目１６番３号,ＡＳＴＩＬＥ三軒茶屋Ⅱ　１階,Ｓｔｏｏｐ,***,6453-2571,2世保生食ほ第2326号,喫茶店営業,令和3年2月26日,令和3年2月26日,令和9年2月28日
1488,東京都世田谷区太子堂三丁目１６番３号,ＡＳＴＩＬＥ三軒茶屋ⅡＢ１Ｆ,１／ｆ　ゆらぎ　ＢＡＳＥＭＥＮＴ　ＢＡＲ,ＴＹＤＥ合同会社,03-4400-6500,3世保生食ほ第391号,飲食店営業,令和3年5月31日,令和3年5月31日,令和9年5月31日
1489,東京都世田谷区太子堂三丁目１８番２号,堀江店舗　１Ｆ,ＢＡＲ　ＧＬＩＫＯ,株式会社Ｃｏｏｐｅｒ,03-4285-7426,3世保生食ほ第1835号,飲食店営業,令和4年2月1日,令和4年2月1日,令和10年1月31日
1490,東京都世田谷区太子堂三丁目１８番２号,-,ＬＡＦＦ　ＢＡＲ　＆　ＫＩＴＣＨＥＮ,株式会社Ｌａｕｑ,03-6450-7072,5世保生食ほ第1900号,飲食店営業,令和6年4月1日,令和6年4月1日,令和12年3月31日
1491,東京都世田谷区太子堂三丁目１８番２号,三茶ビル１Ｆ,創作カレーＭＡＮＯＳ,魔の巣株式会社,03-6805-3376,5世保生食ほ第194号,飲食店営業,令和5年5月8日,令和5年5月8日,令和12年5月31日
1492,東京都世田谷区太子堂三丁目１９番９号,-,美　びみ,***,03-3422-4593,2世保生食ほ第2319号,飲食店営業,平成27年4月1日,令和3年4月1日,令和9年3月31日
1493,東京都世田谷区太子堂三丁目２３番９号,-,オクトーブル,***,3421-7979,31世保生食ほ第2342号,飲食店営業,平成25年3月19日,令和2年4月1日,令和9年3月31日
1494,東京都世田谷区太子堂三丁目２３番９号,-,オクトーブル,***,3421-7979,31世保生食ほ第2343号,菓子製造業,平成25年3月19日,令和2年4月1日,令和9年3月31日
1495,東京都世田谷区太子堂三丁目２５番３号,１Ｆ－Ａ,Ｂｅａｓｔｉｅ　Ｃｏｆｆｅｅ　Ｃｌｕｂ　Ｔｏｋｙｏ,株式会社ミニマルクラフト,03-6805-5165,6世保生食ほ第1006号,飲食店営業,令和6年11月1日,令和6年11月1日,令和12年10月31日
1496,東京都世田谷区太子堂三丁目２６番９号,ＤＣ太子堂１Ｆ,スタジオ　ファミリア,株式会社カトウ・デーシー,03-6805-2131,6世保生食ほ第1630号,飲食店営業,令和7年4月1日,令和7年4月1日,令和13年3月31日
1497,東京都世田谷区太子堂三丁目３８番１５号,-,ＮＡＮＡＩＲＯ　ＣＯＯＫＩＮＧ　ＳＴＵＤＩＯ　三軒茶屋,株式会社ＳＯＹＯＫＡＺＥ,03-5779-3920,4世保生食ほ第960号,飲食店営業,令和4年10月3日,令和4年10月3日,令和10年10月31日
1498,東京都世田谷区太子堂四丁目１番１号,キャロットタワー１Ｆビル内,かしわや　三軒茶屋店,株式会社柏屋倉石商店,3421-5410,31世保生食ほ第1230号,飲食店営業,平成24年10月10日,令和元年11月1日,令和8年10月31日
1499,東京都世田谷区太子堂四丁目１番１号,キャロットタワー１Ｆビル内,かしわや　三軒茶屋店,株式会社柏屋倉石商店,3421-5410,31世保生食ほ第1231号,菓子製造業,平成24年10月10日,令和元年11月1日,令和8年10月31日
1500,東京都世田谷区太子堂四丁目１番１号,キャロットタワー１Ｆ,ドトールコーヒーショップ三軒茶屋キャロットタワー店,有限会社田淵珈琲店,03-5430-4900,7世保生食ほ第1198号,飲食店営業,令和8年1月1日,令和8年1月1日,令和13年12月31日
1501,東京都世田谷区太子堂四丁目１番１号,キャロットタワーＢ１,三軒茶屋とうきゅう　オリーブの木,株式会社東急ストア,3795-3339,31世保生食ほ第1618号,飲食店営業,平成8年11月13日,令和元年12月1日,令和8年11月30日
1502,東京都世田谷区太子堂四丁目１番１号,キャロットタワーＢ１Ｆ,三軒茶屋とうきゅう　そじ坊,株式会社東急ストア,03-3424-9559,31世保生食ほ第1616号,飲食店営業,平成8年11月13日,令和元年12月1日,令和8年11月30日
1503,東京都世田谷区太子堂四丁目１番１号,キャロットタワーＢ１Ｆ,三軒茶屋とうきゅう,株式会社東急ストア,03-3422-0109,6世保生食ほ第1340号,飲食店営業,令和7年1月1日,令和7年1月1日,令和13年12月31日
1504,東京都世田谷区太子堂四丁目１番１号,キャロットタワーＢ１Ｆ,三軒茶屋とうきゅう,株式会社東急ストア,03-3422-0109,7世保生食ほ第611号,飲食店営業,令和7年8月8日,令和7年8月8日,令和14年8月31日
1505,東京都世田谷区太子堂四丁目１番１号,キャロットタワーＢ１Ｆ,三軒茶屋とうきゅう,株式会社東急ストア,03-3422-0109,7世保生食ほ第612号,食肉販売業,令和7年8月8日,令和7年8月8日,令和14年8月31日
1506,東京都世田谷区太子堂四丁目１番１号,キャロットタワーＢ１Ｆ,三軒茶屋とうきゅう,株式会社東急ストア,03-3422-0109,7世保生食ほ第613号,魚介類販売業,令和7年8月8日,令和7年8月8日,令和14年8月31日
1507,東京都世田谷区太子堂四丁目１番１号,キャロットタワーＢ１Ｆ,三軒茶屋とうきゅう,株式会社東急ストア,03-3422-0109,7世保生食ほ第614号,飲食店営業,令和7年8月8日,令和7年8月8日,令和14年8月31日
1508,東京都世田谷区太子堂四丁目１番１号,キャロットタワー３階,三井住友銀行　世田谷支店,株式会社レパスト,03-5430-5311,7世保生食ほ第1114号,飲食店営業,令和7年12月1日,令和7年12月1日,令和14年11月30日
1509,東京都世田谷区太子堂四丁目１番１号,キャロットタワー３Ｆ,ｍｉｘｔｕｒｅ,***,-,31世保生食ほ第2297号,飲食店営業,平成26年2月14日,令和2年3月1日,令和9年2月28日
1510,東京都世田谷区太子堂四丁目１番１号,キャロットタワー北棟２階,新時代　三軒茶屋店,昭和企業株式会社,03-6453-4100,2世保生食ほ第2601号,飲食店営業,平成26年3月10日,令和3年4月1日,令和10年3月31日
1511,東京都世田谷区太子堂四丁目１番１号,キャロットタワー北棟１Ｆ,海街丼,有限会社ウェルバランス,03-3410-7209,2世保生食ほ第2571号,飲食店営業,平成27年3月26日,令和3年4月1日,令和9年3月31日
1512,東京都世田谷区太子堂四丁目１番１号,キャロットタワー２６階,オークラレストランスカイキャロット,株式会社ホテルオークラエンタープライズ,5430-1185,6世保生食ほ第1023号,飲食店営業,令和6年11月1日,令和6年11月1日,令和13年10月31日
1513,東京都世田谷区太子堂四丁目１番１号,キャロットタワー２６階,オークラレストランスカイキャロット,株式会社ホテルオークラエンタープライズ,5430-1185,6世保生食ほ第1024号,飲食店営業,令和6年11月1日,令和6年11月1日,令和13年10月31日
1514,東京都世田谷区太子堂四丁目１番１号,キャロットタワーＢ１,有限会社大黒屋,有限会社大黒屋,03-3421-5008,5世保生食ほ第1162号,菓子製造業,令和5年12月1日,令和5年12月1日,令和11年11月30日
1515,東京都世田谷区太子堂四丁目１番１号,キャロットタワー１Ｆ,フロプレステージュ　Ｃａｒｒｏｔ　Ｓｔ．　ＳＡＮＣＨＡ店,株式会社フロジャポン,03-3410-1991,7世保生食ほ第208号,飲食店営業,令和7年6月1日,令和7年6月1日,令和14年5月31日
1516,東京都世田谷区太子堂四丁目１番１号,キャロットタワー１Ｆ,フロプレステージュ　Ｃａｒｒｏｔ　Ｓｔ．　ＳＡＮＣＨＡ店,株式会社フロジャポン,03-3410-1991,7世保生食ほ第209号,菓子製造業,令和7年6月1日,令和7年6月1日,令和14年5月31日
1517,東京都世田谷区太子堂四丁目１番１号,キャロットタワー北棟１Ｆ,フレッシュネスバーガー　三軒茶屋店,株式会社インターセプト,03-6805-5932,7世保生食ほ第1618号,飲食店営業,令和8年3月1日,令和8年3月1日,令和15年2月28日
1518,東京都世田谷区太子堂四丁目１番１号,キャロットタワーＢ１,華星,鴻瑞株式会社,03-3421-5678,5世保生食ほ第387号,飲食店営業,令和5年6月19日,令和5年6月19日,令和12年6月30日
1519,東京都世田谷区太子堂四丁目１番１号,１階,ｃａｆｅ　Ｔｈｅ　ＳＵＮ　ＬＩＶＥＳ　ＨＥＲＥ　キャロットタワー店,株式会社ＳＯＭＥＷＨＥＲＥ,-,6世保生食ほ第230号,飲食店営業,令和6年5月17日,令和6年5月17日,令和13年5月31日
1520,東京都世田谷区太子堂四丁目１番１号,キャロットタワー内　東急ストア三軒茶屋店Ｂ１Ｆ,アンデルセン三軒茶屋店,株式会社アンデルセン,-,6世保生食ほ第1038号,飲食店営業,令和6年11月5日,令和6年11月5日,令和13年11月30日
1521,東京都世田谷区太子堂四丁目３番３号,クレアーレ三軒茶屋１Ｆ,ＢＯＮＴＥＭＰＳ　三軒茶屋店,株式会社Ｎ．Ｇ．ＧＡＴＥ,03-6804-0025,6世保生食ほ第1447号,飲食店営業,令和7年1月28日,令和7年1月28日,令和13年1月31日
1522,東京都世田谷区太子堂四丁目３番１６号,ＢＬＥＳＳ三軒茶屋ＥＡＳＴ,オオゼキ三軒茶屋店,株式会社オオゼキ,03-6450-7262,6世保生食ほ第1268号,飲食店営業,令和6年12月11日,令和6年12月11日,令和13年12月31日
1523,東京都世田谷区太子堂四丁目３番１６号,ＢＬＥＳＳ三軒茶屋ＥＡＳＴ,オオゼキ三軒茶屋店,株式会社オオゼキ,03-6450-7262,6世保生食ほ第1269号,飲食店営業,令和6年12月11日,令和6年12月11日,令和13年12月31日
1524,東京都世田谷区太子堂四丁目３番１６号,ＢＬＥＳＳ三軒茶屋ＥＡＳＴ,オオゼキ三軒茶屋店,株式会社オオゼキ,03-6450-7262,6世保生食ほ第1270号,食肉販売業,令和6年12月11日,令和6年12月11日,令和13年12月31日
1525,東京都世田谷区太子堂四丁目３番１６号,ＢＬＥＳＳ三軒茶屋ＥＡＳＴ,オオゼキ三軒茶屋店,株式会社オオゼキ,03-6450-7262,6世保生食ほ第1271号,魚介類販売業,令和6年12月11日,令和6年12月11日,令和13年12月31日
1526,東京都世田谷区太子堂四丁目４番２号,ラウスパレス三軒茶屋,東京餃子樓,株式会社パズルフードサービス,03-5433-2451,4世保生食ほ第64号,飲食店営業,令和4年5月1日,令和4年5月1日,令和11年4月30日
1527,東京都世田谷区太子堂四丁目４番１０号,-,新華楼,***,03-3421-7845,3世保生食ほ第926号,飲食店営業,令和3年8月5日,令和3年8月5日,令和9年8月31日
1528,東京都世田谷区太子堂四丁目４番１４号,-,茶蕎庵　かべや,***,03-3414-8570,6世保生食ほ第297号,飲食店営業,令和6年7月1日,令和6年7月1日,令和12年6月30日
1529,東京都世田谷区太子堂四丁目５番１号,ＣＯＣＯＳＰＡＣＥ４階,ピッチカート,***,-,7世保生食ほ第728号,飲食店営業,令和7年10月20日,令和7年10月20日,令和14年10月31日
1530,東京都世田谷区太子堂四丁目５番１号,３階　ＣＯＣＯＳＰＡＣＥ三軒茶屋,ＤＲＩＬＬ’Ｓ　三軒茶屋,***,-,7世保生食ほ第1314号,飲食店営業,令和7年12月18日,令和7年12月18日,令和13年12月31日
1531,東京都世田谷区太子堂四丁目５番１号,ＣＯＣＯＳＰＡＣＥ三軒茶屋８階,．Ｃｅｌｌａｒ　２５２６,***,-,7世保生食ほ第1705号,飲食店営業,令和8年3月10日,令和8年3月10日,令和14年3月31日
1532,東京都世田谷区太子堂四丁目５番３４号,-,ザバヴァ・バー,株式会社ファミリー,03-3410-7623,3世保生食ほ第1292号,飲食店営業,令和3年10月1日,令和3年10月1日,令和9年9月30日
1533,東京都世田谷区太子堂四丁目６番１号,パークヒル６　１階,Ｏｓｔｅｒｉａ　Ｏｔｔａｎｔｏｔｔｏ,株式会社矢倉,03-6805-3282,31世保生食ほ第1335号,飲食店営業,令和元年10月15日,令和元年10月15日,令和8年10月31日
1534,東京都世田谷区太子堂四丁目６番２号,-,グラス・オニオン,***,03-5481-3353,5世保生食ほ第1009号,飲食店営業,令和5年11月1日,令和5年11月1日,令和12年10月31日
1535,東京都世田谷区太子堂四丁目６番６号,-,ＳＡＮＣＨＡＣＯ,合同会社シナモンチャイ,-,2世保生食ほ第475号,飲食店営業,令和2年6月23日,令和2年6月23日,令和8年6月30日
1536,東京都世田谷区太子堂四丁目８番１６号,コーポ井上３０１,笑むすび家∞,***,03-6676-6838,4世保生食ほ第1613号,飲食店営業,令和5年2月1日,令和5年2月1日,令和11年1月31日
1537,東京都世田谷区太子堂四丁目１４番１号,-,茶煙四十九手,株式会社マフモ,-,3世保生食ほ第2139号,飲食店営業,令和4年3月2日,令和4年3月2日,令和10年3月31日
1538,東京都世田谷区太子堂四丁目１４番１号,-,すし　みやび,フィフティーズスリー株式会社,03-5432-9411,5世保生食ほ第1545号,飲食店営業,令和6年2月2日,令和6年2月2日,令和12年2月28日
1539,東京都世田谷区太子堂四丁目１４番１号,-,三吉屋,有限会社三吉屋,-,6世保生食ほ第1299号,飲食店営業,令和6年12月24日,令和6年12月24日,令和12年12月31日
1540,東京都世田谷区太子堂四丁目１４番２号,ＡＩＫＩホーム２階,まくあい,***,-,6世保生食ほ第1509号,飲食店営業,令和7年1月24日,令和7年1月24日,令和13年1月31日
1541,東京都世田谷区太子堂四丁目１４番２号,ＡＩＫＩホーム１Ｆ,すし酒家　わかし,***,-,7世保生食ほ第1567号,飲食店営業,令和8年1月30日,令和8年1月30日,令和14年1月31日
1542,東京都世田谷区太子堂四丁目１５番８号,三軒茶屋マガザン３地下１Ｆ,ニューあかんぼ,***,-,6世保生食ほ第1393号,飲食店営業,令和6年12月27日,令和6年12月27日,令和13年12月31日
1543,東京都世田谷区太子堂四丁目１８番１号,エコービル１Ｆ,ＩＣＨＩＢＩＫＯ　三軒茶屋店,株式会社いいね,03-5787-5277,7世保生食ほ第539号,飲食店営業,令和7年8月1日,令和7年8月1日,令和14年7月31日
1544,東京都世田谷区太子堂四丁目１８番１号,エコービル２Ｆ,Ｓａｎｄｗｉｃｈ　Ｂｏｏ,合同会社ｓｙｎｃ,6413-8950,7世保生食ほ第642号,飲食店営業,令和7年9月1日,令和7年9月1日,令和13年8月31日
1545,東京都世田谷区太子堂四丁目１８番１号,エコービル３階,Ｃｉ?ｃｃｏ,***,6450-9765,2世保生食ほ第177号,菓子製造業,令和2年4月24日,令和2年4月24日,令和9年4月30日
1546,東京都世田谷区太子堂四丁目１８番１号,エコービル３階,Ｃｉ?ｃｃｏ,***,6450-9765,2世保生食ほ第178号,食肉販売業,令和2年4月24日,令和2年4月24日,令和9年4月30日
1547,東京都世田谷区太子堂四丁目１８番１号,エコービル３階,Ｃｉ?ｃｃｏ,***,6450-9765,2世保生食ほ第211号,そうざい製造業,令和2年4月23日,令和2年4月23日,令和9年4月30日
1548,東京都世田谷区太子堂四丁目１８番１号,エコービル３階,Ｃｉ?ｃｃｏ,***,6450-9765,31世保生食ほ第1165号,飲食店営業,令和元年10月15日,令和元年10月15日,令和8年10月31日
1549,東京都世田谷区太子堂四丁目１８番４号,ＴＳ三軒茶屋１０２,ＰＡＲＡＴＡＣＯ,ＰＡＲＡ合同会社,03-6450-8968,6世保生食ほ第397号,飲食店営業,令和6年6月17日,令和6年6月17日,令和12年6月30日
1550,東京都世田谷区太子堂四丁目１８番１４号,-,ファミリーマート　三軒茶屋目青通り,有限会社栄進,03-5431-3057,7世保生食ほ第1471号,飲食店営業,令和8年1月22日,令和8年1月22日,令和15年1月31日
1551,東京都世田谷区太子堂四丁目１８番１５号,２Ｆ－Ａ,ｐｕｒｐｌｅ,さき合同会社,-,6世保生食ほ第504号,飲食店営業,令和6年8月13日,令和6年8月13日,令和12年8月31日
1552,東京都世田谷区太子堂四丁目１８番１５号,マガザン三軒茶屋２　１階,居酒屋なかなおり,株式会社エヌイーエス,-,6世保生食ほ第581号,飲食店営業,令和6年7月29日,令和6年7月29日,令和13年7月31日
1553,東京都世田谷区太子堂四丁目１８番１５号,マガザン三軒茶屋２　２０２号,三軒茶屋　どんなもんだい,ＣＯＵＮＴＥＲシップ株式会社,03-4400-7966,6世保生食ほ第1157号,飲食店営業,令和6年11月13日,令和6年11月13日,令和12年11月30日
1554,東京都世田谷区太子堂四丁目１８番１５号,マガザン三軒茶屋２　２階　３号室,鮨　長濱,株式会社ＳＲ,03-5787-8067,7世保生食ほ第955号,飲食店営業,令和7年10月30日,令和7年10月30日,令和14年10月31日
1555,東京都世田谷区太子堂四丁目１８番１６号,-,ヨーロッパ食堂,株式会社コイケ,03-5856-4750,4世保生食ほ第23号,飲食店営業,令和4年5月1日,令和4年5月1日,令和10年4月30日
1556,東京都世田谷区太子堂四丁目２０番３号,ひのき三軒茶屋ビルＢ１,ＳＵＲ　ＢＡＲ,株式会社ＢＡＲ’Ｓ,-,4世保生食ほ第679号,飲食店営業,令和4年7月28日,令和4年7月28日,令和10年7月31日
1557,東京都世田谷区太子堂四丁目２０番４号,-,新ＳＵＮ　三軒茶屋店,株式会社ＵＮＢＡＲ,03-5432-9107,30世保生食ほ第2532号,菓子製造業,平成31年4月26日,平成31年4月26日,令和8年4月30日
1558,東京都世田谷区太子堂四丁目２０番４号,-,新ＳＵＮ　三軒茶屋店,株式会社ＵＮＢＡＲ,03-5432-9107,7世保生食ほ第1911号,菓子製造業,令和8年5月1日,令和8年5月1日,令和15年4月30日
1559,東京都世田谷区太子堂四丁目２０番４号,-,新ＳＵＮ　三軒茶屋店,株式会社ＵＮＢＡＲ,03-5432-9107,7世保生食ほ第1912号,飲食店営業,令和8年5月1日,令和8年5月1日,令和15年4月30日
1560,東京都世田谷区太子堂四丁目２０番６号,-,葵の花庵,株式会社いとなお,03-5787-8179,2世保生食ほ第2489号,飲食店営業,令和3年11月4日,令和3年11月4日,令和10年11月30日
1561,東京都世田谷区太子堂四丁目２０番６号,-,鮨　つなぐ,株式会社アクアテック・トレット,-,4世保生食ほ第1819号,飲食店営業,令和5年3月9日,令和5年3月9日,令和12年3月31日
1562,東京都世田谷区太子堂四丁目２０番６号,-,サーモンｎｏｏｄｌｅ３．０三軒茶屋,株式会社ソーシャルフーズ,-,7世保生食ほ第322号,飲食店営業,令和7年6月6日,令和7年6月6日,令和14年6月30日
1563,東京都世田谷区太子堂四丁目２０番７号,Ｑ・Ｇ三軒茶屋Ｂ１Ｆ,デリカテッセン　アンド　ラボラトリオ　バイ　ユーロイーツ,有限会社ユーロイーツ,3411-7776,2世保生食ほ第445号,飲食店営業,平成19年12月25日,令和3年1月1日,令和9年12月31日
1564,東京都世田谷区太子堂四丁目２０番７号,Ｑ・Ｇ三軒茶屋Ｂ１Ｆ,デリカテッセン　アンド　ラボラトリオ　バイ　ユーロイーツ,有限会社ユーロイーツ,3411-7776,2世保生食ほ第446号,アイスクリーム類製造業,令和2年6月12日,令和2年6月12日,令和9年6月30日
1565,東京都世田谷区太子堂四丁目２０番７号,Ｑ・Ｇ三軒茶屋Ｂ１Ｆ,デリカテッセン　アンド　ラボラトリオ　バイ　ユーロイーツ,有限会社ユーロイーツ,3411-7776,2世保生食ほ第447号,麺類製造業,令和2年6月12日,令和2年6月12日,令和9年6月30日
1566,東京都世田谷区太子堂四丁目２０番８号,マガザン三軒茶屋３　１Ｆ,三茶まれ,株式会社テアトルダイニング,03-5432-9960,7世保生食ほ第233号,飲食店営業,令和7年6月2日,令和7年6月2日,令和14年6月30日
1567,東京都世田谷区太子堂四丁目２０番１０号,-,ファミリーマート三軒茶屋駅前店,***,03-5779-7841,7世保生食ほ第1200号,飲食店営業,令和7年12月1日,令和7年12月1日,令和14年11月30日
1568,東京都世田谷区太子堂四丁目２０番２４号,ウインベックプラザＢ１,いなせや,株式会社ＮＯＲＲＹ’Ｓ,5431-1327,6世保生食ほ第1462号,飲食店営業,令和7年2月1日,令和7年2月1日,令和14年1月31日
1569,東京都世田谷区太子堂四丁目２０番２４号,ウィンベックプラザ１Ｆ安曇野,和そば「安曇野」,合同会社神鷹,03-3795-3402,7世保生食ほ第716号,飲食店営業,令和7年8月27日,令和7年8月27日,令和14年8月31日
1570,東京都世田谷区太子堂四丁目２０番２５号,サンセールカマタ２Ｆ,魚家　さんじゅうまる,有限会社ウェルバランス,03-3418-5950,7世保生食ほ第631号,飲食店営業,令和7年9月1日,令和7年9月1日,令和14年8月31日
1571,東京都世田谷区太子堂四丁目２０番２５号,海津ビル,スターバックスコーヒー　三軒茶屋店,スターバックスコーヒージャパン株式会社,03-5430-5088,31世保生食ほ第2057号,飲食店営業,平成25年1月30日,令和2年2月1日,令和9年1月31日
1572,東京都世田谷区太子堂四丁目２２番５号,ホームズ三軒茶屋駅前ビル地下１階,満天酒場　三軒茶屋店,株式会社大庄,03-5486-6221,31世保生食ほ第114号,飲食店営業,平成31年4月26日,平成31年4月26日,令和8年4月30日
1573,東京都世田谷区太子堂四丁目２２番５号,ホームズ三軒茶屋駅前ビル地下１階,満天酒場　三軒茶屋店,株式会社大庄,03-5486-6221,7世保生食ほ第1983号,飲食店営業,令和8年5月1日,令和8年5月1日,令和15年4月30日
1574,東京都世田谷区太子堂四丁目２２番６号,Ｋ＆Ｋビル,デニーズ三軒茶屋店,株式会社デニーズジャパン,-,7世保生食ほ第635号,飲食店営業,令和7年9月1日,令和7年9月1日,令和14年8月31日
1575,東京都世田谷区太子堂四丁目２２番７号,-,カフェ・コロラド　三軒茶屋店,株式会社ドトールコーヒー,03-3414-3540,6世保生食ほ第1611号,飲食店営業,令和7年3月1日,令和7年3月1日,令和14年2月29日
1576,東京都世田谷区太子堂四丁目２２番７号,森住ビル地下１階,アライザラシ,株式会社エヌイーエス,03-6450-7258,4世保生食ほ第465号,飲食店営業,令和4年6月27日,令和4年6月27日,令和11年6月30日
1577,東京都世田谷区太子堂四丁目２２番１２号,平成ビル２Ｆ,炎麻堂　三軒茶屋店,有限会社アトミックハート,03-3411-9870,5世保生食ほ第988号,飲食店営業,令和5年11月1日,令和5年11月1日,令和12年10月31日
1578,東京都世田谷区太子堂四丁目２２番１２号,平成ビル２Ｆ,炎麻堂　三軒茶屋店,有限会社アトミックハート,03-3411-9870,6世保生食ほ第221号,そうざい製造業,令和6年5月13日,令和6年5月13日,令和13年5月31日
1579,東京都世田谷区太子堂四丁目２２番１２号,平成ビル３Ｆ,Ｂａｒ　ｈａｔｃｈ８（バー　ハッチエイト）,***,-,7世保生食ほ第378号,飲食店営業,令和7年8月1日,令和7年8月1日,令和13年7月31日
1580,東京都世田谷区太子堂四丁目２２番１２号,-,廻るすし・台所家三軒茶屋店,有限会社台所家,3424-1147,5世保生食ほ第1105号,飲食店営業,令和5年12月1日,令和5年12月1日,令和12年11月30日
1581,東京都世田谷区太子堂四丁目２２番１２号,Ｙビル３Ｆ,アカツキ,***,03-3412-1599,2世保生食ほ第1965号,飲食店営業,平成27年1月9日,令和3年2月1日,令和9年1月31日
1582,東京都世田谷区太子堂四丁目２２番１２号,Ｙビル１Ｆ,三茶栄鮨,***,3412-4649,2世保生食ほ第239号,飲食店営業,令和2年4月30日,令和2年4月30日,令和8年4月30日
1583,東京都世田谷区太子堂四丁目２２番１２号,Ｙビル１Ｆ,三茶栄鮨,***,3412-4649,7世保生食ほ第1890号,飲食店営業,令和8年5月1日,令和8年5月1日,令和14年4月30日
1584,東京都世田谷区太子堂四丁目２２番１２号,平成ビル３Ｆ　Ｆ号室,ＫＡＲＡＯＫＥ＆ＤＡＲＴＳ　ＬＩＮＫ,***,03-5432-9045,2世保生食ほ第1406号,飲食店営業,令和2年10月26日,令和2年10月26日,令和8年10月31日
1585,東京都世田谷区太子堂四丁目２２番１２号,平成ビル１・２Ｆ,ｄａ　ｐａｉ　ｄａｎｇ１０５　三軒茶屋店,株式会社オーイズミフーズ,03-6805-5521,3世保生食ほ第113号,飲食店営業,令和3年4月20日,令和3年4月20日,令和10年4月30日
1586,東京都世田谷区太子堂四丁目２２番１２号,平成ビル１Ｆ,メジロオシ,株式会社エヌイーエス,03-6453-4558,3世保生食ほ第333号,飲食店営業,令和3年5月21日,令和3年5月21日,令和10年5月31日
1587,東京都世田谷区太子堂四丁目２２番１２号,平成ビル２Ｆ,サルスベリ,株式会社エヌイーエス,03-6453-2301,7世保生食ほ第1075号,飲食店営業,令和7年11月5日,令和7年11月5日,令和14年11月30日
1588,東京都世田谷区太子堂四丁目２２番１３号,東京ビル２Ｆ,母家（マザーハウス）,有限会社母家,03-3412-2590,7世保生食ほ第357号,飲食店営業,令和7年8月1日,令和7年8月1日,令和13年7月31日
1589,東京都世田谷区太子堂四丁目２２番１３号,第２９東京ビル地下１階,鳥貴族　三軒茶屋すずらん通り店,株式会社鳥貴族東日本,6805-4166,3世保生食ほ第705号,飲食店営業,令和3年6月25日,令和3年6月25日,令和10年6月30日
1590,東京都世田谷区太子堂四丁目２２番１３号,第２９東京ビル　１階,やきとん筑前屋　三軒茶屋店,ＤｉｎｅＶｉｔａ　Ｇｒｏｕｐ株式会社,03-6805-3854,7世保生食ほ第792号,飲食店営業,令和7年11月18日,令和7年11月18日,令和14年11月30日
1591,東京都世田谷区太子堂四丁目２２番１３号,-,てんぷら横丁　わばる,株式会社ＣＲＡＮＥ,03-6805-5535,7世保生食ほ第775号,飲食店営業,令和7年10月1日,令和7年10月1日,令和13年9月30日
1592,東京都世田谷区太子堂四丁目２２番１４号,香田ビル１Ｆ,魚や　次男坊,株式会社東邦興産,3487-6384,2世保生食ほ第1197号,飲食店営業,平成14年9月11日,令和2年10月1日,令和8年9月30日
1593,東京都世田谷区太子堂四丁目２２番１４号,香田ビルＢ１Ｆ,やよい軒　三軒茶屋店,有限会社四季食品,03-3418-3046,6世保生食ほ第289号,飲食店営業,令和6年7月1日,令和6年7月1日,令和13年6月30日
1594,東京都世田谷区太子堂四丁目２２番１４号,香田ビル２Ｆ,ポンド,***,3412-4242,31世保生食ほ第2741号,飲食店営業,平成14年5月29日,令和2年6月1日,令和8年5月31日
1595,東京都世田谷区太子堂四丁目２２番１４号,-,俺流餃子楼　三軒茶屋店,株式会社らーめんワールド,-,6世保生食ほ第148号,飲食店営業,令和6年5月9日,令和6年5月9日,令和12年5月31日
1596,東京都世田谷区太子堂四丁目２２番１５号,-,餃子の王将　三軒茶屋店,株式会社王将フードサービス,03-3410-7888,7世保生食ほ第1762号,飲食店営業,令和8年4月1日,令和8年4月1日,令和15年3月31日
1597,東京都世田谷区太子堂四丁目２２番１５号,Ｒｏｏｔｕｓ　Ｓａｎｃｈａ１階,双子麻辣湯,株式会社ＬＥ,03-5787-6036,7世保生食ほ第1106号,飲食店営業,令和7年10月29日,令和7年10月29日,令和13年10月31日
1598,東京都世田谷区太子堂四丁目２２番１５号,三栄ビル３階,Ｂａｌｌｏｎ　ｄ’Ｏｒ,株式会社ｆｏｒｅｓｉｇｈｔ,-,7世保生食ほ第1549号,飲食店営業,令和8年1月30日,令和8年1月30日,令和14年1月31日
1599,東京都世田谷区太子堂四丁目２３番２号,２Ｆ,サンマルクカフェ　三軒茶屋店,株式会社サンマルクカフェ,03-5433-1309,3世保生食ほ第1459号,飲食店営業,令和3年12月1日,令和3年12月1日,令和10年11月30日
1600,東京都世田谷区太子堂四丁目２３番２号,２Ｆ,サンマルクカフェ　三軒茶屋店,株式会社サンマルクカフェ,03-5433-1309,4世保生食ほ第1280号,菓子製造業,令和4年12月1日,令和4年12月1日,令和11年11月30日
1601,東京都世田谷区太子堂四丁目２３番３号,-,クォリティフーズ株式会社マクドナルド三軒茶屋店,クォリティフーズ株式会社,3414-0734,31世保生食ほ第2840号,飲食店営業,平成25年7月1日,令和2年7月1日,令和9年6月30日
1602,東京都世田谷区太子堂四丁目２３番３号,-,クォリティフーズ株式会社マクドナルド三軒茶屋店,クォリティフーズ株式会社,3414-0734,31世保生食ほ第2841号,菓子製造業,平成25年7月1日,令和2年7月1日,令和9年6月30日
1603,東京都世田谷区太子堂四丁目２３番３号,-,クォリティフーズ株式会社マクドナルド三軒茶屋店,クォリティフーズ株式会社,3414-0734,31世保生食ほ第2842号,アイスクリーム類製造業,平成25年7月1日,令和2年7月1日,令和9年6月30日
1604,東京都世田谷区太子堂四丁目２３番４号,-,焼鳥　カマワヌ,株式会社　ムジャキフーズ,03-6453-4291,2世保生食ほ第2691号,飲食店営業,平成26年4月1日,令和3年4月1日,令和10年3月31日
1605,東京都世田谷区太子堂四丁目２３番４号,２Ｆ,和牛テッパン酒場　９．５割は素材のおかげ,株式会社　ムジャキフーズ,03-6805-5631,2世保生食ほ第2692号,飲食店営業,平成26年4月1日,令和3年4月1日,令和10年3月31日
1606,東京都世田谷区太子堂四丁目２３番４号,定山ビル１Ｆ,ＰＩＺＺＡＮＩＳＴＡ　７,***,03-5432-9812,2世保生食ほ第924号,飲食店営業,令和2年8月26日,令和2年8月26日,令和8年8月31日
1607,東京都世田谷区太子堂四丁目２３番４号,定山ビル２階,ＲＯＮ　ＪＯＮ,***,-,5世保生食ほ第1569号,飲食店営業,令和6年1月24日,令和6年1月24日,令和12年1月31日
1608,東京都世田谷区太子堂四丁目２３番４号,ＭＪ三軒茶屋４．２３ビル２Ｆ,福ひつじ,***,-,6世保生食ほ第1074号,飲食店営業,令和6年10月25日,令和6年10月25日,令和13年10月31日
1609,東京都世田谷区太子堂四丁目２３番５号,石塚店舗２階,ｍｉｓｙｕ,***,5787-8339,4世保生食ほ第1088号,飲食店営業,令和4年11月1日,令和4年11月1日,令和10年10月31日
1610,東京都世田谷区太子堂四丁目２３番５号,-,喜○味や,株式会社ロータスエディブル,03-6413-8129,2世保生食ほ第1890号,飲食店営業,平成26年12月10日,令和3年1月1日,令和8年12月31日
1611,東京都世田谷区太子堂四丁目２３番５号,三軒茶屋Ｓビル１階,わしづかみ,株式会社エヌイーエス,03-6413-8135,7世保生食ほ第1878号,飲食店営業,令和8年3月27日,令和8年3月27日,令和14年3月31日
1612,東京都世田谷区太子堂四丁目２３番７号,-,有限会社　味とめ,有限会社味とめ,03-3422-5845,7世保生食ほ第1546号,飲食店営業,令和8年3月1日,令和8年3月1日,令和15年2月28日
1613,東京都世田谷区太子堂四丁目２３番７号,味とめビル３０１・３０２,モリッシーん家,合同会社ＴＲＵＮＫ　ＯＵＴ,03-5787-6187,31世保生食ほ第103号,飲食店営業,平成31年4月12日,平成31年4月12日,令和8年4月30日
1614,東京都世田谷区太子堂四丁目２３番７号,味とめビル２Ｆ,Ｃｏｍｏ　Ｄｏｃｋ,株式会社コモード,03-6804-0229,31世保生食ほ第117号,飲食店営業,平成31年4月26日,平成31年4月26日,令和8年4月30日
1615,東京都世田谷区太子堂四丁目２３番７号,味とめビル２Ｆ,Ｃｏｍｏ　Ｄｏｃｋ,株式会社コモード,03-6804-0229,7世保生食ほ第1945号,飲食店営業,令和8年5月1日,令和8年5月1日,令和15年4月30日
1616,東京都世田谷区太子堂四丁目２３番７号,味とめビル２Ｆ,Ｂａｒ　Ｍ,***,-,5世保生食ほ第654号,飲食店営業,令和5年8月1日,令和5年8月1日,令和12年7月31日
1617,東京都世田谷区太子堂四丁目２３番９号,Ｏｒｄｉｎ三茶１ｓｔビル１階,もつ焼き　ばん　三軒茶屋,株式会社ばん,03-6804-0688,6世保生食ほ第60号,飲食店営業,令和6年5月1日,令和6年5月1日,令和12年4月30日
1618,東京都世田谷区太子堂四丁目２３番９号,Ｏｒｄｉｎ三茶１ｓｔビル２階,焼肉　うしゆき,合同会社江戸前焼肉,03-5787-8353,31世保生食ほ第788号,飲食店営業,令和元年7月23日,令和元年7月23日,令和8年7月31日
1619,東京都世田谷区太子堂四丁目２３番９号,Ｏｒｄｉｎ三茶１ｓｔビル４階,ＢＡＲ　２ｎｄ,株式会社Ｓ－Ｇｒｏｕｐ,-,5世保生食ほ第980号,飲食店営業,令和5年10月2日,令和5年10月2日,令和12年10月31日
1620,東京都世田谷区太子堂四丁目２３番９号,Ｏｒｄｉｎ三茶１ｓｔビル　４階,北海道ジンギスカンと海鮮　炭火焼　すすきの,***,-,7世保生食ほ第1423号,飲食店営業,令和8年3月16日,令和8年3月16日,令和14年3月31日
1621,東京都世田谷区太子堂四丁目２３番１１号,ＧＥＭＳ三軒茶屋７Ｆ,湖南菜　香辣里,宝実業有限会社,-,7世保生食ほ第205号,飲食店営業,令和7年6月1日,令和7年6月1日,令和14年5月31日
1622,東京都世田谷区太子堂四丁目２３番１１号,ＧＥＭＳ三軒茶屋４Ｆ,マンジョッオヒャンジョッパル＆ソベッチャカンジャンケジャン　三軒茶屋店,株式会社韓流村,03-5787-8502,6世保生食ほ第1926号,飲食店営業,令和7年5月1日,令和7年5月1日,令和14年4月30日
1623,東京都世田谷区太子堂四丁目２３番１１号,ＧＥＭＳ三軒茶屋９Ｆ,正泰苑　三軒茶屋店,株式会社　正泰苑,03-6453-2917,2世保生食ほ第349号,食肉販売業,令和2年5月22日,令和2年5月22日,令和9年5月31日
1624,東京都世田谷区太子堂四丁目２３番１１号,ＧＥＭＳ三軒茶屋９Ｆ,正泰苑　三軒茶屋店,株式会社　正泰苑,03-6453-2917,7世保生食ほ第88号,飲食店営業,令和7年5月1日,令和7年5月1日,令和14年4月30日
1625,東京都世田谷区太子堂四丁目２３番１１号,ＧＥＭＳ三軒茶屋３Ｆ,富士屋本店グリルバー,株式会社ダイニング富士屋本店,03-6450-7322,7世保生食ほ第220号,飲食店営業,令和7年6月1日,令和7年6月1日,令和14年5月31日
1626,東京都世田谷区太子堂四丁目２３番１１号,ＧＥＭＳ三軒茶屋２Ｆ,Ｌｉｚａｒｒａｎ三軒茶屋店,株式会社ニラク,03-6413-8681,31世保生食ほ第1164号,飲食店営業,令和元年10月2日,令和元年10月2日,令和8年10月31日
1627,東京都世田谷区太子堂四丁目２３番１１号,ＧＥＭＳ三軒茶屋Ｂ１Ｆ,寿司とワイン　サンチャモニカ,株式会社マイルデザイン,03-6805-2998,4世保生食ほ第503号,飲食店営業,令和4年6月28日,令和4年6月28日,令和11年6月30日
1628,東京都世田谷区太子堂四丁目２３番１１号,ＧＥＭＳ三軒茶屋５Ｆ,月島もんじゃ　もへじ　三軒茶屋,加納コーポレーション株式会社,03-6413-8665,4世保生食ほ第1868号,飲食店営業,令和5年3月27日,令和5年3月27日,令和12年3月31日
1629,東京都世田谷区太子堂四丁目２３番１１号,ＧＥＭＳ　三軒茶屋９Ｆ,三茶　焼肉　牛８,株式会社ＢｒａｎｄＢａｎｋＣｏｍｐａｎｙ,03-6805-2468,7世保生食ほ第1636号,飲食店営業,令和8年2月25日,令和8年2月25日,令和15年2月28日
1630,東京都世田谷区太子堂四丁目２３番１１号,ＧＥＭＳ三軒茶屋　６階,ＺＩＮＯ三軒茶屋店,株式会社ＺＩＮＯ,03-6823-4347,7世保生食ほ第1832号,飲食店営業,令和8年3月24日,令和8年3月24日,令和14年3月31日
1631,東京都世田谷区太子堂四丁目２３番１５号,-,ケンタッキー・フライド・チキン三軒茶屋,日本ケンタッキー・フライド・チキン株式会社,03-5486-7448,3世保生食ほ第2232号,飲食店営業,令和4年4月1日,令和4年4月1日,令和11年3月31日
1632,東京都世田谷区太子堂四丁目２３番１５号,-,せい家　三軒茶屋店,株式会社ＤＹ２,03-6450-8188,3世保生食ほ第1558号,飲食店営業,令和3年11月12日,令和3年11月12日,令和10年11月30日
1633,東京都世田谷区太子堂四丁目２３番１６号,太子堂店舗ビル地下一階,三茶　一九,合同会社コムステイタス,03-6805-2333,4世保生食ほ第1236号,飲食店営業,令和4年11月11日,令和4年11月11日,令和11年11月30日
1634,東京都世田谷区太子堂四丁目２４番８号,１Ｆ　厨房・売店,合同会社西友三軒茶屋店（１Ｆ）　樹,有限会社樹商事,3413-1111,3世保生食ほ第1275号,飲食店営業,令和3年11月1日,令和3年11月1日,令和10年10月31日
1635,東京都世田谷区太子堂四丁目２４番８号,１Ｆ,株式会社西友　三軒茶屋店　若菜,株式会社西友,03-3413-1111,6世保生食ほ第1463号,飲食店営業,令和7年3月1日,令和7年3月1日,令和14年2月29日
1636,東京都世田谷区太子堂四丁目２４番８号,Ｂ１,株式会社西友　三軒茶屋店　若菜,株式会社西友,03-3413-1111,6世保生食ほ第1465号,飲食店営業,令和7年3月1日,令和7年3月1日,令和14年2月29日
1637,東京都世田谷区太子堂四丁目２４番８号,Ｂ１,株式会社西友　三軒茶屋店　（Ｂ１Ｆ）,株式会社西友,03-3413-1111,3世保生食ほ第1725号,魚介類販売業,令和3年12月10日,令和3年12月10日,令和10年12月31日
1638,東京都世田谷区太子堂四丁目２４番８号,-,株式会社西友　三軒茶屋店　ＩＳＢ,株式会社西友,3413-1111,2世保生食ほ第1448号,飲食店営業,令和2年11月6日,令和2年11月6日,令和9年11月30日
1639,東京都世田谷区太子堂四丁目２４番８号,-,株式会社西友　三軒茶屋店　ＩＳＢ,株式会社西友,3413-1111,2世保生食ほ第1449号,菓子製造業,令和2年11月6日,令和2年11月6日,令和9年11月30日
1640,東京都世田谷区太子堂四丁目２４番１５号,-,川善,有限会社川善,3421-7839,7世保生食ほ第268号,食肉販売業,令和7年7月1日,令和7年7月1日,令和13年6月30日
1641,東京都世田谷区太子堂四丁目２４番１５号,-,川善,有限会社川善,3421-7839,7世保生食ほ第269号,飲食店営業,令和7年7月1日,令和7年7月1日,令和13年6月30日
1642,東京都世田谷区太子堂四丁目２４番１５号,-,川善,有限会社川善,3421-7839,7世保生食ほ第270号,飲食店営業,令和7年7月1日,令和7年7月1日,令和13年6月30日
1643,東京都世田谷区太子堂四丁目２４番１５号,-,ＰＥＳＣＨＥＲＩＡ　ペスケリア／肉野まる／ＢＯＯ／もふ・まにふぃっく,株式会社ＥＳＲホールディングス,03-5432-7214,2世保生食ほ第1729号,菓子製造業,令和2年11月26日,令和2年11月26日,令和9年11月30日
1644,東京都世田谷区太子堂四丁目２４番１５号,-,ＰＥＳＣＨＥＲＩＡ　ペスケリア／肉野まる／ＢＯＯ／もふ・まにふぃっく,株式会社ＥＳＲホールディングス,03-5432-7214,6世保生食ほ第337号,飲食店営業,令和6年7月1日,令和6年7月1日,令和13年6月30日
1645,東京都世田谷区太子堂四丁目２４番１５号,-,日高屋　三軒茶屋茶沢通店,株式会社ハイデイ日高,03-3418-0780,3世保生食ほ第371号,飲食店営業,令和3年5月31日,令和3年5月31日,令和10年5月31日
1646,東京都世田谷区太子堂四丁目２４番１５号,２階,０秒レモンサワー?三軒茶屋　肉寿司,ＧＯＳＳＯ株式会社,03-5432-9671,3世保生食ほ第927号,飲食店営業,令和3年8月17日,令和3年8月17日,令和10年8月31日
1647,東京都世田谷区太子堂四丁目２４番１５号,２Ｆ,三茶っ子居酒屋　とととりとん,株式会社ファイブグループ,-,6世保生食ほ第1114号,飲食店営業,令和6年11月8日,令和6年11月8日,令和13年11月30日
1648,東京都世田谷区太子堂四丁目２４番１６号,伊勢屋ビル１Ｆ,野郎ラーメン　三軒茶屋店,株式会社コロワイド,3411-2286,7世保生食ほ第1551号,飲食店営業,令和8年2月1日,令和8年2月1日,令和14年1月31日
1649,東京都世田谷区太子堂四丁目２５番４号,２０２,いざかや　ほしぐみ　新館,株式会社ほしぐみ,-,7世保生食ほ第1473号,飲食店営業,令和8年2月1日,令和8年2月1日,令和14年1月31日
1650,東京都世田谷区太子堂四丁目２５番５号,-,ｔｉｔｏｔｅｎ,株式会社ｍｕｉ,03-6805-5298,4世保生食ほ第1682号,飲食店営業,令和5年2月14日,令和5年2月14日,令和11年2月28日
1651,東京都世田谷区太子堂四丁目２５番１１号,あずみビル１Ｆ,ターブルドット,有限会社サンビレディース,03-3419-1881,2世保生食ほ第2247号,飲食店営業,平成27年2月4日,令和3年3月1日,令和9年2月28日
1652,東京都世田谷区太子堂四丁目２５番１４号,ホワイトビル２階,ＳＬＯＰＰＹ　ＪＯＥ’Ｓ　Ｂａｒ＆Ｄｉｎｅｒ,合同会社Ｔｈｒｅｅ　Ａｒｒｏｗｓ,03-6450-8471,30世保生食ほ第2490号,飲食店営業,平成31年4月3日,平成31年4月3日,令和8年4月30日
1653,東京都世田谷区太子堂四丁目２５番１４号,ホワイトビル２階,ＳＬＯＰＰＹ　ＪＯＥ’Ｓ　Ｂａｒ＆Ｄｉｎｅｒ,合同会社Ｔｈｒｅｅ　Ａｒｒｏｗｓ,03-6450-8471,7世保生食ほ第1904号,飲食店営業,令和8年5月1日,令和8年5月1日,令和15年4月30日
1654,東京都世田谷区太子堂四丁目２５番１４号,ホワイトビル１Ｆ,Ｗｏｎｄｅｒ　Ｌａｎｄ,***,-,5世保生食ほ第1579号,飲食店営業,令和6年1月24日,令和6年1月24日,令和13年1月31日
1655,東京都世田谷区太子堂四丁目２６番２号,サンフラワーこしみず１０１,スナック　Ｍ＆Ｍ,***,03-3795-5564,5世保生食ほ第1804号,飲食店営業,令和6年4月1日,令和6年4月1日,令和12年3月31日
1656,東京都世田谷区太子堂四丁目２６番２号,ベルフラワーこしみず１０２号（１Ｆ左）,スナック　れーぬ,***,03-3411-6951,2世保生食ほ第2146号,飲食店営業,平成21年2月20日,令和3年3月1日,令和9年2月28日
1657,東京都世田谷区太子堂四丁目２６番４号,ヴィラ三軒茶屋１Ｆ,食堂かど。,株式会社２ＴＡＰＳ,6450-9280,31世保生食ほ第2789号,飲食店営業,令和2年4月16日,令和2年4月16日,令和9年4月30日
1658,東京都世田谷区太子堂四丁目２６番６号,ヴィラ三軒茶屋１Ｆ,炭火ホルモン安珍,株式会社ＨＡＳＹ　ＧＬＯＷ,03-6450-7344,6世保生食ほ第479号,飲食店営業,令和6年7月12日,令和6年7月12日,令和12年7月31日
1659,東京都世田谷区太子堂四丁目２６番７号,-,中華　太華,***,03-3410-9930,5世保生食ほ第303号,飲食店営業,令和5年7月1日,令和5年7月1日,令和12年6月30日
1660,東京都世田谷区太子堂四丁目２６番７号,Ｍ＆Ｒ　ＨＡＵＳＥ　Ａ区画,ミカヅキ堂,株式会社コイケ,03-6453-4447,4世保生食ほ第399号,菓子製造業,令和4年7月1日,令和4年7月1日,令和10年6月30日
1661,東京都世田谷区太子堂四丁目２６番９号,アルテミス三軒茶屋１Ｆ,ぐぅぐぅ,***,03-6413-8500,2世保生食ほ第89号,飲食店営業,平成26年6月24日,令和2年7月1日,令和8年6月30日
1662,東京都世田谷区太子堂四丁目２６番９号,アルテミス三軒茶屋２０１,ガールズバーシュガーヒル,株式会社ケーアイコンサルタント,03-3419-4202,2世保生食ほ第2598号,飲食店営業,令和3年3月9日,令和3年3月9日,令和9年3月31日
1663,東京都世田谷区太子堂四丁目２６番１２号,フローレンスこしみず３Ｆ,ピエロ,合同会社ピエロ,03-3411-3338,6世保生食ほ第1276号,飲食店営業,令和7年1月1日,令和7年1月1日,令和12年12月31日
1664,東京都世田谷区太子堂四丁目２６番１３号,Ｔａｋｅｋａｗａ　ＢＬＤ　１Ｆ,鉄板バル　ＳＯＵＲＣＥ　三軒茶屋店,株式会社たつみや,03-6453-2895,2世保生食ほ第2066号,食肉販売業,令和3年1月19日,令和3年1月19日,令和10年1月31日
1665,東京都世田谷区太子堂四丁目２６番１３号,Ｔａｋｅｋａｗａ　ＢＬＤ　１Ｆ,鉄板バル　ＳＯＵＲＣＥ　三軒茶屋店,株式会社たつみや,03-6453-2895,2世保生食ほ第2067号,魚介類販売業,令和3年1月19日,令和3年1月19日,令和10年1月31日
1666,東京都世田谷区太子堂四丁目２６番１３号,Ｔａｋｅｋａｗａ　ＢＬＤ　１Ｆ,鉄板バル　ＳＯＵＲＣＥ　三軒茶屋店,株式会社たつみや,03-6453-2895,6世保生食ほ第467号,飲食店営業,令和6年7月1日,令和6年7月1日,令和13年6月30日
1667,東京都世田谷区太子堂四丁目２６番１３号,２Ｆ,Ｓｐｉｃｅ　Ｐｉｃｃｏ　Ｂｅｌｌｏ,Ａ＆Ｈ株式会社,03-6805-3138,3世保生食ほ第782号,飲食店営業,令和3年7月13日,令和3年7月13日,令和10年7月31日
1668,東京都世田谷区太子堂四丁目２７番５号,１Ｆ,ＣＯＳＭＯＳ　三軒茶屋,株式会社レインボーカンパニー,03-6805-2755,4世保生食ほ第77号,飲食店営業,令和4年4月19日,令和4年4月19日,令和10年4月30日
1669,東京都世田谷区太子堂四丁目２７番６号,櫻井ビル１階,Ｓｉｎｆａｎ,株式会社Ｃｒｅａｔｉｏｎ,6453-1984,2世保生食ほ第2802号,飲食店営業,平成27年4月30日,令和3年5月1日,令和9年4月30日
1670,東京都世田谷区太子堂四丁目２７番６号,櫻井ビル１Ｆ,栄鶏庵,株式会社アームロック,03-6453-2990,5世保生食ほ第1265号,飲食店営業,令和5年12月12日,令和5年12月12日,令和11年12月31日
1671,東京都世田谷区太子堂四丁目２７番７号,ホームグラウンド三軒茶屋１階,Ｃｈｅｒｒｙ　Ｃｏｒｅ　Ｒｏａｓｔｅｒ　＋　ｂａｒ,***,-,6世保生食ほ第933号,飲食店営業,令和6年10月15日,令和6年10月15日,令和13年10月31日
1672,東京都世田谷区太子堂四丁目２７番７号,ホームグラウンド三軒茶屋２Ｆ,Ｃｏｍｅｄｏｒ　ＡＲＲＩＢＡ　三軒茶屋,株式会社イーデザイン,03-6450-7559,6世保生食ほ第1071号,飲食店営業,令和6年10月29日,令和6年10月29日,令和12年10月31日
1673,東京都世田谷区太子堂四丁目２７番１０号,瑞樹ビル１階,Ｅｎ　ｓｏｉｒｅｅ,***,03-3424-7543,6世保生食ほ第863号,飲食店営業,令和6年10月1日,令和6年10月1日,令和12年9月30日
1674,東京都世田谷区太子堂四丁目２７番１０号,瑞樹ビル,来来来（ライライライ）,***,03-3412-2918,5世保生食ほ第1194号,飲食店営業,令和5年12月1日,令和5年12月1日,令和12年11月30日
1675,東京都世田谷区太子堂四丁目２７番１０号,瑞樹ビル２Ｆ,太樹苑,株式会社太樹苑,3795-5729,6世保生食ほ第1513号,飲食店営業,令和7年3月1日,令和7年3月1日,令和14年2月29日
1676,東京都世田谷区太子堂四丁目２７番１０号,瑞樹ビル１Ｆ,カレーハウスＣｏＣｏ壱番屋　世田谷区三軒茶屋店,***,5779-9559,31世保生食ほ第562号,飲食店営業,令和元年6月25日,令和元年6月25日,令和8年6月30日
1677,東京都世田谷区太子堂四丁目２７番１０号,瑞樹ビル１Ｆ,スナック　パピー,***,-,2世保生食ほ第784号,飲食店営業,令和2年8月4日,令和2年8月4日,令和8年8月31日
1678,東京都世田谷区太子堂四丁目２７番１０号,瑞樹１Ｆ,肴処　新天地,株式会社Ｍｅｒｒｙ＆Ｃｏ,-,5世保生食ほ第1369号,飲食店営業,令和5年12月14日,令和5年12月14日,令和12年12月31日
1679,東京都世田谷区太子堂四丁目２８番２号,サンフェル三軒茶屋１階,ＭＯＳＳ　Ｄｉｎｉｎｇ　Ｂａｒ,合同会社ｋｏｋｅ,03-6677-4753,6世保生食ほ第976号,飲食店営業,令和6年11月1日,令和6年11月1日,令和12年10月31日
1680,東京都世田谷区太子堂四丁目２８番２号,桜井ビル１Ｆ,鶴橋串焼き松よし三軒茶屋,東京レストランツファクトリー株式会社,03-6805-3448,7世保生食ほ第1333号,飲食店営業,令和8年2月1日,令和8年2月1日,令和15年1月31日
1681,東京都世田谷区太子堂四丁目２８番６号,サンハイツ,おでん学園,有限会社前原商店,-,2世保生食ほ第1775号,飲食店営業,平成14年12月9日,令和3年1月1日,令和8年12月31日
1682,東京都世田谷区太子堂四丁目２８番６号,サダン太田１Ｆ,居酒屋　うち田,***,5430-3711,2世保生食ほ第1474号,飲食店営業,平成14年11月19日,令和2年12月1日,令和8年11月30日
1683,東京都世田谷区太子堂四丁目２８番６号,サダン太田２Ｆ,シバカリーワラ,***,-,31世保生食ほ第2055号,飲食店営業,平成25年1月21日,令和2年2月1日,令和9年1月31日
1684,東京都世田谷区太子堂四丁目２８番６号,サンハイツビル１Ｆ,ガマダス,***,03-5432-9585,2世保生食ほ第465号,飲食店営業,令和2年6月17日,令和2年6月17日,令和8年6月30日
1685,東京都世田谷区太子堂四丁目２８番８号,-,こうすけ,プリモレース株式会社,03-6805-3456,4世保生食ほ第894号,飲食店営業,令和4年10月1日,令和4年10月1日,令和10年9月30日
1686,東京都世田谷区太子堂四丁目２８番８号,-,福のから　三軒茶屋店,株式会社シオ井,03-6453-2072,6世保生食ほ第1425号,飲食店営業,令和7年2月1日,令和7年2月1日,令和13年1月31日
1687,東京都世田谷区太子堂四丁目２８番８号,-,にんにく焼肉　プルシン三軒茶屋,ＢＲＡＮＤ　ＥＡＴＳ合同会社,03-5787-8845,5世保生食ほ第197号,飲食店営業,令和5年5月26日,令和5年5月26日,令和11年5月31日
1688,東京都世田谷区太子堂四丁目２８番８号,-,焼き肉・ホルモン　田,株式会社シーエーダブル,03-6805-5923,6世保生食ほ第1669号,飲食店営業,令和7年3月5日,令和7年3月5日,令和13年3月31日
1689,東京都世田谷区太子堂四丁目２８番９号,中村店舗２Ｆ,沖縄料理　我如古,***,03-6413-8922,7世保生食ほ第1103号,飲食店営業,令和7年12月1日,令和7年12月1日,令和13年11月30日
1690,東京都世田谷区太子堂四丁目２８番９号,-,居酒屋　ひでじろう,株式会社ＨＩＤＥＪＩＲＯ,-,5世保生食ほ第574号,飲食店営業,令和5年7月28日,令和5年7月28日,令和11年7月31日
1691,東京都世田谷区太子堂四丁目２８番１０号,-,ボヌール　三軒茶屋店,株式会社ＬＥＯＣ,3419-0525,31世保生食ほ第2263号,菓子製造業,平成18年2月23日,令和2年3月1日,令和9年2月28日
1692,東京都世田谷区太子堂四丁目２８番１１号,川金ビル１階,三軒茶屋　もつ焼　てけ八,ユナイテッド＆コレクティブ株式会社,03-6450-8984,6世保生食ほ第734号,飲食店営業,令和6年9月1日,令和6年9月1日,令和13年8月31日
1693,東京都世田谷区太子堂四丁目２９番１号,萩原ビルＢ１Ｆ,スポーツバー　わが家,***,03-5787-6678,3世保生食ほ第2201号,飲食店営業,令和4年3月9日,令和4年3月9日,令和10年3月31日
1694,東京都世田谷区太子堂四丁目２９番２号,アメニティ三軒茶屋１Ｆ,しゅう,***,3411-6953,31世保生食ほ第1735号,飲食店営業,平成24年12月26日,令和2年1月1日,令和8年12月31日
1695,東京都世田谷区太子堂四丁目２９番３号,井村ビル１Ｆ,ｉｌｃｏ,株式会社ＣＵＯＲＥ,3410-8866,6世保生食ほ第1258号,飲食店営業,令和7年1月1日,令和7年1月1日,令和12年12月31日
1696,東京都世田谷区太子堂四丁目２９番１３号,-,天六穀,株式会社　天六穀,-,3世保生食ほ第801号,飲食店営業,令和3年7月29日,令和3年7月29日,令和9年7月31日
1697,東京都世田谷区太子堂四丁目２９番１３号,新興ビル１階,とりビアー　三軒茶屋本店,株式会社オネストツリーズ,03-5787-8682,6世保生食ほ第981号,飲食店営業,令和6年10月11日,令和6年10月11日,令和13年10月31日
1698,東京都世田谷区太子堂四丁目２９番１３号,フルベジゆうほ道村,タイ屋台９９９三軒茶屋店,株式会社カオカオカオ,-,7世保生食ほ第290号,飲食店営業,令和7年5月28日,令和7年5月28日,令和13年5月31日
1699,東京都世田谷区太子堂四丁目３０番２３号,フォレスタ三軒茶屋１Ｆ,ＧＲＡＮＮＹ　ＳＭＩＴＨ　ＡＰＰＬＥ　ＰＩＥ　＆　ＣＯＦＦＥＥ　三軒茶屋ラボ,株式会社Ｉ－ＳＴＹＬＥ,03-6413-8164,5世保生食ほ第1343号,菓子製造業,令和5年11月28日,令和5年11月28日,令和12年11月30日
1700,東京都世田谷区太子堂四丁目３０番２７号,カーサ・ピッコラＢ１Ｆ,Ｂ－１（ビーワン）,シーファット株式会社,03-3418-3110,4世保生食ほ第1035号,飲食店営業,令和4年10月1日,令和4年10月1日,令和10年9月30日
1701,東京都世田谷区太子堂四丁目３０番２７号,-,ＧＯＬＥＭ,***,5787-8828,7世保生食ほ第1512号,飲食店営業,令和8年3月1日,令和8年3月1日,令和14年2月29日
1702,東京都世田谷区太子堂四丁目３０番２９号,-,有限会社　竹翁堂,有限会社竹翁堂,03-3421-4024,3世保生食ほ第323号,菓子製造業,昭和56年5月14日,令和3年6月1日,令和9年5月31日
1703,東京都世田谷区太子堂四丁目３０番２９号,ファイブ内田ビル２Ｆ,おしどり,***,-,2世保生食ほ第2020号,飲食店営業,令和3年1月14日,令和3年1月14日,令和10年1月31日
1704,東京都世田谷区太子堂五丁目１番１０号,-,蕎麦酒膳　くら嶋,***,03-5486-3213,2世保生食ほ第1号,飲食店営業,令和2年4月3日,令和2年4月3日,令和9年4月30日
1705,東京都世田谷区太子堂五丁目１番１０号,見市ビル２Ｆ,焼肉　黒松　／　ＷＡＧＹＵ　ＢＵＲＧＥＲＳ　ＫＯＫＵＭＡＴＳＵ,株式会社イーライフグループ,03-6455-7612,6世保生食ほ第1503号,飲食店営業,令和7年1月21日,令和7年1月21日,令和14年1月31日
1706,東京都世田谷区太子堂五丁目１番１０号,見市ビル２Ｆ,焼肉　黒松　／　ＷＡＧＹＵ　ＢＵＲＧＥＲＳ　ＫＯＫＵＭＡＴＳＵ,株式会社イーライフグループ,03-6455-7612,7世保生食ほ第179号,食肉販売業,令和7年5月8日,令和7年5月8日,令和14年1月31日
1707,東京都世田谷区太子堂五丁目１番１２号,-,キクヤ,***,03-5787-5325,3世保生食ほ第1040号,飲食店営業,令和3年8月26日,令和3年8月26日,令和10年8月31日
1708,東京都世田谷区太子堂五丁目１番１２号,-,キクヤ,***,03-5787-5325,3世保生食ほ第1041号,食肉販売業,令和3年8月26日,令和3年8月26日,令和10年8月31日
1709,東京都世田谷区太子堂五丁目１番１２号,-,キクヤ,***,03-5787-5325,4世保生食ほ第2039号,そうざい製造業,令和5年4月7日,令和5年4月7日,令和12年4月30日
1710,東京都世田谷区太子堂五丁目１番１４号,-,博多居酒屋どんたく,合同会社ＩＸＡＳ,03-6450-9723,6世保生食ほ第959号,飲食店営業,令和6年10月1日,令和6年10月1日,令和12年9月30日
1711,東京都世田谷区太子堂五丁目１番１６号,-,魚孝,有限会社魚孝,03-3411-1837,6世保生食ほ第859号,飲食店営業,令和6年10月1日,令和6年10月1日,令和13年9月30日
1712,東京都世田谷区太子堂五丁目１番１６号,-,魚孝,有限会社魚孝,03-3411-1837,6世保生食ほ第860号,魚介類販売業,令和6年10月1日,令和6年10月1日,令和13年9月30日
1713,東京都世田谷区太子堂五丁目２番１１号,ライオンズマンション７　１０３号室,めから鱗,株式会社スケイル,03-6450-8310,2世保生食ほ第1939号,飲食店営業,令和2年12月28日,令和2年12月28日,令和9年12月31日
1714,東京都世田谷区太子堂五丁目２番１１号,ライオンズマンション７　１０３号室,めから鱗,株式会社スケイル,03-6450-8310,2世保生食ほ第2350号,食肉販売業,令和3年2月19日,令和3年2月19日,令和9年12月31日
1715,東京都世田谷区太子堂五丁目２番１１号,ライオンズマンション７　１０３号室,めから鱗,株式会社スケイル,03-6450-8310,2世保生食ほ第2351号,そうざい製造業,令和3年2月19日,令和3年2月19日,令和9年12月31日
1716,東京都世田谷区太子堂五丁目４番１０号,ＫＭビル１Ｆ,すし屋の芳国,***,3411-8891,5世保生食ほ第1197号,飲食店営業,令和5年12月1日,令和5年12月1日,令和12年11月30日
1717,東京都世田谷区太子堂五丁目８番３号,-,ｎｏｍａｒｕ　ｂａｋｅ,株式会社ＧＲＡ,03-6450-8750,6世保生食ほ第631号,飲食店営業,令和6年8月1日,令和6年8月1日,令和13年7月31日
1718,東京都世田谷区太子堂五丁目８番３号,-,ｎｏｍａｒｕ　ｂａｋｅ,株式会社ＧＲＡ,03-6450-8750,6世保生食ほ第632号,菓子製造業,令和6年8月1日,令和6年8月1日,令和13年7月31日
1719,東京都世田谷区太子堂五丁目８番３号,-,ｎｏｍａｒｕ　ｂａｋｅ,株式会社ＧＲＡ,03-6450-8750,6世保生食ほ第633号,アイスクリーム類製造業,令和6年8月1日,令和6年8月1日,令和13年7月31日
1720,東京都世田谷区太子堂五丁目１５番２号,メゾン・サカエ　１Ｆ,Ｒａｒａｍｕｒｉ,株式会社イシマルフーズ,-,3世保生食ほ第342号,飲食店営業,令和3年5月21日,令和3年5月21日,令和9年5月31日
1721,東京都世田谷区太子堂五丁目１５番１１号,ケーテー三軒茶屋３Ｆ,天狗食堂,***,-,31世保生食ほ第2702号,飲食店営業,平成20年5月27日,令和2年6月1日,令和8年5月31日
1722,東京都世田谷区太子堂五丁目１５番１２号,-,廣蘭,***,-,5世保生食ほ第952号,飲食店営業,令和5年11月1日,令和5年11月1日,令和11年10月31日
1723,東京都世田谷区太子堂五丁目１５番１２号,大山ビル１Ｆ,ｃｏｍａｒｕ,株式会社２ＴＡＰＳ,-,6世保生食ほ第1163号,飲食店営業,令和6年12月1日,令和6年12月1日,令和12年11月30日
1724,東京都世田谷区太子堂五丁目１６番７号,-,奥三茶　たまや,クレイフィクス株式会社,03-6805-4688,5世保生食ほ第989号,飲食店営業,令和5年11月1日,令和5年11月1日,令和11年10月31日
1725,東京都世田谷区太子堂五丁目１６番７号,-,太子堂サンカク,合同会社ＮＡＭＩＨＥＩ,03-6805-3030,6世保生食ほ第1579号,飲食店営業,令和7年2月27日,令和7年2月27日,令和13年2月28日
1726,東京都世田谷区太子堂五丁目１６番８号,村野ビル１Ｆ,ｐｒｅｓｓ　ｓｈｏｐ　アサヒヤ,株式会社ｐｏｒｔａｓ,-,3世保生食ほ第309号,飲食店営業,令和3年5月12日,令和3年5月12日,令和9年5月31日
1727,東京都世田谷区太子堂五丁目１６番１１号,-,伊万里,***,03-3410-7343,7世保生食ほ第1018号,飲食店営業,令和7年12月1日,令和7年12月1日,令和13年11月30日
1728,東京都世田谷区太子堂五丁目１７番１７号,ＨＯＵＳＥ三茶フェスタ,ＨＡＰＰＹ　ＥＮＤ　ＢＥＡＮＳ,***,-,2世保生食ほ第1052号,飲食店営業,令和2年10月6日,令和2年10月6日,令和8年10月31日
1729,東京都世田谷区太子堂五丁目１７番２０号,-,カフェバー　タイム,***,03-5656-4751,6世保生食ほ第447号,飲食店営業,令和6年8月1日,令和6年8月1日,令和12年7月31日
1730,東京都世田谷区太子堂五丁目２９番３号,-,ｎｕｋｕｍｕｋｕ,***,-,4世保生食ほ第31号,飲食店営業,令和4年10月1日,令和4年10月1日,令和10年9月30日
1731,東京都世田谷区太子堂五丁目２９番３号,-,ｎｕｋｕｍｕｋｕ,***,-,4世保生食ほ第32号,菓子製造業,令和4年10月1日,令和4年10月1日,令和10年9月30日
1732,東京都世田谷区太子堂五丁目２９番１７号,-,ドイツ菓子工房　ムッティスクーヘン,***,03-3421-2798,2世保生食ほ第1977号,菓子製造業,平成21年1月8日,令和3年2月1日,令和9年1月31日
1733,東京都世田谷区太子堂五丁目２９番１７号,-,ドイツ菓子工房　ムッティスクーヘン,***,03-3421-2798,5世保生食ほ第1530号,飲食店営業,令和6年1月19日,令和6年1月19日,令和12年1月31日
1734,東京都世田谷区太子堂五丁目３０番６号,-,入ちゃん,***,3795-3338,5世保生食ほ第470号,飲食店営業,令和5年8月1日,令和5年8月1日,令和11年7月31日
1735,東京都世田谷区太子堂五丁目３０番６号,伊藤ビル２Ｆ,ＯＫＡＶＩＬＬＡＧＥ,***,03-6805-3580,6世保生食ほ第353号,飲食店営業,令和6年7月1日,令和6年7月1日,令和12年6月30日
1736,東京都世田谷区太子堂五丁目３０番１０号,-,サミットストア代沢十字路店,サミット株式会社,03-5431-3319,3世保生食ほ第1142号,飲食店営業,令和3年10月1日,令和3年10月1日,令和10年5月31日
1737,東京都世田谷区太子堂五丁目３０番１０号,-,サミットストア代沢十字路店,サミット株式会社,03-5431-3319,3世保生食ほ第1143号,飲食店営業,令和3年10月1日,令和3年10月1日,令和10年5月31日
1738,東京都世田谷区太子堂五丁目３０番１０号,-,サミットストア代沢十字路店,サミット株式会社,03-5431-3319,3世保生食ほ第1144号,飲食店営業,令和3年10月1日,令和3年10月1日,令和10年5月31日
1739,東京都世田谷区太子堂五丁目３０番１０号,-,サミットストア代沢十字路店,サミット株式会社,03-5431-3319,3世保生食ほ第1145号,飲食店営業,令和3年10月1日,令和3年10月1日,令和10年5月31日
1740,東京都世田谷区太子堂五丁目３０番１０号,-,サミットストア代沢十字路店,サミット株式会社,03-5431-3319,3世保生食ほ第1146号,飲食店営業,令和3年10月1日,令和3年10月1日,令和10年5月31日
1741,東京都世田谷区太子堂五丁目３０番１０号,-,サミットストア代沢十字路店,サミット株式会社,03-5431-3319,3世保生食ほ第1147号,魚介類販売業,令和3年10月1日,令和3年10月1日,令和10年5月31日
1742,東京都世田谷区太子堂五丁目３０番１０号,-,サミットストア代沢十字路店,サミット株式会社,03-5431-3319,3世保生食ほ第234号,飲食店営業,平成10年5月15日,令和3年6月1日,令和10年5月31日
1743,東京都世田谷区太子堂五丁目３０番１０号,-,サミットストア代沢十字路店,サミット株式会社,03-5431-3319,3世保生食ほ第235号,菓子製造業,平成10年5月15日,令和3年6月1日,令和10年5月31日
1744,東京都世田谷区太子堂五丁目３０番１０号,-,サミットストア代沢十字路店,サミット株式会社,03-5431-3319,3世保生食ほ第236号,菓子製造業,平成25年5月16日,令和3年6月1日,令和10年5月31日
1745,東京都世田谷区太子堂五丁目３０番１０号,-,サミットストア代沢十字路店,サミット株式会社,03-5431-3319,3世保生食ほ第237号,食肉販売業,平成10年5月15日,令和3年6月1日,令和10年5月31日
1746,東京都世田谷区太子堂五丁目３０番１０号,-,サミットストア代沢十字路店,サミット株式会社,03-5431-3319,3世保生食ほ第238号,魚介類販売業,平成10年5月15日,令和3年6月1日,令和10年5月31日
1747,東京都世田谷区太子堂五丁目３５番９号,-,伊勢松屋,***,-,2世保生食ほ第2583号,喫茶店営業,令和3年3月12日,令和3年3月12日,令和9年3月31日
1748,東京都世田谷区太子堂五丁目３５番９号,-,伊勢松屋,***,-,2世保生食ほ第2584号,菓子製造業,令和3年3月12日,令和3年3月12日,令和9年3月31日
1749,東京都世田谷区三軒茶屋一丁目２番１２号,Ｍ＆Ｙコーポ１Ｆ,手打ち　弥勒,***,03-6450-8397,2世保生食ほ第868号,飲食店営業,令和2年9月15日,令和2年9月15日,令和9年9月30日
1750,東京都世田谷区三軒茶屋一丁目４番１号,-,世田谷区立中里小学校,株式会社藤江,03-5625-5811,3世保生食ほ第375号,飲食店営業,令和3年5月17日,令和3年5月17日,令和10年5月31日
1751,東京都世田谷区三軒茶屋一丁目５番９号,-,台湾茶藝館　桜樺苑,有限会社イーエス商事,03-6804-0106,4世保生食ほ第222号,菓子製造業,令和4年5月13日,令和4年5月13日,令和11年5月31日
1752,東京都世田谷区三軒茶屋一丁目５番９号,-,台湾茶藝館　桜樺苑,有限会社イーエス商事,03-6804-0106,7世保生食ほ第1341号,飲食店営業,令和8年2月1日,令和8年2月1日,令和15年1月31日
1753,東京都世田谷区三軒茶屋一丁目５番１６号,１Ｂ,Ｆｉｒｅｎｚｅ　Ｓａｋｅ　Ｏｓｔｅｒｉｃａ,Ｆｉｒｅｎｚｅ　Ｓａｋｅ株式会社,5432-9317,6世保生食ほ第909号,飲食店営業,令和6年10月1日,令和6年10月1日,令和12年9月30日
1754,東京都世田谷区三軒茶屋一丁目５番１６号,１Ｆ,広島焼き　とこしえ,株式会社永,03-6805-4073,7世保生食ほ第1211号,飲食店営業,令和7年12月1日,令和7年12月1日,令和14年11月30日
1755,東京都世田谷区三軒茶屋一丁目５番１６号,-,コーヒー＆トースト,トーストファーム合同会社,-,6世保生食ほ第1080号,飲食店営業,令和6年10月25日,令和6年10月25日,令和12年10月31日
1756,東京都世田谷区三軒茶屋一丁目５番１６号,-,コーヒー＆トースト,トーストファーム合同会社,-,6世保生食ほ第1081号,菓子製造業,令和6年10月25日,令和6年10月25日,令和12年10月31日
1757,東京都世田谷区三軒茶屋一丁目５番１７号,カサデルテＢ１,本格ジンギスカン　寅々,***,5431-7289,7世保生食ほ第232号,飲食店営業,令和7年7月1日,令和7年7月1日,令和14年6月30日
1758,東京都世田谷区三軒茶屋一丁目５番１７号,-,帆帆魯肉飯,***,03-6805-2807,2世保生食ほ第1031号,飲食店営業,令和2年11月13日,令和2年11月13日,令和8年11月30日
1759,東京都世田谷区三軒茶屋一丁目６番１１号,地下,パンジー,***,3410-6106,7世保生食ほ第228号,飲食店営業,令和7年6月1日,令和7年6月1日,令和13年5月31日
1760,東京都世田谷区三軒茶屋一丁目６番１３号,-,ＯＫＩＮＡＷＡＮ　ＣＡＦＥ＆ＢＡＲ　てぃださんさん,ブラウンストーン合同会社,03-5432-9698,2世保生食ほ第250号,飲食店営業,令和2年5月8日,令和2年5月8日,令和8年5月31日
1761,東京都世田谷区三軒茶屋一丁目６番１４号,-,鮨　ともえ,***,03-3421-3548,3世保生食ほ第1755号,飲食店営業,令和3年12月14日,令和3年12月14日,令和10年12月31日
1762,東京都世田谷区三軒茶屋一丁目６番１４号,-,鮨　ともえ,***,3421-3548,3世保生食ほ第2117号,飲食店営業,令和4年2月25日,令和4年2月25日,令和11年2月28日
1763,東京都世田谷区三軒茶屋一丁目７番１２号,-,Ｂｒｉｃｃａ,株式会社Ｂｒｉｃｃａ,6322-0256,2世保生食ほ第290号,菓子製造業,令和2年5月13日,令和2年5月13日,令和8年5月31日
1764,東京都世田谷区三軒茶屋一丁目７番１２号,-,Ｂｒｉｃｃａ,株式会社Ｂｒｉｃｃａ,6322-0256,2世保生食ほ第291号,麺類製造業,令和2年5月13日,令和2年5月13日,令和8年5月31日
1765,東京都世田谷区三軒茶屋一丁目７番１２号,-,Ｂｒｉｃｃａ,株式会社Ｂｒｉｃｃａ,6322-0256,2世保生食ほ第292号,そうざい製造業,令和2年5月13日,令和2年5月13日,令和8年5月31日
1766,東京都世田谷区三軒茶屋一丁目７番１２号,-,Ｂｒｉｃｃａ,株式会社Ｂｒｉｃｃａ,6322-0256,6世保生食ほ第1318号,飲食店営業,令和7年1月1日,令和7年1月1日,令和12年12月31日
1767,東京都世田谷区三軒茶屋一丁目７番１２号,-,目黒五十番,株式会社五十番,03-5486-3755,31世保生食ほ第154号,飲食店営業,平成24年5月29日,令和元年6月1日,令和8年4月30日
1768,東京都世田谷区三軒茶屋一丁目７番１２号,-,目黒五十番,株式会社五十番,03-5486-3755,31世保生食ほ第155号,菓子製造業,平成24年4月27日,令和元年5月1日,令和8年4月30日
1769,東京都世田谷区三軒茶屋一丁目７番１３号,-,肉人（にくんちゅう）,株式会社ＩＴＳ,3410-6225,6世保生食ほ第1305号,飲食店営業,令和6年12月1日,令和6年12月1日,令和12年11月30日
1770,東京都世田谷区三軒茶屋一丁目７番１３号,-,伊勢元,***,3422-3918,7世保生食ほ第1812号,飲食店営業,令和8年4月1日,令和8年4月1日,令和14年3月31日
1771,東京都世田谷区三軒茶屋一丁目７番１３号,-,ＧＯＯＤ　ＦＲＩＥＮＤＳ,株式会社Ｋｉｎｄｎｅｓｓ,-,4世保生食ほ第1428号,飲食店営業,令和4年12月13日,令和4年12月13日,令和10年12月31日
1772,東京都世田谷区三軒茶屋一丁目９番９号,ＡＩ　ＦＬＡＴ三軒茶屋１Ｆ,ＮＵＰＵＲＩ,株式会社ＶＩＮＫ,-,5世保生食ほ第180号,飲食店営業,令和5年5月23日,令和5年5月23日,令和12年5月31日
1773,東京都世田谷区三軒茶屋一丁目９番１３号,ワタナベビル１Ｆ,ワイン食堂　イナセヤ　ｋｉｔｃｈｅｎ,株式会社ＮＯＲＲＹ’Ｓ,3412-3830,4世保生食ほ第1204号,飲食店営業,令和4年11月1日,令和4年11月1日,令和10年10月31日
1774,東京都世田谷区三軒茶屋一丁目９番１３号,渡辺ビル１Ｆ,からあげ縁（ゆかり）三軒茶屋店,エバーアクション株式会社,6805-4660,6世保生食ほ第1623号,飲食店営業,令和7年3月1日,令和7年3月1日,令和14年2月29日
1775,東京都世田谷区三軒茶屋一丁目９番１３号,朋友ビル１階,Ｂａｒ　ラリアット,株式会社テオリア,03-3410-8339,4世保生食ほ第1084号,飲食店営業,令和4年11月1日,令和4年11月1日,令和10年10月31日
1776,東京都世田谷区三軒茶屋一丁目９番１３号,村上ビル１Ｆ２Ｆ,焼鳥いなせや,株式会社ＮＯＲＲＹ’Ｓ,6805-3380,2世保生食ほ第1604号,飲食店営業,令和2年11月17日,令和2年11月17日,令和9年11月30日
1777,東京都世田谷区三軒茶屋一丁目９番１３号,-,ｋｏｍａｍｏ,株式会社ゆめふぁむ,03-5787-6792,5世保生食ほ第1430号,菓子製造業,令和5年12月19日,令和5年12月19日,令和11年6月30日
1778,東京都世田谷区三軒茶屋一丁目９番１３号,-,ｋｏｍａｍｏ,株式会社ゆめふぁむ,03-5787-6792,5世保生食ほ第452号,飲食店営業,令和5年6月28日,令和5年6月28日,令和11年6月30日
1779,東京都世田谷区三軒茶屋一丁目１１番２２号,-,ふれんち食堂　ＵＭＥＹＡ,***,5834-7795,3世保生食ほ第1302号,飲食店営業,令和3年11月1日,令和3年11月1日,令和9年10月31日
1780,東京都世田谷区三軒茶屋一丁目１３番１号,-,Ｌａ’　Ｖｅｎｔｏ　Ｔｏｋｙｏ,株式会社ＬＶＴ,03-3411-1722,31世保生食ほ第1985号,飲食店営業,令和元年12月24日,令和元年12月24日,令和8年12月31日
1781,東京都世田谷区三軒茶屋一丁目１３番１号,-,Ｌａ’　Ｖｅｎｔｏ　Ｔｏｋｙｏ,株式会社ＬＶＴ,03-3411-1722,31世保生食ほ第2728号,食肉販売業,令和2年3月10日,令和2年3月10日,令和9年3月31日
1782,東京都世田谷区三軒茶屋一丁目１６番８号,コルティーレ　世田谷　１００号,ゆゆ屋,株式会社ＲｏＭｏＫｏ,-,7世保生食ほ第443号,飲食店営業,令和7年6月27日,令和7年6月27日,令和14年6月30日
1783,東京都世田谷区三軒茶屋一丁目１８番９号,プリューム三軒茶屋１Ｆ,穂のか,株式会社一穂,6805-4669,2世保生食ほ第2190号,飲食店営業,令和3年2月12日,令和3年2月12日,令和9年2月28日
1784,東京都世田谷区三軒茶屋一丁目２０番６号,コンフォート三軒茶屋,セブンイレブン三軒茶屋病院前店,***,3421-3030,3世保生食ほ第505号,飲食店営業,令和3年6月17日,令和3年6月17日,令和10年6月30日
1785,東京都世田谷区三軒茶屋一丁目２１番５号,-,特定医療法人　大坪会　三軒茶屋病院,ベストフードサービス株式会社,3410-7321,7世保生食ほ第756号,飲食店営業,令和7年10月1日,令和7年10月1日,令和14年9月30日
1786,東京都世田谷区三軒茶屋一丁目２１番９号,-,玄そば　東風,株式会社増田屋平沢商店,3421-5892,7世保生食ほ第1523号,飲食店営業,令和8年3月1日,令和8年3月1日,令和15年2月28日
1787,東京都世田谷区三軒茶屋一丁目２２番８号,-,三軒茶屋第一病院　事業所,コンパスグループ・ジャパン株式会社,-,6世保生食ほ第1484号,飲食店営業,令和7年1月22日,令和7年1月22日,令和14年1月31日
1788,東京都世田谷区三軒茶屋一丁目２３番８号,-,嘉角松～ＫＡＤＯＭＡＴＳＵ～,株式会社ＲＨＲ,-,7世保生食ほ第570号,飲食店営業,令和7年7月29日,令和7年7月29日,令和13年7月31日
1789,東京都世田谷区三軒茶屋一丁目２３番９号,-,奥吉商店,株式会社英敏,3424-2337,3世保生食ほ第2374号,食肉販売業,令和4年4月27日,令和4年4月27日,令和11年4月30日
1790,東京都世田谷区三軒茶屋一丁目２４番３号,-,東都三軒茶屋リハビリテーション病院　事業所,コンパスグループ・ジャパン株式会社,-,6世保生食ほ第1483号,飲食店営業,令和7年1月22日,令和7年1月22日,令和14年1月31日
1791,東京都世田谷区三軒茶屋一丁目２７番３１号,-,三軒茶屋一丁目食堂,***,03-5787-6385,2世保生食ほ第1619号,飲食店営業,平成26年12月5日,令和3年1月1日,令和8年12月31日
1792,東京都世田谷区三軒茶屋一丁目２７番３１号,-,三軒茶屋一丁目食堂,***,03-5787-6385,2世保生食ほ第1620号,菓子製造業,令和2年12月8日,令和2年12月8日,令和8年12月31日
1793,東京都世田谷区三軒茶屋一丁目２７番３３号,１Ｆ,ｃａｆｅ　ｔｈｅ　ＳＵＮ　ＬＩＶＥＳ　ＨＥＲＥ,株式会社ＳＯＭＥＷＨＥＲＥ,03-6875-1730,3世保生食ほ第262号,飲食店営業,令和3年4月28日,令和3年4月28日,令和10年4月30日
1794,東京都世田谷区三軒茶屋一丁目２７番３３号,１Ｆ,ｃａｆｅ　ｔｈｅ　ＳＵＮ　ＬＩＶＥＳ　ＨＥＲＥ,株式会社ＳＯＭＥＷＨＥＲＥ,03-6875-1730,3世保生食ほ第263号,菓子製造業,令和3年4月28日,令和3年4月28日,令和10年4月30日
1795,東京都世田谷区三軒茶屋一丁目２９番８号,-,石橋商店,***,3411-2130,3世保生食ほ第804号,飲食店営業,令和3年8月1日,令和3年8月1日,令和9年7月31日
1796,東京都世田谷区三軒茶屋一丁目２９番８号,-,石橋氷業,***,3411-2130,3世保生食ほ第1377号,氷雪製造業,令和3年11月1日,令和3年11月1日,令和9年10月31日
1797,東京都世田谷区三軒茶屋一丁目２９番８号,-,ＳＴ．ＰＡＸ　ＣＡＦＥ,***,5430-2724,2世保生食ほ第2762号,飲食店営業,平成15年4月8日,令和3年5月1日,令和9年4月30日
1798,東京都世田谷区三軒茶屋一丁目３０番８号,朝比奈ビル,シロクマ屋,株式会社ホワイトベアー,03-6413-8615,4世保生食ほ第272号,飲食店営業,令和4年5月31日,令和4年5月31日,令和11年5月31日
1799,東京都世田谷区三軒茶屋一丁目３０番９号,１Ｆ,ジュウニブン　ベーカリー,株式会社ｘｉｏ　ｆｏｏｄ,03-6450-9660,31世保生食ほ第2924号,飲食店営業,令和2年4月13日,令和2年4月13日,令和9年4月30日
1800,東京都世田谷区三軒茶屋一丁目３０番９号,１Ｆ,ジュウニブン　ベーカリー,株式会社ｘｉｏ　ｆｏｏｄ,03-6450-9660,31世保生食ほ第2925号,菓子製造業,令和2年4月13日,令和2年4月13日,令和9年4月30日
1801,東京都世田谷区三軒茶屋一丁目３０番９号,２Ｆ,ジュウニブン　ベーカリー　カフェ,株式会社ｘｉｏ　ｆｏｏｄ,03-6450-9737,2世保生食ほ第545号,ソース類製造業,令和2年6月29日,令和2年6月29日,令和9年6月30日
1802,東京都世田谷区三軒茶屋一丁目３０番９号,２Ｆ,ジュウニブン　ベーカリー　カフェ,株式会社ｘｉｏ　ｆｏｏｄ,03-6450-9737,2世保生食ほ第546号,そうざい製造業,令和2年6月29日,令和2年6月29日,令和9年6月30日
1803,東京都世田谷区三軒茶屋一丁目３０番９号,２Ｆ,ジュウニブン　ベーカリー　カフェ,株式会社ｘｉｏ　ｆｏｏｄ,03-6450-9737,31世保生食ほ第2927号,飲食店営業,令和2年5月1日,令和2年5月1日,令和9年4月30日
1804,東京都世田谷区三軒茶屋一丁目３０番９号,ターミナルビル１Ｆ,横濱炸鶏排　台湾唐揚　三軒茶屋店,株式会社萬福商会,-,2世保生食ほ第1917号,飲食店営業,令和3年1月4日,令和3年1月4日,令和9年1月31日
1805,東京都世田谷区三軒茶屋一丁目３０番１４号,アロードコーポ１０１、１０２号室,阿川,有限会社　阿川,03-3424-1301,4世保生食ほ第288号,飲食店営業,令和4年5月25日,令和4年5月25日,令和10年5月31日
1806,東京都世田谷区三軒茶屋一丁目３０番１４号,アロードコーポ１０１、１０２号室,阿川,有限会社　阿川,03-3424-1301,5世保生食ほ第1113号,そうざい製造業,令和5年10月24日,令和5年10月24日,令和10年5月31日
1807,東京都世田谷区三軒茶屋一丁目３０番１４号,アロードコーポ１０１、１０２号室,阿川,有限会社　阿川,03-3424-1301,5世保生食ほ第1114号,魚介類販売業,令和5年10月24日,令和5年10月24日,令和10年5月31日
1808,東京都世田谷区三軒茶屋一丁目３２番６号,ＭＩＣＨＩ－ｃｏビル２Ｆ、３Ｆ,三軒茶屋　燻製２０１号室,株式会社　ＳＰＡＮ,5431-5138,2世保生食ほ第1849号,飲食店営業,平成26年12月26日,令和3年1月1日,令和8年12月31日
1809,東京都世田谷区三軒茶屋一丁目３２番６号,-,そばでちょこっと,株式会社Ｃｈａｎ丸,03-5787-6674,5世保生食ほ第678号,飲食店営業,令和5年9月1日,令和5年9月1日,令和12年8月31日
1810,東京都世田谷区三軒茶屋一丁目３２番６号,ＭＩＣＨＩＣＯビルＡ,鉄板中華　福華,***,03-5712-3818,5世保生食ほ第1475号,飲食店営業,令和6年1月1日,令和6年1月1日,令和12年12月31日
1811,東京都世田谷区三軒茶屋一丁目３２番６号,-,三茶スタンド?,株式会社ＰＬＡＣＥ,-,2世保生食ほ第1209号,飲食店営業,令和2年9月30日,令和2年9月30日,令和8年9月30日
1812,東京都世田谷区三軒茶屋一丁目３２番６号,１Ｆ,立呑み屋　コブラ,株式会社えんげるず,-,6世保生食ほ第537号,飲食店営業,令和6年7月23日,令和6年7月23日,令和12年7月31日
1813,東京都世田谷区三軒茶屋一丁目３２番１１号,西沢ビル３Ｆ,酒処　まこと,***,3410-6585,31世保生食ほ第2336号,飲食店営業,平成7年2月28日,令和2年3月1日,令和9年2月28日
1814,東京都世田谷区三軒茶屋一丁目３２番１１号,丸文ビル１階,築地銀だこ　三軒茶屋店,株式会社ＭＧ,03-5779-7522,5世保生食ほ第1387号,飲食店営業,令和5年12月20日,令和5年12月20日,令和12年12月31日
1815,東京都世田谷区三軒茶屋一丁目３２番１３号,西沢ビル２Ｆ,ＰＵＮＣＨ　ＬＩＮＥ,セイト物流株式会社,03-5787-5800,5世保生食ほ第1785号,飲食店営業,令和6年4月1日,令和6年4月1日,令和12年3月31日
1816,東京都世田谷区三軒茶屋一丁目３２番１３号,-,喫茶　セブン,***,3410-6565,3世保生食ほ第1267号,飲食店営業,令和3年11月1日,令和3年11月1日,令和9年10月31日
1817,東京都世田谷区三軒茶屋一丁目３２番１３号,２Ｆ,ボ　ワ,有限会社アイ・ケイ・アイ,3410-7662,7世保生食ほ第1619号,飲食店営業,令和8年3月1日,令和8年3月1日,令和14年2月29日
1818,東京都世田谷区三軒茶屋一丁目３２番１３号,-,Ａｍａｂａｓｅ,***,03-5787-5608,2世保生食ほ第507号,飲食店営業,令和2年6月23日,令和2年6月23日,令和8年6月30日
1819,東京都世田谷区三軒茶屋一丁目３２番１５号,ハイツ北岡１階,松屋　三軒茶屋店,株式会社松屋フーズ,-,7世保生食ほ第1577号,飲食店営業,令和8年3月1日,令和8年3月1日,令和16年2月28日
1820,東京都世田谷区三軒茶屋一丁目３２番１７号,１Ｆ,ゆきはなび,株式会社ヘリサムコート,-,5世保生食ほ第1523号,飲食店営業,令和6年2月16日,令和6年2月16日,令和13年2月28日
1821,東京都世田谷区三軒茶屋一丁目３２番１７号,ＦＡＣＥ三軒茶屋５Ｆ,Ｃｉｅｌｏ,株式会社４２０,03-5787-5668,5世保生食ほ第1681号,飲食店営業,令和6年2月26日,令和6年2月26日,令和12年2月28日
1822,東京都世田谷区三軒茶屋一丁目３２番１７号,ｆａｃｅ三軒茶屋２Ｆ,ｃｈａｒｃｏａｌ　三軒茶屋,Ｃｈｉ’ｓ株式会社,-,5世保生食ほ第1761号,飲食店営業,令和6年2月29日,令和6年2月29日,令和12年2月28日
1823,東京都世田谷区三軒茶屋一丁目３３番１６号,-,Ｓｐｉｃｅ＆Ｖｉｎｅｇａｒ８５　東京ビンダル―,ツイテルカンパニー株式会社,-,2世保生食ほ第1663号,飲食店営業,令和2年11月18日,令和2年11月18日,令和8年11月30日
1824,東京都世田谷区三軒茶屋一丁目３３番１６号,-,Ｓｐｉｃｅ＆Ｖｉｎｅｇａｒ８５　東京ビンダル―,ツイテルカンパニー株式会社,-,2世保生食ほ第1664号,菓子製造業,令和2年11月18日,令和2年11月18日,令和8年11月30日
1825,東京都世田谷区三軒茶屋一丁目３３番１６号,-,Ｓｐｉｃｅ＆Ｖｉｎｅｇａｒ８５　東京ビンダル―,ツイテルカンパニー株式会社,-,2世保生食ほ第1665号,そうざい製造業,令和2年11月18日,令和2年11月18日,令和8年11月30日
1826,東京都世田谷区三軒茶屋一丁目３３番１８号,-,磯丸水産　三軒茶屋店,ＳＦＰホールディングス株式会社,5779-7461,4世保生食ほ第1082号,飲食店営業,令和4年11月1日,令和4年11月1日,令和10年10月31日
1827,東京都世田谷区三軒茶屋一丁目３３番１９号,ケイオーハロービル１Ｆ,牛角　三軒茶屋店,株式会社レインズインターナショナル,0357123319,2世保生食ほ第221号,食肉販売業,令和2年4月30日,令和2年4月30日,令和9年4月30日
1828,東京都世田谷区三軒茶屋一丁目３３番１９号,ケイオーハロービル１Ｆ,牛角　三軒茶屋店,株式会社レインズインターナショナル,0357123319,5世保生食ほ第92号,飲食店営業,令和5年5月1日,令和5年5月1日,令和12年4月30日
1829,東京都世田谷区三軒茶屋一丁目３３番１９号,ケイオーハロービル２Ｆ,３・６・５酒場　三軒茶屋店,株式会社コロワイドダイニング,6805-2528,2世保生食ほ第754号,飲食店営業,平成13年8月24日,令和2年9月1日,令和8年8月31日
1830,東京都世田谷区三軒茶屋一丁目３３番２１号,-,串屋横丁　三軒茶屋店,株式会社Ｒ・Ｄ,03-5432-9762,4世保生食ほ第1818号,飲食店営業,令和5年4月1日,令和5年4月1日,令和11年3月31日
1831,東京都世田谷区三軒茶屋一丁目３３番２１号,森本ビル３Ｆ,デシネ・ショップ,株式会社デシネ,6877-1245,31世保生食ほ第3008号,飲食店営業,令和2年4月3日,令和2年4月3日,令和8年4月30日
1832,東京都世田谷区三軒茶屋一丁目３４番１１号,１０１ハギワラビル１階,お山のすぎの子,有限会社味の大邦,5486-0094,30世保生食ほ第2472号,飲食店営業,平成10年4月30日,令和元年5月1日,令和8年4月30日
1833,東京都世田谷区三軒茶屋一丁目３４番１１号,１０１ハギワラビル１階,お山のすぎの子,有限会社味の大邦,5486-0094,7世保生食ほ第1930号,飲食店営業,令和8年5月1日,令和8年5月1日,令和15年4月30日
1834,東京都世田谷区三軒茶屋一丁目３４番１１号,-,れんげ食堂Ｔｏｓｈｕ　三軒茶屋店,オリジン東秀株式会社,03-6450-8725,5世保生食ほ第1923号,飲食店営業,令和6年5月1日,令和6年5月1日,令和13年4月30日
1835,東京都世田谷区三軒茶屋一丁目３４番１２号,-,セブンイレブン三軒茶屋栄通り店,***,03-3795-8108,3世保生食ほ第479号,飲食店営業,令和3年6月17日,令和3年6月17日,令和10年6月30日
1836,東京都世田谷区三軒茶屋一丁目３４番１３号,ハシワヤビル２Ｆ　２号,スマイリング　ベートーベン,***,3422-5526,5世保生食ほ第1202号,飲食店営業,令和5年12月1日,令和5年12月1日,令和12年11月30日
1837,東京都世田谷区三軒茶屋一丁目３５番１号,-,ちよだ鮨,株式会社ちよだ鮨,03-5779-7784,6世保生食ほ第413号,飲食店営業,令和6年8月1日,令和6年8月1日,令和13年7月31日
1838,東京都世田谷区三軒茶屋一丁目３５番１号,三軒茶屋ゴールデンビル１階,七宝麻辣湯三軒茶屋栄通り店,株式会社メモリードグループ,0357876195,4世保生食ほ第1524号,飲食店営業,令和5年1月18日,令和5年1月18日,令和12年1月31日
1839,東京都世田谷区三軒茶屋一丁目３５番２号,大島ビル１Ｆ,フロム　ダスク　ティル　ドーン,株式会社アームロック,3418-1121,6世保生食ほ第1158号,飲食店営業,令和6年12月1日,令和6年12月1日,令和12年11月30日
1840,東京都世田谷区三軒茶屋一丁目３５番３号,-,荏原食堂,***,3414-9832,6世保生食ほ第265号,飲食店営業,令和6年7月1日,令和6年7月1日,令和12年6月30日
1841,東京都世田谷区三軒茶屋一丁目３５番３号,-,ＴＡ－ＫＥ，酒・肴・お茶漬,***,3410-2594,3世保生食ほ第1574号,飲食店営業,令和3年12月1日,令和3年12月1日,令和9年11月30日
1842,東京都世田谷区三軒茶屋一丁目３５番３号,山田ビル１Ｆ,臥龍,***,-,2世保生食ほ第1177号,飲食店営業,平成18年10月11日,令和2年11月1日,令和9年10月31日
1843,東京都世田谷区三軒茶屋一丁目３５番３号,１１番街内,鉄板酒家　このみせ,***,5779-9533,6世保生食ほ第489号,飲食店営業,令和6年8月1日,令和6年8月1日,令和12年7月31日
1844,東京都世田谷区三軒茶屋一丁目３５番３号,１Ｆ,ＳＨＩＮＩＣＨＩＲＯ　ＰＩＺＺＡ,***,3424-3490,7世保生食ほ第796号,飲食店営業,令和7年10月1日,令和7年10月1日,令和13年9月30日
1845,東京都世田谷区三軒茶屋一丁目３５番３号,-,Ｔｈｅ　３ｒｄ,ガナール都市開発株式会社,-,5世保生食ほ第328号,飲食店営業,令和5年6月14日,令和5年6月14日,令和11年6月30日
1846,東京都世田谷区三軒茶屋一丁目３５番３号,-,アタラヨ．,株式会社ＨＡＰＰＹＨＯＵＳＥ,-,6世保生食ほ第1313号,飲食店営業,令和6年12月17日,令和6年12月17日,令和12年12月31日
1847,東京都世田谷区三軒茶屋一丁目３５番４号,エルファイン１Ｆ,ｂａｒ　ＣＥＲＯ,株式会社コイケデザインマネジメント,03-3795-2133,5世保生食ほ第1425号,飲食店営業,令和6年1月1日,令和6年1月1日,令和11年12月31日
1848,東京都世田谷区三軒茶屋一丁目３５番４号,ファインロゼ１Ｆ,ザ　ケンタローネ,***,03-5431-3010,31世保生食ほ第3007号,飲食店営業,平成26年6月18日,令和2年7月1日,令和8年6月30日
1849,東京都世田谷区三軒茶屋一丁目３５番６号,-,節骨麺　たいぞう　三軒茶屋店,株式会社東洋麺家,5779-7210,5世保生食ほ第1154号,飲食店営業,令和5年12月1日,令和5年12月1日,令和11年11月30日
1850,東京都世田谷区三軒茶屋一丁目３５番９号,ベルフラット三軒茶屋１０２,ＰＥＡＣＥ　ＦＲＩＥＮＤＳ　ＳＴＡＮＤＩＮＧ　ＢＡＲ,株式会社Ｋｉｎｄｎｅｓｓ,-,6世保生食ほ第304号,飲食店営業,令和6年5月30日,令和6年5月30日,令和12年5月31日
1851,東京都世田谷区三軒茶屋一丁目３５番９号,ベルフラット三軒茶屋,ＢＯＸＸ　ＴＯＫＹＯ,株式会社Ｆｏｒｗａｒｄ　Ｂａｓｅ,03-6450-9780,6世保生食ほ第555号,飲食店営業,令和6年7月12日,令和6年7月12日,令和12年7月31日
1852,東京都世田谷区三軒茶屋一丁目３５番１５号,-,パンケーキママカフェ　Ｖｏｉ　Ｖｏｉ,Ｐ．Ｍ．ＭＡＮＡＧＥＭＥＮＴ合同会社,3411-1214,31世保生食ほ第1264号,飲食店営業,平成24年10月11日,令和元年11月1日,令和8年10月31日
1853,東京都世田谷区三軒茶屋一丁目３５番１５号,-,パンケーキママカフェ　Ｖｏｉ　Ｖｏｉ,Ｐ．Ｍ．ＭＡＮＡＧＥＭＥＮＴ合同会社,3411-1214,31世保生食ほ第1265号,菓子製造業,平成24年10月11日,令和元年11月1日,令和8年10月31日
1854,東京都世田谷区三軒茶屋一丁目３５番１５号,-,生スイートポテト専門店　ＯＩＭＯ,株式会社スペシャリティーズ,03-6281-8781,2世保生食ほ第737号,喫茶店営業,令和2年8月7日,令和2年8月7日,令和9年8月31日
1855,東京都世田谷区三軒茶屋一丁目３５番１５号,-,生スイートポテト専門店　ＯＩＭＯ,株式会社スペシャリティーズ,03-6281-8781,2世保生食ほ第738号,菓子製造業,令和2年8月7日,令和2年8月7日,令和9年8月31日
1856,東京都世田谷区三軒茶屋一丁目３５番１７号,ルーエプラッツ１Ｆ,ラルテ,株式会社ジョイア,03-3424-3003,7世保生食ほ第310号,飲食店営業,令和7年7月1日,令和7年7月1日,令和14年6月30日
1857,東京都世田谷区三軒茶屋一丁目３５番２０号,平原ビル１Ｆ,ＬＵＰＯＰＯ,有限会社紫苑,03-6288-1097,7世保生食ほ第1810号,飲食店営業,令和8年4月1日,令和8年4月1日,令和14年3月31日
1858,東京都世田谷区三軒茶屋一丁目３５番２０号,-,Ｐｕｎｔｏ．ｔ,***,03-3410-3001,7世保生食ほ第1760号,飲食店営業,令和8年4月1日,令和8年4月1日,令和15年3月31日
1859,東京都世田谷区三軒茶屋一丁目３５番２１号,第二通南ビル,キッチンオリジン　三軒茶屋店,オリジン東秀株式会社,03-3412-5927,30世保生食ほ第2503号,飲食店営業,平成18年5月1日,令和元年5月1日,令和8年4月30日
1860,東京都世田谷区三軒茶屋一丁目３５番２１号,第二通南ビル,キッチンオリジン　三軒茶屋店,オリジン東秀株式会社,03-3412-5927,30世保生食ほ第2504号,菓子製造業,平成18年5月1日,令和元年5月1日,令和8年4月30日
1861,東京都世田谷区三軒茶屋一丁目３５番２１号,第二通南ビル,キッチンオリジン　三軒茶屋店,オリジン東秀株式会社,03-3412-5927,7世保生食ほ第1919号,飲食店営業,令和8年5月1日,令和8年5月1日,令和15年4月30日
1862,東京都世田谷区三軒茶屋一丁目３５番２１号,ＬＩＬＡＳ三軒茶屋３Ｆ,緒駕多,***,6805-5333,31世保生食ほ第1641号,飲食店営業,平成24年11月27日,令和元年12月1日,令和8年11月30日
1863,東京都世田谷区三軒茶屋一丁目３５番２３号,-,みくや,***,03-6453-4658,4世保生食ほ第1851号,飲食店営業,令和5年3月31日,令和5年3月31日,令和12年3月31日
1864,東京都世田谷区三軒茶屋一丁目３６番１号,高木ビル２Ｆ,ｍｏｔｓｕ＆ｗｉｎｅ　ＭＯＺ,***,3411-5464,7世保生食ほ第452号,飲食店営業,令和7年7月1日,令和7年7月1日,令和13年6月30日
1865,東京都世田谷区三軒茶屋一丁目３６番１号,高木ビル１Ｆ,大阪餃子よしこ　三軒茶屋店,株式会社ＦＴＧ　Ｃｏｍｐａｎｙ,-,6世保生食ほ第1574号,飲食店営業,令和7年2月4日,令和7年2月4日,令和14年2月29日
1866,東京都世田谷区三軒茶屋一丁目３６番１号,第一サカイビルＢ１,ユキツバキ,株式会社ＷＮＯＸ,-,7世保生食ほ第106号,飲食店営業,令和7年4月28日,令和7年4月28日,令和13年4月30日
1867,東京都世田谷区三軒茶屋一丁目３６番１号,第１サカイビル３Ｆ,スナックガーデン,株式会社ＲＩｏＴ　Ｐｒｏｄｕｃｔｓ,-,7世保生食ほ第1425号,飲食店営業,令和8年3月2日,令和8年3月2日,令和15年3月31日
1868,東京都世田谷区三軒茶屋一丁目３６番２号,ＹＭＡビル２階,薩摩国鶏,株式会社Ｉ－ＧＲＯＵＰ,5779-7797,2世保生食ほ第1253号,飲食店営業,平成20年10月28日,令和2年11月1日,令和9年10月31日
1869,東京都世田谷区三軒茶屋一丁目３６番２号,三茶１０８ビル１Ｆ,ボヌール三軒茶屋栄通り店,株式会社ＬＥＯＣ,6805-2590,6世保生食ほ第795号,飲食店営業,令和6年10月1日,令和6年10月1日,令和13年9月30日
1870,東京都世田谷区三軒茶屋一丁目３６番２号,三茶１０８ビル１Ｆ,ボヌール三軒茶屋栄通り店,株式会社ＬＥＯＣ,6805-2590,6世保生食ほ第796号,菓子製造業,令和6年10月1日,令和6年10月1日,令和13年9月30日
1871,東京都世田谷区三軒茶屋一丁目３６番２号,ＹＭＡビルＢ１,ボラーチョス　三軒茶屋,株式会社ボラーチョス東京,03-6450-8545,7世保生食ほ第1592号,飲食店営業,令和8年2月1日,令和8年2月1日,令和14年1月31日
1872,東京都世田谷区三軒茶屋一丁目３６番２号,プリンセスライン三軒茶屋１－Ａ,もつ焼きよし田　三軒茶屋,株式会社ユニバーサル・ダイニング,03-5787-8033,3世保生食ほ第1553号,飲食店営業,令和3年12月2日,令和3年12月2日,令和10年12月31日
1873,東京都世田谷区三軒茶屋一丁目３６番２号,１Ｂ,焼肉　ようちゃん,株式会社コモード,03-5787-8783,3世保生食ほ第1575号,飲食店営業,令和3年12月2日,令和3年12月2日,令和10年12月31日
1874,東京都世田谷区三軒茶屋一丁目３６番２号,ＹＭＡビル２階,しゃぶ嶋　三軒茶屋,株式会社ＳＢＳ,03-6453-2855,4世保生食ほ第1681号,飲食店営業,令和5年2月24日,令和5年2月24日,令和12年2月28日
1875,東京都世田谷区三軒茶屋一丁目３６番３号,オリンピック三軒茶屋１階,オムニ食堂,株式会社ＭＪ,03-3410-7749,5世保生食ほ第1021号,飲食店営業,令和5年10月1日,令和5年10月1日,令和11年9月30日
1876,東京都世田谷区三軒茶屋一丁目３６番５号,ラック三軒茶屋ビル２Ｆ,やきにく蔵　まめ牛,みとも開発株式会社,3410-3262,7世保生食ほ第5号,飲食店営業,令和7年5月1日,令和7年5月1日,令和14年4月30日
1877,東京都世田谷区三軒茶屋一丁目３６番５号,ラック三軒茶屋Ｂ１,うまえびす,株式会社ｐｏｕｓ,5432-9593,2世保生食ほ第860号,飲食店営業,平成25年8月6日,令和2年9月1日,令和9年8月31日
1878,東京都世田谷区三軒茶屋一丁目３６番５号,三ツ木ビル１Ｆ,ＭＧＭ,株式会社　川端,-,3世保生食ほ第1092号,飲食店営業,令和3年8月31日,令和3年8月31日,令和9年8月31日
1879,東京都世田谷区三軒茶屋一丁目３６番５号,いずみビル１０２,Ａｎｄ　Ｃｏ．ｆｆｅｅ,株式会社Ｍｅｒｒｙ＆Ｃｏ．,03-6805-3563,6世保生食ほ第346号,飲食店営業,令和6年6月6日,令和6年6月6日,令和13年6月30日
1880,東京都世田谷区三軒茶屋一丁目３６番６号,ラビ三軒茶屋地下１階,酒羅場,株式会社ＧＯＶ,3414-1461,7世保生食ほ第281号,飲食店営業,令和7年7月1日,令和7年7月1日,令和13年6月30日
1881,東京都世田谷区三軒茶屋一丁目３６番６号,ラビ三軒茶屋１Ｆ,大阪焼肉・ホルモン　ふたご　三軒茶屋店,株式会社ＦＴＧ　Ｃｏｍｐａｎｙ,3410-2526,2世保生食ほ第1170号,食肉販売業,令和3年5月27日,令和3年5月27日,令和10年5月31日
1882,東京都世田谷区三軒茶屋一丁目３６番６号,ラビ三軒茶屋１Ｆ,大阪焼肉・ホルモン　ふたご　三軒茶屋店,株式会社ＦＴＧ　Ｃｏｍｐａｎｙ,3410-2526,31世保生食ほ第2113号,飲食店営業,平成25年1月22日,令和2年2月1日,令和9年1月31日
1883,東京都世田谷区三軒茶屋一丁目３６番６号,ラビ三軒茶屋４Ｆ,Ｈａｒｌｅｍ　Ｓｈｕｆｆｌｅ,***,5431-5466,2世保生食ほ第2689号,飲食店営業,平成27年4月7日,令和3年5月1日,令和9年4月30日
1884,東京都世田谷区三軒茶屋一丁目３６番６号,ラビ三軒茶屋　２Ｆ,和処　ととし,ａｎｄ－Ｔ株式会社,3410-1040,2世保生食ほ第234号,飲食店営業,令和2年4月28日,令和2年4月28日,令和9年4月30日
1885,東京都世田谷区三軒茶屋一丁目３６番８号,由上ビルＢ１Ｆ,木村屋本店　三軒茶屋,***,03-3424-3434,31世保生食ほ第1361号,飲食店営業,令和元年10月3日,令和元年10月3日,令和8年10月31日
1886,東京都世田谷区三軒茶屋一丁目３６番８号,由上ビル１Ｆ,まり花,株式会社プロダクトオブタイム,03-5787-5154,2世保生食ほ第304号,飲食店営業,令和2年5月19日,令和2年5月19日,令和9年5月31日
1887,東京都世田谷区三軒茶屋一丁目３６番１２号,-,たちのみや,有限会社藤枝不動産,5430-3381,2世保生食ほ第1055号,飲食店営業,平成26年9月2日,令和2年10月1日,令和8年9月30日
1888,東京都世田谷区三軒茶屋一丁目３６番１２号,-,ｂａｒｂａｒｋａｎｏ,***,3422-1230,7世保生食ほ第1346号,飲食店営業,令和8年1月1日,令和8年1月1日,令和13年12月31日
1889,東京都世田谷区三軒茶屋一丁目３６番１２号,-,広島のお好焼　広,株式会社ひろき,5486-1030,7世保生食ほ第469号,飲食店営業,令和7年8月1日,令和7年8月1日,令和14年7月31日
1890,東京都世田谷区三軒茶屋一丁目３６番１２号,-,Ｏｂｓｃｕｒａ　Ｈｏｍｅ,株式会社トラディショナルデザイン,6805-3828,2世保生食ほ第2427号,喫茶店営業,令和3年2月26日,令和3年2月26日,令和9年2月28日
1891,東京都世田谷区三軒茶屋一丁目３６番１２号,１Ｆ,ＭＡＩＳＯＮ　ＦＡＲＭＥＲ,三茶ワークカンパニー株式会社,03-6450-7670,6世保生食ほ第575号,飲食店営業,令和6年7月18日,令和6年7月18日,令和12年7月31日
1892,東京都世田谷区三軒茶屋一丁目３６番１３号,-,稲穂,***,3414-4395,6世保生食ほ第311号,飲食店営業,令和6年7月1日,令和6年7月1日,令和12年6月30日
1893,東京都世田谷区三軒茶屋一丁目３６番１３号,１階,中華厨房　らんたな,***,03-3422-0149,3世保生食ほ第2007号,飲食店営業,令和4年3月1日,令和4年3月1日,令和10年2月29日
1894,東京都世田谷区三軒茶屋一丁目３６番１３号,１Ｆ、２Ｆ,鶏ジロー三軒茶屋,株式会社ＪＡＤＥ,3424-4552,2世保生食ほ第1914号,飲食店営業,平成26年12月18日,令和3年1月1日,令和8年12月31日
1895,東京都世田谷区三軒茶屋一丁目３６番１３号,-,はなれ,株式会社ＪＡＤＥ,-,3世保生食ほ第1689号,飲食店営業,令和3年12月1日,令和3年12月1日,令和9年11月30日
1896,東京都世田谷区三軒茶屋一丁目３６番１３号,-,赤うさぎ,***,03-5787-5083,6世保生食ほ第1337号,飲食店営業,令和7年1月1日,令和7年1月1日,令和12年12月31日
1897,東京都世田谷区三軒茶屋一丁目３６番１３号,-,みるまま,***,03-6450-9424,7世保生食ほ第567号,飲食店営業,令和7年8月1日,令和7年8月1日,令和13年7月31日
1898,東京都世田谷区三軒茶屋一丁目３６番１３号,-,ＣＬＡＭＰ,クレイフィクス株式会社,3424-2299,31世保生食ほ第1712号,飲食店営業,令和元年11月21日,令和元年11月21日,令和8年11月30日
1899,東京都世田谷区三軒茶屋一丁目３６番１３号,２Ｆ,ｂａｒ　コスモス,***,-,7世保生食ほ第725号,飲食店営業,令和7年9月1日,令和7年9月1日,令和13年8月31日
1900,東京都世田谷区三軒茶屋一丁目３６番１５号,１階,ぱんやのパングワン,精養堂製菓株式会社,3421-0615,31世保生食ほ第1551号,飲食店営業,令和元年10月31日,令和元年10月31日,令和8年10月31日
1901,東京都世田谷区三軒茶屋一丁目３６番１５号,１階,ぱんやのパングワン,精養堂製菓株式会社,3421-0615,31世保生食ほ第1552号,菓子製造業,令和元年10月31日,令和元年10月31日,令和8年10月31日
1902,東京都世田谷区三軒茶屋一丁目３７番１号,セブンデイズ三軒茶屋Ｎｏ２　１階Ｂ部分,麺屋　藤しろ,株式会社Ｇｒｏｗｔｈ　Ｒｉｎｇ,3410-5580,5世保生食ほ第1072号,飲食店営業,令和5年10月10日,令和5年10月10日,令和12年10月31日
1903,東京都世田谷区三軒茶屋一丁目３７番２号,-,セブンイレブン三軒茶屋玉川通り店,株式会社武,03-3414-0711,3世保生食ほ第554号,飲食店営業,令和3年6月17日,令和3年6月17日,令和10年6月30日
1904,東京都世田谷区三軒茶屋一丁目３７番２号,三茶ビル２階,金沢まいもん寿司　三軒茶屋,株式会社エムアンドケイ,5431-0446,31世保生食ほ第630号,飲食店営業,令和元年7月5日,令和元年7月5日,令和8年7月31日
1905,東京都世田谷区三軒茶屋一丁目３７番２号,三茶栄通りビル１Ｆ,Ｓａｎｉｔｙ,株式会社ヴィカーナ,-,3世保生食ほ第954号,飲食店営業,令和3年8月12日,令和3年8月12日,令和9年8月31日
1906,東京都世田谷区三軒茶屋一丁目３７番３号,第２山本ビル２階,鳥貴族　三軒茶屋店,株式会社鳥貴族東日本,03-5787-5333,31世保生食ほ第260号,飲食店営業,平成24年5月31日,令和元年6月1日,令和8年5月31日
1907,東京都世田谷区三軒茶屋一丁目３７番３号,三軒茶屋山本ビル１Ｆ／Ｂ１Ｆ,星乃珈琲店　三軒茶屋店,日本レストランシステム株式会社,5787-6371,3世保生食ほ第655号,飲食店営業,令和3年7月1日,令和3年7月1日,令和10年6月30日
1908,東京都世田谷区三軒茶屋一丁目３７番３号,グロワール三軒茶屋２Ｆ,がじゅまるの木,***,03-6450-8281,2世保生食ほ第1575号,飲食店営業,平成26年10月17日,令和2年11月1日,令和8年10月31日
1909,東京都世田谷区三軒茶屋一丁目３７番３号,第２山本ビル１・２階,ＰＯＴＥＲＩ　ＢＡＫＥＲＹ　－ＴＯＫＹＯ－,東京フードイノベーション株式会社,-,6世保生食ほ第1084号,飲食店営業,令和6年10月22日,令和6年10月22日,令和12年10月31日
1910,東京都世田谷区三軒茶屋一丁目３７番４号,山本ビル１，２階,ＤＲＡスタンド,株式会社ＤＲＥＡＭ　ＯＮ,-,3世保生食ほ第776号,飲食店営業,令和3年7月7日,令和3年7月7日,令和10年7月31日
1911,東京都世田谷区三軒茶屋一丁目３７番８号,Ｂ１,壱語屋,株式会社壱語屋,3422-7177,2世保生食ほ第57号,飲食店営業,平成20年6月24日,令和2年7月1日,令和8年6月30日
1912,東京都世田谷区三軒茶屋一丁目３７番８号,ワコーレ６４ビル　２Ｆ,Ｋ’ｓ　Ｄｉｎｉｎｇ,***,3487-1610,7世保生食ほ第491号,飲食店営業,令和7年8月1日,令和7年8月1日,令和13年7月31日
1913,東京都世田谷区三軒茶屋一丁目３７番８号,甲文堂ビル１～５Ｆ,カラオケ館　三軒茶屋店,株式会社Ｂ＆Ｖ,03-5779-7611,6世保生食ほ第626号,飲食店営業,令和6年8月1日,令和6年8月1日,令和13年7月31日
1914,東京都世田谷区三軒茶屋一丁目３７番１３号,オアシス三軒茶屋ビル１Ｆ,上島珈琲店,ユーシーシーフードサービスシステムズ株式会社,5433-4505,31世保生食ほ第2790号,飲食店営業,平成20年5月14日,令和2年6月1日,令和8年5月31日
1915,東京都世田谷区三軒茶屋一丁目３７番１３号,-,築地すし好　三軒茶屋店,株式会社築地すし好,5481-5050,2世保生食ほ第2231号,飲食店営業,平成26年2月18日,令和3年3月1日,令和10年2月29日
1916,東京都世田谷区三軒茶屋一丁目３７番１３号,オアシス三軒茶屋ビル２Ｆ,津門菜館,津門株式会社,03-6450-9395,4世保生食ほ第1594号,飲食店営業,令和5年1月19日,令和5年1月19日,令和12年1月31日
1917,東京都世田谷区三軒茶屋一丁目３７番１３号,オアシス三軒茶屋ビル３０１、３０２,ＭＡＩＳＯＮ　ＦＡＲＭＥＲ,三茶ワークカンパニー株式会社,-,6世保生食ほ第635号,飲食店営業,令和6年7月31日,令和6年7月31日,令和12年7月31日
1918,東京都世田谷区三軒茶屋一丁目３７番１３号,オアシス三軒茶屋ビル３０１、３０２,ＭＡＩＳＯＮ　ＦＡＲＭＥＲ,三茶ワークカンパニー株式会社,-,6世保生食ほ第636号,アイスクリーム類製造業,令和6年7月31日,令和6年7月31日,令和12年7月31日
1919,東京都世田谷区三軒茶屋一丁目３７番１４号,ＥＶＥ三軒茶屋２階,ガールズラウンジＪａｎｇｏ,株式会社ＧＯＬＤ　ｓｈｉｐ,5432-9228,2世保生食ほ第2200号,飲食店営業,令和3年2月8日,令和3年2月8日,令和9年2月28日
1920,東京都世田谷区三軒茶屋一丁目３７番１４号,ＥＶＥ三軒茶屋２階,フェリックス,株式会社ＳＴＡＲＴ,03-5432-9228,5世保生食ほ第1575号,飲食店営業,令和6年1月24日,令和6年1月24日,令和12年1月31日
1921,東京都世田谷区三軒茶屋一丁目３７番１４号,ＥＶＥ三軒茶屋３階,ＦＬＯＷ,株式会社ｎｏｔｉｃｅ,-,6世保生食ほ第1448号,飲食店営業,令和7年1月14日,令和7年1月14日,令和14年1月31日
1922,東京都世田谷区三軒茶屋一丁目３８番７号,ワコーレ三軒茶屋１Ｆ・Ｂ１,日高屋　三軒茶屋南口店,株式会社ハイデイ日高,3795-0132,2世保生食ほ第1036号,飲食店営業,平成25年9月20日,令和2年10月1日,令和9年9月30日
1923,東京都世田谷区三軒茶屋一丁目３８番７号,-,ジョリーパスタ三軒茶屋店,株式会社ジョリーパスタ,3487-4179,31世保生食ほ第1126号,飲食店営業,昭和58年9月27日,令和元年10月1日,令和8年9月30日
1924,東京都世田谷区三軒茶屋一丁目３８番７号,ワコーレ三軒茶屋フォーラムＮ＆Ｎ１Ｆ,天丼てんや三軒茶屋店,ロイヤルフードサービス株式会社,03-3419-2995,5世保生食ほ第1228号,飲食店営業,令和6年1月1日,令和6年1月1日,令和12年12月31日
1925,東京都世田谷区三軒茶屋一丁目３８番７号,フォーラムＮ＆ＮＢ１,村さ来　三軒茶屋店,有限会社松良,5481-5728,2世保生食ほ第484号,飲食店営業,令和2年6月23日,令和2年6月23日,令和9年6月30日
1926,東京都世田谷区三軒茶屋一丁目３８番７号,フォーラムＮ＆Ｎ　Ｂ１,とり鉄　三軒茶屋店,株式会社さんぽ道,5779-9410,4世保生食ほ第696号,飲食店営業,令和4年8月4日,令和4年8月4日,令和11年8月31日
1927,東京都世田谷区三軒茶屋一丁目３８番７号,-,村さ来　三軒茶屋店,有限会社ハナハウス,03-5481-5727,4世保生食ほ第1842号,飲食店営業,令和5年3月14日,令和5年3月14日,令和12年3月31日
1928,東京都世田谷区三軒茶屋一丁目３８番８号,ステーションプラザロイヤル２Ｆ,コメダ珈琲　三軒茶屋店,株式会社ヤタ企画,6450-8923,31世保生食ほ第377号,飲食店営業,平成24年6月15日,令和元年7月1日,令和8年6月30日
1929,東京都世田谷区三軒茶屋一丁目３９番７号,-,銀座アスター三軒茶屋賓館,銀座アスター食品株式会社,0334183421,2世保生食ほ第459号,そうざい製造業,令和2年6月18日,令和2年6月18日,令和9年6月30日
1930,東京都世田谷区三軒茶屋一丁目３９番７号,-,銀座アスター三軒茶屋賓館,銀座アスター食品株式会社,0334183421,31世保生食ほ第44号,飲食店営業,平成9年4月17日,令和元年5月1日,令和8年4月30日
1931,東京都世田谷区三軒茶屋一丁目３９番１３号,-,ＲＩＺＯ,***,03-5779-9553,5世保生食ほ第423号,飲食店営業,令和5年6月19日,令和5年6月19日,令和11年6月30日
1932,東京都世田谷区三軒茶屋一丁目３９番１３号,１階,Ｃｈｉｎａｒｉ　ＴＯＫＹＯ,***,-,7世保生食ほ第1593号,飲食店営業,令和8年2月17日,令和8年2月17日,令和15年2月28日
1933,東京都世田谷区三軒茶屋一丁目４０番１号,-,パティスリー　シュシュクリエ　三軒茶屋店,株式会社ポジティブ＆ブレイン,3413-5570,5世保生食ほ第464号,アイスクリーム類製造業,令和5年7月1日,令和5年7月1日,令和11年6月30日
1934,東京都世田谷区三軒茶屋一丁目４０番５号,ルーチェ１０１,玉手羽香,***,03-6450-7508,31世保生食ほ第1860号,飲食店営業,令和元年12月4日,令和元年12月4日,令和8年12月31日
1935,東京都世田谷区三軒茶屋一丁目４０番１０号,-,大衆酒場　スシスミビ,株式会社ｏｕｒｓｅｌｖｅｓ,6805-2255,6世保生食ほ第926号,飲食店営業,令和6年11月1日,令和6年11月1日,令和13年10月31日
1936,東京都世田谷区三軒茶屋一丁目４０番１２号,ＬＡＮＡ三軒茶屋１Ｆ,よいち,株式会社ＬＥＫＫＥＲ,03-6805-3328,6世保生食ほ第983号,飲食店営業,令和6年10月15日,令和6年10月15日,令和13年10月31日
1937,東京都世田谷区三軒茶屋一丁目４０番１４号,太子堂ハイム１０２,ろことんて,株式会社ＴＮＲ,03-6805-2511,2世保生食ほ第255号,飲食店営業,令和2年5月1日,令和2年5月1日,令和8年4月30日
1938,東京都世田谷区三軒茶屋一丁目４１番１１号,-,有限会社　アレックス,有限会社アレックス,3422-0220,5世保生食ほ第693号,飲食店営業,令和5年9月1日,令和5年9月1日,令和11年8月31日
1939,東京都世田谷区三軒茶屋一丁目４１番１１号,-,有限会社　藤枝不動産　飲食事業部（仮）,有限会社　藤枝不動産,03-3424-8001,5世保生食ほ第1259号,飲食店営業,令和5年11月17日,令和5年11月17日,令和11年11月30日
1940,東京都世田谷区三軒茶屋一丁目４１番１２号,鈴木ビル１階,割烹　かさ原,ＧａｆｓＪａｐａｎ株式会社,6450-7125,31世保生食ほ第36号,飲食店営業,平成31年4月17日,平成31年4月17日,令和8年4月30日
1941,東京都世田谷区三軒茶屋一丁目４１番１２号,ファーストビル２Ｆ・３Ｆ・４Ｆ,世田谷ＰＯＴ,株式会社ＰＯＴ,-,5世保生食ほ第687号,飲食店営業,令和5年8月4日,令和5年8月4日,令和11年8月31日
1942,東京都世田谷区三軒茶屋一丁目４１番１２号,ファーストビル１階,大珍厨房,有限会社全,-,6世保生食ほ第310号,飲食店営業,令和6年6月25日,令和6年6月25日,令和13年6月30日
1943,東京都世田谷区三軒茶屋一丁目４１番１３号,-,クラポー,***,3421-9669,5世保生食ほ第189号,飲食店営業,令和5年6月1日,令和5年6月1日,令和11年5月31日
1944,東京都世田谷区三軒茶屋一丁目４１番１４号,猪野ビル２０１,ｂｌｕｓ　ｃａｆｅ,ｂｌｕｓ株式会社,03-6873-9715,4世保生食ほ第1089号,飲食店営業,令和4年11月1日,令和4年11月1日,令和10年10月31日
1945,東京都世田谷区三軒茶屋一丁目４１番１４号,猪野ビル２０１,ｂｌｕｓ　ｃａｆｅ,ｂｌｕｓ株式会社,03-6873-9715,4世保生食ほ第1091号,菓子製造業,令和4年11月1日,令和4年11月1日,令和10年10月31日
1946,東京都世田谷区三軒茶屋一丁目４１番１４号,猪野ビル１階,三軒茶屋　虎徹,株式会社ｎｅｘｕｓ,-,6世保生食ほ第1390号,飲食店営業,令和6年12月23日,令和6年12月23日,令和13年12月31日
1947,東京都世田谷区三軒茶屋二丁目１番１号,-,世田谷郵便局内食堂,***,3424-3619,2世保生食ほ第988号,飲食店営業,平成16年9月30日,令和2年10月1日,令和9年9月30日
1948,東京都世田谷区三軒茶屋二丁目２番１３号,-,ローソン世田谷三軒茶屋二丁目店,***,03-6450-8460,5世保生食ほ第411号,飲食店営業,令和5年6月21日,令和5年6月21日,令和12年6月30日
1949,東京都世田谷区三軒茶屋二丁目３番２０号,-,ベストフーズ株式会社,ベストフーズ株式会社,3424-9671,2世保生食ほ第1270号,食肉処理業,平成2年10月11日,令和2年11月1日,令和8年10月31日
1950,東京都世田谷区三軒茶屋二丁目４番４号,警視庁世田谷警察署５階　職員食堂,（有）談話室パープル,有限会社談話室パープル,03-3410-0506,3世保生食ほ第1508号,飲食店営業,令和3年12月1日,令和3年12月1日,令和10年11月30日
1951,東京都世田谷区三軒茶屋二丁目７番１号,-,Ｆｕｆｕ,有限会社ドン・コーポレーション,03-3421-0055,5世保生食ほ第970号,飲食店営業,令和5年11月1日,令和5年11月1日,令和11年10月31日
1952,東京都世田谷区三軒茶屋二丁目８番９号,１Ｆ,ＴＡＢＥＲＯＹＡ,***,-,5世保生食ほ第609号,飲食店営業,令和5年9月1日,令和5年9月1日,令和11年8月31日
1953,東京都世田谷区三軒茶屋二丁目８番１０号,ルナパーク三軒茶屋１０５号室,焼き鳥　床島,株式会社床島,5486-3318,6世保生食ほ第398号,飲食店営業,令和6年8月1日,令和6年8月1日,令和13年7月31日
1954,東京都世田谷区三軒茶屋二丁目８番１０号,-,ラブルダイニング,合同会社ラブル,03-3410-4602,2世保生食ほ第232号,飲食店営業,令和2年5月1日,令和2年5月1日,令和9年4月30日
1955,東京都世田谷区三軒茶屋二丁目８番１２号,-,有限会社　はたの商店,有限会社はたの商店,3421-6506,5世保生食ほ第969号,菓子製造業,令和5年11月1日,令和5年11月1日,令和11年10月31日
1956,東京都世田谷区三軒茶屋二丁目９番１３号,プラザ三軒茶屋１Ｆ,ＲＩＳＥ（ライズ）,***,3487-2799,7世保生食ほ第144号,飲食店営業,令和7年5月1日,令和7年5月1日,令和13年4月30日
1957,東京都世田谷区三軒茶屋二丁目９番１３号,プラザ三軒茶屋１０１,有限会社大黒屋,有限会社大黒屋,03-3421-5008,4世保生食ほ第793号,菓子製造業,令和4年9月1日,令和4年9月1日,令和10年8月31日
1958,東京都世田谷区三軒茶屋二丁目９番１３号,-,ＭＯＧＵ,株式会社祐貴那,03-6453-2929,31世保生食ほ第2941号,飲食店営業,令和2年4月28日,令和2年4月28日,令和8年4月30日
1959,東京都世田谷区三軒茶屋二丁目９番１３号,-,ＭＯＧＵ,株式会社祐貴那,03-6453-2929,7世保生食ほ第1980号,飲食店営業,令和8年5月1日,令和8年5月1日,令和14年4月30日
1960,東京都世田谷区三軒茶屋二丁目９番１３号,プラザ三軒茶屋１０６,冨多羽,***,3418-1509,2世保生食ほ第1484号,飲食店営業,令和2年10月27日,令和2年10月27日,令和9年10月31日
1961,東京都世田谷区三軒茶屋二丁目９番１５号,エルパレス１０１号,トレッテ,***,3411-5072,2世保生食ほ第1894号,飲食店営業,平成18年12月15日,令和3年1月1日,令和9年12月31日
1962,東京都世田谷区三軒茶屋二丁目９番１５号,ＴＣＫ三軒茶屋ビル１Ｆ,三軒茶屋　ホルモン　玄,***,03-6450-7805,2世保生食ほ第499号,飲食店営業,平成25年4月23日,令和2年5月1日,令和9年4月30日
1963,東京都世田谷区三軒茶屋二丁目９番１５号,ＴＣＫビル２Ｆ,神戸かんてきＨＡＮＡＲＥ,株式会社Ｋ＆Ｃ,03-5787-6948,2世保生食ほ第132号,食肉販売業,令和2年4月16日,令和2年4月16日,令和9年4月30日
1964,東京都世田谷区三軒茶屋二丁目９番１５号,ＴＣＫビル２Ｆ,神戸かんてきＨＡＮＡＲＥ,株式会社Ｋ＆Ｃ,03-5787-6948,2世保生食ほ第2184号,飲食店営業,平成26年2月21日,令和3年3月1日,令和10年2月29日
1965,東京都世田谷区三軒茶屋二丁目９番１５号,ＴＣＫビル２Ｆ,神戸かんてきＨＡＮＡＲＥ,株式会社Ｋ＆Ｃ,03-5787-6948,2世保生食ほ第258号,そうざい製造業,令和2年4月1日,令和2年4月1日,令和9年3月31日
1966,東京都世田谷区三軒茶屋二丁目９番１５号,ＴＣＫ三軒茶屋ビル地下１階,じゃのめん,株式会社えんげるず,5787-6302,5世保生食ほ第621号,飲食店営業,令和5年8月1日,令和5年8月1日,令和12年7月31日
1967,東京都世田谷区三軒茶屋二丁目９番１５号,ＴＣＫビル３階,株式会社三和フーズ　セントラルキッチン,株式会社三和フーズ,03-6453-2908,7世保生食ほ第1448号,食用油脂製造業,令和8年1月7日,令和8年1月7日,令和15年1月31日
1968,東京都世田谷区三軒茶屋二丁目９番１６号,-,鳥丸,***,3410-8951,2世保生食ほ第2289号,飲食店営業,昭和54年1月8日,令和3年3月1日,令和9年2月28日
1969,東京都世田谷区三軒茶屋二丁目９番１６号,鈴木店舗,向日葵の詩,***,03-5432-9043,6世保生食ほ第1431号,飲食店営業,令和7年1月1日,令和7年1月1日,令和12年12月31日
1970,東京都世田谷区三軒茶屋二丁目９番１６号,-,スナック茶夢,***,03-3421-8864,2世保生食ほ第1460号,飲食店営業,昭和59年11月16日,令和2年12月1日,令和8年11月30日
1971,東京都世田谷区三軒茶屋二丁目９番１６号,鈴木店舗２Ｆ,リリカ,***,-,2世保生食ほ第1836号,飲食店営業,平成14年12月20日,令和3年1月1日,令和8年12月31日
1972,東京都世田谷区三軒茶屋二丁目９番１６号,-,青木商店,有限会社ゴトメーラ,3419-8456,7世保生食ほ第802号,飲食店営業,令和7年10月1日,令和7年10月1日,令和13年9月30日
1973,東京都世田谷区三軒茶屋二丁目９番１６号,-,１／ｆのゆらぎ,***,-,31世保生食ほ第2766号,飲食店営業,令和2年3月13日,令和2年3月13日,令和9年3月31日
1974,東京都世田谷区三軒茶屋二丁目９番１６号,２Ｆ,Ｋａｒａｏｋｅ＆Ｄｉｎｎｉｎｇ　Ｂａｒ　　ｆｕｌｉ－ｍｏｏｎ,***,-,2世保生食ほ第1903号,飲食店営業,令和2年12月21日,令和2年12月21日,令和8年12月31日
1975,東京都世田谷区三軒茶屋二丁目９番２０‐１３号,-,Ｈ．Ａ．Ｎ．Ｄ．,株式会社ジャパンミュージックシステム,-,7世保生食ほ第839号,飲食店営業,令和7年9月17日,令和7年9月17日,令和13年9月30日
1976,東京都世田谷区三軒茶屋二丁目９番２４号,田口マンション１Ｆ,ビストロ　ヒラソル,***,5433-1488,2世保生食ほ第2779号,飲食店営業,平成13年4月18日,令和3年5月1日,令和9年4月30日
1977,東京都世田谷区三軒茶屋二丁目９番２４号,ペルル三軒茶屋１階,ＲＵＭＥＬＯ（ルメロ）三軒茶屋イタリアンダイニングバー,株式会社ＦＥＬＩＣＥ,-,7世保生食ほ第1677号,飲食店営業,令和8年3月26日,令和8年3月26日,令和15年3月31日
1978,東京都世田谷区三軒茶屋二丁目１０番１０号,-,三軒茶屋　名西酒蔵　本店,合同会社名西酒蔵,03-5430-1050,2世保生食ほ第2182号,飲食店営業,令和3年1月29日,令和3年1月29日,令和9年1月31日
1979,東京都世田谷区三軒茶屋二丁目１０番１１号,-,オスカー,***,3422-2629,2世保生食ほ第2091号,飲食店営業,昭和47年12月4日,令和3年2月1日,令和9年1月31日
1980,東京都世田谷区三軒茶屋二丁目１０番１２号,-,焼とん　とし,***,-,2世保生食ほ第541号,飲食店営業,平成2年6月7日,令和2年7月1日,令和8年6月30日
1981,東京都世田谷区三軒茶屋二丁目１０番１２号,-,Ｂａｔ　Ｂｏｙ,***,3418-5333,2世保生食ほ第1961号,飲食店営業,平成21年1月19日,令和3年2月1日,令和9年1月31日
1982,東京都世田谷区三軒茶屋二丁目１０番１２号,２Ｆ,パブスナックとっぷ,***,3412-8918,2世保生食ほ第1342号,飲食店営業,昭和56年11月10日,令和2年12月1日,令和8年11月30日
1983,東京都世田谷区三軒茶屋二丁目１０番１２号,-,ブラジリアン食堂　ＢＡＮＣＨＯ　２号店,イイミライ株式会社,3413-0880,2世保生食ほ第1672号,飲食店営業,平成26年11月5日,令和2年12月1日,令和8年11月30日
1984,東京都世田谷区三軒茶屋二丁目１０番１３号,三軒茶屋アールシティビル２Ｆ,カラオケ本舗まねきねこ三軒茶屋店,株式会社コシダカ,6805-3811,4世保生食ほ第1770号,飲食店営業,令和5年4月1日,令和5年4月1日,令和12年3月31日
1985,東京都世田谷区三軒茶屋二丁目１０番１３号,三軒茶屋アールシティビル４階,Ｓａｌｏｎ　ｄｅ　Ｓａｎｇｅｎｊａｙａ,株式会社Ｓａｌｏｎ,6450-8285,2世保生食ほ第569号,飲食店営業,令和2年7月6日,令和2年7月6日,令和8年7月31日
1986,東京都世田谷区三軒茶屋二丁目１０番１４号,昭和ビル１０１,中華そば　瀧井,***,6450-7567,31世保生食ほ第1112号,飲食店営業,平成24年9月11日,令和元年10月1日,令和8年9月30日
1987,東京都世田谷区三軒茶屋二丁目１０番１４号,昭和ビル１０２号,Ｆｉｒｅｎｚｅ　Ｓａｋｅ,Ｆｉｒｅｎｚｅ　Ｓａｋｅ株式会社,03-5432-9654,5世保生食ほ第482号,飲食店営業,令和5年7月1日,令和5年7月1日,令和11年6月30日
1988,東京都世田谷区三軒茶屋二丁目１０番１４号,昭和ビル２階　２０２号室,ｅｌｆ　Ｖｉｌｌａ,有限会社ＧＲＰ,6453-4141,7世保生食ほ第13号,飲食店営業,令和7年5月1日,令和7年5月1日,令和13年4月30日
1989,東京都世田谷区三軒茶屋二丁目１０番１４号,グレスト三軒茶屋　１Ｆ,月島もんじゃ　うまうま　三軒茶屋店,株式会社うまうま,03-6805-3933,5世保生食ほ第614号,飲食店営業,令和5年8月1日,令和5年8月1日,令和12年7月31日
1990,東京都世田谷区三軒茶屋二丁目１０番１４号,昭和ビル地下１階　Ｂ０２,ＢＯＮ　ＢＯＮ,***,-,7世保生食ほ第1039号,飲食店営業,令和7年10月23日,令和7年10月23日,令和13年10月31日
1991,東京都世田谷区三軒茶屋二丁目１０番１６号,-,月山,株式会社和音人,03-6450-8345,3世保生食ほ第317号,飲食店営業,平成27年5月15日,令和3年6月1日,令和9年5月31日
1992,東京都世田谷区三軒茶屋二丁目１０番１６号,ビルデンス三軒茶屋３Ｆ,オランジュ　ヴィラ,株式会社樹,5787-5634,2世保生食ほ第1634号,飲食店営業,令和2年11月13日,令和2年11月13日,令和8年11月30日
1993,東京都世田谷区三軒茶屋二丁目１０番１６号,ビルデンス３Ｆ,ＦｒａｉｓｅⅢ,株式会社アセントライズ,6450-7772,5世保生食ほ第402号,飲食店営業,令和5年6月19日,令和5年6月19日,令和11年6月30日
1994,東京都世田谷区三軒茶屋二丁目１０番２１号,-,Ｖｉｎ　ｅｔ　Ｋａｐｐｏｕ　入佐,***,03-5468-8239,6世保生食ほ第1428号,飲食店営業,令和7年1月6日,令和7年1月6日,令和13年1月31日
1995,東京都世田谷区三軒茶屋二丁目１１番１１号,プレジオ三軒茶屋２Ｆ,ＴＲＡＤ　ＧＲＡＳ　ＣＡＦＥ,株式会社ＨＡＲＥＭＵＮＥ,03-6339-8243,6世保生食ほ第309号,飲食店営業,令和6年6月1日,令和6年6月1日,令和12年5月31日
1996,東京都世田谷区三軒茶屋二丁目１１番１２号,１Ｆ,Ｋｙｏ,***,3411-1292,31世保生食ほ第2829号,飲食店営業,平成20年7月22日,令和2年8月1日,令和8年7月31日
1997,東京都世田谷区三軒茶屋二丁目１１番１２号,-,たんや,***,-,3世保生食ほ第2325号,飲食店営業,令和4年3月24日,令和4年3月24日,令和11年3月31日
1998,東京都世田谷区三軒茶屋二丁目１１番１２号,-,鉄板串焼　一歩,株式会社ＬＥＡＰ,03-6450-8329,5世保生食ほ第1191号,飲食店営業,令和5年10月26日,令和5年10月26日,令和12年10月31日
1999,東京都世田谷区三軒茶屋二丁目１１番１４号,土屋ビル一階,福一,***,3421-7722,31世保生食ほ第1344号,飲食店営業,平成24年10月22日,令和元年11月1日,令和8年10月31日
2000,東京都世田谷区三軒茶屋二丁目１１番１７号,３Ｆ,三菱ＵＦＪ銀行世田谷支店行員食堂,栄養食株式会社,3411-0181,3世保生食ほ第1152号,飲食店営業,令和3年10月1日,令和3年10月1日,令和10年9月30日
2001,東京都世田谷区三軒茶屋二丁目１１番２４号,サンタワーズＡ棟１０３,中国料理　燕来香,株式会社興,5430-3203,3世保生食ほ第1966号,飲食店営業,令和4年3月1日,令和4年3月1日,令和10年2月29日
2002,東京都世田谷区三軒茶屋二丁目１１番２６号,コア第２ビル１Ｆ,ＣＯＲＥ　ｍａｒｌｉｎ　ｃａｆｅ,株式会社アクティブ・ブレインズ・トラスト,-,6世保生食ほ第272号,飲食店営業,令和6年7月1日,令和6年7月1日,令和13年6月30日
2003,東京都世田谷区三軒茶屋二丁目１２番１０号,-,山形県河北町アンテナショップかほくらし,株式会社かほくらし社,03-5779-4055,3世保生食ほ第901号,飲食店営業,令和3年7月28日,令和3年7月28日,令和9年7月31日
2004,東京都世田谷区三軒茶屋二丁目１２番１０号,-,富喜製麺研究所　三軒茶屋店,株式会社ＦＵＫ,-,7世保生食ほ第69号,飲食店営業,令和7年4月10日,令和7年4月10日,令和13年4月30日
2005,東京都世田谷区三軒茶屋二丁目１２番１１号,-,ＡＦＵＲＩ　三軒茶屋,ＡＦＵＲＩ株式会社,3414-3800,2世保生食ほ第2569号,飲食店営業,平成26年3月18日,令和3年4月1日,令和10年3月31日
2006,東京都世田谷区三軒茶屋二丁目１３番４号,２階,ざんげ　ｄｅ　ｎｉｇｈｔ,***,-,5世保生食ほ第1820号,飲食店営業,令和6年4月1日,令和6年4月1日,令和12年3月31日
2007,東京都世田谷区三軒茶屋二丁目１３番４号,-,えくぼ。,株式会社ＤｅＧｅ,03-5787-5905,5世保生食ほ第1561号,飲食店営業,令和6年3月1日,令和6年3月1日,令和12年2月28日
2008,東京都世田谷区三軒茶屋二丁目１３番５号,１Ｆ,ふれあいの店　和,***,5481-6729,6世保生食ほ第1112号,飲食店営業,令和6年12月1日,令和6年12月1日,令和12年11月30日
2009,東京都世田谷区三軒茶屋二丁目１３番５号,フラット　１階左側,ＢＡＲ“Ｈａｄ　Ａ　Ｇｏｏｄ　Ｄａｙ”,***,-,3世保生食ほ第366号,飲食店営業,令和3年5月14日,令和3年5月14日,令和9年5月31日
2010,東京都世田谷区三軒茶屋二丁目１３番６号,-,ＶＩＰ．,***,03-3422-9920,31世保生食ほ第2537号,飲食店営業,平成14年5月1日,令和2年5月1日,令和8年4月30日
2011,東京都世田谷区三軒茶屋二丁目１３番６号,-,ＶＩＰ．,***,03-3422-9920,7世保生食ほ第1917号,飲食店営業,令和8年5月1日,令和8年5月1日,令和14年4月30日
2012,東京都世田谷区三軒茶屋二丁目１３番６号,２Ｆ,和風スナック　美知,***,-,3世保生食ほ第299号,飲食店営業,平成3年6月1日,令和3年6月1日,令和9年5月31日
2013,東京都世田谷区三軒茶屋二丁目１３番６号,２Ｆ,ジョイ,***,3418-1043,2世保生食ほ第2822号,飲食店営業,平成9年4月23日,令和3年5月1日,令和9年4月30日
2014,東京都世田谷区三軒茶屋二丁目１３番７号,-,スナック　金太郎,***,5430-1220,2世保生食ほ第1064号,飲食店営業,平成14年9月2日,令和2年10月1日,令和8年9月30日
2015,東京都世田谷区三軒茶屋二丁目１３番７号,２階,五天山,***,-,5世保生食ほ第1632号,飲食店営業,令和6年3月1日,令和6年3月1日,令和12年2月28日
2016,東京都世田谷区三軒茶屋二丁目１３番７号,２Ｆ,スナック　デイジー,***,03-3410-7277,2世保生食ほ第2839号,飲食店営業,平成9年4月15日,令和3年5月1日,令和9年4月30日
2017,東京都世田谷区三軒茶屋二丁目１３番７号,-,みどり,***,03-5432-9220,4世保生食ほ第281号,飲食店営業,令和4年7月1日,令和4年7月1日,令和10年6月30日
2018,東京都世田谷区三軒茶屋二丁目１３番７号,-,ＳＵＬＡ,***,-,2世保生食ほ第1267号,飲食店営業,令和2年10月1日,令和2年10月1日,令和8年9月30日
2019,東京都世田谷区三軒茶屋二丁目１３番９号,１階,居酒屋　まさ,***,3410-8916,5世保生食ほ第1470号,飲食店営業,令和6年2月1日,令和6年2月1日,令和12年1月31日
2020,東京都世田谷区三軒茶屋二丁目１３番９号,-,焼肉天楽,***,3410-7947,4世保生食ほ第820号,飲食店営業,令和4年10月1日,令和4年10月1日,令和10年9月30日
2021,東京都世田谷区三軒茶屋二丁目１３番９号,ゆうらく通り,ＰｅＰｅ,***,6450-8492,6世保生食ほ第608号,飲食店営業,令和6年9月1日,令和6年9月1日,令和12年8月31日
2022,東京都世田谷区三軒茶屋二丁目１３番９号,-,ｅｌｆ,有限会社ＧＲＰ,3411-5656,7世保生食ほ第406号,飲食店営業,令和7年7月1日,令和7年7月1日,令和13年6月30日
2023,東京都世田谷区三軒茶屋二丁目１３番９号,-,ブラジリアン食堂　ＢＡＮＣＨＯ,イイミライ株式会社,03-3413-0880,2世保生食ほ第520号,飲食店営業,令和2年7月13日,令和2年7月13日,令和8年7月31日
2024,東京都世田谷区三軒茶屋二丁目１３番９号,宮下店舗２号１階,立ち飲みホルモン　ひだまり,ＹＯＵ－ＭＥ株式会社,-,6世保生食ほ第1791号,飲食店営業,令和7年3月31日,令和7年3月31日,令和13年3月31日
2025,東京都世田谷区三軒茶屋二丁目１３番９号,-,おつまみ大帝　,***,03-3418-4711,7世保生食ほ第265号,飲食店営業,令和7年6月4日,令和7年6月4日,令和13年6月30日
2026,東京都世田谷区三軒茶屋二丁目１３番１０号,-,たれ焼肉　金肉屋　三軒茶屋本店,株式会社うる虎ダイニング,03-3795-0089,3世保生食ほ第1856号,飲食店営業,令和4年2月1日,令和4年2月1日,令和10年1月31日
2027,東京都世田谷区三軒茶屋二丁目１３番１０号,-,全盛,***,3421-5240,3世保生食ほ第4号,飲食店営業,平成21年4月13日,令和3年5月1日,令和9年4月30日
2028,東京都世田谷区三軒茶屋二丁目１３番１０号,-,Ｃ´ｅｓｔ　ｌａ　Ｖｉｅ　（セラヴィ）,***,3421-5240,7世保生食ほ第1814号,飲食店営業,令和8年4月1日,令和8年4月1日,令和14年3月31日
2029,東京都世田谷区三軒茶屋二丁目１３番１０号,田辺店舗,空とミルク,***,3424-4720,3世保生食ほ第685号,飲食店営業,令和3年8月1日,令和3年8月1日,令和9年7月31日
2030,東京都世田谷区三軒茶屋二丁目１３番１０号,-,福わらい,***,5779-8042,3世保生食ほ第873号,飲食店営業,令和3年9月1日,令和3年9月1日,令和9年8月31日
2031,東京都世田谷区三軒茶屋二丁目１３番１０号,１，２Ｆ,ＧＹＯＺＡ　ＳＨＡＣＫ,株式会社和音人,03-6805-4665,3世保生食ほ第1742号,飲食店営業,令和4年1月1日,令和4年1月1日,令和9年12月31日
2032,東京都世田谷区三軒茶屋二丁目１３番１０号,エコー仲見世内,クジラ荘,***,-,5世保生食ほ第564号,飲食店営業,令和5年8月1日,令和5年8月1日,令和11年7月31日
2033,東京都世田谷区三軒茶屋二丁目１３番１０号,-,Ｘａｎａｄｕ,株式会社Ｎａｒｃｉｓｓｉｓｔ,5432-9333,2世保生食ほ第219号,飲食店営業,令和2年5月8日,令和2年5月8日,令和8年5月31日
2034,東京都世田谷区三軒茶屋二丁目１３番１０号,-,霧の中の風景,株式会社ＩＹＡＳＨＩＲＯＣＨＩ,-,2世保生食ほ第1608号,飲食店営業,令和2年12月3日,令和2年12月3日,令和8年12月31日
2035,東京都世田谷区三軒茶屋二丁目１３番１０号,-,いざかや　ほしぐみ,株式会社ほしぐみ,3487-9840,3世保生食ほ第658号,飲食店営業,令和3年6月24日,令和3年6月24日,令和9年6月30日
2036,東京都世田谷区三軒茶屋二丁目１３番１０号,-,Ｎファクトリー,有限会社Ｎファクトリー,03-3419-8713,7世保生食ほ第1154号,菓子製造業,令和7年11月12日,令和7年11月12日,令和13年11月30日
2037,東京都世田谷区三軒茶屋二丁目１３番１１号,-,いきなり　ステーキ　三軒茶屋店,株式会社ペッパーフードサービス,6453-2129,4世保生食ほ第442号,飲食店営業,令和4年7月1日,令和4年7月1日,令和11年6月30日
2038,東京都世田谷区三軒茶屋二丁目１３番１１号,大森屋ビル１Ｆ,大塚家,株式会社ＡＤＵＬＴＥ,5431-3335,2世保生食ほ第539号,飲食店営業,令和2年7月7日,令和2年7月7日,令和8年7月31日
2039,東京都世田谷区三軒茶屋二丁目１３番１３号,-,三茶　Ｔｈｒｏｎｅ　ｃｈａ,伯楽株式会社,03-6453-4767,5世保生食ほ第287号,飲食店営業,令和5年6月9日,令和5年6月9日,令和11年6月30日
2040,東京都世田谷区三軒茶屋二丁目１３番１４号,３Ｆ,ビッグエコー　三軒茶屋駅前店,株式会社第一興商,5712-3252,31世保生食ほ第397号,飲食店営業,平成16年6月8日,令和元年7月1日,令和8年6月30日
2041,東京都世田谷区三軒茶屋二丁目１３番１６号,-,ＢＡＲ　ＣＲＥＳＣＥＮＴ,***,-,7世保生食ほ第1916号,飲食店営業,令和8年4月1日,令和8年4月1日,令和14年3月31日
2042,東京都世田谷区三軒茶屋二丁目１３番１７号,-,花菱,花菱株式会社,3414-8851,3世保生食ほ第2160号,飲食店営業,令和4年4月1日,令和4年4月1日,令和10年3月31日
2043,東京都世田谷区三軒茶屋二丁目１３番１７号,-,エビス参　仲見世店,株式会社あさくま,3487-4629,2世保生食ほ第1353号,飲食店営業,平成25年10月28日,令和2年11月1日,令和9年10月31日
2044,東京都世田谷区三軒茶屋二丁目１３番１７号,-,香港バル２１３,有限会社ナテア,03-6805-3923,5世保生食ほ第1633号,飲食店営業,令和6年2月9日,令和6年2月9日,令和12年2月28日
2045,東京都世田谷区三軒茶屋二丁目１３番１７号,-,サーティワンアイスクリーム三軒茶屋,株式会社トクラ,03-6775-7517,4世保生食ほ第1275号,飲食店営業,令和4年11月4日,令和4年11月4日,令和10年11月30日
2046,東京都世田谷区三軒茶屋二丁目１３番１８号,-,サニー,株式会社ＤｅＧｅ,3410-9632,2世保生食ほ第269号,飲食店営業,令和2年5月20日,令和2年5月20日,令和8年5月31日
2047,東京都世田谷区三軒茶屋二丁目１３番１９号,-,兆治,***,3421-1168,4世保生食ほ第25号,飲食店営業,令和4年4月27日,令和4年4月27日,令和10年4月30日
2048,東京都世田谷区三軒茶屋二丁目１３番１９号,-,ラムジンギスカン羊々,***,3421-1127,4世保生食ほ第1165号,飲食店営業,令和4年12月1日,令和4年12月1日,令和10年11月30日
2049,東京都世田谷区三軒茶屋二丁目１３番１９号,２Ｇ棟,ＦＬＡＴ　ＢＡＲ,株式会社ＣＯＬＯＲＳ,3795-2393,5世保生食ほ第239号,飲食店営業,令和5年7月1日,令和5年7月1日,令和11年6月30日
2050,東京都世田谷区三軒茶屋二丁目１３番１９号,-,神戸焼肉　かんてき　三軒茶屋店,株式会社Ｋ＆Ｃ,03-3410-1129,7世保生食ほ第1587号,飲食店営業,令和8年3月1日,令和8年3月1日,令和14年2月29日
2051,東京都世田谷区三軒茶屋二丁目１３番１９号,-,オモウツボ,株式会社エヌイーエス,6453-2774,31世保生食ほ第1050号,飲食店営業,令和元年9月3日,令和元年9月3日,令和8年9月30日
2052,東京都世田谷区三軒茶屋二丁目１３番１９号,-,町田商店　三軒茶屋店,株式会社ギフト,03-5787-5023,5世保生食ほ第947号,飲食店営業,令和5年10月11日,令和5年10月11日,令和12年10月31日
2053,東京都世田谷区三軒茶屋二丁目１３番２１号,グランドメゾン三軒茶屋Ｂ１０１号室,ガスト　三軒茶屋店,株式会社すかいらーくレストランツ,03-5779-6445,31世保生食ほ第62号,飲食店営業,平成23年4月26日,令和元年5月1日,令和9年4月30日
2054,東京都世田谷区三軒茶屋二丁目１３番２２号,１、２Ｆ,万豚記,際コーポレーション株式会社,3487-4551,2世保生食ほ第1596号,飲食店営業,平成13年11月22日,令和2年12月1日,令和8年11月30日
2055,東京都世田谷区三軒茶屋二丁目１３番２２号,-,ＳＡＲＩＲＡＨ　ｃａｎｄｙ　ｓｔｏｒｅ（サリーラ　キャンディ　ストア）,有限会社ワッツ,03-6805-2888,5世保生食ほ第1018号,飲食店営業,令和5年10月1日,令和5年10月1日,令和11年9月30日
2056,東京都世田谷区三軒茶屋二丁目１３番２２号,-,陳麻家,有限会社東京酒樓,03-3411-7878,5世保生食ほ第1309号,飲食店営業,令和5年12月4日,令和5年12月4日,令和11年12月31日
2057,東京都世田谷区三軒茶屋二丁目１４番１号,Ｓａｎｃｈａ　Ｄｉｎｉｎｇ　Ｆビル３階,Ｄａｒｔｓ　Ｃａｆｅ　ＵＮＯ三軒茶屋,***,6413-8224,2世保生食ほ第1363号,飲食店営業,令和2年10月27日,令和2年10月27日,令和9年10月31日
2058,東京都世田谷区三軒茶屋二丁目１４番１号,三軒茶屋ダイニングビル　１Ｆ,韓国料理　ナッチャン,株式会社ダイニングイノベーション,-,5世保生食ほ第628号,飲食店営業,令和5年9月13日,令和5年9月13日,令和12年9月30日
2059,東京都世田谷区三軒茶屋二丁目１４番１号,三茶ダイニングビル１階,焼肉ジンギスカンこてつ,株式会社ダイニングイノベーション,-,5世保生食ほ第710号,飲食店営業,令和5年8月23日,令和5年8月23日,令和12年8月31日
2060,東京都世田谷区三軒茶屋二丁目１４番３号,２階,日和,株式会社和音人,03-6804-0634,2世保生食ほ第1817号,飲食店営業,令和2年12月15日,令和2年12月15日,令和8年12月31日
2061,東京都世田谷区三軒茶屋二丁目１４番３号,１階,ＬＯＵＮＧＥ　Ｅｔｏｉｌｅ　Ⅲ,合同会社ＹＭＴ,-,4世保生食ほ第359号,飲食店営業,令和4年6月7日,令和4年6月7日,令和10年6月30日
2062,東京都世田谷区三軒茶屋二丁目１４番５号,ＹＳ中央ビル　１階,ブッチャーズ　八百八　三軒茶屋店,株式会社聚楽,03-5432-9862,5世保生食ほ第78号,飲食店営業,令和5年5月1日,令和5年5月1日,令和12年4月30日
2063,東京都世田谷区三軒茶屋二丁目１４番５号,ＹＳビル　１階,やきとり家すみれ三軒茶屋店,株式会社聚楽,5431-3929,5世保生食ほ第77号,飲食店営業,令和5年5月1日,令和5年5月1日,令和12年4月30日
2064,東京都世田谷区三軒茶屋二丁目１４番５号,２階,ヒットパレードベスト１０三軒茶屋,フジエンタープライズ株式会社,6453-1987,5世保生食ほ第719号,飲食店営業,令和5年9月1日,令和5年9月1日,令和12年8月31日
2065,東京都世田谷区三軒茶屋二丁目１４番５号,１階・２階,黒豚あじと三軒茶屋店,合同会社リック,5779-0848,2世保生食ほ第500号,飲食店営業,令和2年6月23日,令和2年6月23日,令和9年6月30日
2066,東京都世田谷区三軒茶屋二丁目１４番１０号,-,居酒屋　くまちゃん,有限会社宏幸,3412-8910,4世保生食ほ第1083号,飲食店営業,令和4年11月1日,令和4年11月1日,令和10年10月31日
2067,東京都世田谷区三軒茶屋二丁目１４番１０号,-,三軒茶屋串揚げ流,***,03-6450-7336,2世保生食ほ第1651号,飲食店営業,令和2年11月20日,令和2年11月20日,令和9年11月30日
2068,東京都世田谷区三軒茶屋二丁目１４番１２号,三元ビル７０３,ｔｕａｋ　ｊａｍ,***,-,7世保生食ほ第284号,飲食店営業,令和7年7月1日,令和7年7月1日,令和13年6月30日
2069,東京都世田谷区三軒茶屋二丁目１４番１２号,三元ビル６Ｆ,バー・ヌード,***,-,5世保生食ほ第1799号,飲食店営業,令和6年3月1日,令和6年3月1日,令和12年2月28日
2070,東京都世田谷区三軒茶屋二丁目１４番１２号,三元ビル３０２,Ｐｌａｙｅｒ’ｓ　ＢＡＲ　Ｐｏｉｎｔｂｒｅａｋ,***,03-5787-5497,31世保生食ほ第2792号,飲食店営業,平成26年5月22日,令和2年6月1日,令和8年5月31日
2071,東京都世田谷区三軒茶屋二丁目１４番１２号,三元ビル４０２,Ｒｉｖｅｒ,株式会社ＬＵＣＫ　,6804-0178,2世保生食ほ第2115号,飲食店営業,平成27年1月22日,令和3年2月1日,令和9年1月31日
2072,東京都世田谷区三軒茶屋二丁目１４番１２号,三元ビル５Ｆ,３２０１６,***,-,6世保生食ほ第318号,飲食店営業,令和6年6月1日,令和6年6月1日,令和12年5月31日
2073,東京都世田谷区三軒茶屋二丁目１４番１２号,三元ビル３０１,ＢＡＲ　１９１９　ＳＴＡＮＤ　三軒茶屋,合同会社コムステイタス,6805-4256,2世保生食ほ第761号,飲食店営業,令和2年8月7日,令和2年8月7日,令和8年8月31日
2074,東京都世田谷区三軒茶屋二丁目１４番１２号,三元ビル７階,ｂａｒ　ｌｏｕｎｇｅ　ＴＲＥＡＳＵＲＥ　ＰＬＡＮＥＴ　（トレジャープラネット）,***,03-6805-2555,2世保生食ほ第2784号,飲食店営業,令和3年3月25日,令和3年3月25日,令和9年3月31日
2075,東京都世田谷区三軒茶屋二丁目１４番１２号,三元ビル　５階,ＨａｖＥｎ,株式会社ＬＩＢＥＲＴＹ,-,4世保生食ほ第1771号,飲食店営業,令和5年3月1日,令和5年3月1日,令和11年2月28日
2076,東京都世田谷区三軒茶屋二丁目１４番１２号,三元ビル１階,ｃｌｕｂ　ＥＰＩＳＯＤＥ,合同会社Ｒ,-,7世保生食ほ第114号,飲食店営業,令和7年5月7日,令和7年5月7日,令和14年5月31日
2077,東京都世田谷区三軒茶屋二丁目１４番１２号,三元ビル地下１階,ｓｅｘｙ　ｃｌｕｂ　Ｐｒｅｍｉｅｒ,合同会社ＭＫ,-,7世保生食ほ第115号,飲食店営業,令和7年5月7日,令和7年5月7日,令和14年5月31日
2078,東京都世田谷区三軒茶屋二丁目１４番１３号,-,ドトールコーヒーショップ三軒茶屋２丁目店,有限会社田淵珈琲店,3795-4194,6世保生食ほ第1252号,飲食店営業,令和7年1月1日,令和7年1月1日,令和12年12月31日
2079,東京都世田谷区三軒茶屋二丁目１４番１３号,-,肉汁餃子のダンダダン　三軒茶屋店,株式会社ダンダダン,03-3418-0951,4世保生食ほ第1544号,飲食店営業,令和5年1月24日,令和5年1月24日,令和11年1月31日
2080,東京都世田谷区三軒茶屋二丁目１４番１３号,三軒茶屋ビル,くりこ庵,株式会社くりこ,03-6805-3975,6世保生食ほ第1702号,飲食店営業,令和7年3月13日,令和7年3月13日,令和13年3月31日
2081,東京都世田谷区三軒茶屋二丁目１４番１６号,２Ｆ,中川家,株式会社国影,5779-9115,6世保生食ほ第280号,飲食店営業,令和6年7月1日,令和6年7月1日,令和12年6月30日
2082,東京都世田谷区三軒茶屋二丁目１４番１７号,高橋ビル１Ｆ,もつ焼き　勝利,株式会社ＡＳＲ,03-5787-8133,2世保生食ほ第2727号,飲食店営業,令和3年3月19日,令和3年3月19日,令和9年3月31日
2083,東京都世田谷区三軒茶屋二丁目１４番１７号,高橋ビル２０１,ＲｙｕｋｙｕＳｔａｎｄ　ｗａｒａｂａｒ,株式会社ｗａｒａｂａｒ,-,4世保生食ほ第318号,飲食店営業,令和4年5月27日,令和4年5月27日,令和10年5月31日
2084,東京都世田谷区三軒茶屋二丁目１４番１９号,ジオステージ三軒茶屋１Ｆ,ニエバナ　はなれ,***,3419-4211,7世保生食ほ第1034号,飲食店営業,令和7年12月1日,令和7年12月1日,令和14年11月30日
2085,東京都世田谷区三軒茶屋二丁目１４番１９号,-,Ｈｉｋｉｎｉｋｕ　ルパン,株式会社和音人,03-6450-9494,2世保生食ほ第1732号,飲食店営業,令和2年11月27日,令和2年11月27日,令和9年11月30日
2086,東京都世田谷区三軒茶屋二丁目１４番２０号,-,虎龍,***,03-3419-5322,5世保生食ほ第1508号,飲食店営業,令和6年1月17日,令和6年1月17日,令和13年1月31日
2087,東京都世田谷区三軒茶屋二丁目１４番２１号,-,たこはる,株式会社祐貴那,03-5432-0876,3世保生食ほ第2381号,飲食店営業,令和4年4月27日,令和4年4月27日,令和10年4月30日
2088,東京都世田谷区三軒茶屋二丁目１４番２１号,-,氣ウラ,エイジア・キッチン株式会社,5779-3338,2世保生食ほ第2653号,飲食店営業,平成15年3月18日,令和3年4月1日,令和9年3月31日
2089,東京都世田谷区三軒茶屋二丁目１４番２１号,-,ニューマリーナ,***,3410-6988,7世保生食ほ第1706号,飲食店営業,令和8年4月1日,令和8年4月1日,令和14年3月31日
2090,東京都世田谷区三軒茶屋二丁目１４番２１号,-,ｉｎｇ　ＳＡＮＧＥＮＪＡＹＡ,株式会社Ｆｏｒｗａｒｄ　Ｂａｓｅ,03-6450-9630,2世保生食ほ第1381号,飲食店営業,令和2年10月27日,令和2年10月27日,令和8年10月31日
2091,東京都世田谷区三軒茶屋二丁目１４番２１号,２階,ＦＲＩＥＮＤＳ,***,03-5787-5767,2世保生食ほ第1438号,飲食店営業,令和2年10月27日,令和2年10月27日,令和8年10月31日
2092,東京都世田谷区三軒茶屋二丁目１４番２１号,１階左側,三角醉,株式会社サンイチゴ,03-5431-0230,2世保生食ほ第2757号,飲食店営業,令和3年3月25日,令和3年3月25日,令和9年3月31日
2093,東京都世田谷区三軒茶屋二丁目１４番２２号,池田屋２Ｆ,ｒａｉｎ　ｏｎ　ｔｈｅ　ｒｏｏｆ,株式会社リノベーションプランニング,3487-8811,6世保生食ほ第1152号,飲食店営業,令和6年12月1日,令和6年12月1日,令和12年11月30日
2094,東京都世田谷区三軒茶屋二丁目１４番２２号,池田屋２Ｆ,ｒａｉｎ　ｏｎ　ｔｈｅ　ｒｏｏｆ,株式会社リノベーションプランニング,3487-8811,6世保生食ほ第1153号,菓子製造業,令和6年12月1日,令和6年12月1日,令和12年11月30日
2095,東京都世田谷区三軒茶屋二丁目１４番２２号,ＴＫビル２Ｆ,ＢＡＲ　３１５,株式会社サンイチゴ,03-3413-1405,2世保生食ほ第870号,飲食店営業,令和2年12月16日,令和2年12月16日,令和8年12月31日
2096,東京都世田谷区三軒茶屋二丁目１４番２２号,-,ｐｏｏｌｓｉｄｅ,ｐｏｏｌｓｉｄｅ合同会社,-,2世保生食ほ第1096号,飲食店営業,令和2年9月10日,令和2年9月10日,令和8年9月30日
2097,東京都世田谷区三軒茶屋二丁目１４番２２号,池田屋　１Ｆ　Ｂ号室,Ｎｕｐｐｉ,株式会社リノベーションプランニング,-,6世保生食ほ第1776号,飲食店営業,令和7年3月6日,令和7年3月6日,令和13年3月31日
2098,東京都世田谷区三軒茶屋二丁目１５番３号,-,銘酒居酒屋　赤鬼,有限会社赤鬼,3410-9918,2世保生食ほ第1612号,飲食店営業,平成4年11月5日,令和2年12月1日,令和8年11月30日
2099,東京都世田谷区三軒茶屋二丁目１５番３号,寺尾ビル２Ｆ,ＭＯＯＮ　ＦＡＣＴＯＲＹ　ＣＯＦＦＥＥ,***,3487-4192,5世保生食ほ第702号,飲食店営業,令和5年9月1日,令和5年9月1日,令和11年8月31日
2100,東京都世田谷区三軒茶屋二丁目１５番３号,寺尾ビル１階　１０４,炉端　きばらし,***,6453-1939,2世保生食ほ第228号,魚介類販売業,令和2年4月28日,令和2年4月28日,令和8年4月30日
2101,東京都世田谷区三軒茶屋二丁目１５番３号,寺尾ビル１階　１０４,炉端　きばらし,***,6453-1939,3世保生食ほ第307号,飲食店営業,平成27年5月12日,令和3年6月1日,令和9年5月31日
2102,東京都世田谷区三軒茶屋二丁目１５番３号,寺尾ビル１Ｆ,なかみち　名西酒蔵,合同会社名西酒蔵,03-5430-1050,2世保生食ほ第2181号,飲食店営業,令和3年1月29日,令和3年1月29日,令和9年1月31日
2103,東京都世田谷区三軒茶屋二丁目１５番５号,プラスキューブ三軒茶屋Ａ棟１Ｆ,ｏｒａｎｇｅｒ,株式会社樹,-,6世保生食ほ第180号,飲食店営業,令和6年5月1日,令和6年5月1日,令和12年4月30日
2104,東京都世田谷区三軒茶屋二丁目１５番５号,プラスキューブ三軒茶屋Ａ棟２Ｆ,ＴＯＫＹＯ　１ＬＢＫ　ＣＬＵＢ,株式会社サワコーポレーションジャパン,03-6450-8100,6世保生食ほ第850号,飲食店営業,令和6年9月10日,令和6年9月10日,令和12年9月30日
2105,東京都世田谷区三軒茶屋二丁目１５番６号,プラスキューブ三軒茶屋Ｂ棟１Ｆ,馬ちゃ,株式会社ＶＩＰ,-,2世保生食ほ第1393号,飲食店営業,令和2年10月22日,令和2年10月22日,令和9年10月31日
2106,東京都世田谷区三軒茶屋二丁目１５番６号,プラスキューブ三軒茶屋Ｂ棟,ＫＡＲＡＯＫＥ＆ＢＡＲ　１９１９　三軒茶屋,合同会社コムステイタス,6453-4966,2世保生食ほ第2069号,飲食店営業,令和3年1月14日,令和3年1月14日,令和9年1月31日
2107,東京都世田谷区三軒茶屋二丁目１５番６号,プラスキューブ三軒茶屋Ｂ棟１Ｆ,馬ちゃ　三軒茶屋,株式会社エヌイーエス,03-5432-9829,5世保生食ほ第1864号,飲食店営業,令和6年3月26日,令和6年3月26日,令和13年3月31日
2108,東京都世田谷区三軒茶屋二丁目１５番１４号,２Ｆ,ピアノラウンジ　アンクル　ケン,***,03-3418-6355,7世保生食ほ第838号,飲食店営業,令和7年10月1日,令和7年10月1日,令和14年9月30日
2109,東京都世田谷区三軒茶屋二丁目１５番１４号,ＡＢＣビル１０１,優駿,***,-,3世保生食ほ第1822号,飲食店営業,令和4年1月1日,令和4年1月1日,令和9年12月31日
2110,東京都世田谷区三軒茶屋二丁目１５番１４号,ＡＢＣビル１Ｆ　１０２,つぼくら,***,5486-2907,2世保生食ほ第1711号,飲食店営業,平成25年12月10日,令和3年1月1日,令和9年12月31日
2111,東京都世田谷区三軒茶屋二丁目１５番１４号,ＡＢＣビル１０６号,串カツ田中　三軒茶屋,株式会社串カツ田中,5432-9418,6世保生食ほ第1854号,飲食店営業,令和7年3月18日,令和7年3月18日,令和14年3月31日
2112,東京都世田谷区三軒茶屋二丁目１５番１４号,ＡＢＣビル１階　１０９,和食　ごしき,株式会社けむり,3795-5300,31世保生食ほ第2991号,飲食店営業,平成26年5月29日,令和2年6月1日,令和8年5月31日
2113,東京都世田谷区三軒茶屋二丁目１５番１４号,ＡＢＣビル１０５号,ＰＩＺＺＡ＆ＷＩＮＥ　ＲＩＫＩ－Ａ,株式会社ｓｐｉｃｅＭｉｘ,5432-9948,4世保生食ほ第1472号,飲食店営業,令和5年1月1日,令和5年1月1日,令和10年12月31日
2114,東京都世田谷区三軒茶屋二丁目１５番１４号,ＡＢＣビル１Ｆ,鮨　かんてら,株式会社けむり,5779-3938,7世保生食ほ第1360号,飲食店営業,令和8年1月1日,令和8年1月1日,令和14年12月31日
2115,東京都世田谷区三軒茶屋二丁目１５番１５号,-,仙太本店,***,3422-2649,2世保生食ほ第2213号,飲食店営業,平成15年1月9日,令和3年2月1日,令和9年1月31日
2116,東京都世田谷区三軒茶屋二丁目１５番１５号,-,長崎,***,3422-4839,3世保生食ほ第1604号,飲食店営業,令和4年1月1日,令和4年1月1日,令和9年12月31日
2117,東京都世田谷区三軒茶屋二丁目１５番１５号,２Ｆ,イコイコ,株式会社ワンフェニックス,6324-6766,2世保生食ほ第108号,飲食店営業,平成26年7月16日,令和2年8月1日,令和8年7月31日
2118,東京都世田谷区三軒茶屋二丁目１５番１５号,２Ｆ,焼き鳥処　タナカたなか,合同会社ＴＲＵＮＫ　ＯＵＴ,03-6804-0707,6世保生食ほ第783号,飲食店営業,令和6年8月29日,令和6年8月29日,令和12年8月31日
2119,東京都世田谷区三軒茶屋二丁目１６番６号,-,らーめん　ラブル,合同会社ラブル,3414-8452,2世保生食ほ第231号,飲食店営業,令和2年5月1日,令和2年5月1日,令和8年4月30日
2120,東京都世田谷区三軒茶屋二丁目１６番１２号,志村ビル２Ｆ,ル　マン,棟源株式会社,3795-7745,7世保生食ほ第255号,飲食店営業,令和7年7月1日,令和7年7月1日,令和14年6月30日
2121,東京都世田谷区三軒茶屋二丁目１６番１２号,ウエマツビル２４－３階,ＢＵＧ,有限会社ハマタツ,-,6世保生食ほ第470号,飲食店営業,令和6年7月11日,令和6年7月11日,令和12年7月31日
2122,東京都世田谷区三軒茶屋二丁目１６番１２号,２Ｆ,一軒茶屋きんざざ,合同会社Ｓｐｕｔｎｉｋ,-,6世保生食ほ第962号,飲食店営業,令和6年10月7日,令和6年10月7日,令和13年10月31日
2123,東京都世田谷区三軒茶屋二丁目１６番１２号,志村ビル１階,大阪焼肉ごりちゃん,株式会社ＯＮＥＲＩＳＥ,03-6453-4049,6世保生食ほ第1200号,飲食店営業,令和6年12月3日,令和6年12月3日,令和13年12月31日
2124,東京都世田谷区三軒茶屋二丁目１６番１２号,志村ビル１階,大阪焼肉ごりちゃん,株式会社ＯＮＥＲＩＳＥ,03-6453-4049,6世保生食ほ第1265号,食肉販売業,令和6年12月3日,令和6年12月3日,令和13年12月31日
2125,東京都世田谷区三軒茶屋二丁目１６番１２号,志村ビル４階,Ｂａｒ　Ｗｉｐｅｏｕｔ,***,-,7世保生食ほ第1387号,飲食店営業,令和7年12月26日,令和7年12月26日,令和13年12月31日
2126,東京都世田谷区三軒茶屋二丁目１７番７号,ＲＢＭ三軒茶屋レジデンス１Ｆ,ＳＡＮ　ＣＨＡＯ,株式会社ＮＯＲＲＹ’Ｓ,03-6805-5126,7世保生食ほ第418号,飲食店営業,令和7年7月2日,令和7年7月2日,令和14年7月31日
2127,東京都世田谷区三軒茶屋二丁目１７番９号,ライオンズマンション三軒茶屋第５　１０１,キッチンオリジン　三軒茶屋２丁目店,オリジン東秀株式会社,03-5779-6271,5世保生食ほ第271号,飲食店営業,令和5年7月1日,令和5年7月1日,令和12年6月30日
2128,東京都世田谷区三軒茶屋二丁目１７番１１号,１０２,濱田家,有限会社濱田家,5779-3884,5世保生食ほ第1807号,飲食店営業,令和6年4月1日,令和6年4月1日,令和13年3月31日
2129,東京都世田谷区三軒茶屋二丁目１７番１１号,１０２,濱田家,有限会社濱田家,5779-3884,5世保生食ほ第1808号,菓子製造業,令和6年4月1日,令和6年4月1日,令和13年3月31日
2130,東京都世田谷区三軒茶屋二丁目１７番１２号,コーポ三軒茶屋１階,ＳＴＥＡＫ　ＨＯＵＳＥ　ＢＵＦＦＡＬＯ　ＨＵＮＴＥＲ　ＢＬＯＯＤ　ＴＯＫＹＯ,合同会社ＩＧＡ,6413-8527,7世保生食ほ第426号,飲食店営業,令和7年7月23日,令和7年7月23日,令和13年7月31日
2131,東京都世田谷区三軒茶屋二丁目１９番７号,-,セブンイレブン三軒茶屋世田谷通り店,***,03-3414-7067,3世保生食ほ第512号,飲食店営業,令和3年6月17日,令和3年6月17日,令和9年6月30日
2132,東京都世田谷区三軒茶屋二丁目２０番１７号,三軒茶屋シティハウス１０１,三軒茶屋バル　ど,株式会社ラヴィッシュ,03-3487-0019,4世保生食ほ第1591号,飲食店営業,令和5年2月1日,令和5年2月1日,令和12年1月31日
2133,東京都世田谷区三軒茶屋二丁目２４番１６号,-,ビストロ　リゴレ,***,3424-6177,2世保生食ほ第175号,食肉販売業,令和2年4月28日,令和2年4月28日,令和9年4月30日
2134,東京都世田谷区三軒茶屋二丁目２４番１６号,-,ビストロ　リゴレ,***,3424-6177,2世保生食ほ第176号,魚介類販売業,令和2年4月28日,令和2年4月28日,令和9年4月30日
2135,東京都世田谷区三軒茶屋二丁目２４番１６号,-,ビストロ　リゴレ,***,3424-6177,2世保生食ほ第2504号,飲食店営業,平成26年3月31日,令和3年4月1日,令和9年4月30日
2136,東京都世田谷区三軒茶屋二丁目３８番９号,-,信濃屋坂本商店,***,03-3422-2731,3世保生食ほ第942号,飲食店営業,令和3年9月1日,令和3年9月1日,令和9年8月31日
2137,東京都世田谷区三軒茶屋二丁目３８番９号,-,信濃屋坂本商店,***,03-3422-2731,3世保生食ほ第943号,豆腐製造業,令和3年9月1日,令和3年9月1日,令和9年8月31日
2138,東京都世田谷区三軒茶屋二丁目３８番１０号,久保店舗,Ｎｅｕｅ　ノイエ,***,-,3世保生食ほ第64号,飲食店営業,令和3年5月31日,令和3年5月31日,令和10年5月31日
2139,東京都世田谷区三軒茶屋二丁目３８番１０号,久保店舗,Ｎｅｕｅ　ノイエ,***,-,3世保生食ほ第65号,菓子製造業,令和3年5月31日,令和3年5月31日,令和10年5月31日
2140,東京都世田谷区三軒茶屋二丁目４２番１号,-,世田谷区立三軒茶屋小学校,協立給食株式会社,3421-2195,3世保生食ほ第52号,飲食店営業,令和3年4月23日,令和3年4月23日,令和10年4月30日
2141,東京都世田谷区三軒茶屋二丁目４３番２０号,錦ビル１Ｆ,ＣＯＳＨＩＲＡＥ,***,03-6453-4577,5世保生食ほ第158号,飲食店営業,令和5年6月1日,令和5年6月1日,令和12年5月31日
2142,東京都世田谷区三軒茶屋二丁目４３番２０号,錦ビル１Ｆ,ＣＯＳＨＩＲＡＥ,***,03-6453-4577,5世保生食ほ第159号,そうざい製造業,令和5年5月25日,令和5年5月25日,令和12年5月31日
2143,東京都世田谷区三軒茶屋二丁目４５番７号,グリーンキャピタル１０４,博龍,***,3410-5118,2世保生食ほ第2749号,飲食店営業,平成19年4月2日,令和3年5月1日,令和10年4月30日
2144,東京都世田谷区三軒茶屋二丁目４５番７号,グリーンキャピタル三軒茶屋１０３,ブーランジュリー　シマ,***,3422-4040,2世保生食ほ第607号,飲食店営業,平成18年12月12日,令和3年1月1日,令和9年12月31日
2145,東京都世田谷区三軒茶屋二丁目４５番７号,グリーンキャピタル三軒茶屋１０３,ブーランジュリー　シマ,***,3422-4040,2世保生食ほ第608号,菓子製造業,平成18年12月12日,令和3年1月1日,令和9年12月31日
2146,東京都世田谷区三軒茶屋二丁目４５番７号,グリーンキャピタル三軒茶屋１０１,フランス小料理屋　ラ・ボワット　アン　ボワ,***,03-6802-7307,5世保生食ほ第249号,飲食店営業,令和5年7月1日,令和5年7月1日,令和12年6月30日
2147,東京都世田谷区三軒茶屋二丁目４６番１号,ダイヤハイツ三軒茶屋１０４,ｃａｆｅ　Ｔｈｅ　ＳＵＮ　ＬＩＶＥＳ　ＨＥＲＥ　Ｆａｃｔｏｒｙ,株式会社ＳＯＭＥＷＨＥＲＥ,03-6875-1730,2世保生食ほ第1390号,喫茶店営業,令和2年10月17日,令和2年10月17日,令和9年10月31日
2148,東京都世田谷区三軒茶屋二丁目４６番１号,ダイヤハイツ三軒茶屋１０４,ｃａｆｅ　Ｔｈｅ　ＳＵＮ　ＬＩＶＥＳ　ＨＥＲＥ　Ｆａｃｔｏｒｙ,株式会社ＳＯＭＥＷＨＥＲＥ,03-6875-1730,2世保生食ほ第1391号,菓子製造業,令和2年10月17日,令和2年10月17日,令和9年10月31日
2149,東京都世田谷区三軒茶屋二丁目４８番１号,-,トレヴィ,***,3411-3265,2世保生食ほ第1716号,飲食店営業,平成2年12月19日,令和3年1月1日,令和8年12月31日
2150,東京都世田谷区三軒茶屋二丁目５１番１号,サポーレ三軒茶屋１０１,ｅｉｇｈｔ,***,6450-9625,6世保生食ほ第455号,飲食店営業,令和6年8月1日,令和6年8月1日,令和12年7月31日
2151,東京都世田谷区三軒茶屋二丁目５１番１号,レイコー三軒茶屋１０２号,武蔵野うどん　じんこ　製麺所,株式会社ハイブリッジ,03-6450-7780,5世保生食ほ第904号,麺類製造業,令和5年9月14日,令和5年9月14日,令和11年9月30日
2152,東京都世田谷区三軒茶屋二丁目５５番１２号,-,ＳＩＴＡＲＡ,株式会社ＳＨＩＶＡ,3412-6116,3世保生食ほ第1068号,飲食店営業,令和3年9月1日,令和3年9月1日,令和9年8月31日
2153,東京都世田谷区三軒茶屋二丁目５６番７号,ピーコックストア三軒茶屋の杜店内,麗彩楼　三軒茶屋の杜店,東立商事株式会社,-,3世保生食ほ第327号,飲食店営業,令和3年5月25日,令和3年5月25日,令和10年5月31日
2154,東京都世田谷区三軒茶屋二丁目５６番７号,ピーコックストア三軒茶屋の杜店内,麗彩楼　三軒茶屋の杜店,東立商事株式会社,-,3世保生食ほ第328号,そうざい製造業,令和3年5月25日,令和3年5月25日,令和10年5月31日
2155,東京都世田谷区三軒茶屋二丁目５６番７号,ピーコックストア内,いい菜＆ゼスト　ピーコックストア三軒茶屋の杜店,株式会社ゼストクック,-,5世保生食ほ第1774号,そうざい製造業,令和6年3月12日,令和6年3月12日,令和13年3月31日
2156,東京都世田谷区三軒茶屋二丁目５６番７号,ピーコックストア三軒茶屋の杜店内,タカギフーズピーコックストア三軒茶屋の杜店,株式会社タカギフーズ,-,5世保生食ほ第1796号,食肉販売業,令和6年3月12日,令和6年3月12日,令和13年3月31日
2157,東京都世田谷区野沢一丁目４番３号,-,世田谷区立旭小学校,株式会社東洋食品,3424-2410,3世保生食ほ第194号,飲食店営業,令和3年4月28日,令和3年4月28日,令和10年4月30日
2158,東京都世田谷区野沢一丁目３２番６号,-,日本大学認定こども園,東京ケータリング株式会社,6450-8120,31世保生食ほ第2714号,飲食店営業,令和2年3月17日,令和2年3月17日,令和9年3月31日
2159,東京都世田谷区野沢一丁目３５番８号,ティーズビル１Ｆ,さくら茶屋,株式会社Ｏｎｅ’ｓ,3410-6661,30世保生食ほ第2321号,飲食店営業,平成24年3月7日,平成31年4月1日,令和8年3月31日
2160,東京都世田谷区野沢一丁目３５番８号,ティーズビル１Ｆ,さくら茶屋,株式会社Ｏｎｅ’ｓ,3410-6661,7世保生食ほ第1691号,飲食店営業,令和8年4月1日,令和8年4月1日,令和15年3月31日
2161,東京都世田谷区野沢一丁目３５番９号,-,ローソン野沢一丁目店,有限会社エスケーエー,3424-6442,6世保生食ほ第567号,飲食店営業,令和6年9月1日,令和6年9月1日,令和13年8月31日
2162,東京都世田谷区野沢二丁目１番１号,野沢ＡＲビルＢ１Ｆ,スワディシュト　駒沢店,合同会社Ｄ‐Ｋｉｔｃｈｅｎ’ｓ,03-6453-1859,6世保生食ほ第1619号,飲食店営業,令和7年2月12日,令和7年2月12日,令和13年2月28日
2163,東京都世田谷区野沢二丁目１番１号,野沢ＡＲビルＢ１Ｆ,スワディシュト　駒沢店,合同会社Ｄ‐Ｋｉｔｃｈｅｎ’ｓ,03-6453-1859,7世保生食ほ第688号,そうざい製造業,令和7年9月5日,令和7年9月5日,令和13年2月28日
2164,東京都世田谷区野沢二丁目１番２号,-,らーめん　せたが屋,株式会社せたが屋,3418-6938,2世保生食ほ第2037号,飲食店営業,令和3年1月22日,令和3年1月22日,令和9年1月31日
2165,東京都世田谷区野沢二丁目１番２号,-,らーめん　せたが屋,株式会社せたが屋,3418-6938,5世保生食ほ第708号,そうざい製造業,令和5年8月17日,令和5年8月17日,令和11年8月31日
2166,東京都世田谷区野沢二丁目１番４号,-,銀座に志かわ　世田谷野沢店,株式会社銀座仁志川,-,3世保生食ほ第1403号,菓子製造業,令和3年10月12日,令和3年10月12日,令和10年10月31日
2167,東京都世田谷区野沢二丁目３番４号,-,ふっこ,***,3421-5703,5世保生食ほ第1189号,飲食店営業,令和5年12月1日,令和5年12月1日,令和11年11月30日
2168,東京都世田谷区野沢二丁目５番２０号,-,有限会社　ふらい亭,有限会社ふらい亭,3411-2989,31世保生食ほ第872号,飲食店営業,昭和63年8月30日,令和元年9月1日,令和8年8月31日
2169,東京都世田谷区野沢二丁目５番２３号,-,ねぎ坊主,***,3410-2868,3世保生食ほ第664号,飲食店営業,令和3年8月1日,令和3年8月1日,令和9年7月31日
2170,東京都世田谷区野沢二丁目６番１８号,-,出張料理　ＤＥＣＯ,***,-,6世保生食ほ第628号,飲食店営業,令和6年8月9日,令和6年8月9日,令和13年8月31日
2171,東京都世田谷区野沢二丁目１３番３号,-,セブンイレブン世田谷野沢２丁目店,***,03-3424-1052,3世保生食ほ第506号,飲食店営業,令和3年6月16日,令和3年6月16日,令和9年6月30日
2172,東京都世田谷区野沢二丁目１４番１号,雨宮ビル１０３,ストーリーキッチン,株式会社ストーリー,-,3世保生食ほ第267号,飲食店営業,平成26年5月26日,令和3年6月1日,令和10年5月31日
2173,東京都世田谷区野沢二丁目２５番１０号,-,ローソン世田谷野沢二丁目店,有限会社エスケーエー,03-3424-8399,5世保生食ほ第1163号,飲食店営業,令和5年12月1日,令和5年12月1日,令和12年11月30日
2174,東京都世田谷区野沢二丁目２６番４号,-,サンセルモ玉泉院・野沢会館,株式会社サンセルモ,5431-0948,7世保生食ほ第1276号,飲食店営業,令和8年1月1日,令和8年1月1日,令和14年12月31日
2175,東京都世田谷区野沢二丁目２６番５号,野沢ビルＢ１Ｆ,うどんスナック松ト麦,***,-,2世保生食ほ第1864号,飲食店営業,令和3年1月8日,令和3年1月8日,令和10年1月31日
2176,東京都世田谷区野沢二丁目２６番５号,-,とりビアー駒沢大学店,株式会社オネストツリーズ,5787-6167,6世保生食ほ第975号,飲食店営業,令和6年10月7日,令和6年10月7日,令和13年10月31日
2177,東京都世田谷区野沢二丁目３０番３号,駒沢イン１Ｆ,株式会社　パンテコ,株式会社パンテコ,03-5779-6543,2世保生食ほ第2154号,菓子製造業,平成21年2月18日,令和3年3月1日,令和9年2月28日
2178,東京都世田谷区野沢二丁目３０番３号,駒沢イン１Ｆ,株式会社　パンテコ,株式会社パンテコ,03-5779-6543,3世保生食ほ第339号,飲食店営業,平成21年5月22日,令和3年6月1日,令和9年2月28日
2179,東京都世田谷区野沢二丁目３０番６号,-,まるきんラーメン,株式会社まるきん,3795-2789,3世保生食ほ第1656号,飲食店営業,令和4年1月1日,令和4年1月1日,令和10年12月31日
2180,東京都世田谷区野沢二丁目３０番７号,リッツハイム野沢１０１,ボテロ,***,6805-3120,31世保生食ほ第1768号,飲食店営業,平成24年12月14日,令和2年1月1日,令和8年12月31日
2181,東京都世田谷区野沢二丁目３２番１２号,-,高水食品有限会社,高水食品有限会社,3421-7283,4世保生食ほ第851号,そうざい製造業,令和4年10月1日,令和4年10月1日,令和10年9月30日
2182,東京都世田谷区野沢二丁目３４番１号,-,つるや鮨,***,03-3421-2003,7世保生食ほ第1530号,飲食店営業,令和8年2月9日,令和8年2月9日,令和15年2月28日
2183,東京都世田谷区野沢二丁目３４番１号,三共無線野沢ビル２Ｆ,ｓｐｏｏｎ,株式会社ダブルエムシー,6450-8094,7世保生食ほ第174号,飲食店営業,令和7年6月1日,令和7年6月1日,令和13年5月31日
2184,東京都世田谷区野沢二丁目３４番１号,三共無線野沢ビル２Ｆ,ｓｐｏｏｎ,株式会社ダブルエムシー,6450-8094,7世保生食ほ第175号,菓子製造業,令和7年6月1日,令和7年6月1日,令和13年5月31日
2185,東京都世田谷区野沢二丁目３４番１号,三共無線野沢ビル２Ｆ,ｓｐｏｏｎ,株式会社ダブルエムシー,6450-8094,7世保生食ほ第176号,そうざい製造業,令和7年5月13日,令和7年5月13日,令和13年5月31日
2186,東京都世田谷区野沢二丁目３４番１号,三共無線野沢ビル１階,餃子や獅丸,獅丸株式会社,03-6450-7198,3世保生食ほ第1481号,飲食店営業,令和3年10月27日,令和3年10月27日,令和10年10月31日
2187,東京都世田谷区野沢二丁目３４番２号,-,中華食堂　野沢店,天順株式会社,03-3410-3606,2世保生食ほ第753号,飲食店営業,令和2年7月31日,令和2年7月31日,令和9年7月31日
2188,東京都世田谷区野沢二丁目３４番２号,-,Ａｓｉａｎ　ｒｅｓｔａｕｒａｎｔ　Ｈａｒｕｈａｎａ,株式会社ｙｕｍｅ,03-5787-8799,2世保生食ほ第2663号,飲食店営業,令和3年3月15日,令和3年3月15日,令和9年3月31日
2189,東京都世田谷区野沢二丁目３４番２号,１Ｆ－Ａ,Ａｓｉａｎ　Ｒｅｓｔａｕｒａｎｔ　ＨＡＲＵＨＡＮＡ,ＡＡＭＫＡ合同会社,03-6450-8745,4世保生食ほ第1262号,飲食店営業,令和4年11月7日,令和4年11月7日,令和10年11月30日
2190,東京都世田谷区野沢二丁目３４番３号,-,ファミリーマート上馬交差点前店,株式会社春日屋,5712-5197,6世保生食ほ第72号,飲食店営業,令和6年6月1日,令和6年6月1日,令和13年5月31日
2191,東京都世田谷区野沢三丁目１番１号,アゼリア野沢,駒沢通り野沢　東急ストア,株式会社東急ストア,03-5787-0109,6世保生食ほ第1535号,飲食店営業,令和7年2月10日,令和7年2月10日,令和15年2月28日
2192,東京都世田谷区野沢三丁目１番１号,アゼリア野沢,駒沢通り野沢　東急ストア,株式会社東急ストア,03-5787-0109,6世保生食ほ第1536号,魚介類販売業,令和7年2月10日,令和7年2月10日,令和15年2月28日
2193,東京都世田谷区野沢三丁目１番１号,アゼリア野沢,駒沢通り野沢　東急ストア,株式会社東急ストア,03-5787-0109,6世保生食ほ第1537号,飲食店営業,令和7年2月10日,令和7年2月10日,令和15年2月28日
2194,東京都世田谷区野沢三丁目５番１４号,-,しまナーシングホーム学芸大学,日清医療食品株式会社,03-5712-5155,5世保生食ほ第1883号,飲食店営業,令和6年3月28日,令和6年3月28日,令和13年3月31日
2195,東京都世田谷区野沢三丁目１３番５号,-,ミールケア　若葉の詩保育園事業所,株式会社ミールケア,03-5431-0222,2世保生食ほ第2600号,飲食店営業,令和3年3月25日,令和3年3月25日,令和10年3月31日
2196,東京都世田谷区野沢三丁目１４番１号,-,ガーデンカフェ「ときそら」,社会福祉法人はる,-,2世保生食ほ第990号,飲食店営業,令和2年9月10日,令和2年9月10日,令和9年9月30日
2197,東京都世田谷区野沢三丁目２２番１５号,-,ＨＯＸＴＯＮ　ＳＴＵＤＩＯ,カエルム株式会社,03-6427-8592,4世保生食ほ第202号,飲食店営業,令和4年6月1日,令和4年6月1日,令和10年5月31日
2198,東京都世田谷区野沢三丁目３４番１６号,-,世田谷区立中丸小学校,株式会社スエヒロ,-,5世保生食ほ第1984号,飲食店営業,令和6年4月3日,令和6年4月3日,令和13年4月30日
2199,東京都世田谷区野沢三丁目３７番１号,-,タノバ食堂,ＴａｎｏＢａ合同会社,-,5世保生食ほ第928号,飲食店営業,令和5年10月5日,令和5年10月5日,令和11年10月31日
2200,東京都世田谷区野沢三丁目３７番１１号,-,信濃屋野沢店,株式会社信濃屋食品,03-3410-2883,5世保生食ほ第1716号,食肉販売業,令和6年4月1日,令和6年4月1日,令和12年3月31日
2201,東京都世田谷区野沢三丁目３７番１１号,-,信濃屋野沢店,株式会社信濃屋食品,03-3410-2883,5世保生食ほ第1717号,魚介類販売業,令和6年4月1日,令和6年4月1日,令和12年3月31日
2202,東京都世田谷区野沢四丁目２番１９号,-,サミットストア　野沢龍雲寺店,サミット株式会社,03-5431-5671,2世保生食ほ第1532号,飲食店営業,平成25年11月5日,令和2年12月1日,令和9年11月30日
2203,東京都世田谷区野沢四丁目２番１９号,-,サミットストア　野沢龍雲寺店,サミット株式会社,03-5431-5671,2世保生食ほ第1533号,飲食店営業,平成25年11月5日,令和2年12月1日,令和9年11月30日
2204,東京都世田谷区野沢四丁目２番１９号,-,サミットストア　野沢龍雲寺店,サミット株式会社,03-5431-5671,2世保生食ほ第1535号,飲食店営業,平成25年11月5日,令和2年12月1日,令和9年11月30日
2205,東京都世田谷区野沢四丁目２番１９号,-,サミットストア　野沢龍雲寺店,サミット株式会社,03-5431-5671,2世保生食ほ第1537号,菓子製造業,平成25年11月5日,令和2年12月1日,令和9年11月30日
2206,東京都世田谷区野沢四丁目２番１９号,-,サミットストア　野沢龍雲寺店,サミット株式会社,03-5431-5671,2世保生食ほ第1539号,食肉販売業,平成25年11月5日,令和2年12月1日,令和9年11月30日
2207,東京都世田谷区野沢四丁目２番１９号,-,サミットストア　野沢龍雲寺店,サミット株式会社,03-5431-5671,2世保生食ほ第1540号,魚介類販売業,平成25年11月5日,令和2年12月1日,令和9年11月30日
2208,東京都世田谷区野沢四丁目２番１９号,-,サミットストア　野沢龍雲寺店,サミット株式会社,03-5431-5671,2世保生食ほ第1541号,魚介類販売業,平成25年11月5日,令和2年12月1日,令和9年11月30日
2209,東京都世田谷区野沢四丁目２番１９号,-,サミットストア　野沢龍雲寺店,サミット株式会社,03-5431-5671,5世保生食ほ第290号,飲食店営業,令和5年6月1日,令和5年6月1日,令和12年5月31日
2210,東京都世田谷区野沢四丁目２番１９号,-,サミットストア　野沢龍雲寺店,サミット株式会社,03-5431-5671,7世保生食ほ第1035号,そうざい製造業,令和7年10月30日,令和7年10月30日,令和14年10月31日
2211,東京都世田谷区野沢四丁目２番１９号,-,ダン・ブラウン　野沢龍雲寺店,サミット株式会社,5431-5671,2世保生食ほ第1542号,飲食店営業,平成25年11月5日,令和2年12月1日,令和9年11月30日
2212,東京都世田谷区野沢四丁目２番１９号,-,ダン・ブラウン　野沢龍雲寺店,サミット株式会社,5431-5671,2世保生食ほ第1543号,菓子製造業,平成25年11月5日,令和2年12月1日,令和9年11月30日
2213,東京都世田谷区野沢四丁目４番８号,１Ｆ,ユナイテッド・カフェ,株式会社ユナイテッド・アーツ,03-5430-3477,5世保生食ほ第1834号,飲食店営業,令和6年4月1日,令和6年4月1日,令和12年3月31日
2214,東京都世田谷区野沢四丁目４番８号,ユーコート駒澤大学１Ｆ,ユナイテッド　チキン,株式会社ユナイテッド・キッチン,03-6413-8470,3世保生食ほ第1908号,飲食店営業,令和4年1月20日,令和4年1月20日,令和10年1月31日
2215,東京都世田谷区野沢四丁目５番１５号,ＮＳハイム１０２,メリメロ食堂　Ｌａｍｐ,***,-,7世保生食ほ第132号,飲食店営業,令和7年6月1日,令和7年6月1日,令和14年5月31日
2216,東京都世田谷区野沢四丁目９番１８号,テイク野沢１０１,中華そばふくもり　駒沢本店,株式会社せたが屋,-,5世保生食ほ第1166号,飲食店営業,令和5年11月6日,令和5年11月6日,令和12年11月30日
2217,東京都世田谷区野沢四丁目１４番９号,-,大菊そば店,***,3422-2351,2世保生食ほ第1798号,飲食店営業,昭和39年10月13日,令和3年1月1日,令和8年12月31日
2218,東京都世田谷区野沢四丁目２１番１３号,ＫＯＭＡＺＡＷＡ　ＳＴＵＤＩＯ　１Ｆ,ＪａＫＥ,株式会社ＪａＫＥ,03-6450-8917,5世保生食ほ第1546号,冷凍食品製造業,令和6年1月23日,令和6年1月23日,令和13年1月31日
2219,東京都世田谷区野沢四丁目２４番１号,ヴィルヌーブタワー駒沢,オオゼキ野沢店,株式会社オオゼキ,0354867551,6世保生食ほ第1582号,飲食店営業,令和7年2月26日,令和7年2月26日,令和14年2月29日
2220,東京都世田谷区野沢四丁目２４番１号,ヴィルヌーブタワー駒沢,オオゼキ野沢店,株式会社オオゼキ,0354867551,6世保生食ほ第181号,食肉販売業,令和6年6月1日,令和6年6月1日,令和13年5月31日
2221,東京都世田谷区野沢四丁目２４番１号,ヴィルヌーブタワー駒沢,オオゼキ野沢店,株式会社オオゼキ,0354867551,6世保生食ほ第182号,魚介類販売業,令和6年6月1日,令和6年6月1日,令和13年5月31日
2222,東京都世田谷区野沢四丁目２４番１号,オオゼキ野沢店内,㈱コロッケの唄　野沢店,株式会社コロッケの唄,5486-6681,6世保生食ほ第161号,飲食店営業,令和6年6月1日,令和6年6月1日,令和13年5月31日
2223,東京都世田谷区野沢四丁目２４番１号,ヴィルヌーブタワー駒沢２Ｆ,韓国料理　イナ,***,-,2世保生食ほ第2095号,飲食店営業,令和3年1月20日,令和3年1月20日,令和9年1月31日
2224,東京都世田谷区野沢四丁目２４番１号,ヴィルヌーブタワー駒沢１Ｆ　Ａ－３,コルド　デリ,株式会社コルド,03-6450-7808,4世保生食ほ第616号,飲食店営業,令和4年8月23日,令和4年8月23日,令和11年8月31日
2225,東京都世田谷区上馬一丁目４番１３号,第１３菊地ビル１Ｆ,弁才天　三軒茶屋店,株式会社弁才天,03-6450-7327,2世保生食ほ第1257号,菓子製造業,令和2年10月9日,令和2年10月9日,令和8年10月31日
2226,東京都世田谷区上馬一丁目１５番１０号,オリエント三軒茶屋ハウス１０２号,「Ａｒｃａｎａ」占いカフェ＆Ｂａｒ,***,03-6450-7442,2世保生食ほ第478号,飲食店営業,平成26年6月25日,令和2年7月1日,令和8年6月30日
2227,東京都世田谷区上馬一丁目１５番１０号,オリエントハウス１０５,Ｏｓｔｅｒｉａ　ｒｏｎｄｉｎｅ,***,03-4400-5278,3世保生食ほ第1763号,飲食店営業,令和3年12月28日,令和3年12月28日,令和10年12月31日
2228,東京都世田谷区上馬一丁目１７番７号,-,焼肉二葉苑,***,3412-8903,7世保生食ほ第1747号,飲食店営業,令和8年4月1日,令和8年4月1日,令和14年3月31日
2229,東京都世田谷区上馬一丁目１７番８号,Ａ根岸上馬店舗,キッチン村山,***,-,3世保生食ほ第150号,飲食店営業,平成21年5月26日,令和3年6月1日,令和9年5月31日
2230,東京都世田谷区上馬一丁目１７番８号,Ａ根岸上馬店舗,キッチン村山,***,-,3世保生食ほ第151号,菓子製造業,平成21年5月26日,令和3年6月1日,令和9年5月31日
2231,東京都世田谷区上馬一丁目１７番８号,-,Ｎａｔｉｖｏ,株式会社パチャママ,-,5世保生食ほ第1231号,飲食店営業,令和5年12月1日,令和5年12月1日,令和12年11月30日
2232,東京都世田谷区上馬一丁目１７番８号,-,Ｎａｔｉｖｏ,株式会社パチャママ,-,5世保生食ほ第1232号,菓子製造業,令和5年12月1日,令和5年12月1日,令和12年11月30日
2233,東京都世田谷区上馬一丁目１７番８号,モリヤビル,３ｐｍ／チキンオーバーライス　チキチキボーイ,株式会社ＢｉＢ,-,5世保生食ほ第1878号,飲食店営業,令和6年3月19日,令和6年3月19日,令和13年3月31日
2234,東京都世田谷区上馬一丁目１７番９号,-,Ｌｏｓ　Ｔａｃｏｓ　Ａｚｕｌｅｓ,トラウイスカルパン合同会社,03-5787-6990,2世保生食ほ第2101号,飲食店営業,令和3年1月28日,令和3年1月28日,令和9年1月31日
2235,東京都世田谷区上馬一丁目１７番１０号,-,ファミリーマート世田谷上馬一丁目店,有限会社栄進,-,31世保生食ほ第2138号,飲食店営業,令和2年2月6日,令和2年2月6日,令和9年2月28日
2236,東京都世田谷区上馬一丁目１７番１０号,-,ファミリーマート世田谷上馬一丁目店,有限会社栄進,-,31世保生食ほ第2139号,菓子製造業,令和2年2月6日,令和2年2月6日,令和9年2月28日
2237,東京都世田谷区上馬一丁目２９番１０号,-,宮川精肉店,***,3424-4129,3世保生食ほ第319号,飲食店営業,平成9年5月12日,令和3年6月1日,令和9年5月31日
2238,東京都世田谷区上馬一丁目２９番１０号,-,宮川精肉店,***,3424-4129,3世保生食ほ第320号,食肉販売業,平成9年5月12日,令和3年6月1日,令和9年5月31日
2239,東京都世田谷区上馬一丁目３１番７号,-,有限会社　玉川屋,***,3421-0228,7世保生食ほ第1550号,菓子製造業,令和8年3月1日,令和8年3月1日,令和15年2月28日
2240,東京都世田谷区上馬一丁目３１番１４号,-,みつる堂,みつるＣＯＭＰＡＮＹ株式会社,03-6709-9578,3世保生食ほ第1009号,飲食店営業,令和3年9月3日,令和3年9月3日,令和9年9月30日
2241,東京都世田谷区上馬一丁目３１番１４号,-,みつる堂,みつるＣＯＭＰＡＮＹ株式会社,03-6709-9578,7世保生食ほ第1390号,みそ又はしょうゆ製造業,令和7年12月19日,令和7年12月19日,令和13年12月31日
2242,東京都世田谷区上馬一丁目３１番１４号,-,みつる堂,みつるＣＯＭＰＡＮＹ株式会社,03-6709-9578,7世保生食ほ第1391号,漬物製造業,令和7年12月19日,令和7年12月19日,令和13年12月31日
2243,東京都世田谷区上馬一丁目３２番２号,-,帆凪,***,-,7世保生食ほ第1096号,飲食店営業,令和7年10月31日,令和7年10月31日,令和13年10月31日
2244,東京都世田谷区上馬一丁目３２番１６号,-,Ｃｈｉｉｉｉｉ,***,3410-1655,2世保生食ほ第252号,飲食店営業,令和2年5月8日,令和2年5月8日,令和8年5月31日
2245,東京都世田谷区上馬一丁目３２番２０号,-,つるかめ商店,有限会社ソイフーズつるかめ食堂,-,4世保生食ほ第464号,飲食店営業,令和4年7月1日,令和4年7月1日,令和10年6月30日
2246,東京都世田谷区上馬一丁目３２番２３号,-,食事処　青木屋,***,-,2世保生食ほ第1872号,飲食店営業,平成19年1月19日,令和3年2月1日,令和9年1月31日
2247,東京都世田谷区上馬一丁目３３番７号,-,ＳＡＭＡＡ＿,株式会社サマサマホールディングス,6750-9134,7世保生食ほ第628号,飲食店営業,令和7年9月17日,令和7年9月17日,令和13年9月30日
2248,東京都世田谷区上馬一丁目３３番１０号,-,鮨つね,株式会社ＴＮ５,5787-6535,2世保生食ほ第412号,飲食店営業,令和2年6月18日,令和2年6月18日,令和8年6月30日
2249,東京都世田谷区上馬一丁目３３番１１号,-,ＣＡＲＡ－ＭＯＮ,***,-,6世保生食ほ第1477号,飲食店営業,令和7年2月1日,令和7年2月1日,令和13年1月31日
2250,東京都世田谷区上馬一丁目３３番１１号,-,ＣＡＲＡ－ＭＯＮ,***,-,6世保生食ほ第1478号,菓子製造業,令和7年2月1日,令和7年2月1日,令和13年1月31日
2251,東京都世田谷区上馬二丁目１番１号,-,はなまるデリバリー上馬店　,株式会社スターティングオーバー,-,5世保生食ほ第1925号,飲食店営業,令和6年3月26日,令和6年3月26日,令和13年3月31日
2252,東京都世田谷区上馬二丁目１番４号,-,キッチンオリジン上馬店,オリジン東秀株式会社,03-6453-4458,2世保生食ほ第836号,飲食店営業,令和2年9月2日,令和2年9月2日,令和9年9月30日
2253,東京都世田谷区上馬二丁目１番４号,-,キッチンオリジン上馬店,オリジン東秀株式会社,03-6453-4458,6世保生食ほ第1111号,飲食店営業,令和6年11月12日,令和6年11月12日,令和13年11月30日
2254,東京都世田谷区上馬二丁目２番５号,１Ｆ右号室,ビストロ　そのまんま,株式会社ｓｍｏｃｋ,-,5世保生食ほ第1278号,飲食店営業,令和5年11月21日,令和5年11月21日,令和12年11月30日
2255,東京都世田谷区上馬二丁目２番７号,２Ｆ,スナック　伊代,***,3487-8451,3世保生食ほ第1270号,飲食店営業,令和3年10月1日,令和3年10月1日,令和9年9月30日
2256,東京都世田谷区上馬二丁目２２番２号,セントヒルズ三軒茶屋１０１,Ｋａｒｍａｎｎ　Ｃｏｆｆｅｅ,***,-,7世保生食ほ第1467号,飲食店営業,令和8年2月1日,令和8年2月1日,令和15年1月31日
2257,東京都世田谷区上馬二丁目２２番２号,１０３号室,Ｐｌｅａｓａｕｒａｎｔ,合同会社ＢＵＥＮＯ－Ｆ,03-6805-5210,7世保生食ほ第168号,飲食店営業,令和7年9月29日,令和7年9月29日,令和14年9月30日
2258,東京都世田谷区上馬二丁目２２番２号,１０３号室,Ｐｌｅａｓａｕｒａｎｔ,合同会社ＢＵＥＮＯ－Ｆ,03-6805-5210,7世保生食ほ第169号,菓子製造業,令和7年9月29日,令和7年9月29日,令和14年9月30日
2259,東京都世田谷区上馬二丁目２２番６号,ライオンズマンション１Ｆ,越佐庵　須坂屋そば　三軒茶屋店,***,3795-9052,7世保生食ほ第225号,飲食店営業,令和7年6月1日,令和7年6月1日,令和13年5月31日
2260,東京都世田谷区上馬二丁目２４番１１号,-,是々,***,03-3424-0283,7世保生食ほ第1194号,飲食店営業,令和8年1月1日,令和8年1月1日,令和14年12月31日
2261,東京都世田谷区上馬二丁目２６番２０号,-,株式会社マルエツ　中里店,株式会社マルエツ,03-3418-3161,2世保生食ほ第1280号,魚介類販売業,平成元年10月5日,令和2年11月1日,令和9年10月31日
2262,東京都世田谷区上馬二丁目２６番２０号,-,株式会社マルエツ　中里店,株式会社マルエツ,03-3418-3161,31世保生食ほ第128号,食肉販売業,平成31年4月24日,平成31年4月24日,令和8年4月30日
2263,東京都世田谷区上馬二丁目２６番２０号,-,株式会社マルエツ　中里店,株式会社マルエツ,03-3418-3161,31世保生食ほ第1282号,菓子製造業,平成17年10月11日,令和元年11月1日,令和8年10月31日
2264,東京都世田谷区上馬二丁目２６番２０号,-,株式会社マルエツ　中里店,株式会社マルエツ,03-3418-3161,7世保生食ほ第1900号,食肉販売業,令和8年5月1日,令和8年5月1日,令和15年4月30日
2265,東京都世田谷区上馬二丁目２６番２０号,-,株式会社マルエツ中里店　米飯,株式会社マルエツ,3418-3161,2世保生食ほ第1281号,飲食店営業,平成元年10月5日,令和2年11月1日,令和9年10月31日
2266,東京都世田谷区上馬二丁目２６番２０号,-,株式会社マルエツ中里店　揚物・惣菜,株式会社マルエツ,3418-3161,2世保生食ほ第1282号,飲食店営業,平成元年10月5日,令和2年11月1日,令和9年10月31日
2267,東京都世田谷区上馬二丁目２７番２０号,２Ｆ,喜膳嘉肴　きんピら,***,6671-1401,5世保生食ほ第725号,飲食店営業,令和5年9月1日,令和5年9月1日,令和11年8月31日
2268,東京都世田谷区上馬二丁目２７番２０号,-,ｋｉｔｃｈｅｎ　ＴＯＳＨＩ,株式会社グローイング,03-5787-8232,31世保生食ほ第1671号,飲食店営業,令和元年11月8日,令和元年11月8日,令和8年11月30日
2269,東京都世田谷区上馬二丁目２７番２０号,グリーンスボロウ１階,Ａｔｅｌｉｅｒ　ＧＥＲ,***,-,31世保生食ほ第2909号,飲食店営業,令和2年4月10日,令和2年4月10日,令和8年4月30日
2270,東京都世田谷区上馬二丁目３１番,ラスパシオ三軒茶屋１Ｆ,ＤＲＩＶＩＮＧ　ＣＲＥＡＭ,株式会社ＳＯＭＥＷＨＥＲＥ,03-6450-7558,7世保生食ほ第925号,菓子製造業,令和7年10月3日,令和7年10月3日,令和14年10月31日
2271,東京都世田谷区上馬二丁目３１番９号,-,セブンイレブン世田谷上馬２丁目店,***,03-3487-1402,3世保生食ほ第483号,飲食店営業,令和3年6月16日,令和3年6月16日,令和10年6月30日
2272,東京都世田谷区上馬三丁目６番９号,-,ナチュラルローソン　上馬三丁目店,有限会社岩崎企画,5433-0204,5世保生食ほ第596号,飲食店営業,令和5年9月1日,令和5年9月1日,令和12年8月31日
2273,東京都世田谷区上馬三丁目１７番１０号,-,株式会社マルエツ真中店,株式会社マルエツ,03-3418-1981,2世保生食ほ第2080号,飲食店営業,令和3年1月25日,令和3年1月25日,令和10年1月31日
2274,東京都世田谷区上馬三丁目１７番１０号,-,株式会社マルエツ真中店,株式会社マルエツ,03-3418-1981,31世保生食ほ第1286号,菓子製造業,平成17年10月4日,令和元年11月1日,令和8年10月31日
2275,東京都世田谷区上馬三丁目１７番１０号,-,株式会社マルエツ真中店,株式会社マルエツ,03-3418-1981,31世保生食ほ第1568号,食肉販売業,昭和63年11月26日,令和元年12月1日,令和8年11月30日
2276,東京都世田谷区上馬三丁目１７番１０号,-,株式会社マルエツ真中店,株式会社マルエツ,03-3418-1981,4世保生食ほ第1099号,飲食店営業,令和4年11月1日,令和4年11月1日,令和11年10月31日
2277,東京都世田谷区上馬三丁目１７番１０号,-,株式会社マルエツ真中店,株式会社マルエツ,03-3418-1981,4世保生食ほ第1100号,飲食店営業,令和4年11月1日,令和4年11月1日,令和11年10月31日
2278,東京都世田谷区上馬三丁目１７番１０号,-,株式会社マルエツ真中店,株式会社マルエツ,03-3418-1981,4世保生食ほ第1101号,魚介類販売業,令和4年11月1日,令和4年11月1日,令和11年10月31日
2279,東京都世田谷区上馬三丁目１８番７号,ＫＯＭＡＺＡＷＡ　Ｐａｒｋ　Ｑｕａｒｔｅｒ　２０４,Ｒ３６９,株式会社Ｒ３６９,-,7世保生食ほ第580号,飲食店営業,令和7年10月10日,令和7年10月10日,令和14年10月31日
2280,東京都世田谷区上馬三丁目１８番７号,駒沢パーククォーター３Ｆ,叙々苑駒沢大学駅前店,株式会社叙々苑,6805-3430,7世保生食ほ第804号,飲食店営業,令和7年10月10日,令和7年10月10日,令和14年10月31日
2281,東京都世田谷区上馬三丁目１８番７号,４階,ピッツェリア　トニーノ　駒沢店,株式会社キャメルキッチン,5787-5215,7世保生食ほ第814号,飲食店営業,令和7年10月10日,令和7年10月10日,令和14年10月31日
2282,東京都世田谷区上馬三丁目１８番７号,駒沢パーククォーター１Ｆ,鹿港,有限会社鹿港,-,7世保生食ほ第843号,飲食店営業,令和7年10月10日,令和7年10月10日,令和14年10月31日
2283,東京都世田谷区上馬三丁目１８番７号,ＫＯＭＡＺＡＷＡ　Ｐａｒｋ　ＱｕａｒｔｅｒＢ１,ＳＨＡＲＥ　ＬＯＵＮＧＥ　駒沢大学駅前,小浦石油株式会社,03-6450-8915,7世保生食ほ第853号,飲食店営業,令和7年10月10日,令和7年10月10日,令和14年10月31日
2284,東京都世田谷区上馬三丁目１８番７号,ＫＯＭＡＺＡＷＡ　Ｐａｒｋ　Ｑｕａｒｔｅｒ　Ａ棟,ＮＥＩＧＨＢＯＲＳ　　ＢＲＥＡＤ　　ＫＯＭＡＺＡＷＡ　　Ｐａｒｋ　　Ｑｕａｒｔｅｒ店,株式会社ＪＲ東海リテイリング・プラス,03-6450-9860,7世保生食ほ第860号,飲食店営業,令和7年10月10日,令和7年10月10日,令和14年10月31日
2285,東京都世田谷区上馬三丁目１８番７号,駒沢パーククォーター１階,スターバックスコーヒー駒沢パーククォーター店,スターバックスコーヒージャパン株式会社,03-5787-6752,7世保生食ほ第878号,飲食店営業,令和7年10月10日,令和7年10月10日,令和14年10月31日
2286,東京都世田谷区上馬三丁目１８番７号,３階３０３,ロイヤルホスト駒沢パーククォーター店,ロイヤルフードサービス株式会社,5430-5131,7世保生食ほ第883号,飲食店営業,令和7年10月10日,令和7年10月10日,令和14年10月31日
2287,東京都世田谷区上馬三丁目１８番７号,ＫＯＭＡＺＡＷＡ　Ｐａｒｋ　Ｑｕａｒｔｅｒ,ウッドベリーコーヒー駒澤店,株式会社ウッドベリーコーヒー,6805-4850,7世保生食ほ第889号,飲食店営業,令和7年10月10日,令和7年10月10日,令和14年10月31日
2288,東京都世田谷区上馬三丁目１８番７号,ＫＯＭＡＺＡＷＡ　ＰＡＲＫ　Ｑｕａｒｔｅｒ　４Ｆ,Ａｂｕｒｉ　ＴＯＲＡ　熟成鮨と炙り鮨　駒沢店,株式会社　Ａｂｕｒｉ　Ｔｏｒａ　Ｊａｐａｎ,5787-5367,7世保生食ほ第890号,飲食店営業,令和7年10月10日,令和7年10月10日,令和14年10月31日
2289,東京都世田谷区上馬三丁目１８番１１号,エルフレア駒沢２Ｆ,サイゼリヤ駒沢大学駅東口店,株式会社サイゼリヤ,03-5779-6451,3世保生食ほ第756号,飲食店営業,令和3年8月1日,令和3年8月1日,令和10年7月31日
2290,東京都世田谷区上馬三丁目１８番１２号,-,ドトールコーヒーショップ　駒沢大学駅前店,株式会社ドトールコーヒー,-,4世保生食ほ第785号,飲食店営業,令和4年8月26日,令和4年8月26日,令和11年8月31日
2291,東京都世田谷区上馬三丁目１８番１４号,１Ｆ２Ｆ,ファミリーマート駒沢大学駅前店,エイ・ケイ・フランチャイズシステム株式会社,5431-5074,3世保生食ほ第1383号,飲食店営業,令和3年11月1日,令和3年11月1日,令和10年10月31日
2292,東京都世田谷区上馬四丁目１番３号,-,セブンイレブン世田谷上馬４丁目店,***,03-3414-3866,3世保生食ほ第517号,飲食店営業,令和3年6月16日,令和3年6月16日,令和10年6月30日
2293,東京都世田谷区上馬四丁目２番６号,第五東和ビル　サンシティー東和１０１,ＮＥＰＡＬＩＣＯ,株式会社ＮＥＰＡＬＩＣＯ,6804-0576,7世保生食ほ第414号,飲食店営業,令和7年8月1日,令和7年8月1日,令和14年7月31日
2294,東京都世田谷区上馬四丁目２番２０号,-,ＣＯＲＩ．,株式会社ヴィーガンモンスター,03-6450-7556,7世保生食ほ第987号,飲食店営業,令和7年11月1日,令和7年11月1日,令和14年10月31日
2295,東京都世田谷区上馬四丁目２番２６号,-,串焼ジョージ,***,-,2世保生食ほ第2669号,飲食店営業,令和3年3月31日,令和3年3月31日,令和9年3月31日
2296,東京都世田谷区上馬四丁目３番,田園都市線駒沢大学駅構内　Ｄ区画,サーティワンＴｏＧｏ　駒沢大学駅店,株式会社エムシーアイ,-,6世保生食ほ第911号,飲食店営業,令和6年10月15日,令和6年10月15日,令和12年10月31日
2297,東京都世田谷区上馬四丁目３番,-,ゴンチャ　駒沢大学駅前店,株式会社アレフ,03-6805-4333,6世保生食ほ第1246号,飲食店営業,令和6年12月10日,令和6年12月10日,令和13年12月31日
2298,東京都世田谷区上馬四丁目３番,-,猿田彦珈琲　駒沢大学駅,猿田彦珈琲株式会社,03-6805-3300,6世保生食ほ第1332号,飲食店営業,令和6年12月17日,令和6年12月17日,令和13年12月31日
2299,東京都世田谷区上馬四丁目３番３号,西本アカデミーハイツ１Ｆ,ファミリーマート駒沢大学駅西口店,株式会社ＴＫＯ,5431-5498,3世保生食ほ第2098号,飲食店営業,令和4年4月1日,令和4年4月1日,令和11年3月31日
2300,東京都世田谷区上馬四丁目４番２号,-,アンテンドゥ駒沢店,株式会社アンテンドゥ,03-5481-5533,3世保生食ほ第2038号,飲食店営業,令和4年3月1日,令和4年3月1日,令和11年2月28日
2301,東京都世田谷区上馬四丁目４番２号,-,みんなの駒沢屋,株式会社パワー・ボム,5433-2030,2世保生食ほ第533号,飲食店営業,令和2年6月30日,令和2年6月30日,令和8年6月30日
2302,東京都世田谷区上馬四丁目５番１号,円山荘１階,ナポリスタカ　駒沢店,株式会社Ｆｅｒｄｙ．Ｅ,6450-9284,4世保生食ほ第886号,飲食店営業,令和4年11月1日,令和4年11月1日,令和11年10月31日
2303,東京都世田谷区上馬四丁目５番２号,-,株式会社ａｍａｃｏｖｅｎ,株式会社ａｍａｃｏｖｅｎ,03-3487-8869,6世保生食ほ第362号,飲食店営業,令和6年7月1日,令和6年7月1日,令和12年6月30日
2304,東京都世田谷区上馬四丁目５番２号,-,株式会社ａｍａｃｏｖｅｎ,株式会社ａｍａｃｏｖｅｎ,03-3487-8869,6世保生食ほ第363号,菓子製造業,令和6年7月1日,令和6年7月1日,令和12年6月30日
2305,東京都世田谷区上馬四丁目５番２号,ＬＡＩＲ　Ｋ　２階,Ｊｏｉｅ,***,-,7世保生食ほ第1693号,飲食店営業,令和8年3月12日,令和8年3月12日,令和14年3月31日
2306,東京都世田谷区上馬四丁目５番２号,ＬＡＩＲ　Ｋ　２階,Ｊｏｉｅ,***,-,7世保生食ほ第1694号,そうざい製造業,令和8年3月12日,令和8年3月12日,令和14年3月31日
2307,東京都世田谷区上馬四丁目５番３号,-,コロッケ西郷亭　駒澤店,株式会社西郷亭,3410-6826,2世保生食ほ第997号,飲食店営業,平成10年9月14日,令和2年10月1日,令和9年9月30日
2308,東京都世田谷区上馬四丁目５番５号,パストラーレ駒沢３Ｆ,ワイン居酒屋ＭＥＲＣＡＴＯ,***,3487-3636,2世保生食ほ第333号,飲食店営業,平成18年6月8日,令和2年7月1日,令和9年6月30日
2309,東京都世田谷区上馬四丁目５番５号,パストラーレ駒沢３Ｆ,ワイン居酒屋ＭＥＲＣＡＴＯ,***,3487-3636,2世保生食ほ第334号,菓子製造業,令和2年6月1日,令和2年6月1日,令和9年5月31日
2310,東京都世田谷区上馬四丁目５番５号,パストラーレ駒沢３Ｆ,ワイン居酒屋ＭＥＲＣＡＴＯ,***,3487-3636,6世保生食ほ第1281号,そうざい製造業,令和6年11月29日,令和6年11月29日,令和13年11月30日
2311,東京都世田谷区上馬四丁目５番５号,パストラーレ駒沢２Ｆ,焼鳥　恵,***,6804-0850,31世保生食ほ第1024号,飲食店営業,令和元年9月9日,令和元年9月9日,令和8年9月30日
2312,東京都世田谷区上馬四丁目６番７号,-,セブン・イレブン駒沢病院前店,***,3410-0190,31世保生食ほ第2957号,飲食店営業,平成20年4月17日,令和2年5月1日,令和8年4月30日
2313,東京都世田谷区上馬四丁目６番７号,-,セブン・イレブン駒沢病院前店,***,3410-0190,7世保生食ほ第1954号,飲食店営業,令和8年5月1日,令和8年5月1日,令和14年4月30日
2314,東京都世田谷区上馬四丁目６番８号,-,食ノ音色,株式会社ＳＴＳ　ＤＲＥＡＭ,-,2世保生食ほ第2432号,飲食店営業,令和3年3月29日,令和3年3月29日,令和9年3月31日
2315,東京都世田谷区上馬四丁目６番８号,-,ワシワシ東京,株式会社空き地企画,-,5世保生食ほ第1413号,飲食店営業,令和5年12月12日,令和5年12月12日,令和11年12月31日
2316,東京都世田谷区上馬四丁目６番８号,-,ワシワシ東京,株式会社空き地企画,-,5世保生食ほ第1702号,そうざい製造業,令和6年2月20日,令和6年2月20日,令和11年12月31日
2317,東京都世田谷区上馬四丁目７番８号,ミーナ駒沢１Ｆ,十香　ＴＯ－ＫＡ,有限会社トーカ,03-6310-9720,5世保生食ほ第812号,飲食店営業,令和5年9月1日,令和5年9月1日,令和11年8月31日
2318,東京都世田谷区上馬四丁目７番９号,-,マイキッチン　たきたて,***,3422-5659,6世保生食ほ第1095号,飲食店営業,令和6年12月1日,令和6年12月1日,令和13年11月30日
2319,東京都世田谷区上馬四丁目７番９号,クレールメゾン１０２号,株式会社　スイレン,株式会社スイレン,5787-8660,4世保生食ほ第1616号,飲食店営業,令和5年2月1日,令和5年2月1日,令和11年1月31日
2320,東京都世田谷区上馬四丁目１０番１号,-,城南信用金庫　駒沢支店食堂,有限会社水間,03-3414-3161,5世保生食ほ第1838号,飲食店営業,令和6年3月14日,令和6年3月14日,令和13年3月31日
2321,東京都世田谷区上馬四丁目１１番９号,-,ｋｏｋｏｃａｒａ,***,-,5世保生食ほ第1361号,飲食店営業,令和5年11月30日,令和5年11月30日,令和11年11月30日
2322,東京都世田谷区上馬四丁目１１番２０号,-,駒沢Ｃａｍｉｔｅｄ,株式会社Ｃａｍｉｔｅｄ,03-3795-2290,3世保生食ほ第631号,飲食店営業,令和3年6月14日,令和3年6月14日,令和9年6月30日
2323,東京都世田谷区上馬四丁目１１番２５号,Ｋ＆Ｆ駒沢,グルテンフリー　上馬食堂,合同会社靖組,6804-0407,2世保生食ほ第722号,飲食店営業,令和2年7月31日,令和2年7月31日,令和9年7月31日
2324,東京都世田谷区上馬四丁目１１番２６号,パレス駒沢１Ｆ,らーめん　屋台屋,***,3411-5108,2世保生食ほ第2502号,飲食店営業,平成19年3月9日,令和3年4月1日,令和10年3月31日
2325,東京都世田谷区上馬四丁目１１番２６号,パレス駒沢１Ｆ,そば蔵,株式会社トゥギャザーアップ,03-3419-1669,5世保生食ほ第418号,飲食店営業,令和5年6月19日,令和5年6月19日,令和12年6月30日
2326,東京都世田谷区上馬四丁目１７番７号,コーポ米澤Ｂ１,希渡辺商会,***,-,5世保生食ほ第293号,飲食店営業,令和5年5月26日,令和5年5月26日,令和11年5月31日
2327,東京都世田谷区上馬四丁目１７番１１号,-,居酒屋　京鴨,***,3487-6316,31世保生食ほ第2392号,飲食店営業,平成8年3月22日,令和2年4月1日,令和8年3月31日
2328,東京都世田谷区上馬四丁目３０番６号,-,チャームスイート世田谷上馬,株式会社ＨＩＴＯＷＡ,5433-3587,4世保生食ほ第1199号,飲食店営業,令和4年11月4日,令和4年11月4日,令和11年11月30日
2329,東京都世田谷区上馬四丁目３５番１２号,-,洋食屋のむら,***,3410-1670,31世保生食ほ第917号,飲食店営業,昭和63年8月9日,令和元年9月1日,令和8年8月31日
2330,東京都世田谷区上馬四丁目３５番１２号,野村ビル１０２,ＫＴＲ’ｓ　ＢＡＲ,***,3411-2211,2世保生食ほ第1518号,飲食店営業,平成25年11月5日,令和2年12月1日,令和9年11月30日
2331,東京都世田谷区上馬四丁目３６番９号,-,デイホーム上馬　食堂,ジャパンウェルネス株式会社,03-5431-1475,3世保生食ほ第2210号,飲食店営業,令和4年4月1日,令和4年4月1日,令和11年3月31日
2332,東京都世田谷区上馬四丁目３６番１９号,ベルエアー上馬１Ｆ,ナポリの窯・ストロベリーコーンズ上馬店,株式会社ストロベリーコーンズ,03-5431-3883,4世保生食ほ第1364号,飲食店営業,令和5年1月1日,令和5年1月1日,令和11年12月31日
2333,東京都世田谷区上馬四丁目３９番９号,-,居酒屋デリファシャス食堂,株式会社Ｓｗｅｅｎｙ,-,4世保生食ほ第160号,飲食店営業,令和4年5月1日,令和4年5月1日,令和11年4月30日
2334,東京都世田谷区上馬四丁目３９番９号,-,焼肉やっぱ。駒沢店,株式会社Ｙａｐｐａ,03-5787-8890,4世保生食ほ第1111号,飲食店営業,令和4年10月26日,令和4年10月26日,令和11年10月31日
2335,東京都世田谷区上馬四丁目４１番４号,ニューウェルハイツ上馬１０１,Ｄｅｔｒｏｉｔ　Ｍｅａｔ　Ｃｈｏｐｐｅｒｓ,***,3795-2969,2世保生食ほ第2481号,飲食店営業,平成26年3月26日,令和3年4月1日,令和10年3月31日
2336,東京都世田谷区上馬五丁目１９番１６号,-,デリカ葵,有限会社デリカ葵,3426-3458,2世保生食ほ第52号,飲食店営業,平成11年7月8日,令和2年8月1日,令和9年7月31日
2337,東京都世田谷区上馬五丁目２１番１１号,明治安田生命世田谷ビル４階,学童クラブ　みんぷれ上馬／ＴＴＤｉｎｉｎｇ上馬,社会福祉法人正道会,03-6432-6290,6世保生食ほ第1784号,飲食店営業,令和7年3月28日,令和7年3月28日,令和14年3月31日
2338,東京都世田谷区上馬五丁目２６番１４号,-,ガスト　世田谷上馬店,株式会社すかいらーくレストランツ,03-5477-7981,5世保生食ほ第1150号,飲食店営業,令和5年12月1日,令和5年12月1日,令和12年11月30日
2339,東京都世田谷区上馬五丁目３０番１５号,-,ライムンダケータリングサービス,***,-,2世保生食ほ第1495号,飲食店営業,令和2年11月10日,令和2年11月10日,令和9年11月30日
2340,東京都世田谷区上馬五丁目３０番１５号,-,ライムンダケータリングサービス,***,-,3世保生食ほ第2144号,菓子製造業,令和4年3月3日,令和4年3月3日,令和11年3月31日
2341,東京都世田谷区上馬五丁目３２番１４号,Ｂ１Ｆ,０Ｈ２８２３,グリーンホスピタリティフードサービス株式会社,3424-8831,7世保生食ほ第279号,飲食店営業,令和7年7月1日,令和7年7月1日,令和15年6月30日
2342,東京都世田谷区上馬五丁目３５番２５号,ＪＬＢグランエクリュ三軒茶屋２０１号,株式会社　日本インペックス,株式会社日本インペックス,3425-1421,6世保生食ほ第775号,菓子製造業,令和6年9月4日,令和6年9月4日,令和12年9月30日
2343,東京都世田谷区上馬五丁目３８番９号,-,＆Ｂａｒ,***,6822-5828,2世保生食ほ第1009号,飲食店営業,令和2年9月2日,令和2年9月2日,令和8年9月30日
2344,東京都世田谷区上馬五丁目３８番９号,２階,オリバー　ノリバー,***,5787-5579,4世保生食ほ第1254号,飲食店営業,令和4年11月4日,令和4年11月4日,令和10年11月30日
2345,東京都世田谷区上馬五丁目３８番１０号,-,大松寿し,***,3422-3362,7世保生食ほ第1012号,飲食店営業,令和7年12月1日,令和7年12月1日,令和13年11月30日
2346,東京都世田谷区上馬五丁目３８番１０号,キリンビル　Ｂ１,Ｌａ　ｌｕｎａ　ｌｌｅｎａ（ラ　ルナ　ジェナ）,***,3411-7714,31世保生食ほ第2694号,飲食店営業,平成20年4月30日,令和2年5月1日,令和8年4月30日
2347,東京都世田谷区上馬五丁目３８番１４号,-,セブンイレブン世田谷上馬５丁目店,ライズ株式会社,03-3414-1277,3世保生食ほ第494号,飲食店営業,令和3年6月16日,令和3年6月16日,令和10年6月30日
2348,東京都世田谷区上馬五丁目３９番２０号,アネックス世田谷　倉庫　１棟,Ｊｕｎｃｔｉｏｎ,株式会社ＳＵＰＥＲ　ＢＬＯＯＭ,-,5世保生食ほ第569号,飲食店営業,令和5年7月20日,令和5年7月20日,令和11年7月31日
2349,東京都世田谷区上馬五丁目４０番１３号,-,ブランジュリー　パリの空の下,***,-,3世保生食ほ第1304号,飲食店営業,令和3年11月1日,令和3年11月1日,令和9年10月31日
2350,東京都世田谷区上馬五丁目４０番１３号,-,ブランジュリー　パリの空の下,***,-,3世保生食ほ第1305号,菓子製造業,令和3年11月1日,令和3年11月1日,令和9年10月31日
2351,東京都世田谷区上馬五丁目４０番１３号,-,どら寿庵,***,-,2世保生食ほ第1147号,菓子製造業,令和2年9月25日,令和2年9月25日,令和8年9月30日
2352,東京都世田谷区上馬五丁目４０番１４号,コーポ１４　１Ｆ,クチーナ　イタリアーナ　エンネ,***,6802-0502,6世保生食ほ第1866号,飲食店営業,令和7年4月2日,令和7年4月2日,令和14年4月30日
2353,東京都世田谷区駒沢一丁目２番２５号,駒沢１・２ビル,ミニストップ駒沢１丁目店,株式会社Ｋｅｉ　ｓｈｏｐ,03-5486-6011,5世保生食ほ第253号,飲食店営業,令和5年5月29日,令和5年5月29日,令和12年5月31日
2354,東京都世田谷区駒沢一丁目２番３１号,１Ｆ,Ａｓｉａｎ　Ｂｉｓｔｒｏ　Ｄａｉ　駒沢,株式会社プレジャーカンパニー,6805-5144,3世保生食ほ第1240号,飲食店営業,令和3年10月1日,令和3年10月1日,令和10年9月30日
2355,東京都世田谷区駒沢一丁目４番７号,-,ふう家,株式会社エスマイル,03-4560-4177,6世保生食ほ第1575号,そうざい製造業,令和7年2月5日,令和7年2月5日,令和12年6月30日
2356,東京都世田谷区駒沢一丁目４番７号,-,ふう家,株式会社エスマイル,03-4560-4177,6世保生食ほ第343号,飲食店営業,令和6年6月19日,令和6年6月19日,令和12年6月30日
2357,東京都世田谷区駒沢一丁目４番８号,-,増田屋,北越食品株式会社,3414-7653,2世保生食ほ第689号,飲食店営業,平成6年8月23日,令和2年9月1日,令和9年8月31日
2358,東京都世田谷区駒沢一丁目４番１０号,佐伯ビル１Ｆ,Ｂａｒ　Ｅｍｐｔｙ,***,3487-7000,5世保生食ほ第1887号,飲食店営業,令和6年5月1日,令和6年5月1日,令和12年4月30日
2359,東京都世田谷区駒沢一丁目４番１０号,佐伯ビル１Ｆ,タイカリー　ピキヌー,有限会社キャスパーアンドカンパニー,3422-7702,5世保生食ほ第653号,飲食店営業,令和5年9月1日,令和5年9月1日,令和11年8月31日
2360,東京都世田谷区駒沢一丁目４番１０号,佐伯ビル１Ｆ,トラットリア　ピッツェリア　カプリチョ―ザ　駒沢大学店,株式会社伊太利亜飯店華婦里蝶座,6450-8105,7世保生食ほ第619号,飲食店営業,令和7年9月1日,令和7年9月1日,令和14年8月31日
2361,東京都世田谷区駒沢一丁目４番１０号,佐伯ビル１Ｆ,ＲＯＣＫＥＴ◎ＳＯＣＫＥＴ,株式会社ブルーム,3419-0619,6世保生食ほ第1322号,飲食店営業,令和7年1月1日,令和7年1月1日,令和12年12月31日
2362,東京都世田谷区駒沢一丁目４番１０号,佐伯ビル１Ｆ,玄（ＫＵＲＯ）,株式会社ニューヨークキャピタルアドバイザーズ,6805-4280,7世保生食ほ第1081号,飲食店営業,令和7年12月1日,令和7年12月1日,令和13年11月30日
2363,東京都世田谷区駒沢一丁目４番１１号,Ｋハウスツノダ１階,ＲＡＦＦＬＥＳ　ＣＡＦＥ,合同会社グローバルグロサリー,6450-9733,2世保生食ほ第1164号,飲食店営業,令和2年9月18日,令和2年9月18日,令和9年9月30日
2364,東京都世田谷区駒沢一丁目４番１１号,Ｋハウスツノダ１階,ＲＡＦＦＬＥＳ　ＣＡＦＥ,合同会社グローバルグロサリー,6450-9733,2世保生食ほ第1165号,菓子製造業,令和2年9月18日,令和2年9月18日,令和9年9月30日
2365,東京都世田谷区駒沢一丁目４番１１号,Ｋハウスツノダ,ＫＩＫＹＯＹＡ　ＯＲＩＩ　東京駒沢店,株式会社えん,-,4世保生食ほ第1067号,菓子製造業,令和4年10月19日,令和4年10月19日,令和11年10月31日
2366,東京都世田谷区駒沢一丁目４番１５号,真井ビル,㈱三菱ＵＦＪ銀行駒沢大学駅前支店行員食堂,株式会社ＬＥＯＣ,5430-7311,6世保生食ほ第740号,飲食店営業,令和6年10月1日,令和6年10月1日,令和13年9月30日
2367,東京都世田谷区駒沢一丁目４番１５号,真井ビルＢ１,マクドナルド駒沢大学店,クォリティフーズ株式会社,5430-7130,31世保生食ほ第2760号,飲食店営業,令和2年3月12日,令和2年3月12日,令和9年3月31日
2368,東京都世田谷区駒沢一丁目４番１５号,真井ビルＢ１,マクドナルド駒沢大学店,クォリティフーズ株式会社,5430-7130,31世保生食ほ第2761号,菓子製造業,令和2年3月12日,令和2年3月12日,令和9年3月31日
2369,東京都世田谷区駒沢一丁目４番１５号,真井ビルＢ１,マクドナルド駒沢大学店,クォリティフーズ株式会社,5430-7130,31世保生食ほ第2762号,アイスクリーム類製造業,令和2年3月12日,令和2年3月12日,令和9年3月31日
2370,東京都世田谷区駒沢一丁目４番１８号,ペール駒沢ビル２階,炭火串焼と旬鮮料理の店　旬八　駒澤大学駅前店,アルボ株式会社,03-5779-7861,6世保生食ほ第1514号,飲食店営業,令和7年3月1日,令和7年3月1日,令和14年2月29日
2371,東京都世田谷区駒沢一丁目４番１８号,ペール駒沢Ｂ１Ｆ,大戸屋ごはん処　駒沢大学駅前店,株式会社Ｔ＆Ａ,03-3414-7930,6世保生食ほ第1688号,飲食店営業,令和7年4月1日,令和7年4月1日,令和14年3月31日
2372,東京都世田谷区駒沢一丁目５番９号,ＮＩＣアーバンハイム駒沢公園１０１号室,串カツ田中駒沢店,株式会社マルハンダイニング,03-6805-3395,7世保生食ほ第723号,飲食店営業,令和7年9月1日,令和7年9月1日,令和14年8月31日
2373,東京都世田谷区駒沢一丁目５番９号,アーバンハイム駒沢公園１０２号,駒沢スタンド?,株式会社ＰＬＡＣＥ,-,4世保生食ほ第1761号,飲食店営業,令和5年3月10日,令和5年3月10日,令和12年3月31日
2374,東京都世田谷区駒沢一丁目５番１３号,ビラ・アぺックス駒沢１・２Ｆ,餃子の福包　駒沢店,株式会社福包,6450-9925,31世保生食ほ第259号,飲食店営業,平成24年5月22日,令和元年6月1日,令和8年5月31日
2375,東京都世田谷区駒沢一丁目５番１３号,ビラアペックス駒沢１０Ｆ,バー　ブレンダ,株式会社Ｔｈｒｅｅ　ｎｉｎｅ,6413-8213,2世保生食ほ第595号,飲食店営業,令和2年7月13日,令和2年7月13日,令和8年7月31日
2376,東京都世田谷区駒沢一丁目５番１３号,４階３Ｈ,ＳＩＳＴＥＲＳ　ＣＵＲＲＹ　,合同会社一念,-,6世保生食ほ第1469号,菓子製造業,令和7年1月15日,令和7年1月15日,令和14年1月31日
2377,東京都世田谷区駒沢一丁目５番１３号,４階３Ｈ,ＳＩＳＴＥＲＳ　ＣＵＲＲＹ　,合同会社一念,-,6世保生食ほ第744号,飲食店営業,令和6年8月23日,令和6年8月23日,令和13年8月31日
2378,東京都世田谷区駒沢一丁目５番１３号,ビラ・アペックス駒沢３Ｃ,御殿山カレー,株式会社オーシャンズ,-,6世保生食ほ第1089号,飲食店営業,令和6年10月29日,令和6年10月29日,令和13年10月31日
2379,東京都世田谷区駒沢一丁目５番１３号,３Ａ,味楽小食堂,峰杭商事株式会社,-,7世保生食ほ第551号,飲食店営業,令和7年7月25日,令和7年7月25日,令和14年7月31日
2380,東京都世田谷区駒沢一丁目５番１４号,-,天下一品　駒沢店,有限会社天一,3412-0815,6世保生食ほ第617号,飲食店営業,令和6年8月1日,令和6年8月1日,令和12年7月31日
2381,東京都世田谷区駒沢一丁目５番１４号,玉川ビルⅡ　３０１,ＪＩＮＧＥＲ　Ｂａｓｅ,株式会社ＪＩＮＧＥＲ　Ｂａｓｅ,03-5930-3352,4世保生食ほ第1756号,飲食店営業,令和5年3月6日,令和5年3月6日,令和11年3月31日
2382,東京都世田谷区駒沢一丁目５番１５号,-,松屋　駒沢店,株式会社松屋フーズ,-,6世保生食ほ第530号,飲食店営業,令和6年8月1日,令和6年8月1日,令和13年7月31日
2383,東京都世田谷区駒沢一丁目５番１６号,ＧｒａｎＤｕｏ駒沢Ⅷ１階,ＧＯＤＢＬＵＦＦ,ＧＯＤＢＬＵＦＦ株式会社,4361-8964,2世保生食ほ第2434号,飲食店営業,令和3年2月26日,令和3年2月26日,令和9年2月28日
2384,東京都世田谷区駒沢一丁目５番１６号,１Ｆ,Ｈａｐｐｙ　Ｈａｋｋｏ　Ｓｔａｎｄ,ＶＥＧＡ株式会社,-,7世保生食ほ第477号,飲食店営業,令和7年7月4日,令和7年7月4日,令和13年7月31日
2385,東京都世田谷区駒沢一丁目５番１６号,１Ｆ,Ｈａｐｐｙ　Ｈａｋｋｏ　Ｓｔａｎｄ,ＶＥＧＡ株式会社,-,7世保生食ほ第938号,酒類製造業,令和7年10月21日,令和7年10月21日,令和13年7月31日
2386,東京都世田谷区駒沢一丁目６番１６号,Ｌｕｃｅ　Ｋｏｍａｚａｗａ,ｖｉｃｉｎａｔｏ,株式会社ＮＯＳＡＫＡ　ＣＯＭＭＵＮＩＴＹ　ＤＥＶＥＬＯＰＭＥＮＴ,-,6世保生食ほ第1435号,飲食店営業,令和7年1月22日,令和7年1月22日,令和13年1月31日
2387,東京都世田谷区駒沢一丁目１３番１２号,タカシビル１Ｆ,ファミリーマート駒沢一丁目店,Ｉ’ｓ株式会社,5779-8381,6世保生食ほ第657号,飲食店営業,令和6年9月1日,令和6年9月1日,令和13年8月31日
2388,東京都世田谷区駒沢一丁目１６番７号,駒沢中村ビル１Ｆ,やよい軒　駒沢店,株式会社プレナス,5431-5131,2世保生食ほ第1220号,飲食店営業,平成25年10月23日,令和2年11月1日,令和9年10月31日
2389,東京都世田谷区駒沢一丁目１７番１１号,駒沢Ｎ・Ｓビル　Ｂ１Ｆ,ａｓｏＢＩＢＡ,ａｓｏＢＩＢＡ　Ｅｎｔｅｒｔａｉｎｍｅｎｔ株式会社,03-3411-4941,3世保生食ほ第725号,飲食店営業,令和3年8月1日,令和3年8月1日,令和9年7月31日
2390,東京都世田谷区駒沢一丁目１７番１１号,バスクコート１０１,ａｒｏｉ　ｃａｆｅ,***,-,3世保生食ほ第412号,飲食店営業,令和3年5月31日,令和3年5月31日,令和9年5月31日
2391,東京都世田谷区駒沢一丁目１７番１４号,-,お好み焼・鉄板焼　陳屯酒,***,3424-9884,2世保生食ほ第2094号,飲食店営業,平成元年2月3日,令和3年3月1日,令和9年2月28日
2392,東京都世田谷区駒沢一丁目１７番１４号,-,ＦＡＲＭＥＲＳ’　ＪＵＩＣＥ　ＴＯＫＹＯ,ＳＫＣフード株式会社,03-6450-9097,2世保生食ほ第2520号,飲食店営業,平成27年3月18日,令和3年4月1日,令和9年3月31日
2393,東京都世田谷区駒沢一丁目１７番１４号,-,ＦＡＲＭＥＲＳ’　ＪＵＩＣＥ　ＴＯＫＹＯ,ＳＫＣフード株式会社,03-6450-9097,2世保生食ほ第2521号,菓子製造業,平成27年3月18日,令和3年4月1日,令和9年3月31日
2394,東京都世田谷区駒沢一丁目１７番１４号,-,オーガニック日本茶と畳カフェ　ＴＥＡＴＡＴＡＭＯ駒沢店,株式会社Ｐａｓｓ,-,5世保生食ほ第600号,飲食店営業,令和5年7月20日,令和5年7月20日,令和11年7月31日
2395,東京都世田谷区駒沢一丁目１７番１５号,アルコ駒沢ビル１Ｆ,駒沢　魚庵　直,株式会社ナオコネクト,03-6450-7313,3世保生食ほ第703号,飲食店営業,令和3年6月24日,令和3年6月24日,令和10年6月30日
2396,東京都世田谷区駒沢一丁目１７番１５号,アルコ駒沢２０１,Ｋｏｍａｚａｗａ　Ｂａｓｅ,株式会社ＤｅＧｅ,03-5432-9660,3世保生食ほ第2300号,飲食店営業,令和4年3月23日,令和4年3月23日,令和10年3月31日
2397,東京都世田谷区駒沢一丁目１７番１５号,渡会ビル　２Ｆ　２０１,酒肴　ちそ,***,03-5432-9166,4世保生食ほ第756号,飲食店営業,令和4年8月9日,令和4年8月9日,令和11年8月31日
2398,東京都世田谷区駒沢一丁目１７番１７号,-,ローソン駒沢一丁目店,株式会社ＯＨＡＮＡ,3413-0563,31世保生食ほ第212号,飲食店営業,平成24年5月8日,令和元年6月1日,令和8年5月31日
2399,東京都世田谷区駒沢一丁目１７番１７号,-,ローソン駒沢一丁目店,株式会社ＯＨＡＮＡ,3413-0563,31世保生食ほ第213号,菓子製造業,平成24年5月8日,令和元年6月1日,令和8年5月31日
2400,東京都世田谷区駒沢一丁目２０番４号,駒沢カドビル２Ｆ,牛角　駒澤大学前店,株式会社レインズインターナショナル,6453-2029,2世保生食ほ第376号,食肉販売業,令和2年5月27日,令和2年5月27日,令和9年5月31日
2401,東京都世田谷区駒沢一丁目２０番７号,１Ｆ,東京焼き鳥専門店　チキン野郎　駒沢総本店,株式会社ゴキゲンファミリー,6450-7829,2世保生食ほ第2394号,飲食店営業,令和3年3月5日,令和3年3月5日,令和9年3月31日
2402,東京都世田谷区駒沢一丁目２０番７号,ＧＯＫＩＧＥＮ　ＢＬＤＧ　２階,弱肉強食,株式会社ゴキゲンファミリー,6450-9366,2世保生食ほ第2849号,飲食店営業,令和3年4月2日,令和3年4月2日,令和10年4月30日
2403,東京都世田谷区駒沢一丁目２０番７号,３階,ファミリーキッチン,株式会社ゴキゲンファミリー,03-6450-7969,4世保生食ほ第1432号,そうざい製造業,令和4年12月19日,令和4年12月19日,令和11年12月31日
2404,東京都世田谷区駒沢一丁目２０番７号,グランドメゾン駒沢パーク２Ｆ,Ｃａｆｅ＆Ｂａｒ　Ｌａｋｉ,株式会社Ｅｉｄｒｉａｎ,-,6世保生食ほ第377号,飲食店営業,令和6年6月25日,令和6年6月25日,令和12年6月30日
2405,東京都世田谷区駒沢一丁目２０番７号,グランドメゾン駒沢パーク２Ｆ,Ｃａｆｅ＆Ｂａｒ　Ｌａｋｉ,株式会社Ｅｉｄｒｉａｎ,-,6世保生食ほ第384号,菓子製造業,令和6年6月25日,令和6年6月25日,令和12年6月30日
2406,東京都世田谷区駒沢一丁目２０番８号,アトリエ駒澤１階,Ｇｏｌｄｅｎ　Ｔｉｍｅ　Ｉｓ　Ｙｏｕｒｓ,株式会社メロートリップ,03-6450-8841,2世保生食ほ第2011号,飲食店営業,平成27年1月27日,令和3年2月1日,令和9年1月31日
2407,東京都世田谷区駒沢一丁目２１番１号,-,昭和製菓株式会社,昭和製菓株式会社,03-3411-2390,6世保生食ほ第1088号,菓子製造業,令和6年12月1日,令和6年12月1日,令和13年11月30日
2408,東京都世田谷区駒沢一丁目２３番１号,-,銀座スエヒロ　駒沢大学　学生食堂,銀座スエヒロカフェテリアサービス株式会社,03-3418-9575,6世保生食ほ第1417号,飲食店営業,令和7年2月1日,令和7年2月1日,令和14年1月31日
2409,東京都世田谷区駒沢一丁目２３番１号,-,セブン－イレブン駒澤大学店,株式会社ＫＵサポート,6804-0190,3世保生食ほ第439号,飲食店営業,令和3年6月7日,令和3年6月7日,令和10年6月30日
2410,東京都世田谷区駒沢一丁目２３番１号,駒澤大学内,丸亀製麺　駒澤大学店,株式会社丸亀製麺,03-3419-6680,6世保生食ほ第1822号,飲食店営業,令和7年4月1日,令和7年4月1日,令和14年3月31日
2411,東京都世田谷区駒沢一丁目２３番１号,駒澤大学１３０周年記念棟１Ｆ食堂,ヴィドフランス,株式会社ヴィ・ド・フランス,6450-8207,6世保生食ほ第1779号,飲食店営業,令和7年4月1日,令和7年4月1日,令和14年3月31日
2412,東京都世田谷区駒沢一丁目２４番５号,グレイシャス駒沢公園　１階,スターバックスコーヒー駒沢１丁目店,スターバックスコーヒージャパン株式会社,03-5431-5915,4世保生食ほ第1378号,飲食店営業,令和5年1月1日,令和5年1月1日,令和11年12月31日
2413,東京都世田谷区駒沢二丁目１番２号,-,セブンイレブン世田谷駒沢大学駅西店,合資会社深沢商会,3424-5567,3世保生食ほ第526号,飲食店営業,令和3年6月22日,令和3年6月22日,令和10年6月30日
2414,東京都世田谷区駒沢二丁目１番３号,伊東ビル１Ｆ,山内農場,株式会社モンテローザフーズ,3424-5388,2世保生食ほ第2846号,飲食店営業,平成26年4月21日,令和3年5月1日,令和10年4月30日
2415,東京都世田谷区駒沢二丁目１番３号,伊東ビル２Ｆ,駒沢よし鳥,株式会社ＹＯＳＨＩＣＨＯ,03-5486-8489,2世保生食ほ第115号,飲食店営業,令和2年4月16日,令和2年4月16日,令和8年4月30日
2416,東京都世田谷区駒沢二丁目１番３号,伊東ビル２Ｆ,駒沢よし鳥,株式会社ＹＯＳＨＩＣＨＯ,03-5486-8489,7世保生食ほ第1845号,飲食店営業,令和8年5月1日,令和8年5月1日,令和14年4月30日
2417,東京都世田谷区駒沢二丁目１番６号,あらい小路１ーＢ,Ｊｕｎｅｌｉ,***,6805-4733,7世保生食ほ第532号,飲食店営業,令和7年8月1日,令和7年8月1日,令和13年7月31日
2418,東京都世田谷区駒沢二丁目２番１号,フェリーチェ駒沢１Ｆ,豆善,株式会社エクセルリビング,-,5世保生食ほ第1354号,飲食店営業,令和5年11月30日,令和5年11月30日,令和11年11月30日
2419,東京都世田谷区駒沢二丁目２番１５号,-,駒沢病院,富士産業株式会社,03-3424-2515,6世保生食ほ第684号,飲食店営業,令和6年9月1日,令和6年9月1日,令和13年8月31日
2420,東京都世田谷区駒沢二丁目２番１７号,-,スナック　エリカ,***,03-3487-7876,3世保生食ほ第892号,飲食店営業,令和3年9月1日,令和3年9月1日,令和9年8月31日
2421,東京都世田谷区駒沢二丁目５番１４号,Ｋハウス駒沢１０２号,世田谷酒場　時代おくれ,***,-,6世保生食ほ第642号,飲食店営業,令和6年9月1日,令和6年9月1日,令和12年8月31日
2422,東京都世田谷区駒沢二丁目５番１４号,Ｋハウス駒沢Ｂ１Ｆ,地理系ブックカフェ　空想地図,***,03-6450-7085,4世保生食ほ第921号,飲食店営業,令和4年9月7日,令和4年9月7日,令和11年9月30日
2423,東京都世田谷区駒沢二丁目７番１号,-,カフェ・ベローチェ駒沢店,Ｃ－Ｕｎｉｔｅｄ株式会社,03-5712-3387,4世保生食ほ第231号,飲食店営業,令和4年6月1日,令和4年6月1日,令和10年5月31日
2424,東京都世田谷区駒沢二丁目１０番６号,-,世田谷区立駒沢小学校,株式会社サンユー,03-3424-0855,3世保生食ほ第176号,飲食店営業,令和3年4月28日,令和3年4月28日,令和10年4月30日
2425,東京都世田谷区駒沢二丁目１１番１号,駒沢フォーラムガーデン１Ｆ,ローソン世田谷駒沢二丁目店,有限会社岩崎企画,03-3418-5050,7世保生食ほ第329号,飲食店営業,令和7年6月30日,令和7年6月30日,令和14年6月30日
2426,東京都世田谷区駒沢二丁目１２番１４号,１０２,博多　どかどか団,***,5481-2688,4世保生食ほ第1790号,飲食店営業,令和5年4月1日,令和5年4月1日,令和11年3月31日
2427,東京都世田谷区駒沢二丁目１７番３号,-,４９４３７　事業所,一冨士フードサービス株式会社,03-3422-9111,5世保生食ほ第1306号,飲食店営業,令和5年11月22日,令和5年11月22日,令和12年11月30日
2428,東京都世田谷区駒沢二丁目１７番９号,ザ・コマザワタワー１階,ファミリーマート駒沢二丁目店,株式会社ティーグロー,5779-9503,31世保生食ほ第2305号,飲食店営業,平成25年2月28日,令和2年3月1日,令和9年2月28日
2429,東京都世田谷区駒沢二丁目１８番４号,福々駒沢マンション１０１,イタリアンカフェレストラン　ＳＭＩＬＥ,***,03-3412-7525,2世保生食ほ第2659号,菓子製造業,平成21年3月17日,令和3年4月1日,令和9年3月31日
2430,東京都世田谷区駒沢二丁目１８番４号,福々駒沢マンション１０１,イタリアンカフェレストラン　ＳＭＩＬＥ,***,03-3412-7525,7世保生食ほ第465号,飲食店営業,令和7年8月1日,令和7年8月1日,令和13年7月31日
2431,東京都世田谷区駒沢二丁目１８番５号,-,有限会社　三友軒,有限会社三友軒,3421-7431,2世保生食ほ第2563号,飲食店営業,昭和46年4月1日,令和3年4月1日,令和9年3月31日
2432,東京都世田谷区駒沢二丁目１８番１１号,-,四／六　（しぶろく）,***,3421-6546,4世保生食ほ第1012号,飲食店営業,令和4年11月1日,令和4年11月1日,令和10年10月31日
2433,東京都世田谷区駒沢二丁目１９番７号,-,ドーミー駒沢,株式会社共立メンテナンス,5433-4561,3世保生食ほ第2198号,飲食店営業,令和4年4月1日,令和4年4月1日,令和11年3月31日
2434,東京都世田谷区駒沢二丁目２１番７号,-,オアシス,特定非営利活動法人コミュニティ・ネットワーク・ウェーブ,-,2世保生食ほ第1085号,菓子製造業,令和2年9月11日,令和2年9月11日,令和8年9月30日
2435,東京都世田谷区駒沢二丁目２１番７号,-,オアシス,特定非営利活動法人コミュニティ・ネットワーク・ウェーブ,-,2世保生食ほ第556号,飲食店営業,令和2年9月11日,令和2年9月11日,令和8年9月30日
2436,東京都世田谷区駒沢二丁目３７番１号,-,ドーミー駒沢公園,株式会社共立メンテナンス,5431-3230,31世保生食ほ第2799号,飲食店営業,令和2年3月19日,令和2年3月19日,令和9年3月31日
2437,東京都世田谷区駒沢二丁目４０番１０号,ＧｒａｎＤｕｏ駒沢１０２,ＳＥＣＯＮＤ　ＧＬＡＳＳ,***,-,5世保生食ほ第1396号,飲食店営業,令和5年12月15日,令和5年12月15日,令和12年12月31日
2438,東京都世田谷区駒沢二丁目４１番２号,-,すしてりあ弦巻通り店,***,3421-9621,3世保生食ほ第1535号,飲食店営業,令和3年11月10日,令和3年11月10日,令和9年11月30日
2439,東京都世田谷区駒沢二丁目４１番２号,武ビル１０３,Ｓｏｙ　Ｓａｕｓｅ　Ｒａｍｅｎ　Ｊａｎｙａ　醤屋　,有限会社Ｇｒａｎｄ　Ｚｅｒｏ,-,4世保生食ほ第1174号,飲食店営業,令和4年10月24日,令和4年10月24日,令和11年10月31日
2440,東京都世田谷区駒沢二丁目４１番２号,-,ＢＯＮＩＴＯ　ＮＯＯＤＬＥ　ＲＡＩＫ,ＧＲＩＤ株式会社,-,7世保生食ほ第643号,飲食店営業,令和7年8月8日,令和7年8月8日,令和13年8月31日
2441,東京都世田谷区駒沢二丁目４１番１３号,大塚マンション１Ｆ,ビストロ　アジュール,***,3412-7007,5世保生食ほ第1172号,飲食店営業,令和5年12月1日,令和5年12月1日,令和12年11月30日
2442,東京都世田谷区駒沢二丁目４３番１１号,-,華屋与兵衛　駒沢弦巻通り,株式会社華屋与兵衛,03-5779-8781,3世保生食ほ第2356号,飲食店営業,令和4年3月23日,令和4年3月23日,令和11年3月31日
2443,東京都世田谷区駒沢二丁目５１番１５号,１、２Ｆ,ＳＮ　ｄｉｎｉｎｇ,株式会社ＳＮＣ,6317-7634,2世保生食ほ第2728号,飲食店営業,平成27年4月23日,令和3年5月1日,令和9年4月30日
2444,東京都世田谷区駒沢三丁目１番３号,-,森商店,有限会社モリワークス,03-3422-3450,7世保生食ほ第141号,魚介類販売業,令和7年6月1日,令和7年6月1日,令和14年5月31日
2445,東京都世田谷区駒沢三丁目１番３号,シャトレ駒沢２０２,寧ママ中華居酒屋,東達株式会社,3410-7388,31世保生食ほ第1809号,飲食店営業,令和元年11月29日,令和元年11月29日,令和8年11月30日
2446,東京都世田谷区駒沢三丁目１番３号,シャトレー駒沢２０１,駒沢のひもの屋,***,-,7世保生食ほ第487号,飲食店営業,令和7年7月16日,令和7年7月16日,令和13年7月31日
2447,東京都世田谷区駒沢三丁目２番２３号,-,正,有限会社正,3410-6160,2世保生食ほ第1276号,飲食店営業,平成4年10月13日,令和2年11月1日,令和8年10月31日
2448,東京都世田谷区駒沢三丁目５番１０号,-,カフェ・プティ・フォンティーヌ,***,3795-4271,5世保生食ほ第782号,飲食店営業,令和5年10月1日,令和5年10月1日,令和11年9月30日
2449,東京都世田谷区駒沢三丁目１４番１号,グランブルー駒沢,野菜山（ベジ山）＆ステーキ,株式会社ｃｏｒｏｔ,-,2世保生食ほ第461号,そうざい製造業,令和2年6月9日,令和2年6月9日,令和9年6月30日
2450,東京都世田谷区駒沢三丁目１４番１号,グランブルー駒沢,野菜山（ベジ山）＆ステーキ,株式会社ｃｏｒｏｔ,-,3世保生食ほ第874号,食肉販売業,令和3年7月26日,令和3年7月26日,令和10年7月31日
2451,東京都世田谷区駒沢三丁目１４番１号,グランブルー駒沢,野菜山（ベジ山）＆ステーキ,株式会社ｃｏｒｏｔ,-,31世保生食ほ第2192号,飲食店営業,令和2年2月6日,令和2年2月6日,令和9年2月28日
2452,東京都世田谷区駒沢三丁目１４番１号,グランブルー駒沢１０１,ｃａｆｅ　ＧＯＲＩ,株式会社アローヘッド,03-6805-2322,6世保生食ほ第634号,飲食店営業,令和6年8月2日,令和6年8月2日,令和13年8月31日
2453,東京都世田谷区駒沢三丁目１４番１号,グランブルー駒沢１０１,ｓｍａｓｈｔｈｉｎｇｓ,***,-,7世保生食ほ第253号,飲食店営業,令和7年5月29日,令和7年5月29日,令和14年5月31日
2454,東京都世田谷区駒沢三丁目１４番２号,-,しもきはら　煎酒と麺,株式会社ｎｏ　ｌｉｍｉｔ,3487-3666,2世保生食ほ第2424号,飲食店営業,令和3年3月3日,令和3年3月3日,令和9年3月31日
2455,東京都世田谷区駒沢三丁目１４番２号,-,しもきはら　煎酒と麺,株式会社ｎｏ　ｌｉｍｉｔ,3487-3666,2世保生食ほ第2425号,そうざい製造業,令和3年3月3日,令和3年3月3日,令和9年3月31日
2456,東京都世田谷区駒沢三丁目１６番２号,-,株式会社　ラルー,株式会社ラルー,3421-9456,4世保生食ほ第588号,菓子製造業,令和4年8月1日,令和4年8月1日,令和10年7月31日
2457,東京都世田谷区駒沢三丁目１６番２号,-,㈱ラルー,株式会社ラルー,3421-0831,7世保生食ほ第1544号,飲食店営業,令和8年3月1日,令和8年3月1日,令和14年2月29日
2458,東京都世田谷区駒沢三丁目１８番２号,オザワビル３Ｆ,韓々,有限会社オザワ,3410-5566,31世保生食ほ第2437号,飲食店営業,平成18年3月31日,令和2年4月1日,令和9年3月31日
2459,東京都世田谷区駒沢三丁目１８番２号,オザワビル１、２Ｆ,五大,有限会社オザワ,3410-8929,5世保生食ほ第891号,飲食店営業,令和5年10月1日,令和5年10月1日,令和12年9月30日
2460,東京都世田谷区駒沢三丁目１８番２号,-,大八車、ＤＡＩＨＡＣＨＩ、雪うさぎ,株式会社エクセルフードサービス,3410-7007,2世保生食ほ第1523号,飲食店営業,平成25年11月15日,令和2年12月1日,令和9年11月30日
2461,東京都世田谷区駒沢三丁目２７番７号,-,㈲ふじみや大平商店,有限会社ふじみや大平商店,03-3421-7001,31世保生食ほ第2738号,飲食店営業,昭和45年5月12日,令和2年6月1日,令和8年5月31日
2462,東京都世田谷区駒沢三丁目２８番９号,-,割烹ーれ　小もみじ,***,3410-7916,2世保生食ほ第1669号,飲食店営業,平成20年11月21日,令和2年12月1日,令和8年11月30日
2463,東京都世田谷区駒沢三丁目２８番９号,ミノシマビル３Ｆ,ｂｅａｎ　ｔｈｅｒｅ,株式会社ＴＯＫＹＯ　ＢＯＵＮＤ,03-5787-6339,5世保生食ほ第1096号,菓子製造業,令和5年10月20日,令和5年10月20日,令和11年10月31日
2464,東京都世田谷区駒沢四丁目１番２３号,パークサイドヒルズ駒沢２階,ＬＩＢＥＲＴＹ　ＢＥＬＬ,有限会社Ｑ－ＬＯＧＩＣ,03-6805-4930,3世保生食ほ第32号,飲食店営業,平成21年4月3日,令和3年5月1日,令和9年4月30日
2465,東京都世田谷区駒沢四丁目１番２４号,-,セブンイレブン世田谷駒沢大学南店,ライズ株式会社,3414-1180,2世保生食ほ第623号,菓子製造業,平成25年7月23日,令和2年8月1日,令和9年7月31日
2466,東京都世田谷区駒沢四丁目１番２４号,-,セブンイレブン世田谷駒沢大学南店,ライズ株式会社,3414-1180,3世保生食ほ第507号,飲食店営業,令和3年6月22日,令和3年6月22日,令和10年6月30日
2467,東京都世田谷区駒沢四丁目１番２５号,-,チャイニーズＫ　よりみち,***,6805-4877,7世保生食ほ第231号,飲食店営業,令和7年6月1日,令和7年6月1日,令和13年5月31日
2468,東京都世田谷区駒沢四丁目１１番１１号,-,ステーキハウスニューテキサス,***,3412-9158,2世保生食ほ第2287号,飲食店営業,平成5年2月10日,令和3年3月1日,令和9年2月28日
2469,東京都世田谷区駒沢四丁目１１番１２号,-,ＰＡＮＹＡ　ＡＳＨＩＹＡ,株式会社現代,03-6450-7173,3世保生食ほ第2329号,菓子製造業,令和4年3月17日,令和4年3月17日,令和11年3月31日
2470,東京都世田谷区駒沢四丁目１３番９号,プチプルハイム駒沢１階,フレッシュネスバーガー駒沢公園通り店,株式会社インターセプト,3422-8002,6世保生食ほ第1727号,飲食店営業,令和7年4月1日,令和7年4月1日,令和13年3月31日
2471,東京都世田谷区駒沢四丁目１３番１０号,ダット駒沢公園２Ｆ,Ｔａｃｏｓ　Ｇｕｉｌｄ　駒沢,株式会社Ｇｒｕｎｍｅａｌ,-,2世保生食ほ第2534号,飲食店営業,平成27年3月27日,令和3年4月1日,令和9年3月31日
2472,東京都世田谷区駒沢四丁目１３番１０号,-,Ｂｅｅｆ　Ｆａｃｔｏｒｙ７３　駒沢店,株式会社Ａ－ｓｉｇｎ,03-6804-0732,2世保生食ほ第146号,食肉販売業,令和2年4月27日,令和2年4月27日,令和8年4月30日
2473,東京都世田谷区駒沢四丁目１３番１０号,-,Ｂｅｅｆ　Ｆａｃｔｏｒｙ７３　駒沢店,株式会社Ａ－ｓｉｇｎ,03-6804-0732,3世保生食ほ第10号,飲食店営業,平成27年4月28日,令和3年5月1日,令和9年4月30日
2474,東京都世田谷区駒沢四丁目１３番１０号,-,Ｍｒ．ｃｈｉｃｋｅｎ,***,03-3410-8720,5世保生食ほ第165号,飲食店営業,令和5年5月1日,令和5年5月1日,令和11年4月30日
2475,東京都世田谷区駒沢四丁目１３番１０号,ＤＫＹ６ビル　１階,ＢＯＮＤＩ　ＣＯＦＦＥＥ　ＳＡＮＤＷＩＣＨＥＳ,株式会社ＢＯＮＤＩＣＡＦＥ,03-6407-0504,6世保生食ほ第390号,飲食店営業,令和6年6月19日,令和6年6月19日,令和12年6月30日
2476,東京都世田谷区駒沢四丁目１４番１３号,-,代官山青果店,株式会社キュー,03-6450-7156,4世保生食ほ第1186号,飲食店営業,令和4年10月26日,令和4年10月26日,令和10年10月31日
2477,東京都世田谷区駒沢四丁目１４番１３号,ブランク駒沢１階,ＴＯＮＥ,ｃｒａｇｅ株式会社,03-5432-9640,5世保生食ほ第1874号,飲食店営業,令和6年4月23日,令和6年4月23日,令和12年4月30日
2478,東京都世田谷区駒沢四丁目１４番１３号,ブランク駒沢１階,ＴＯＮＥ,ｃｒａｇｅ株式会社,03-5432-9640,5世保生食ほ第1875号,菓子製造業,令和6年4月23日,令和6年4月23日,令和12年4月30日
2479,東京都世田谷区駒沢四丁目１６番１５号,駒沢ビル１Ｆ,ＫＵＤＡＲＴＩ,株式会社モリヨシ,03-5787-8441,3世保生食ほ第1647号,飲食店営業,令和4年1月26日,令和4年1月26日,令和10年1月31日
2480,東京都世田谷区駒沢四丁目１６番１５号,１Ｆ,ＭＯＣＫ　ＵＰ　Ｃａｆｅ,株式会社Ｗｏｒｋｆｌｏｗ,-,7世保生食ほ第507号,飲食店営業,令和7年8月29日,令和7年8月29日,令和13年8月31日
2481,東京都世田谷区駒沢四丁目１６番１６号,横山ビル２階,ａｗｈｉｌｅ　ｃｈａｉ＆ｓｏｄａ,株式会社Ｈａｎｄ＆Ｄｅｓｉｇｎ,-,5世保生食ほ第971号,飲食店営業,令和5年11月7日,令和5年11月7日,令和11年11月30日
2482,東京都世田谷区駒沢四丁目１６番１６号,横山ビル２階,ａｗｈｉｌｅ　ｃｈａｉ＆ｓｏｄａ,株式会社Ｈａｎｄ＆Ｄｅｓｉｇｎ,-,7世保生食ほ第976号,菓子製造業,令和7年10月17日,令和7年10月17日,令和13年10月31日
2483,東京都世田谷区駒沢四丁目１６番１７号,-,ほっともっと駒沢大学前店,合同会社ＪＯストアショップ,03-5779-7455,6世保生食ほ第1296号,飲食店営業,令和7年1月1日,令和7年1月1日,令和13年12月31日
2484,東京都世田谷区駒沢四丁目１６番１８号,フラット駒沢地下１階,ＴＨＥ　ＦＯＲＴＹ－ＮＩＮＥＲＳ　ＣＬＵＢ,株式会社ＣＯＭＩＴＡＳ,03-6450-8925,4世保生食ほ第58号,飲食店営業,令和4年5月2日,令和4年5月2日,令和10年5月31日
2485,東京都世田谷区駒沢四丁目１８番５号,Ｍ＆Ｋ駒沢１階,おでん割烹　龍,株式会社オネストツリーズ,03-4400-9198,7世保生食ほ第407号,飲食店営業,令和7年6月30日,令和7年6月30日,令和13年6月30日
2486,東京都世田谷区駒沢四丁目１８番１１号,-,株式会社西友　駒沢店,株式会社西友,03-3410-5211,3世保生食ほ第1724号,魚介類販売業,令和3年12月10日,令和3年12月10日,令和10年12月31日
2487,東京都世田谷区駒沢四丁目１８番１１号,-,株式会社西友　駒沢店　若菜,株式会社西友,3410-7812,31世保生食ほ第2339号,飲食店営業,平成6年2月10日,令和2年3月1日,令和9年2月28日
2488,東京都世田谷区駒沢四丁目１８番１４号,-,鮨辰,***,3795-5311,7世保生食ほ第780号,飲食店営業,令和7年9月16日,令和7年9月16日,令和14年9月30日
2489,東京都世田谷区駒沢四丁目１８番１６号,フレンドバレー駒沢１Ｆ,ｊｕｉｃｅ　ｓｔａｎｄ　ＢＵＢＢＬＥＳ（ジューススタンドバブルス）,株式会社バブルス,6804-0204,3世保生食ほ第2110号,菓子製造業,令和4年2月25日,令和4年2月25日,令和10年2月29日
2490,東京都世田谷区駒沢四丁目１８番１６号,フレンドバレー駒沢１Ｆ,ｊｕｉｃｅ　ｓｔａｎｄ　ＢＵＢＢＬＥＳ（ジューススタンドバブルス）,株式会社バブルス,6804-0204,3世保生食ほ第2111号,飲食店営業,令和4年2月25日,令和4年2月25日,令和10年2月29日
2491,東京都世田谷区駒沢四丁目１８番１８号,-,横浜家系らーめん　家丸,***,3795-0722,2世保生食ほ第432号,飲食店営業,令和2年6月2日,令和2年6月2日,令和8年6月30日
2492,東京都世田谷区駒沢四丁目１８番１８号,２Ｆ,Ｂａｒ　乃ノ,株式会社ＳＡＹＯＳＨＩ,-,3世保生食ほ第1759号,飲食店営業,令和3年12月21日,令和3年12月21日,令和9年12月31日
2493,東京都世田谷区駒沢四丁目１９番１１号,桑原ビル１Ｆ,ニューフルバリ　Ｎｅｗ　Ｆｕｌ　Ｂａｒｉ,合同会社ＧＬＯＢＡＬ　ＢＵＳＩＮＥＳＳ,3413-3132,2世保生食ほ第1789号,飲食店営業,令和2年12月2日,令和2年12月2日,令和8年12月31日
2494,東京都世田谷区駒沢四丁目１９番１１号,桑原ビル１Ｆ,ＢＩＳＴＲＯ　ＣＵＲＲＹ　ＶＩＮＯ,Ｒ＆Ｓ合同会社,03-5787-5549,5世保生食ほ第1938号,飲食店営業,令和6年3月28日,令和6年3月28日,令和13年3月31日
2495,東京都世田谷区駒沢四丁目１９番１３号,-,肉どうふ　肉うどん　くぼた,有限会社ラス・ブリサス,03-6450-9919,5世保生食ほ第1614号,飲食店営業,令和6年3月1日,令和6年3月1日,令和13年2月28日
2496,東京都世田谷区駒沢四丁目２３番１９号,-,セブンイレブン世田谷駒沢４丁目店,合資会社深沢商会,3487-0872,3世保生食ほ第529号,飲食店営業,令和3年6月22日,令和3年6月22日,令和10年6月30日
2497,東京都世田谷区駒沢四丁目２９番１３号,ＫＴ駒沢５Ｆ,ルースターテイル,***,3411-7000,4世保生食ほ第1733号,飲食店営業,令和5年4月1日,令和5年4月1日,令和11年3月31日
2498,東京都世田谷区駒沢四丁目２９番１３号,ＫＴ駒沢３Ｆ,喫茶　とまり木,***,-,2世保生食ほ第248号,飲食店営業,令和2年5月18日,令和2年5月18日,令和8年5月31日
2499,東京都世田谷区駒沢四丁目２９番１３号,ケーテー駒沢４Ｆ,ｍａｄｏｓｈ！　ＧＯ,株式会社ＡＶＯＣＡＤＯ　ＰＯＷＥＲ　ＣＯＭＰＡＮＹ　,5432-9577,2世保生食ほ第352号,飲食店営業,令和2年5月27日,令和2年5月27日,令和8年5月31日
2500,東京都世田谷区駒沢四丁目２９番１３号,４Ｆ,マルサラ飲食店,株式会社ｍｕｉ,03-6805-5298,4世保生食ほ第2018号,飲食店営業,令和5年4月3日,令和5年4月3日,令和12年4月30日
2501,東京都世田谷区駒沢四丁目２９番１３号,４Ｆ,マルサラ飲食店,株式会社ｍｕｉ,03-6805-5298,4世保生食ほ第2019号,菓子製造業,令和5年4月3日,令和5年4月3日,令和12年4月30日
2502,東京都世田谷区駒沢四丁目２９番１３号,４Ｆ,マルサラ飲食店,株式会社ｍｕｉ,03-6805-5298,4世保生食ほ第2020号,そうざい製造業,令和5年4月3日,令和5年4月3日,令和12年4月30日
2503,東京都世田谷区駒沢四丁目２９番１３号,ケーテー駒沢２階,Ｓｏｌｏ,***,-,5世保生食ほ第1606号,飲食店営業,令和6年2月9日,令和6年2月9日,令和13年2月28日
2504,東京都世田谷区駒沢五丁目１番３号,-,焼肉きんぐ　駒沢公園店,株式会社物語コーポレーション,5758-3777,6世保生食ほ第1326号,飲食店営業,令和7年1月1日,令和7年1月1日,令和13年12月31日
2505,東京都世田谷区駒沢五丁目８番４号,１Ｆ,ＧＮＯＭＥ　ＣＯＦＦＥＥ,株式会社オリジナルテクスト,03-5783-7114,6世保生食ほ第750号,飲食店営業,令和6年8月28日,令和6年8月28日,令和13年8月31日
2506,東京都世田谷区駒沢五丁目１５番３号,-,月ぬ美しゃ,***,3704-5089,2世保生食ほ第1971号,飲食店営業,平成21年1月28日,令和3年2月1日,令和9年1月31日
2507,東京都世田谷区駒沢五丁目１５番３号,-,Ｄｏｇ　Ｂｏｎ　ｃａｆ?,株式会社Ｄｏｇ　Ｂｏｎ,-,7世保生食ほ第538号,飲食店営業,令和7年8月1日,令和7年8月1日,令和13年7月31日
2508,東京都世田谷区駒沢五丁目１５番３号,１０２,永勝食品駒沢店,永勝貿易株式会社,-,8世保生食ほ第42号,菓子製造業,令和8年4月15日,令和8年4月15日,令和15年4月30日
2509,東京都世田谷区駒沢五丁目１５番１１号,-,セブンイレブン世田谷日体大前店,合資会社深沢商会,03-3704-4999,3世保生食ほ第535号,飲食店営業,令和3年6月22日,令和3年6月22日,令和10年6月30日
2510,東京都世田谷区駒沢五丁目１５番１４号,グレ－ス駒沢１Ｆ,自家焙煎珈琲ハーモニー,有限会社ハーモニー,-,3世保生食ほ第1597号,飲食店営業,令和4年1月1日,令和4年1月1日,令和9年12月31日
2511,東京都世田谷区駒沢五丁目１６番４号,駒沢ハウス１Ｆ　１０４,Ｌａｇｕｎａ　Ｆｒａｍｅ,ＰＥＡＣＥ　ＳＴＯＣＫ　ＷＯＲＬＤ株式会社,-,7世保生食ほ第1382号,飲食店営業,令和8年1月5日,令和8年1月5日,令和14年1月31日
2512,東京都世田谷区駒沢五丁目１６番９号,-,焼肉　芝浦　駒沢本店,ウエグ・フォーメーション株式会社,5706-4129,7世保生食ほ第954号,飲食店営業,令和7年11月1日,令和7年11月1日,令和14年10月31日
2513,東京都世田谷区駒沢五丁目１７番６号,-,おにぎり処　てとてを本店,テトテヲ株式会社,-,4世保生食ほ第1837号,飲食店営業,令和5年5月12日,令和5年5月12日,令和12年5月31日
2514,東京都世田谷区駒沢五丁目１７番６号,-,おにぎり処　てとてを本店,テトテヲ株式会社,-,4世保生食ほ第1838号,菓子製造業,令和5年5月12日,令和5年5月12日,令和12年5月31日
2515,東京都世田谷区駒沢五丁目１７番６号,-,おにぎり処　てとてを本店,テトテヲ株式会社,-,4世保生食ほ第1839号,そうざい製造業,令和5年5月12日,令和5年5月12日,令和12年5月31日
2516,東京都世田谷区駒沢五丁目１７番７号,１０１号室,ｍｅｚｚｏ,***,-,7世保生食ほ第1568号,飲食店営業,令和8年3月1日,令和8年3月1日,令和14年2月29日
2517,東京都世田谷区駒沢五丁目１７番７号,グリーン駒沢１０２,世田谷工房　神保町食肉センター研究所,株式会社カンアイコーポレーション,6805-9006,2世保生食ほ第1102号,飲食店営業,令和2年9月23日,令和2年9月23日,令和9年9月30日
2518,東京都世田谷区駒沢五丁目１７番７号,グリーン駒沢１０２,世田谷工房　神保町食肉センター研究所,株式会社カンアイコーポレーション,6805-9006,2世保生食ほ第1103号,食肉販売業,令和2年9月23日,令和2年9月23日,令和9年9月30日
2519,東京都世田谷区駒沢五丁目１７番７号,グリーン駒沢１０２,世田谷工房　神保町食肉センター研究所,株式会社カンアイコーポレーション,6805-9006,4世保生食ほ第930号,漬物製造業,令和4年10月7日,令和4年10月7日,令和11年10月31日
2520,東京都世田谷区駒沢五丁目１７番８号,-,ロンドンハウス,株式会社マハロインターナショナル,03-6685-9326,6世保生食ほ第987号,飲食店営業,令和6年10月8日,令和6年10月8日,令和12年10月31日
2521,東京都世田谷区駒沢五丁目１７番１３号,-,バー　コマザワ,***,3705-0781,2世保生食ほ第298号,飲食店営業,平成20年6月27日,令和2年7月1日,令和8年6月30日
2522,東京都世田谷区駒沢五丁目１７番１３号,-,ｂｌｕｅ　ｂｌｅｕ　ｂｌｅｕｅ　駒沢公園通り店,有限会社５３ｒｕｅ　ｄｕ　ｃｈｅｒｃｈｅ－ｍｉｄｉ,5752-5523,2世保生食ほ第496号,飲食店営業,令和2年6月19日,令和2年6月19日,令和8年6月30日
2523,東京都世田谷区駒沢五丁目１８番７号,オークタス三田１階,バワリーキッチン,有限会社テーブルモダンサービス,3704-9880,7世保生食ほ第327号,飲食店営業,令和7年6月12日,令和7年6月12日,令和14年6月30日
2524,東京都世田谷区駒沢五丁目１９番７号,-,ロイヤルホスト駒沢店,ロイヤルフードサービス株式会社,03-5752-2600,3世保生食ほ第632号,飲食店営業,令和3年7月1日,令和3年7月1日,令和10年6月30日
2525,東京都世田谷区駒沢五丁目１９番１１号,Ｂ１,ドッグサロン＆カフェ　Ａ・Ｗ・Ｄ,***,5758-1616,5世保生食ほ第1035号,飲食店営業,令和5年10月12日,令和5年10月12日,令和12年10月31日
2526,東京都世田谷区駒沢五丁目２１番９号,-,イル　ジョット,株式会社ジョット,3412-2547,7世保生食ほ第321号,飲食店営業,令和7年7月1日,令和7年7月1日,令和14年6月30日
2527,東京都世田谷区駒沢五丁目２４番５号,-,Ｐｒｅｔｔｙ　ｔｈｉｎｇｓ,有限会社テーブルモダンサービス,-,3世保生食ほ第181号,飲食店営業,令和3年4月28日,令和3年4月28日,令和9年4月30日
2528,東京都世田谷区駒沢五丁目２４番８号,-,河泊の宿,有限会社河泊の宿,3424-5280,2世保生食ほ第876号,飲食店営業,平成14年10月1日,令和2年10月1日,令和8年9月30日
2529,東京都世田谷区駒沢五丁目２４番８号,-,河泊の宿,有限会社河泊の宿,3424-5280,6世保生食ほ第1538号,そうざい製造業,令和7年2月14日,令和7年2月14日,令和13年2月28日
2530,東京都世田谷区駒沢五丁目２５番５号,パークハイム駒沢１Ｆ,クリスプ・サラダワークス　駒沢公園店,株式会社ＣＲＩＳＰ,5432-9288,31世保生食ほ第613号,飲食店営業,令和元年7月2日,令和元年7月2日,令和8年7月31日
2531,東京都世田谷区駒沢公園１番１号,－２,Ｍｒ．ＦＡＲＭＥＲ,株式会社クリエイト・ダイニング,03-5432-7062,5世保生食ほ第1810号,飲食店営業,令和6年4月1日,令和6年4月1日,令和13年3月31日
2532,東京都世田谷区駒沢公園１番１号,-,駒沢オリンピック公園　２号売店,公益財団法人東京都公園協会,6450-7120,5世保生食ほ第1758号,飲食店営業,令和6年4月1日,令和6年4月1日,令和12年3月31日
2533,東京都世田谷区駒沢公園１番１号,-,駒沢オリンピック公園　３号売店,公益財団法人東京都公園協会,03-5787-6035,5世保生食ほ第1759号,飲食店営業,令和6年4月1日,令和6年4月1日,令和12年3月31日
2534,東京都世田谷区駒沢公園１番１号,Ｔｏｔｅ駒沢公園１Ｆ,ル　パティシエ　タカギ,株式会社ティー・ケー・ジー,6453-2858,31世保生食ほ第1232号,飲食店営業,令和元年11月5日,令和元年11月5日,令和8年11月30日
2535,東京都世田谷区駒沢公園１番１号,Ｔｏｔｅ駒沢公園１Ｆ,ル　パティシエ　タカギ,株式会社ティー・ケー・ジー,6453-2858,31世保生食ほ第1233号,菓子製造業,令和元年11月5日,令和元年11月5日,令和8年11月30日
2536,東京都世田谷区駒沢公園１番１号,Ｔｏｔｅ駒沢公園１Ｆ,ル　パティシエ　タカギ,株式会社ティー・ケー・ジー,6453-2858,31世保生食ほ第1234号,アイスクリーム類製造業,令和元年11月5日,令和元年11月5日,令和8年11月30日
2537,東京都世田谷区深沢一丁目８番１号,-,株式会社西友　深沢目黒通り店,株式会社西友,03-5752-0681,3世保生食ほ第2314号,飲食店営業,令和4年4月19日,令和4年4月19日,令和11年4月30日
2538,東京都世田谷区深沢一丁目８番１号,-,株式会社西友　深沢目黒通り店,株式会社西友,03-5752-0681,3世保生食ほ第2315号,飲食店営業,令和4年4月19日,令和4年4月19日,令和11年4月30日
2539,東京都世田谷区深沢一丁目８番１号,-,株式会社西友　深沢目黒通り店,株式会社西友,03-5752-0681,3世保生食ほ第2316号,魚介類販売業,令和4年4月19日,令和4年4月19日,令和11年4月30日
2540,東京都世田谷区深沢一丁目８番１号,-,ＦＥＥＤ　ＭＥ　オレンジジュース自動販売機　西友深沢目黒通り店,ＭＥ　Ｇｒｏｕｐ　Ｊａｐａｎ株式会社,-,6世保生食ほ第1029号,調理の機能を有する自動販売機により食品を調理し、調理された食品を販売する営業,令和6年10月18日,令和6年10月18日,令和11年10月31日
2541,東京都世田谷区深沢一丁目１１番１０号,ザ・グレイシャス１０２号室,ツッカーベッカー　フクイ,***,03-6784-8674,2世保生食ほ第2806号,菓子製造業,令和3年4月12日,令和3年4月12日,令和10年4月30日
2542,東京都世田谷区深沢一丁目１３番６号,-,Ｄｏｗｎ　Ｈｏｍｅ,Ａｘｌａｎ合同会社,03-6432-3905,6世保生食ほ第1936号,飲食店営業,令和7年4月4日,令和7年4月4日,令和14年4月30日
2543,東京都世田谷区深沢一丁目１３番６号,-,Ｄｏｗｎ　Ｈｏｍｅ,Ａｘｌａｎ合同会社,03-6432-3905,6世保生食ほ第1938号,菓子製造業,令和7年4月4日,令和7年4月4日,令和14年4月30日
2544,東京都世田谷区深沢一丁目３２番１８号,-,ＨＣ深沢,株式会社グリーンヘルスケアサービス,5760-6089,6世保生食ほ第1427号,飲食店営業,令和7年2月1日,令和7年2月1日,令和14年1月31日
2545,東京都世田谷区深沢一丁目３２番２１号,深沢共愛ホームズ　地下１階,ＨＣ深沢共愛,株式会社グリーンヘルスケアサービス,-,5世保生食ほ第1829号,飲食店営業,令和6年3月15日,令和6年3月15日,令和13年3月31日
2546,東京都世田谷区深沢二丁目１番１０号,-,りゅばんカフェ,株式会社リネット,6679-2293,31世保生食ほ第1944号,飲食店営業,平成24年12月27日,令和2年1月1日,令和8年12月31日
2547,東京都世田谷区深沢二丁目１番１０号,-,りゅばんカフェ,株式会社リネット,6679-2293,31世保生食ほ第1945号,アイスクリーム類製造業,平成24年12月27日,令和2年1月1日,令和8年12月31日
2548,東京都世田谷区深沢二丁目１番１０号,-,Ｖｉｌｌａｇｅ　ｃａｆｅ　深沢,合同会社深沢イータリー,03-6679-2293,2世保生食ほ第1660号,飲食店営業,令和2年11月16日,令和2年11月16日,令和9年11月30日
2549,東京都世田谷区深沢二丁目１番１０号,-,Ｖｉｌｌａｇｅ　ｃａｆｅ　深沢,合同会社深沢イータリー,03-6679-2293,2世保生食ほ第1661号,アイスクリーム類製造業,令和2年11月16日,令和2年11月16日,令和9年11月30日
2550,東京都世田谷区深沢二丁目１番１０号,深沢ハウス店舗棟,リュバンカフェ,リュバンホールディングス株式会社,03-5752-0720,2世保生食ほ第2532号,飲食店営業,令和3年3月5日,令和3年3月5日,令和10年3月31日
2551,東京都世田谷区深沢二丁目３番１５号,-,Ｓｃｏｂｙ　Ｆａｃｔｏｒｙ,ｌａｌａ　Ｓａｌｏｎ　Ａｓｓｏｃｉａｔｅｓ株式会社,03-5758-5361,3世保生食ほ第600号,飲食店営業,令和3年6月18日,令和3年6月18日,令和9年6月30日
2552,東京都世田谷区深沢二丁目７番３号,-,ファミリーマート深沢二丁目店,株式会社リレーションズ,5752-7800,31世保生食ほ第782号,飲食店営業,令和元年7月26日,令和元年7月26日,令和8年7月31日
2553,東京都世田谷区深沢二丁目７番３号,-,ファミリーマート深沢二丁目店,株式会社リレーションズ,5752-7800,31世保生食ほ第783号,菓子製造業,令和元年7月26日,令和元年7月26日,令和8年7月31日
2554,東京都世田谷区深沢二丁目１０番１６号,-,駒沢大学　仏教研修館　竹友寮,銀座スエヒロカフェテリアサービス株式会社,-,7世保生食ほ第1906号,飲食店営業,令和8年4月1日,令和8年4月1日,令和15年3月31日
2555,東京都世田谷区深沢二丁目１５番３号,-,ふかさわの台所,***,-,7世保生食ほ第293号,飲食店営業,令和7年6月1日,令和7年6月1日,令和13年5月31日
2556,東京都世田谷区深沢二丁目１７番２５号,Ｂ１Ｆ,ＪＰ＿ＢＡＲ,株式会社ＹＭ２エージェンシー,03-6809-7670,3世保生食ほ第1244号,飲食店営業,令和3年9月14日,令和3年9月14日,令和9年9月30日
2557,東京都世田谷区深沢二丁目１７番２５号,Ｂ１Ｆ,ＪＰ＿ＢＡＲ,株式会社ＹＭ２エージェンシー,03-6809-7670,5世保生食ほ第353号,菓子製造業,令和5年6月8日,令和5年6月8日,令和11年6月30日
2558,東京都世田谷区深沢二丁目１９番１４号,サンライズ会館Ｂ１、１Ｆ,叙々苑　駒沢公園店,株式会社叙々苑,5706-8989,31世保生食ほ第1775号,飲食店営業,平成17年12月6日,令和2年1月1日,令和8年12月31日
2559,東京都世田谷区深沢二丁目１９番１４号,-,ローソン駒沢オリンピック公園前店,有限会社岩崎企画,3703-0399,31世保生食ほ第799号,飲食店営業,令和元年7月26日,令和元年7月26日,令和8年7月31日
2560,東京都世田谷区深沢二丁目１９番１４号,-,ローソン駒沢オリンピック公園前店,有限会社岩崎企画,3703-0399,31世保生食ほ第800号,菓子製造業,令和元年7月26日,令和元年7月26日,令和8年7月31日
2561,東京都世田谷区深沢二丁目１９番２０号,クレードル駒沢公園１０２,ＳＨＯＧＵＮ　ＢＵＲＧＥＲ　駒沢ＰａｒｋＣａｆｅ,株式会社ガネーシャ,-,31世保生食ほ第1099号,飲食店営業,令和元年9月9日,令和元年9月9日,令和8年9月30日
2562,東京都世田谷区深沢二丁目１９番２０号,クレードル駒沢公園,一風堂　駒沢公園店,株式会社力の源カンパニー,5758-3484,2世保生食ほ第489号,飲食店営業,令和2年7月28日,令和2年7月28日,令和9年7月31日
2563,東京都世田谷区深沢三丁目１番２号,Ｂ１Ｆ,Ｂａｒ　ｙ　Ｃｕｅｒｏ,***,6432-2600,7世保生食ほ第485号,飲食店営業,令和7年8月1日,令和7年8月1日,令和13年7月31日
2564,東京都世田谷区深沢三丁目３番１３号,エブチビル１Ｆ,米沢屋,***,5707-5575,6世保生食ほ第1312号,飲食店営業,令和7年1月1日,令和7年1月1日,令和12年12月31日
2565,東京都世田谷区深沢三丁目３番１４号,-,５ｗａｔｔｓ,***,3704-0702,7世保生食ほ第720号,飲食店営業,令和7年9月1日,令和7年9月1日,令和13年8月31日
2566,東京都世田谷区深沢三丁目４番１号,-,パルメット,***,3703-9399,2世保生食ほ第700号,飲食店営業,平成20年8月6日,令和2年9月1日,令和8年8月31日
2567,東京都世田谷区深沢三丁目４番１号,ＳＴＡＧＥＦＵＫＡＳＡＷＡ２０３,ＣＯＦＦＥＥＳＨＯＰ　Ｍｅｌｌｏｗ　Ｙｅｌｌｏｗ,***,-,5世保生食ほ第1989号,飲食店営業,令和6年4月3日,令和6年4月3日,令和12年4月30日
2568,東京都世田谷区深沢三丁目４番１号,ＳＴＡＧＥＦＵＫＡＳＡＷＡ２０３,ＣＯＦＦＥＥＳＨＯＰ　Ｍｅｌｌｏｗ　Ｙｅｌｌｏｗ,***,-,6世保生食ほ第393号,菓子製造業,令和6年6月19日,令和6年6月19日,令和12年4月30日
2569,東京都世田谷区深沢三丁目６番２号,-,ポイント,***,3701-2797,3世保生食ほ第2145号,飲食店営業,令和4年4月1日,令和4年4月1日,令和10年3月31日
2570,東京都世田谷区深沢三丁目７番１号,-,世田谷区立東深沢小学校,株式会社スエヒロ,-,6世保生食ほ第1855号,飲食店営業,令和7年3月28日,令和7年3月28日,令和14年3月31日
2571,東京都世田谷区深沢三丁目８番１５号,-,太田屋氷室,有限会社太田屋氷室,03-3704-6772,4世保生食ほ第552号,飲食店営業,令和4年7月14日,令和4年7月14日,令和11年7月31日
2572,東京都世田谷区深沢三丁目９番２号,ベアヴァーレ自由が丘,弥栄深沢,***,-,4世保生食ほ第783号,飲食店営業,令和4年9月1日,令和4年9月1日,令和11年8月31日
2573,東京都世田谷区深沢三丁目１０番１１号,１Ｆ,Ｃａｎａｒｉ,合同会社ＳＣＥＮＴ　ＯＦ　ＦＩＧ,03-6809-7376,6世保生食ほ第948号,飲食店営業,令和6年10月16日,令和6年10月16日,令和12年10月31日
2574,東京都世田谷区深沢三丁目１０番１１号,１Ｆ,Ｃａｎａｒｉ,合同会社ＳＣＥＮＴ　ＯＦ　ＦＩＧ,03-6809-7376,6世保生食ほ第949号,菓子製造業,令和6年10月16日,令和6年10月16日,令和12年10月31日
2575,東京都世田谷区深沢三丁目２７番１０号,-,等々力水産株式会社,等々力水産株式会社,3704-4547,3世保生食ほ第650号,魚介類販売業,令和3年7月1日,令和3年7月1日,令和9年6月30日
2576,東京都世田谷区深沢三丁目３１番１号,-,ライブラリ世田谷深沢,株式会社ＯＳプラットフォーム,-,6世保生食ほ第1677号,飲食店営業,令和7年3月5日,令和7年3月5日,令和14年3月31日
2577,東京都世田谷区深沢四丁目８番１１号,-,ラヴィーレ駒沢公園,ＳＯＭＰＯケアフーズ株式会社,5760-1120,31世保生食ほ第665号,飲食店営業,令和元年7月19日,令和元年7月19日,令和8年7月31日
2578,東京都世田谷区深沢四丁目９番３号,-,正和クラブ深沢,日清医療食品株式会社,3704-0930,5世保生食ほ第1735号,飲食店営業,令和6年4月1日,令和6年4月1日,令和13年3月31日
2579,東京都世田谷区深沢四丁目１８番１４号,-,ピザハット深沢不動前店,日本ピザハット株式会社,03-3703-4545,3世保生食ほ第399号,飲食店営業,令和3年5月26日,令和3年5月26日,令和10年5月31日
2580,東京都世田谷区深沢四丁目１８番１４号,-,ピザハット深沢不動前店,日本ピザハット株式会社,03-3703-4545,3世保生食ほ第400号,菓子製造業,令和3年5月26日,令和3年5月26日,令和10年5月31日
2581,東京都世田谷区深沢四丁目１８番２８号,-,世田谷区立　東深沢中学校,株式会社スエヒロ,-,3世保生食ほ第222号,飲食店営業,令和3年4月26日,令和3年4月26日,令和10年4月30日
2582,東京都世田谷区深沢四丁目３２番９号,-,甘雨,***,6883-0507,2世保生食ほ第1624号,菓子製造業,令和2年11月19日,令和2年11月19日,令和9年11月30日
2583,東京都世田谷区深沢四丁目３３番６号,-,サミットストア　深沢不動前店,サミット株式会社,03-3704-6438,3世保生食ほ第1996号,飲食店営業,令和4年3月1日,令和4年3月1日,令和11年2月28日
2584,東京都世田谷区深沢四丁目３３番６号,-,サミットストア　深沢不動前店,サミット株式会社,03-3704-6438,3世保生食ほ第1997号,飲食店営業,令和4年3月1日,令和4年3月1日,令和11年2月28日
2585,東京都世田谷区深沢四丁目３３番６号,-,サミットストア　深沢不動前店,サミット株式会社,03-3704-6438,3世保生食ほ第1998号,食肉販売業,令和4年3月1日,令和4年3月1日,令和11年2月28日
2586,東京都世田谷区深沢四丁目３３番６号,-,サミットストア　深沢不動前店,サミット株式会社,03-3704-6438,3世保生食ほ第1999号,魚介類販売業,令和4年3月1日,令和4年3月1日,令和11年2月28日
2587,東京都世田谷区深沢四丁目３３番１３号,深沢グランブロス５Ｆ,Ｐｉｅｎｅｚｚａ　ＦＵＫＡＳＡＷＡ,株式会社ＪＩＮＢＯＦＯＯＤＰＬＡＮＮＩＮＧ,03-6805-9952,7世保生食ほ第746号,飲食店営業,令和7年9月10日,令和7年9月10日,令和13年9月30日
2588,東京都世田谷区深沢四丁目３３番１３号,深沢グランブロス４階,焼肉やっぱ。深沢店,株式会社Ｙａｐｐａ,-,7世保生食ほ第1371号,飲食店営業,令和8年2月4日,令和8年2月4日,令和15年2月28日
2589,東京都世田谷区深沢四丁目３５番５号,セイジョービル深沢不動１Ｆ,ｍａｎｏ　ｃａｆｅ,株式会社ヒキダシ,03-6658-5863,7世保生食ほ第1686号,飲食店営業,令和8年4月1日,令和8年4月1日,令和14年3月31日
2590,東京都世田谷区深沢四丁目３５番５号,セイジョービル深沢不動１Ｆ,ｍａｎｏ　ｃａｆｅ,株式会社ヒキダシ,03-6658-5863,7世保生食ほ第1687号,菓子製造業,令和8年4月1日,令和8年4月1日,令和14年3月31日
2591,東京都世田谷区深沢四丁目３６番９号,-,モンタボー　東京世田谷店,株式会社ミツウロコプロビジョンズ,03-5707-3895,4世保生食ほ第1361号,菓子製造業,令和4年12月1日,令和4年12月1日,令和11年11月30日
2592,東京都世田谷区深沢四丁目３６番１０号,ＭＪビル,鳥忠,有限会社黄柚子,3703-5558,7世保生食ほ第1295号,飲食店営業,令和8年1月1日,令和8年1月1日,令和14年12月31日
2593,東京都世田谷区深沢四丁目３６番１０号,ＭＪビル,鳥忠,有限会社黄柚子,3703-5558,7世保生食ほ第1296号,食肉販売業,令和8年1月1日,令和8年1月1日,令和14年12月31日
2594,東京都世田谷区深沢四丁目３６番１０号,-,バンダナ,***,03-3705-5814,3世保生食ほ第385号,飲食店営業,令和3年5月24日,令和3年5月24日,令和9年5月31日
2595,東京都世田谷区深沢四丁目３６番１１号,安田ビル２０１,鍋芝,株式会社世田谷ブレーン,5707-9797,2世保生食ほ第2240号,飲食店営業,令和3年2月8日,令和3年2月8日,令和9年2月28日
2596,東京都世田谷区深沢四丁目３６番１１号,安田ビル２０１,鍋芝,株式会社世田谷ブレーン,5707-9797,2世保生食ほ第2243号,食肉販売業,令和3年2月8日,令和3年2月8日,令和9年2月28日
2597,東京都世田谷区深沢四丁目３６番１１号,安田ビル２０２,藤木,株式会社ＦＭ,03-5707-9797,6世保生食ほ第1195号,飲食店営業,令和6年11月19日,令和6年11月19日,令和13年11月30日
2598,東京都世田谷区深沢四丁目３６番１２号,-,三友軒,***,3704-1903,7世保生食ほ第1271号,飲食店営業,令和8年1月1日,令和8年1月1日,令和13年12月31日
2599,東京都世田谷区深沢五丁目１番８号,ハマックスビル２０２号室,とんかつ　ひびき,株式会社マットソン,-,7世保生食ほ第620号,飲食店営業,令和7年9月1日,令和7年9月1日,令和14年8月31日
2600,東京都世田谷区深沢五丁目１番８号,-,クッポグラフィー駒沢公園スタジオ,株式会社クッポグラフィー,6805-9161,2世保生食ほ第452号,飲食店営業,令和2年6月17日,令和2年6月17日,令和8年6月30日
2601,東京都世田谷区深沢五丁目１番８号,-,クッポグラフィー駒沢公園スタジオ,株式会社クッポグラフィー,6805-9161,7世保生食ほ第137号,菓子製造業,令和7年5月1日,令和7年5月1日,令和13年4月30日
2602,東京都世田谷区深沢五丁目１番８号,１０５号,讃岐うどん　丸樹,***,03-6432-1714,3世保生食ほ第773号,飲食店営業,令和3年7月28日,令和3年7月28日,令和10年7月31日
2603,東京都世田谷区深沢五丁目１番１３号,-,レストランバー樹林,***,5706-0737,31世保生食ほ第2704号,飲食店営業,平成8年5月2日,令和2年6月1日,令和8年5月31日
2604,東京都世田谷区深沢五丁目１番１５号,パラダイスマンション１階,㈲たまや,有限会社たまや,3701-1684,31世保生食ほ第115号,飲食店営業,平成17年4月8日,令和元年5月1日,令和8年4月30日
2605,東京都世田谷区深沢五丁目１番１５号,パラダイスマンション１階,㈲たまや,有限会社たまや,3701-1684,31世保生食ほ第116号,食肉販売業,平成17年4月8日,令和元年5月1日,令和8年4月30日
2606,東京都世田谷区深沢五丁目１番１５号,パラダイスマンション１階,㈲たまや,有限会社たまや,3701-1684,8世保生食ほ第3号,飲食店営業,令和8年5月1日,令和8年5月1日,令和15年4月30日
2607,東京都世田谷区深沢五丁目１番１５号,パラダイスマンション１階,㈲たまや,有限会社たまや,3701-1684,8世保生食ほ第4号,食肉販売業,令和8年5月1日,令和8年5月1日,令和15年4月30日
2608,東京都世田谷区深沢五丁目１番１７号,-,更科　若松,***,3703-2370,31世保生食ほ第2901号,飲食店営業,平成元年6月15日,令和2年7月1日,令和9年6月30日
2609,東京都世田谷区深沢五丁目１番１８号,-,のぶりん,***,3705-8318,3世保生食ほ第1287号,飲食店営業,令和3年10月1日,令和3年10月1日,令和9年9月30日
2610,東京都世田谷区深沢五丁目１番２３号,-,小料理　ひろ,***,3705-3966,4世保生食ほ第323号,飲食店営業,令和4年7月1日,令和4年7月1日,令和10年6月30日
2611,東京都世田谷区深沢五丁目１番２４号,ＳＴＥＩＮＳ　ＧＡＴＥ　１０２　２Ｆ,１０２ｎ,株式会社Ｒ２　ＣＲＥＡＴＩＶＥ,-,6世保生食ほ第1419号,飲食店営業,令和6年12月24日,令和6年12月24日,令和12年12月31日
2612,東京都世田谷区深沢五丁目２番９号,ニューライフ等々力　１０１,タネカら商店,***,-,5世保生食ほ第161号,飲食店営業,令和5年4月27日,令和5年4月27日,令和11年4月30日
2613,東京都世田谷区深沢五丁目２番９号,ニューライフ等々力　１０１,タネカら商店,***,-,7世保生食ほ第1213号,菓子製造業,令和7年11月27日,令和7年11月27日,令和13年11月30日
2614,東京都世田谷区深沢五丁目２番９号,ニューライフ等々力　１０１,タネカら商店,***,-,7世保生食ほ第1214号,漬物製造業,令和7年11月27日,令和7年11月27日,令和13年11月30日
2615,東京都世田谷区深沢五丁目２番９号,ニューライフ等々力１０５号室,赤市,ＣＲＡＦＴ　ＢＥＥＦ株式会社,03-6805-9029,7世保生食ほ第1968号,飲食店営業,令和8年4月14日,令和8年4月14日,令和15年4月30日
2616,東京都世田谷区深沢五丁目２番９号,ニューライフ等々力１０５号室,赤市,ＣＲＡＦＴ　ＢＥＥＦ株式会社,03-6805-9029,7世保生食ほ第1969号,食肉販売業,令和8年4月14日,令和8年4月14日,令和15年4月30日
2617,東京都世田谷区深沢五丁目２番９号,ニューライフ等々力１０５号室,赤市,ＣＲＡＦＴ　ＢＥＥＦ株式会社,03-6805-9029,7世保生食ほ第1970号,そうざい製造業,令和8年4月14日,令和8年4月14日,令和15年4月30日
2618,東京都世田谷区深沢五丁目３番１３号,プリズム深沢１階,ａｒｃ,***,-,2世保生食ほ第1178号,飲食店営業,令和2年9月28日,令和2年9月28日,令和9年9月30日
2619,東京都世田谷区深沢五丁目３番１３号,プリズム深沢１階,ａｒｃ,***,-,2世保生食ほ第1179号,菓子製造業,令和2年9月28日,令和2年9月28日,令和9年9月30日
2620,東京都世田谷区深沢五丁目５番１７号,深沢アボンダンツァ１Ｆ,たけぶち,***,6432-1978,31世保生食ほ第2117号,飲食店営業,令和2年1月21日,令和2年1月21日,令和9年1月31日
2621,東京都世田谷区深沢五丁目６番１５号,カルム堀口,ドミノ・ピザ　深沢店,株式会社ドミノ・ピザジャパン,3702-2711,3世保生食ほ第1655号,飲食店営業,令和4年1月1日,令和4年1月1日,令和10年12月31日
2622,東京都世田谷区深沢五丁目８番５号,ＮＥビル１Ｆ,カフェテナンゴ,株式会社カヤヌマコーヒー,03-5758-5015,3世保生食ほ第1818号,菓子製造業,令和3年12月27日,令和3年12月27日,令和9年12月31日
2623,東京都世田谷区深沢五丁目８番５号,ＮＥビル１Ｆ,カフェテナンゴ,株式会社カヤヌマコーヒー,03-5758-5015,3世保生食ほ第838号,飲食店営業,令和3年7月15日,令和3年7月15日,令和9年7月31日
2624,東京都世田谷区深沢五丁目９番５号,-,まあまあ屋,***,5752-2020,2世保生食ほ第1329号,飲食店営業,平成25年10月3日,令和2年11月1日,令和8年10月31日
2625,東京都世田谷区深沢五丁目１２番１７号,-,日本体育大学深沢寮,株式会社ＬＥＯＣ,-,2世保生食ほ第2451号,飲食店営業,平成26年3月13日,令和3年4月1日,令和10年3月31日
2626,東京都世田谷区深沢五丁目１７番６号,-,ローソン日体大前店,有限会社樹彩,3701-5244,5世保生食ほ第532号,飲食店営業,令和5年8月1日,令和5年8月1日,令和11年7月31日
2627,東京都世田谷区深沢五丁目２３番１号,エイティ深沢１Ｆ,ブーランジェリー　コシュカ,***,3703-5771,3世保生食ほ第329号,飲食店営業,平成19年5月15日,令和3年6月1日,令和10年5月31日
2628,東京都世田谷区深沢五丁目２３番１号,エイティ深沢１Ｆ,ブーランジェリー　コシュカ,***,3703-5771,3世保生食ほ第330号,菓子製造業,平成19年5月15日,令和3年6月1日,令和10年5月31日
2629,東京都世田谷区深沢五丁目２３番１９号,ラルーチェ深沢Ｂ１,味の大王,有限会社味の大王,3701-8260,3世保生食ほ第285号,飲食店営業,昭和62年5月2日,令和3年6月1日,令和9年5月31日
2630,東京都世田谷区深沢五丁目２３番１９号,ラ・ルーチェ深沢,メルコーポレーション,株式会社メルコーポレーション,-,6世保生食ほ第650号,飲食店営業,令和6年8月20日,令和6年8月20日,令和13年8月31日
2631,東京都世田谷区深沢五丁目２４番２３号,-,サミットストア深沢坂上店,サミット株式会社,03-5758-3201,3世保生食ほ第1249号,飲食店営業,令和3年9月28日,令和3年9月28日,令和10年9月30日
2632,東京都世田谷区深沢五丁目２４番２３号,-,サミットストア深沢坂上店,サミット株式会社,03-5758-3201,3世保生食ほ第1250号,飲食店営業,令和3年9月28日,令和3年9月28日,令和10年9月30日
2633,東京都世田谷区深沢五丁目２４番２３号,-,サミットストア深沢坂上店,サミット株式会社,03-5758-3201,3世保生食ほ第1251号,飲食店営業,令和3年9月28日,令和3年9月28日,令和10年9月30日
2634,東京都世田谷区深沢五丁目２４番２３号,-,サミットストア深沢坂上店,サミット株式会社,03-5758-3201,3世保生食ほ第1252号,魚介類販売業,令和3年9月28日,令和3年9月28日,令和10年9月30日
2635,東京都世田谷区深沢五丁目２４番２３号,-,サミットストア深沢坂上店,サミット株式会社,03-5758-3201,3世保生食ほ第1253号,飲食店営業,令和3年9月28日,令和3年9月28日,令和10年9月30日
2636,東京都世田谷区深沢五丁目２４番２３号,-,サミットストア深沢坂上店,サミット株式会社,03-5758-3201,3世保生食ほ第1254号,飲食店営業,令和3年9月28日,令和3年9月28日,令和10年9月30日
2637,東京都世田谷区深沢五丁目２４番２３号,-,サミットストア深沢坂上店,サミット株式会社,03-5758-3201,3世保生食ほ第1381号,食肉販売業,令和3年11月1日,令和3年11月1日,令和10年9月30日
2638,東京都世田谷区深沢五丁目２４番２３号,-,サミットストア深沢坂上店,サミット株式会社,03-5758-3201,3世保生食ほ第1382号,魚介類販売業,令和3年11月1日,令和3年11月1日,令和10年9月30日
2639,東京都世田谷区深沢五丁目２４番２３号,-,サミットストア深沢坂上店,サミット株式会社,03-5758-3201,3世保生食ほ第994号,飲食店営業,令和3年8月26日,令和3年8月26日,令和10年8月31日
2640,東京都世田谷区深沢五丁目２８番１号,-,キッチン＆カフェ　けやき,***,6432-2366,7世保生食ほ第731号,飲食店営業,令和7年10月1日,令和7年10月1日,令和14年9月30日
2641,東京都世田谷区深沢五丁目３４番１２号,-,出張料理　素粒子,***,-,3世保生食ほ第982号,飲食店営業,令和3年9月1日,令和3年9月1日,令和9年8月31日
2642,東京都世田谷区深沢五丁目３８番１号,-,東京都立園芸高等学校,東京都,3705-2154,31世保生食ほ第2644号,菓子製造業,平成20年5月12日,令和2年6月1日,令和8年5月31日
2643,東京都世田谷区深沢五丁目３８番１号,-,東京都立園芸高等学校,東京都,3705-2154,6世保生食ほ第1687号,みそ又はしょうゆ製造業,令和7年4月1日,令和7年4月1日,令和13年3月31日
2644,東京都世田谷区深沢五丁目３８番１号,-,東京都立園芸高等学校,協立給食株式会社,03-3705-2154,3世保生食ほ第434号,飲食店営業,令和3年6月1日,令和3年6月1日,令和9年5月31日
2645,東京都世田谷区深沢五丁目３９番３号,-,ファミリーマート深沢五丁目店,株式会社Ａｔｔｒａｃｔ　Ｐｌａｃｅ,03-5758-1128,5世保生食ほ第1335号,飲食店営業,令和5年11月30日,令和5年11月30日,令和12年11月30日
2646,東京都世田谷区深沢六丁目２番１号,-,ふくちゃん,***,5707-2984,31世保生食ほ第3015号,飲食店営業,平成20年7月23日,令和2年8月1日,令和8年7月31日
2647,東京都世田谷区深沢六丁目３番１４号,-,株式会社ピーテンプル,株式会社ピーテンプル,6809-7565,2世保生食ほ第310号,そうざい製造業,令和2年5月18日,令和2年5月18日,令和9年5月31日
2648,東京都世田谷区深沢六丁目３番１４号,-,株式会社ピーテンプル,株式会社ピーテンプル,6809-7565,31世保生食ほ第832号,飲食店営業,令和元年7月24日,令和元年7月24日,令和8年7月31日
2649,東京都世田谷区深沢六丁目２４番９号,ラ・プリマヴェーラ１１－１Ｆ,大黒屋自由ヶ丘店,株式会社南洲フーズ,5760-3990,7世保生食ほ第349号,飲食店営業,令和7年7月1日,令和7年7月1日,令和13年6月30日
2650,東京都世田谷区深沢六丁目２４番１１号,プレイヤー深沢１階,Ｃａｆｅ　Ｒｕｓｓ－Ｋｉｃｈ,***,6411-6657,3世保生食ほ第274号,飲食店営業,平成21年5月28日,令和3年6月1日,令和9年5月31日
2651,東京都世田谷区深沢七丁目１番１号,-,日本体育大学世田谷キャンパス食堂,株式会社ＬＥＯＣ,3704-9531,4世保生食ほ第876号,飲食店営業,令和4年10月1日,令和4年10月1日,令和11年9月30日
2652,東京都世田谷区深沢七丁目１番１号,-,ローソンＳ日体大店,有限会社樹彩,3701-6339,5世保生食ほ第533号,飲食店営業,令和5年8月1日,令和5年8月1日,令和11年7月31日
2653,東京都世田谷区深沢七丁目１番１号,日本体育大学　東京・世田谷キャンパス　スポーツ棟１Ｆ,ＫＡＲＡＫＵＳＡ　ＣＡＦＥ,株式会社カラクサフードメンテナンス,-,4世保生食ほ第1850号,飲食店営業,令和5年3月13日,令和5年3月13日,令和12年3月31日
2654,東京都世田谷区深沢七丁目２番２０号,-,東レ深沢寮,ユニオンサービス株式会社,5706-9000,31世保生食ほ第1116号,飲食店営業,平成5年9月2日,令和元年10月1日,令和8年9月30日
2655,東京都世田谷区深沢七丁目４番１号,-,チャームプレミア深沢,株式会社ＬＥＯＣ,03-6805-9932,6世保生食ほ第431号,飲食店営業,令和6年8月1日,令和6年8月1日,令和13年7月31日
2656,東京都世田谷区深沢七丁目９番６号,-,アリア深沢,株式会社ＬＥＯＣ,6674-1509,6世保生食ほ第856号,飲食店営業,令和6年10月1日,令和6年10月1日,令和13年9月30日
2657,東京都世田谷区深沢七丁目９番８号,Ｂ棟,日本ダブルポーション　株式会社,日本ダブルポーション株式会社,5758-6143,7世保生食ほ第135号,飲食店営業,令和7年5月1日,令和7年5月1日,令和13年4月30日
2658,東京都世田谷区深沢七丁目９番８号,Ｂ棟,日本ダブルポーション　株式会社,日本ダブルポーション株式会社,5758-6143,7世保生食ほ第136号,菓子製造業,令和7年5月1日,令和7年5月1日,令和13年4月30日
2659,東京都世田谷区深沢七丁目１３番４号,-,心心　Ｋ,Ｊａｐａｎ　Ｇｌｏｂａｌ　Ａｓｓｏｃｉａｔｉｏｎ株式会社,03-5758-8181,2世保生食ほ第366号,飲食店営業,令和2年5月20日,令和2年5月20日,令和8年5月31日
2660,東京都世田谷区深沢七丁目１３番４号,-,心心　Ｋ,Ｊａｐａｎ　Ｇｌｏｂａｌ　Ａｓｓｏｃｉａｔｉｏｎ株式会社,03-5758-8181,2世保生食ほ第367号,菓子製造業,令和2年5月20日,令和2年5月20日,令和8年5月31日
2661,東京都世田谷区深沢八丁目７番１７号,セブンスターマンション深沢１０１,壽々,***,-,7世保生食ほ第234号,飲食店営業,令和7年5月28日,令和7年5月28日,令和13年5月31日
2662,東京都世田谷区深沢八丁目１０番１２号,-,花,***,3704-2709,2世保生食ほ第802号,飲食店営業,平成8年8月20日,令和2年9月1日,令和8年8月31日
2663,東京都世田谷区深沢八丁目１０番１２号,ハイツ深沢１０１,Ｍａｉｓｏｎ　ｄｕ　Ｓｕｃｒｅ,Ｍａｉｓｏｎ　ｄｕ　Ｓｕｃｒｅ株式会社,5760-6166,7世保生食ほ第438号,菓子製造業,令和7年8月1日,令和7年8月1日,令和13年7月31日
2664,東京都世田谷区深沢八丁目１０番１４号,ボザール深沢１階,いちびこ桜新町店,株式会社いいね,03-6805-9765,7世保生食ほ第1716号,菓子製造業,令和8年3月1日,令和8年3月1日,令和15年2月28日
2665,東京都世田谷区深沢八丁目１４番１７号,-,ｃｕｉｓｉｎｅ　ｆｒａｎａｉｓｅ　ｅ,***,3702-9978,4世保生食ほ第1250号,飲食店営業,令和4年12月1日,令和4年12月1日,令和10年11月30日
2666,東京都世田谷区深沢八丁目１９番１９号,-,東京山手調理師専門学校　１Ｆ,学校法人村川学園,5799-6989,31世保生食ほ第243号,菓子製造業,令和元年5月16日,令和元年5月16日,令和9年5月31日
2667,東京都世田谷区深沢八丁目１９番１９号,-,東京山手調理師専門学校　１Ｆ,学校法人村川学園,5799-6989,7世保生食ほ第210号,飲食店営業,令和7年6月1日,令和7年6月1日,令和13年5月31日
2668,東京都世田谷区深沢八丁目１９番１９号,-,東京山手調理師専門学校,学校法人村川学園,03-5799-6989,6世保生食ほ第758号,そうざい製造業,令和6年8月28日,令和6年8月28日,令和14年8月31日
2669,東京都世田谷区新町一丁目４番２４号,-,世田谷区立　深沢小学校,株式会社スエヒロ,-,3世保生食ほ第223号,飲食店営業,令和3年4月28日,令和3年4月28日,令和10年4月30日
2670,東京都世田谷区新町一丁目１１番８号,-,魚友寿司,***,3428-5948,6世保生食ほ第1292号,飲食店営業,令和7年1月1日,令和7年1月1日,令和12年12月31日
2671,東京都世田谷区新町一丁目２６番２９号,-,東京都世田谷区立深沢中学校,株式会社東京天竜,-,3世保生食ほ第284号,飲食店営業,令和3年4月28日,令和3年4月28日,令和10年4月30日
2672,東京都世田谷区新町一丁目３６番９号,コーポラス米倉１Ｆ,Ｒｅｌａｉｓ　Ｓａｋｕｒａ,株式会社ルレ・サクラ,5760-6319,3世保生食ほ第1123号,飲食店営業,令和3年10月1日,令和3年10月1日,令和10年9月30日
2673,東京都世田谷区新町二丁目１番１３号,新町住宅社ビル１０２,歩夢ａｙｕｍｕ,Ｄｒｅａｍ　ｗａｌｋ株式会社,03-5432-9769,5世保生食ほ第497号,飲食店営業,令和5年8月1日,令和5年8月1日,令和11年7月31日
2674,東京都世田谷区新町二丁目２番１３号,-,株式会社　ふくとく,株式会社ふくとく,03-3420-4033,2世保生食ほ第1033号,菓子製造業,平成26年10月21日,令和2年11月1日,令和8年10月31日
2675,東京都世田谷区新町二丁目２番１３号,-,株式会社　ふくとく,株式会社ふくとく,03-3420-4033,3世保生食ほ第1671号,そうざい製造業,令和3年12月23日,令和3年12月23日,令和10年12月31日
2676,東京都世田谷区新町二丁目２番１４号,-,ｃｈｅｒｒｙ　新町,***,03-6413-9778,2世保生食ほ第385号,飲食店営業,令和2年5月28日,令和2年5月28日,令和8年5月31日
2677,東京都世田谷区新町二丁目５番１４号,-,ビストロ　フロッグス,***,5799-7746,31世保生食ほ第1645号,飲食店営業,平成24年11月13日,令和元年12月1日,令和8年11月30日
2678,東京都世田谷区新町二丁目５番１５号,内田ビル１０１,シターラ　新町店,株式会社ＳＨＩＶＡ,03-6413-5031,7世保生食ほ第713号,飲食店営業,令和7年9月1日,令和7年9月1日,令和14年8月31日
2679,東京都世田谷区新町二丁目５番１５号,内田ビル１Ｆ,ＳＵＮＤＡＹ,株式会社ＳＴＵＤＩＯ　ＢＵＮＮＹ,-,7世保生食ほ第1316号,飲食店営業,令和7年12月17日,令和7年12月17日,令和13年12月31日
2680,東京都世田谷区新町二丁目６番１８号,-,鮨はし本,***,03-6413-5310,5世保生食ほ第485号,飲食店営業,令和5年6月30日,令和5年6月30日,令和11年6月30日
2681,東京都世田谷区新町二丁目１０番１３号,-,ファイン　シュメッカー　サイトウ,***,03-5450-0505,6世保生食ほ第428号,飲食店営業,令和6年8月1日,令和6年8月1日,令和12年7月31日
2682,東京都世田谷区新町二丁目１０番１３号,-,ファイン　シュメッカー　サイトウ,***,03-5450-0505,6世保生食ほ第429号,食肉製品製造業,令和6年8月1日,令和6年8月1日,令和12年7月31日
2683,東京都世田谷区新町二丁目１８番１３号,ヴェリテ桜新町１０２,ＧＥＮＴＬＥＭＡＮ　ＴＵＰＰＥＲ’Ｓ,***,-,6世保生食ほ第991号,飲食店営業,令和6年10月11日,令和6年10月11日,令和12年10月31日
2684,東京都世田谷区新町二丁目２２番１６号,Ｒｙｏ　Ａｖｅ．２Ｆ,Ｌａ　ｍｒｅ,***,-,4世保生食ほ第1941号,飲食店営業,令和5年3月31日,令和5年3月31日,令和12年3月31日
2685,東京都世田谷区新町二丁目２２番１６号,Ｒｙｏ　Ａｖｅ．２Ｆ,Ｌａ　ｍｒｅ,***,-,5世保生食ほ第567号,そうざい製造業,令和5年7月11日,令和5年7月11日,令和12年3月31日
2686,東京都世田谷区新町二丁目２５番１６号,-,サーティーワンアイスクリーム桜新町店,株式会社ブルーメ,3706-7300,4世保生食ほ第1687号,飲食店営業,令和5年3月1日,令和5年3月1日,令和11年2月28日
2687,東京都世田谷区新町二丁目２５番１７号,平和ビル１階,スープカレー屋　オオドリー桜新町店,株式会社江信,-,7世保生食ほ第948号,飲食店営業,令和7年10月2日,令和7年10月2日,令和14年10月31日
2688,東京都世田谷区新町二丁目２７番６号,アルカディア　１Ｆ,柿家鮨　世田谷中央店,株式会社フォーシーズ,5450-0300,2世保生食ほ第938号,飲食店営業,平成18年9月13日,令和2年10月1日,令和9年9月30日
2689,東京都世田谷区新町二丁目３５番１６号,サラ・グラティオ１Ｆ,プラチノ,有限会社プラチノ,3426-3451,2世保生食ほ第45号,飲食店営業,平成11年6月7日,令和2年7月1日,令和9年6月30日
2690,東京都世田谷区新町二丁目３５番１６号,サラ・グラティオ１Ｆ,プラチノ,有限会社プラチノ,3426-3451,2世保生食ほ第46号,菓子製造業,平成11年6月7日,令和2年7月1日,令和9年6月30日
2691,東京都世田谷区新町二丁目３７番１２号,-,ピーコックストア桜新町店,株式会社イオンフードスタイル,5450-8011,3世保生食ほ第1500号,飲食店営業,令和3年11月2日,令和3年11月2日,令和10年11月30日
2692,東京都世田谷区新町二丁目３７番１２号,-,ピーコックストア桜新町店,株式会社イオンフードスタイル,5450-8011,31世保生食ほ第1542号,菓子製造業,平成5年11月5日,令和元年12月1日,令和8年11月30日
2693,東京都世田谷区新町二丁目３７番１２号,-,ピーコックストア桜新町店,株式会社イオンフードスタイル,5450-8011,31世保生食ほ第1543号,食肉販売業,平成5年11月5日,令和元年12月1日,令和8年11月30日
2694,東京都世田谷区新町二丁目３７番１２号,-,ピーコックストア桜新町店,株式会社イオンフードスタイル,5450-8011,31世保生食ほ第1544号,魚介類販売業,平成5年11月5日,令和元年12月1日,令和8年11月30日
2695,東京都世田谷区新町二丁目３７番１２号,-,ピーコックストア桜新町店　寿司コーナー,株式会社イオンフードスタイル,5450-8011,31世保生食ほ第1545号,飲食店営業,平成5年11月5日,令和元年12月1日,令和8年11月30日
2696,東京都世田谷区新町二丁目３７番１２号,-,ピーコックストア桜新町店　惣菜・デリカコーナー,株式会社イオンフードスタイル,5450-8011,31世保生食ほ第1546号,飲食店営業,平成5年11月5日,令和元年12月1日,令和8年11月30日
2697,東京都世田谷区新町二丁目３７番１４号,-,ロイヤルホスト桜新町駅前店,ロイヤルフードサービス株式会社,03-5451-3381,3世保生食ほ第109号,飲食店営業,平成12年5月8日,令和3年6月1日,令和10年5月31日
2698,東京都世田谷区新町二丁目３８番１４号,-,ミスタードーナツ桜新町駅前店,ロイヤル商事株式会社,03-3426-4484,31世保生食ほ第2585号,飲食店営業,平成6年3月17日,令和2年4月1日,令和9年3月31日
2699,東京都世田谷区新町二丁目３８番１４号,-,ミスタードーナツ桜新町駅前店,ロイヤル商事株式会社,03-3426-4484,31世保生食ほ第2586号,菓子製造業,平成6年3月17日,令和2年4月1日,令和9年3月31日
2700,東京都世田谷区新町三丁目１番１号,-,ファミリーマート世田谷新町店,株式会社タイレル,03-5426-2072,4世保生食ほ第320号,飲食店営業,令和4年6月1日,令和4年6月1日,令和11年5月31日
2701,東京都世田谷区新町三丁目１番３号,東京電力世田谷支社４Ｆ,東京電力パワーグリッド株式会社　渋谷支社　世田谷事務所食堂,株式会社萬惣食品,6374-6088,2世保生食ほ第1160号,飲食店営業,平成25年10月10日,令和2年11月1日,令和9年10月31日
2702,東京都世田谷区新町三丁目１番３２号,金子ビル２Ｆ,花,***,03-5799-4747,2世保生食ほ第904号,飲食店営業,平成26年9月16日,令和2年10月1日,令和8年9月30日
2703,東京都世田谷区新町三丁目１番３３号,金子ビル１Ｆ,居酒屋　いち,***,6413-9717,31世保生食ほ第2448号,飲食店営業,平成25年3月8日,令和2年4月1日,令和9年3月31日
2704,東京都世田谷区新町三丁目１９番９号,ＦＬＡＴ３６９ｋｉｔｃｈｅｎ１９５,ｋｉｔｃｈｅｎ１９５,学校法人芳村学園,-,3世保生食ほ第768号,飲食店営業,令和3年7月7日,令和3年7月7日,令和10年7月31日
2705,東京都世田谷区新町三丁目２２番８号,-,セブンイレブン世田谷新町３丁目店,***,3420-1077,3世保生食ほ第531号,飲食店営業,令和3年6月23日,令和3年6月23日,令和10年6月30日
2706,東京都世田谷区新町三丁目２２番１号,-,鳥割烹　石垣,有限会社新町,3427-7698,5世保生食ほ第1812号,飲食店営業,令和6年4月1日,令和6年4月1日,令和12年3月31日
2707,東京都世田谷区新町三丁目２３番８号,エスカリエ桜新町１Ｆ,ＯＧＡＷＡ　ＣＯＦＦＥＥ　ＬＡＢＯＲＡＴＯＲＹ　桜新町店,株式会社小川珈琲クリエイツ,0364135252,2世保生食ほ第480号,飲食店営業,令和2年7月1日,令和2年7月1日,令和9年6月30日
2708,東京都世田谷区新町三丁目２３番８号,エスカリエ桜新町１Ｆ,ＯＧＡＷＡ　ＣＯＦＦＥＥ　ＬＡＢＯＲＡＴＯＲＹ　桜新町店,株式会社小川珈琲クリエイツ,0364135252,2世保生食ほ第481号,アイスクリーム類製造業,令和2年7月1日,令和2年7月1日,令和9年6月30日
2709,東京都世田谷区桜新町一丁目３番８号,-,生パスタ専門店　カレン,有限会社同栄企業,3703-7656,5世保生食ほ第639号,飲食店営業,令和5年9月1日,令和5年9月1日,令和11年8月31日
2710,東京都世田谷区桜新町一丁目４番７号,-,敷島屋,***,3701-1943,31世保生食ほ第2536号,飲食店営業,昭和43年5月1日,令和2年5月1日,令和8年4月30日
2711,東京都世田谷区桜新町一丁目７番５号,オークヴァレー桜新町１階,ＢＡＧＥＬ＆ＣＡＦＥ　ｔｅｎ,株式会社エフエムディーシー,-,6世保生食ほ第956号,飲食店営業,令和6年10月23日,令和6年10月23日,令和12年10月31日
2712,東京都世田谷区桜新町一丁目８番６号,-,豊嶋屋豆腐店,有限会社豊嶋屋,3702-8916,2世保生食ほ第1241号,豆腐製造業,平成8年10月4日,令和2年11月1日,令和9年10月31日
2713,東京都世田谷区桜新町一丁目８番９号,丸新ビル１階,ピッツエリア　チーロ　桜新町店,フーチャープラネット合同会社,03-5450-0301,2世保生食ほ第2842号,飲食店営業,令和3年4月2日,令和3年4月2日,令和10年4月30日
2714,東京都世田谷区桜新町一丁目８番９号,丸新ビル１階,ピッツエリア　チーロ　桜新町店,フーチャープラネット合同会社,03-5450-0301,3世保生食ほ第543号,そうざい製造業,令和3年6月9日,令和3年6月9日,令和10年6月30日
2715,東京都世田谷区桜新町一丁目８番１０号,世田谷国際マンション１Ｆ,でびっと　桜新町サザエさん通り店,ＴＤＭ株式会社,5450-1076,5世保生食ほ第34号,飲食店営業,令和5年5月1日,令和5年5月1日,令和12年4月30日
2716,東京都世田谷区桜新町一丁目８番１０号,-,フーズマーケットさえき桜新町店,株式会社京浜さえき,3706-3983,2世保生食ほ第10号,飲食店営業,平成25年7月11日,令和2年8月1日,令和9年7月31日
2717,東京都世田谷区桜新町一丁目８番１０号,-,フーズマーケットさえき桜新町店,株式会社京浜さえき,3706-3983,2世保生食ほ第12号,食肉販売業,平成25年7月11日,令和2年8月1日,令和9年7月31日
2718,東京都世田谷区桜新町一丁目８番１０号,-,フーズマーケットさえき桜新町店,株式会社京浜さえき,3706-3983,2世保生食ほ第13号,魚介類販売業,平成25年7月11日,令和2年8月1日,令和9年7月31日
2719,東京都世田谷区桜新町一丁目８番１４号,双葉コーポ,蜜樹　Ｍｉｔｓｕｋｉ,株式会社ＫＡＯＲＵ,03-6413-5474,7世保生食ほ第1896号,飲食店営業,令和8年4月2日,令和8年4月2日,令和14年4月30日
2720,東京都世田谷区桜新町一丁目１１番４号,フジヤビル３Ｆ,Ｃｒａｆｔ　Ｂｅｅｒ　Ｈｏｕｓｅ　ＬＵＳＨ　ＬＩＦＥ,***,-,31世保生食ほ第730号,飲食店営業,平成24年7月10日,令和元年8月1日,令和8年7月31日
2721,東京都世田谷区桜新町一丁目１１番４号,フジヤビル１Ｆ,わたしの本棚,***,-,6世保生食ほ第1379号,飲食店営業,令和6年12月18日,令和6年12月18日,令和12年12月31日
2722,東京都世田谷区桜新町一丁目１１番６号,-,串天　ごち　,株式会社Ｕｎｉｔｙ　ｗｏｒｌｄ　ｋｉｔｃｈｅｎ　,5426-0282,6世保生食ほ第106号,飲食店営業,令和6年5月1日,令和6年5月1日,令和13年4月30日
2723,東京都世田谷区桜新町一丁目１１番６号,イイダアネックス－３　Ｂ１Ｆ,Ｈｏｎｅｙｃｏｍｂ　ｃｏｍｅ　桜新町,合同会社紫アジサイ,03-6413-6256,2世保生食ほ第1735号,飲食店営業,令和2年11月27日,令和2年11月27日,令和8年11月30日
2724,東京都世田谷区桜新町一丁目１２番９号,篠沢ビル１Ｆ,ドトールコーヒーショップ桜新町店,有限会社タカハシ,5426-5641,3世保生食ほ第657号,飲食店営業,令和3年6月25日,令和3年6月25日,令和9年6月30日
2725,東京都世田谷区桜新町一丁目１２番９号,-,松屋　桜新町店,株式会社松屋フーズ,-,7世保生食ほ第1717号,飲食店営業,令和8年3月2日,令和8年3月2日,令和14年3月31日
2726,東京都世田谷区桜新町一丁目１２番９号,篠沢ビル２階,エバーグリーン,***,03-6413-0056,4世保生食ほ第510号,飲食店営業,令和4年7月1日,令和4年7月1日,令和10年6月30日
2727,東京都世田谷区桜新町一丁目１２番９号,シノザワビルＢ１,炭火屋どっこい,株式会社炭火屋どっこい,03-6413-1251,4世保生食ほ第1833号,飲食店営業,令和5年4月1日,令和5年4月1日,令和11年3月31日
2728,東京都世田谷区桜新町一丁目１２番９号,シノザワビルＢ１,焼肉人生　タロちゃん,株式会社三力商事,6413-1529,4世保生食ほ第614号,飲食店営業,令和4年7月19日,令和4年7月19日,令和10年7月31日
2729,東京都世田谷区桜新町一丁目１２番１２号,-,新富鮨,***,3425-8868,2世保生食ほ第837号,飲食店営業,平成14年8月30日,令和2年9月1日,令和8年8月31日
2730,東京都世田谷区桜新町一丁目１２番１２号,-,亀屋万年堂　桜新町店,株式会社亀屋万年堂,03-3428-1074,4世保生食ほ第739号,菓子製造業,令和4年9月7日,令和4年9月7日,令和11年9月30日
2731,東京都世田谷区桜新町一丁目１２番１３号,桜新町ビル２０３,ラ・サルーテ,***,6413-9215,2世保生食ほ第704号,飲食店営業,平成25年8月13日,令和2年9月1日,令和9年8月31日
2732,東京都世田谷区桜新町一丁目１２番１３号,-,セブン‐イレブン世田谷桜新町駅前店,有限会社伊藤商店,03-3439-3558,3世保生食ほ第530号,飲食店営業,令和3年6月23日,令和3年6月23日,令和10年6月30日
2733,東京都世田谷区桜新町一丁目１３番３号,ヴィラ河本１Ｆ,自然食品店Ｆ＆Ｆ桜新町店,エフアンドエフシステム株式会社,5477-0202,3世保生食ほ第599号,飲食店営業,令和3年6月18日,令和3年6月18日,令和10年6月30日
2734,東京都世田谷区桜新町一丁目１３番６号,Ｂ１Ｆ,㈲桑名屋酒店,有限会社桑名屋酒店,3420-7624,31世保生食ほ第676号,飲食店営業,平成24年7月27日,令和元年8月1日,令和8年7月31日
2735,東京都世田谷区桜新町一丁目１３番６号,２階,巌廻,巌廻有限会社,3706-4801,31世保生食ほ第589号,飲食店営業,平成24年7月11日,令和元年8月1日,令和8年7月31日
2736,東京都世田谷区桜新町一丁目１３番６号,-,コスタコーヒー　桜新町サザエさん通り店,双日ロイヤルカフェ株式会社,-,7世保生食ほ第372号,飲食店営業,令和7年7月14日,令和7年7月14日,令和14年7月31日
2737,東京都世田谷区桜新町一丁目１３番７号,キャメルビル３Ｆ,ＨＡＧＡＲＥ　桜新町,株式会社キャメルキッチン,03-6413-5400,6世保生食ほ第1093号,飲食店営業,令和6年12月1日,令和6年12月1日,令和13年11月30日
2738,東京都世田谷区桜新町一丁目１３番９号,-,豊ちゃん,***,3426-0277,2世保生食ほ第1218号,飲食店営業,昭和50年10月11日,令和2年11月1日,令和8年10月31日
2739,東京都世田谷区桜新町一丁目１３番９号,-,麺処さとう　桜新町店,株式会社ＢＨ　ｊａｐａｎ,5426-2797,2世保生食ほ第2702号,飲食店営業,平成27年3月17日,令和3年4月1日,令和9年3月31日
2740,東京都世田谷区桜新町一丁目１４番１７号,グロワール桜新町３階,鳥貴族　桜新町店,株式会社鳥貴族東日本,03-6413-9022,7世保生食ほ第466号,飲食店営業,令和7年8月1日,令和7年8月1日,令和14年7月31日
2741,東京都世田谷区桜新町一丁目１４番１７号,２Ｆ,カラオケＡＬＬ桜新町店,株式会社メロ・ワークス,03-6413-9670,7世保生食ほ第973号,飲食店営業,令和7年11月1日,令和7年11月1日,令和14年10月31日
2742,東京都世田谷区桜新町一丁目１４番１７号,-,まさや　桜新町店,***,5426-2342,31世保生食ほ第1789号,飲食店営業,令和元年11月29日,令和元年11月29日,令和8年11月30日
2743,東京都世田谷区桜新町一丁目１４番１７号,グロワール桜新町Ｂ１Ｆ,ＢｅｅｆＧａｒｄｅｎ　桜新町,株式会社ＴＦＭ,-,6世保生食ほ第1384号,飲食店営業,令和6年12月18日,令和6年12月18日,令和13年12月31日
2744,東京都世田谷区桜新町一丁目１４番１７号,グロワール桜新町Ｂ１Ｆ,ＢｅｅｆＧａｒｄｅｎ　桜新町,株式会社ＴＦＭ,-,6世保生食ほ第1385号,食肉販売業,令和6年12月18日,令和6年12月18日,令和13年12月31日
2745,東京都世田谷区桜新町一丁目１４番１７号,-,てんや　桜新町店,ロイヤルフードサービス株式会社,03-3429-6715,7世保生食ほ第1216号,飲食店営業,令和7年12月3日,令和7年12月3日,令和14年12月31日
2746,東京都世田谷区桜新町一丁目１４番１９号,１階,魚徳,***,3429-6724,5世保生食ほ第1392号,飲食店営業,令和6年1月1日,令和6年1月1日,令和11年12月31日
2747,東京都世田谷区桜新町一丁目１４番１９号,１階,魚徳,***,3429-6724,5世保生食ほ第1393号,魚介類販売業,令和6年1月1日,令和6年1月1日,令和11年12月31日
2748,東京都世田谷区桜新町一丁目１５番１号,-,ひょうたん,***,03-3706-3800,2世保生食ほ第2225号,飲食店営業,令和3年2月3日,令和3年2月3日,令和9年2月28日
2749,東京都世田谷区桜新町一丁目１５番１９号,リッキービル１階,温野菜　桜新町店,株式会社レインズインターナショナル,0354513729,2世保生食ほ第371号,食肉販売業,令和2年5月26日,令和2年5月26日,令和9年5月31日
2750,東京都世田谷区桜新町一丁目１５番１９号,リッキービル１階,温野菜　桜新町店,株式会社レインズインターナショナル,0354513729,5世保生食ほ第1701号,飲食店営業,令和6年3月1日,令和6年3月1日,令和13年2月28日
2751,東京都世田谷区桜新町一丁目１５番２２号,Ｃ．Ｓ．Ｐａｒｋ　１Ｆ,ＢＩＧＡＲＲＥＡＵＸ,株式会社ビガロー,03-6804-4184,2世保生食ほ第2843号,飲食店営業,平成26年4月23日,令和3年5月1日,令和10年4月30日
2752,東京都世田谷区桜新町一丁目１５番２２号,Ｃ．Ｓ．Ｐａｒｋ　１Ｆ,ＢＩＧＡＲＲＥＡＵＸ,株式会社ビガロー,03-6804-4184,2世保生食ほ第2844号,菓子製造業,平成26年4月23日,令和3年5月1日,令和10年4月30日
2753,東京都世田谷区桜新町一丁目１５番２２号,イイダアネックス６　３Ｆ,沖縄島酒食堂　いちゃりばちょーでー,株式会社てーげー,3420-7852,4世保生食ほ第1772号,飲食店営業,令和5年4月1日,令和5年4月1日,令和12年3月31日
2754,東京都世田谷区桜新町一丁目１５番２２号,イイダアネックス１Ｆ,もつ山,株式会社山グループ,03-5477-8260,2世保生食ほ第205号,飲食店営業,令和2年5月1日,令和2年5月1日,令和9年4月30日
2755,東京都世田谷区桜新町一丁目１７番１３号,-,らあめん花月嵐　桜新町店,グロービート・ジャパン株式会社,03-3428-7718,7世保生食ほ第1328号,飲食店営業,令和7年12月23日,令和7年12月23日,令和14年12月31日
2756,東京都世田谷区桜新町一丁目１７番１４号,-,株式会社　神田屋,株式会社神田屋,3429-0459,2世保生食ほ第1531号,飲食店営業,平成20年11月17日,令和2年12月1日,令和8年11月30日
2757,東京都世田谷区桜新町一丁目１８番１４号,エクセル桜新町　１Ｆ,セブンイレブン　世田谷桜新町１丁目店,***,3706-8862,4世保生食ほ第1103号,飲食店営業,令和4年11月1日,令和4年11月1日,令和10年10月31日
2758,東京都世田谷区桜新町一丁目２１番１２号,プロシード桜新町１階,ＡＰＲＯＮＳ　ＦＯＯＤ　ＭＡＲＫＥＴ,株式会社サンピン,3427-8315,5世保生食ほ第1905号,飲食店営業,令和6年5月1日,令和6年5月1日,令和12年4月30日
2759,東京都世田谷区桜新町一丁目２１番１２号,プロシード桜新町１階,ＡＰＲＯＮＳ　ＦＯＯＤ　ＭＡＲＫＥＴ,株式会社サンピン,3427-8315,5世保生食ほ第1906号,菓子製造業,令和6年5月1日,令和6年5月1日,令和12年4月30日
2760,東京都世田谷区桜新町一丁目２１番１５号,-,ムスビガーデン　桜新町店,ムソー株式会社,03-5426-5088,3世保生食ほ第1747号,飲食店営業,令和3年12月20日,令和3年12月20日,令和10年12月31日
2761,東京都世田谷区桜新町一丁目２１番１５号,-,ムスビガーデン　桜新町店,ムソー株式会社,03-5426-5088,3世保生食ほ第1748号,食肉販売業,令和3年12月20日,令和3年12月20日,令和10年12月31日
2762,東京都世田谷区桜新町一丁目２１番１５号,-,ムスビガーデン　桜新町店,ムソー株式会社,03-5426-5088,3世保生食ほ第1749号,魚介類販売業,令和3年12月20日,令和3年12月20日,令和10年12月31日
2763,東京都世田谷区桜新町一丁目２１番１５号,-,ムスビガーデン　桜新町店,ムソー株式会社,03-5426-5088,4世保生食ほ第1417号,菓子製造業,令和5年1月1日,令和5年1月1日,令和10年12月31日
2764,東京都世田谷区桜新町一丁目２５番２４号,シェスタ桜新町１０１,Ｋａｆｆａｖｅｌ　Ｃｏｆｆｅｅ　Ｒｏａｓｔ　Ｌａｂｏ,株式会社　フジランド,03-6809-7673,7世保生食ほ第304号,飲食店営業,令和7年7月8日,令和7年7月8日,令和13年7月31日
2765,東京都世田谷区桜新町一丁目２５番２５号,矢嶋ビル１ＦＡ号,カーサ・アンジェリーナ,***,3701-3301,3世保生食ほ第20号,飲食店営業,平成27年4月20日,令和3年5月1日,令和9年4月30日
2766,東京都世田谷区桜新町一丁目２９番１号,-,焼鳥　なもと,***,3702-4492,5世保生食ほ第1268号,飲食店営業,令和5年12月1日,令和5年12月1日,令和11年11月30日
2767,東京都世田谷区桜新町一丁目２９番１号,２階,大衆割烹　火の国,有限会社嶺和カンパニー,3701-1901,4世保生食ほ第1184号,飲食店営業,令和4年12月1日,令和4年12月1日,令和11年11月30日
2768,東京都世田谷区桜新町一丁目２９番１号,Ｍａｔｓｕｙａ　ｂｕｉｌｄｉｎｇ　１Ｆ奥,Ｄｏｌｐｈｉｎ＇ｓ　ｂａｎａｎａ,***,03-3701-4251,4世保生食ほ第499号,飲食店営業,令和4年6月23日,令和4年6月23日,令和11年6月30日
2769,東京都世田谷区桜新町一丁目３２番１号,-,セブンイレブン世田谷サザエさん通り店,有限会社三河屋伊藤酒店,3701-3663,3世保生食ほ第525号,飲食店営業,令和3年6月23日,令和3年6月23日,令和9年6月30日
2770,東京都世田谷区桜新町一丁目３３番５号,-,シズラー　桜新町店,ロイヤルフードサービス株式会社,03-3705-4919,2世保生食ほ第1268号,飲食店営業,平成8年10月24日,令和2年11月1日,令和9年10月31日
2771,東京都世田谷区桜新町一丁目３４番６号,-,ロイヤルホールディングス株式会社東京本部,ロイヤルホールディングス株式会社,03-5707-8809,4世保生食ほ第1783号,飲食店営業,令和5年4月1日,令和5年4月1日,令和12年3月31日
2772,東京都世田谷区桜新町一丁目３４番６号,-,ロイヤルホスト桜新町店,ロイヤルフードサービス株式会社,03-5707-8811,3世保生食ほ第665号,飲食店営業,令和3年8月1日,令和3年8月1日,令和10年7月31日
2773,東京都世田谷区桜新町一丁目４０番７号,-,ファミリーマート桜新町一丁目店,株式会社オリエンタルウインド,03-5426-0137,5世保生食ほ第699号,飲食店営業,令和5年9月1日,令和5年9月1日,令和12年8月31日
2774,東京都世田谷区桜新町二丁目１番１号,-,増田屋　㈲蛭田商店,有限会社蛭田商店,3420-9111,3世保生食ほ第18号,飲食店営業,昭和50年3月19日,令和3年5月1日,令和9年4月30日
2775,東京都世田谷区桜新町二丁目１番１号,-,キッチンオリジン　桜新町店,オリジン東秀株式会社,03-5426-3675,3世保生食ほ第1786号,飲食店営業,令和3年12月16日,令和3年12月16日,令和9年12月31日
2776,東京都世田谷区桜新町二丁目１番６号,２階,スナック　アイ,株式会社装工,5450-0667,3世保生食ほ第308号,飲食店営業,平成21年5月27日,令和3年6月1日,令和9年5月31日
2777,東京都世田谷区桜新町二丁目１番６号,-,桜新町もつ肉店,有限会社ホドリ,-,3世保生食ほ第2183号,飲食店営業,令和4年3月9日,令和4年3月9日,令和10年3月31日
2778,東京都世田谷区桜新町二丁目８番４号,-,株式会社ヴィヨン,株式会社ＰＡＰＡＢＵＢＢＬＥ　ＪＡＰＡＮ,3427-2555,7世保生食ほ第864号,菓子製造業,令和7年10月1日,令和7年10月1日,令和14年9月30日
2779,東京都世田谷区桜新町二丁目８番４号,-,川信,有限会社土屋川信,3425-2364,31世保生食ほ第2188号,飲食店営業,平成3年3月22日,令和2年4月1日,令和9年3月31日
2780,東京都世田谷区桜新町二丁目８番４号,-,株式会社ヴィヨン,株式会社ＰＡＰＡＢＵＢＢＬＥ　ＪＡＰＡＮ,3427-2555,7世保生食ほ第863号,飲食店営業,令和7年10月1日,令和7年10月1日,令和14年9月30日
2781,東京都世田谷区桜新町二丁目９番２号,ＴＮＫビル１階,カフェ　ラ・ボエム　桜新町,株式会社グローバルダイニング,5426-0922,5世保生食ほ第771号,飲食店営業,令和5年9月1日,令和5年9月1日,令和12年8月31日
2782,東京都世田谷区桜新町二丁目９番２号,ＴＮＫビル２階,権八　桜新町,株式会社グローバルダイニング,5451-3300,2世保生食ほ第1844号,飲食店営業,平成18年12月7日,令和3年1月1日,令和8年12月31日
2783,東京都世田谷区桜新町二丁目９番３号,ＭＫビル１、２階,クォリティフーズ株式会社　マクドナルド桜新町店,クォリティフーズ株式会社,5451-7021,31世保生食ほ第2980号,飲食店営業,平成25年6月27日,令和2年7月1日,令和9年6月30日
2784,東京都世田谷区桜新町二丁目９番３号,ＭＫビル１、２階,クォリティフーズ株式会社　マクドナルド桜新町店,クォリティフーズ株式会社,5451-7021,31世保生食ほ第2981号,菓子製造業,平成25年6月27日,令和2年7月1日,令和9年6月30日
2785,東京都世田谷区桜新町二丁目９番３号,ＭＫビル１、２階,クォリティフーズ株式会社　マクドナルド桜新町店,クォリティフーズ株式会社,5451-7021,31世保生食ほ第2982号,アイスクリーム類製造業,平成25年6月27日,令和2年7月1日,令和9年6月30日
2786,東京都世田谷区桜新町二丁目１０番１号,-,ファミリーマート桜新町駅前店,株式会社春日屋,5426-3237,31世保生食ほ第478号,飲食店営業,令和元年6月19日,令和元年6月19日,令和8年6月30日
2787,東京都世田谷区桜新町二丁目１０番１号,-,ファミリーマート桜新町駅前店,株式会社春日屋,5426-3237,31世保生食ほ第479号,菓子製造業,令和元年6月19日,令和元年6月19日,令和8年6月30日
2788,東京都世田谷区桜新町二丁目１０番２号,-,ケンタッキーフライドチキン桜新町店,株式会社明治屋フードサービス,5477-7365,31世保生食ほ第2636号,飲食店営業,平成4年4月23日,令和2年5月1日,令和9年4月30日
2789,東京都世田谷区桜新町二丁目１０番２号,-,ケンタッキーフライドチキン桜新町店,株式会社明治屋フードサービス,5477-7365,31世保生食ほ第2637号,菓子製造業,平成4年9月28日,令和2年5月1日,令和9年4月30日
2790,東京都世田谷区桜新町二丁目１０番２号,-,カレーハウスＣｏＣｏ壱番屋　東急桜新町駅前店,株式会社Ｂ－Ｄａｓｈ,5426-2555,6世保生食ほ第58号,飲食店営業,令和6年5月1日,令和6年5月1日,令和13年4月30日
2791,東京都世田谷区桜新町二丁目１０番３号,奥野ビル１階,とんかつ新宿さぼてん　桜新町店,株式会社グリーンハウスフーズ,5450-5470,31世保生食ほ第266号,飲食店営業,平成23年5月24日,令和元年6月1日,令和8年5月31日
2792,東京都世田谷区桜新町二丁目１０番４号,-,ちよだ鮨　桜新町店,株式会社ちよだ鮨,03-6673-4945,7世保生食ほ第970号,飲食店営業,令和7年11月1日,令和7年11月1日,令和14年10月31日
2793,東京都世田谷区桜新町二丁目１０番４号,ミヤケビル１階,スターバックス桜新町店,スターバックスコーヒージャパン株式会社,03-6413-7136,7世保生食ほ第956号,飲食店営業,令和7年11月1日,令和7年11月1日,令和14年10月31日
2794,東京都世田谷区桜新町二丁目１０番１７号,日平会館１階１０１号室,セントラルキッチン　桜新町,株式会社ｐｅａｃｅ　ｐｕｔ,-,5世保生食ほ第108号,菓子製造業,令和5年5月2日,令和5年5月2日,令和12年5月31日
2795,東京都世田谷区桜新町二丁目１２番１０号,-,国際自動車株式会社　世田谷営業所,株式会社アペックス,-,7世保生食ほ第315号,調理の機能を有する自動販売機により食品を調理し、調理された食品を販売する営業,令和7年6月12日,令和7年6月12日,令和12年6月30日
2796,東京都世田谷区桜新町二丁目１３番２０号,-,ローソン世田谷桜新町二丁目店,株式会社ローソンアーバンワークス,03-5426-1317,2世保生食ほ第213号,飲食店営業,令和2年5月18日,令和2年5月18日,令和9年5月31日
2797,東京都世田谷区桜新町二丁目１３番２０号,-,ローソン世田谷桜新町二丁目店,株式会社ローソンアーバンワークス,03-5426-1317,2世保生食ほ第214号,菓子製造業,令和2年5月18日,令和2年5月18日,令和9年5月31日
2798,東京都世田谷区桜新町二丁目１７番３号,４１１号室,シャリマ　ドゥラ　テフテフ,有限会社ひとエンタープライズ,3706-2035,3世保生食ほ第1118号,菓子製造業,令和3年10月1日,令和3年10月1日,令和9年9月30日
2799,東京都世田谷区桜新町二丁目１７番１５号,サクラビル１ＦＡ,いなせや　桜新町店,株式会社ＮＯＲＲＹ’Ｓ,03-5799-4218,30世保生食ほ第2430号,飲食店営業,平成31年4月9日,平成31年4月9日,令和8年4月30日
2800,東京都世田谷区桜新町二丁目１７番１５号,サクラビル１ＦＡ,いなせや　桜新町店,株式会社ＮＯＲＲＹ’Ｓ,03-5799-4218,7世保生食ほ第1971号,飲食店営業,令和8年5月1日,令和8年5月1日,令和15年4月30日
2801,東京都世田谷区桜新町二丁目１８番３号,-,テラス樹理杏,***,3427-5444,2世保生食ほ第806号,飲食店営業,昭和53年8月31日,令和2年9月1日,令和8年8月31日
2802,東京都世田谷区桜新町二丁目１８番１６号,アクロポリス１０１,ｂｕｆｆ,株式会社ＴＡＮＫ,03-5799-6684,7世保生食ほ第195号,飲食店営業,令和7年5月27日,令和7年5月27日,令和13年5月31日
2803,東京都世田谷区桜新町二丁目１９番１６号,-,くらしの友　桜新町式場　２階,株式会社くらしの友,3427-6421,31世保生食ほ第1652号,飲食店営業,平成24年11月2日,令和元年12月1日,令和8年11月30日
2804,東京都世田谷区桜新町二丁目１９番１６号,-,くらしの友　桜新町式場　３階,株式会社くらしの友,3427-6421,31世保生食ほ第1653号,飲食店営業,平成24年11月2日,令和元年12月1日,令和8年11月30日
2805,東京都世田谷区桜新町二丁目２０番１０号,-,ドーミー桜新町,株式会社共立メンテナンス,5450-6290,31世保生食ほ第2101号,飲食店営業,平成11年3月24日,令和2年4月1日,令和9年3月31日
2806,東京都世田谷区桜新町二丁目２０番１２号,-,富士食品株式会社,富士食品株式会社,6432-6435,2世保生食ほ第2439号,添加物製造業,平成25年3月14日,令和3年4月1日,令和11年3月31日
2807,東京都世田谷区桜新町二丁目２３番１号,１Ｆ,ライフ桜新町店（畜産作業室）,株式会社ライフコーポレーション,03-3429-1770,7世保生食ほ第1396号,食肉販売業,令和8年1月27日,令和8年1月27日,令和15年1月31日
2808,東京都世田谷区桜新町二丁目２３番１号,１Ｆ,ライフ桜新町店（畜産デリカ室）,株式会社ライフコーポレーション,03-3429-1770,7世保生食ほ第1397号,飲食店営業,令和8年1月27日,令和8年1月27日,令和15年1月31日
2809,東京都世田谷区桜新町二丁目２３番１号,１Ｆ,ライフ桜新町店（水産デリカ室）,株式会社ライフコーポレーション,03-3429-1770,7世保生食ほ第1398号,飲食店営業,令和8年1月27日,令和8年1月27日,令和15年1月31日
2810,東京都世田谷区桜新町二丁目２３番１号,１Ｆ,ライフ桜新町店（水産作業室）,株式会社ライフコーポレーション,03-3429-1770,7世保生食ほ第1399号,魚介類販売業,令和8年1月27日,令和8年1月27日,令和15年1月31日
2811,東京都世田谷区桜新町二丁目２３番１号,-,ライフ桜新町店（ジュースバー）,株式会社ライフコーポレーション,03-3429-1770,2世保生食ほ第1494号,喫茶店営業,令和2年11月13日,令和2年11月13日,令和9年11月30日
2812,東京都世田谷区桜新町二丁目２３番１号,１Ｆ,ライフ桜新町店（カフェ・軽食作業室）,株式会社ライフコーポレーション,03-3429-1770,7世保生食ほ第1400号,飲食店営業,令和8年1月27日,令和8年1月27日,令和15年1月31日
2813,東京都世田谷区桜新町二丁目２３番１号,１Ｆ,ライフ桜新町店（惣菜作業室）,株式会社ライフコーポレーション,03-3429-1770,7世保生食ほ第1401号,飲食店営業,令和8年1月27日,令和8年1月27日,令和15年1月31日
2814,東京都世田谷区桜新町二丁目２３番１号,１Ｆ,ライフ桜新町店（米飯作業室）,株式会社ライフコーポレーション,03-3429-1770,7世保生食ほ第1402号,飲食店営業,令和8年1月27日,令和8年1月27日,令和15年1月31日
2815,東京都世田谷区桜新町二丁目２３番１号,１Ｆ,ライフ桜新町店（ＩＢ作業室）,株式会社ライフコーポレーション,03-3429-1770,7世保生食ほ第1403号,菓子製造業,令和8年1月27日,令和8年1月27日,令和15年1月31日
2816,東京都世田谷区桜新町二丁目２３番１号,１Ｆ,ライフ桜新町店（チーズ作業室）,株式会社ライフコーポレーション,03-3429-1770,7世保生食ほ第1404号,乳製品製造業,令和8年1月27日,令和8年1月27日,令和15年1月31日
2817,東京都世田谷区桜新町二丁目２３番１号,１Ｆ,ライフ桜新町店（売場デリカ室）,株式会社ライフコーポレーション,03-3429-1770,2世保生食ほ第2349号,飲食店営業,令和3年2月26日,令和3年2月26日,令和10年2月29日
2818,東京都世田谷区桜新町二丁目２３番１号,１Ｆ,ライフ桜新町店,株式会社ライフコーポレーション,03-3429-1770,3世保生食ほ第1806号,飲食店営業,令和4年1月14日,令和4年1月14日,令和11年1月31日
2819,東京都世田谷区桜新町二丁目２６番１号,スカイハイツ広沢１階,ラクレ,株式会社エマーブル,5799-7800,7世保生食ほ第298号,飲食店営業,令和7年7月1日,令和7年7月1日,令和14年6月30日
2820,東京都世田谷区桜新町二丁目２６番１号,スカイハイツ広沢１Ｆ,ＯＹＡＴＳＵＹＡ　ＳＵＮ,株式会社ＯＹＡＴＳＵＹＡ　ＳＵＮ,-,2世保生食ほ第1109号,飲食店営業,令和2年9月16日,令和2年9月16日,令和8年9月30日
2821,東京都世田谷区桜新町二丁目２６番１号,スカイハイツ広沢１Ｆ,ＯＹＡＴＳＵＹＡ　ＳＵＮ,株式会社ＯＹＡＴＳＵＹＡ　ＳＵＮ,-,2世保生食ほ第1110号,菓子製造業,令和2年9月16日,令和2年9月16日,令和8年9月30日
2822,東京都世田谷区桜新町二丁目２６番２号,-,ＮＥＩＧＨＢＯＲ,株式会社音色,6432-6895,4世保生食ほ第419号,飲食店営業,令和4年7月1日,令和4年7月1日,令和10年6月30日
2823,東京都世田谷区桜新町二丁目２６番１２号,１階,ラクトン化学工業株式会社　１階工場,ラクトン化学工業株式会社,3427-0101,3世保生食ほ第855号,添加物製造業,令和3年9月1日,令和3年9月1日,令和9年4月30日
2824,東京都世田谷区桜新町二丁目２７番２６号,-,中華大龍,***,3426-5146,3世保生食ほ第1020号,飲食店営業,令和3年10月1日,令和3年10月1日,令和9年9月30日
2825,東京都世田谷区桜新町二丁目２８番８号,-,ライフ桜新町店　物流センター,株式会社ライフコーポレーション,3425-2210,2世保生食ほ第2136号,飲食店営業,令和3年2月26日,令和3年2月26日,令和10年2月29日
2826,東京都世田谷区桜新町二丁目２８番８号,-,ライフ桜新町店　物流センター,株式会社ライフコーポレーション,3425-2210,2世保生食ほ第2137号,菓子製造業,令和3年2月26日,令和3年2月26日,令和10年2月29日
2827,東京都世田谷区桜新町二丁目２８番８号,-,ライフ桜新町店　物流センター,株式会社ライフコーポレーション,3425-2210,2世保生食ほ第2138号,飲食店営業,令和3年2月26日,令和3年2月26日,令和10年2月29日
2828,東京都世田谷区桜新町二丁目２８番８号,-,ライフ桜新町店　物流センター,株式会社ライフコーポレーション,3425-2210,2世保生食ほ第2139号,飲食店営業,令和3年2月26日,令和3年2月26日,令和10年2月29日
2829,東京都世田谷区桜新町二丁目２８番８号,-,ライフ桜新町店　物流センター,株式会社ライフコーポレーション,3425-2210,2世保生食ほ第2140号,菓子製造業,令和3年2月26日,令和3年2月26日,令和10年2月29日
2830,東京都世田谷区桜新町二丁目２８番８号,-,ライフ桜新町店　物流センター,株式会社ライフコーポレーション,3425-2210,2世保生食ほ第2143号,魚介類販売業,令和3年2月26日,令和3年2月26日,令和10年2月29日
2831,東京都世田谷区桜新町二丁目２８番８号,-,ライフ桜新町店　物流センター,株式会社ライフコーポレーション,3425-2210,2世保生食ほ第2347号,飲食店営業,令和3年3月22日,令和3年3月22日,令和10年3月31日
2832,東京都世田谷区桜新町二丁目２８番８号,-,ライフ桜新町店　物流センター,株式会社ライフコーポレーション,3425-2210,2世保生食ほ第2348号,そうざい製造業,令和3年3月22日,令和3年3月22日,令和10年3月31日
2833,東京都世田谷区桜新町二丁目２８番８号,-,ライフ桜新町店　物流センター,株式会社ライフコーポレーション,3425-2210,2世保生食ほ第2444号,そうざい製造業,令和3年2月26日,令和3年2月26日,令和10年2月29日
2834,東京都世田谷区桜新町二丁目２８番８号,-,ライフ桜新町店　物流センター,株式会社ライフコーポレーション,3425-2210,4世保生食ほ第362号,飲食店営業,令和4年6月3日,令和4年6月3日,令和11年6月30日
2835,東京都世田谷区桜新町二丁目３０番１０号,-,株式会社グリーンキャブ　新町営業所３Ｆ駐車場,株式会社アペックス,3426-1860,5世保生食ほ第523号,調理の機能を有する自動販売機により食品を調理し、調理された食品を販売する営業,令和5年8月1日,令和5年8月1日,令和10年7月31日
2836,東京都世田谷区桜新町二丁目３０番１０号,-,株式会社グリーンキャブ新町営業所２階駐車場,株式会社アペックス,-,6世保生食ほ第1000号,調理の機能を有する自動販売機により食品を調理し、調理された食品を販売する営業,令和6年10月9日,令和6年10月9日,令和11年10月31日
2837,東京都世田谷区用賀一丁目３番１号,-,トラストガーデン　用賀の杜,株式会社ＬＥＯＣ,03-3705-9173,31世保生食ほ第566号,飲食店営業,令和元年6月28日,令和元年6月28日,令和8年6月30日
2838,東京都世田谷区用賀一丁目５番１号,-,メフォス０２３５７号店,株式会社メフォス,-,3世保生食ほ第358号,飲食店営業,令和3年5月12日,令和3年5月12日,令和10年5月31日
2839,東京都世田谷区用賀一丁目１０番８号,-,ファミリーマート用賀の杜店,株式会社世田谷サーヴ,5717-3502,2世保生食ほ第393号,飲食店営業,令和2年6月3日,令和2年6月3日,令和9年6月30日
2840,東京都世田谷区用賀一丁目１９番２２号,-,イリーゼ用賀,株式会社ＨＩＴＯＷＡ,5491-6033,5世保生食ほ第1043号,飲食店営業,令和5年11月1日,令和5年11月1日,令和12年10月31日
2841,東京都世田谷区用賀一丁目２６番１６号,-,世田谷ガーデンクラブ,株式会社ＧＡＲＤＥＮ　ＣＬＵＢ,6805-7334,2世保生食ほ第1545号,飲食店営業,令和2年11月27日,令和2年11月27日,令和9年11月30日
2842,東京都世田谷区用賀一丁目２６番１６号,-,世田谷ガーデンクラブ,株式会社ＧＡＲＤＥＮ　ＣＬＵＢ,6805-7334,2世保生食ほ第1546号,菓子製造業,令和2年11月27日,令和2年11月27日,令和9年11月30日
2843,東京都世田谷区用賀二丁目１番２号,２Ｆ,味のじょうなん,***,03-3707-1213,2世保生食ほ第1305号,飲食店営業,平成26年10月8日,令和2年11月1日,令和8年10月31日
2844,東京都世田谷区用賀二丁目４番１号,-,東京都立桜町高等学校,協立給食株式会社,-,3世保生食ほ第437号,飲食店営業,令和3年6月1日,令和3年6月1日,令和9年5月31日
2845,東京都世田谷区用賀二丁目１０番１８号,-,くらら用賀,株式会社ＬＥＯＣ,3708-6700,2世保生食ほ第2463号,飲食店営業,平成19年2月19日,令和3年3月1日,令和10年2月29日
2846,東京都世田谷区用賀二丁目１６番１号,-,三田国際学園,株式会社レパスト,-,4世保生食ほ第408号,飲食店営業,令和4年6月14日,令和4年6月14日,令和11年6月30日
2847,東京都世田谷区用賀二丁目１８番７号,ＮＯＡ用賀２０１,異国料理　シラクサ,***,03-6805-6228,6世保生食ほ第1367号,飲食店営業,令和6年12月25日,令和6年12月25日,令和12年12月31日
2848,東京都世田谷区用賀二丁目２０番１２号,-,ＩＪＯＯＺ株式会社　コジマ×ビックカメラ用賀店,ＩＪＯＯＺ株式会社,-,6世保生食ほ第430号,調理の機能を有する自動販売機により食品を調理し、調理された食品を販売する営業,令和6年7月3日,令和6年7月3日,令和11年7月31日
2849,東京都世田谷区用賀二丁目２７番１号,-,大東京自動車内,三和ベンドサービス株式会社,-,5世保生食ほ第996号,調理の機能を有する自動販売機により食品を調理し、調理された食品を販売する営業,令和5年11月1日,令和5年11月1日,令和10年10月31日
2850,東京都世田谷区用賀二丁目２８番１６号,コンフォール用賀１０１,Ｃｈｅｒｒｙ　Ｃｏｒｅ　Ｃｏｆｆｅｅ　Ｒｏａｓｔｅｒ,***,03-5797-9753,4世保生食ほ第1381号,飲食店営業,令和4年12月2日,令和4年12月2日,令和11年12月31日
2851,東京都世田谷区用賀二丁目２８番１９号,-,有限会社望月製餡所,有限会社望月製餡所,3700-4568,2世保生食ほ第1464号,あん類製造業,昭和63年11月29日,令和2年12月1日,令和8年11月30日
2852,東京都世田谷区用賀二丁目２８番１９号,スカイハイツ用賀１Ｆ,焼肉ホドリ　用賀店,有限会社ホドリ,3707-3829,5世保生食ほ第897号,飲食店営業,令和5年10月1日,令和5年10月1日,令和11年9月30日
2853,東京都世田谷区用賀二丁目２９番１号,フォーレスト用賀１Ｆ－Ａ,ＴＩＫ　ＴＯＫ,株式会社Ｏｚ,03-5797-9293,31世保生食ほ第2931号,喫茶店営業,平成26年7月30日,令和2年8月1日,令和8年7月31日
2854,東京都世田谷区用賀二丁目２９番１号,フォーレスト用賀１Ｆ－Ａ,ＴＩＫ　ＴＯＫ,株式会社Ｏｚ,03-5797-9293,31世保生食ほ第2932号,菓子製造業,平成22年9月7日,令和2年8月1日,令和8年7月31日
2855,東京都世田谷区用賀二丁目３２番２号,バシレウスビル１Ｆ,ＶＡＳＩＬＥＵＳ　Ｃａｆｅ,株式会社ＳＴＲ,03-6411-7370,7世保生食ほ第791号,飲食店営業,令和7年9月18日,令和7年9月18日,令和13年9月30日
2856,東京都世田谷区用賀二丁目３３番１２号,-,アゴラ　Ｋａｂｏ,***,-,3世保生食ほ第182号,飲食店営業,平成27年4月22日,令和3年5月1日,令和9年4月30日
2857,東京都世田谷区用賀二丁目３４番１２号,-,キイハントー,***,3700-3665,7世保生食ほ第1176号,飲食店営業,令和8年1月1日,令和8年1月1日,令和13年12月31日
2858,東京都世田谷区用賀二丁目３５番６号,-,ローソン用賀二丁目店,有限会社岩崎企画,03-3707-3324,5世保生食ほ第91号,飲食店営業,令和5年4月19日,令和5年4月19日,令和12年4月30日
2859,東京都世田谷区用賀二丁目３６番８号,-,珈琲譚,***,3708-0765,2世保生食ほ第900号,飲食店営業,昭和62年9月16日,令和2年10月1日,令和8年9月30日
2860,東京都世田谷区用賀二丁目３６番１３号,ＣＯＲＥプレイス用賀Ｂ１Ｆ,キンのツボ,有限会社ケー・エム・シー,3707-0346,7世保生食ほ第1886号,飲食店営業,令和8年4月1日,令和8年4月1日,令和15年3月31日
2861,東京都世田谷区用賀二丁目３６番１３号,-,大阪王将　用賀店,株式会社大阪王将,03-6447-9407,2世保生食ほ第1555号,飲食店営業,令和2年11月11日,令和2年11月11日,令和9年11月30日
2862,東京都世田谷区用賀二丁目３６番１３号,-,大阪王将　用賀店,山口商事株式会社,03-6447-9407,4世保生食ほ第1713号,飲食店営業,令和5年2月24日,令和5年2月24日,令和12年2月28日
2863,東京都世田谷区用賀二丁目３６番１５号,（Ｂ１）,ＢＯＯＺＥ,***,6805-6960,2世保生食ほ第1074号,飲食店営業,平成26年10月1日,令和2年10月1日,令和8年9月30日
2864,東京都世田谷区用賀二丁目３８番９号,-,アジア台所　カトマンドゥ,有限会社エヌ・イー・アイ・ティ,3707-7092,2世保生食ほ第953号,飲食店営業,令和2年9月4日,令和2年9月4日,令和8年9月30日
2865,東京都世田谷区用賀二丁目３８番１０号,-,ファミリーマート　用賀駅前店,株式会社モリヤ,03-5797-5200,6世保生食ほ第1164号,飲食店営業,令和6年12月1日,令和6年12月1日,令和13年11月30日
2866,東京都世田谷区用賀二丁目３８番１１号,-,手塚精肉店,***,3709-0926,7世保生食ほ第479号,飲食店営業,令和7年8月1日,令和7年8月1日,令和13年7月31日
2867,東京都世田谷区用賀二丁目３８番１１号,-,手塚精肉店,***,3709-0926,7世保生食ほ第480号,食肉販売業,令和7年8月1日,令和7年8月1日,令和13年7月31日
2868,東京都世田谷区用賀二丁目３８番１１号,ヴァレンナ用賀ビル３・４Ｆ,カラオケの鉄人　用賀駅前店,株式会社鉄人エンタープライズ,3707-7784,5世保生食ほ第1754号,飲食店営業,令和6年4月1日,令和6年4月1日,令和13年3月31日
2869,東京都世田谷区用賀二丁目３８番１２号,用賀プラザ２Ｆ,食彩処　虎馬,***,3707-2349,2世保生食ほ第1098号,飲食店営業,平成14年9月5日,令和2年10月1日,令和8年9月30日
2870,東京都世田谷区用賀二丁目３８番１２号,プラザ用賀１０３,もつ焼芝浦,株式会社たまがわや,3708-0388,2世保生食ほ第683号,飲食店営業,平成25年8月2日,令和2年9月1日,令和9年8月31日
2871,東京都世田谷区用賀二丁目３８番１２号,-,カレーハウスＣＯＣＯ壱番屋東急用賀駅前店,株式会社Ｂ－Ｄａｓｈ,03-5491-7286,2世保生食ほ第2568号,飲食店営業,平成26年3月20日,令和3年4月1日,令和10年3月31日
2872,東京都世田谷区用賀二丁目３８番１２号,-,うおはん,株式会社うおはん,3708-3522,3世保生食ほ第1626号,飲食店営業,令和3年11月25日,令和3年11月25日,令和10年11月30日
2873,東京都世田谷区用賀二丁目３８番１３号,-,れんげ食堂Ｔｏｓｈｕ　用賀店,オリジン東秀株式会社,03-3700-7925,31世保生食ほ第218号,飲食店営業,平成24年5月30日,令和元年6月1日,令和8年5月31日
2874,東京都世田谷区用賀二丁目３８番１４号,-,松屋・マイカリー食堂　用賀店,株式会社松屋フーズ,-,7世保生食ほ第1557号,飲食店営業,令和8年3月1日,令和8年3月1日,令和15年2月28日
2875,東京都世田谷区用賀二丁目３８番１４号,青木ビル４階,くいもの屋　つう,株式会社オーイズミフーズ,03-5717-9655,6世保生食ほ第1432号,飲食店営業,令和7年2月1日,令和7年2月1日,令和14年1月31日
2876,東京都世田谷区用賀二丁目３８番１５号,田縁ビル１階,松のや　用賀店,株式会社松屋フーズ,5797-4027,31世保生食ほ第838号,飲食店営業,平成24年7月3日,令和元年8月1日,令和8年7月31日
2877,東京都世田谷区用賀二丁目３８番１６号,１Ｆ,中華そば　瀧壺,有限会社リアルプライド,03-5717-0107,3世保生食ほ第1241号,飲食店営業,令和3年9月17日,令和3年9月17日,令和9年9月30日
2878,東京都世田谷区用賀二丁目３９番１７号,ベルハイムＢ１　Ｄ号,スナック　ひめ,***,3709-8616,4世保生食ほ第1085号,飲食店営業,令和4年11月1日,令和4年11月1日,令和10年10月31日
2879,東京都世田谷区用賀二丁目３９番１７号,第３ベルハイム駅地下ビルＡ－１,ミュージックパブ　パリス,***,6805-6675,7世保生食ほ第1435号,飲食店営業,令和8年1月1日,令和8年1月1日,令和13年12月31日
2880,東京都世田谷区用賀二丁目３９番１７号,用賀駅ビル地下１Ｆ,Ｓｎａｃｋ　Ｂａｒ　Ｃｏｖｏ,株式会社ルレ,03-6805-6363,5世保生食ほ第15号,飲食店営業,令和5年5月1日,令和5年5月1日,令和11年4月30日
2881,東京都世田谷区用賀二丁目３９番１７号,第３ベルハイム地下１階Ｆ号室,猫の音　ＬＵＸＥ　ラグゼ,***,03-6805-7366,7世保生食ほ第116号,飲食店営業,令和7年6月1日,令和7年6月1日,令和13年5月31日
2882,東京都世田谷区用賀二丁目３９番１７号,第３ベルハイム地下１階Ｃ号室,Ｄｅｓｔｉｎｙ,***,-,2世保生食ほ第2228号,飲食店営業,令和3年2月9日,令和3年2月9日,令和9年2月28日
2883,東京都世田谷区用賀二丁目３９番１７号,用賀駅ビル地下１Ｆ,Ｓｎａｃｋ　Ｂａｒ　Ｃｏｖｏ,株式会社デア,03-6805-6363,6世保生食ほ第1375号,飲食店営業,令和6年12月16日,令和6年12月16日,令和12年12月31日
2884,東京都世田谷区用賀二丁目３９番１８号,１Ｆ３Ｆ,オーケー株式会社用賀駅前店,オーケー株式会社,03-5797-5655,2世保生食ほ第1450号,飲食店営業,平成18年11月6日,令和2年12月1日,令和9年11月30日
2885,東京都世田谷区用賀二丁目３９番１８号,１Ｆ３Ｆ,オーケー株式会社用賀駅前店,オーケー株式会社,03-5797-5655,2世保生食ほ第1451号,飲食店営業,平成18年11月6日,令和2年12月1日,令和9年11月30日
2886,東京都世田谷区用賀二丁目３９番１８号,１Ｆ３Ｆ,オーケー株式会社用賀駅前店,オーケー株式会社,03-5797-5655,2世保生食ほ第1452号,菓子製造業,平成22年10月20日,令和2年12月1日,令和9年11月30日
2887,東京都世田谷区用賀二丁目３９番１８号,１Ｆ３Ｆ,オーケー株式会社用賀駅前店,オーケー株式会社,03-5797-5655,2世保生食ほ第1454号,食肉販売業,平成18年11月6日,令和2年12月1日,令和9年11月30日
2888,東京都世田谷区用賀二丁目３９番１８号,１Ｆ３Ｆ,オーケー株式会社用賀駅前店,オーケー株式会社,03-5797-5655,2世保生食ほ第1455号,魚介類販売業,平成18年11月6日,令和2年12月1日,令和9年11月30日
2889,東京都世田谷区用賀二丁目４０番１号,-,セブンイレブン世田谷用賀２丁目店,***,-,3世保生食ほ第1485号,飲食店営業,令和3年12月6日,令和3年12月6日,令和9年12月31日
2890,東京都世田谷区用賀二丁目４１番１０号,三木ビル１０１,大林商店,合同会社　靖組,-,3世保生食ほ第2234号,飲食店営業,令和4年3月18日,令和4年3月18日,令和10年3月31日
2891,東京都世田谷区用賀二丁目４１番１３号,-,とり武,***,3700-5033,4世保生食ほ第819号,飲食店営業,令和4年10月1日,令和4年10月1日,令和10年9月30日
2892,東京都世田谷区用賀二丁目４１番１５号,-,ベルミネット,***,3709-7462,2世保生食ほ第66号,飲食店営業,昭和52年6月3日,令和2年7月1日,令和8年6月30日
2893,東京都世田谷区用賀三丁目５番３号,-,豆源,株式会社豆源,3707-7733,4世保生食ほ第291号,菓子製造業,令和4年6月1日,令和4年6月1日,令和11年5月31日
2894,東京都世田谷区用賀三丁目５番６号,-,むらめん第二工場,むらめん株式会社,03-3708-3531,31世保生食ほ第2681号,そうざい製造業,令和2年3月27日,令和2年3月27日,令和10年3月31日
2895,東京都世田谷区用賀三丁目５番１１号,１Ｆ,しんとみ,***,3700-8282,2世保生食ほ第674号,飲食店営業,平成25年8月23日,令和2年9月1日,令和9年8月31日
2896,東京都世田谷区用賀三丁目６番３号,-,ＳＯＭＰＯケア　　ラヴィーレレジデンス用賀,ＳＯＭＰＯケアフーズ株式会社,-,4世保生食ほ第648号,飲食店営業,令和4年7月22日,令和4年7月22日,令和11年7月31日
2897,東京都世田谷区用賀三丁目６番１７号,-,ウェイウェイ台所,***,5491-4518,2世保生食ほ第39号,飲食店営業,平成11年7月6日,令和2年8月1日,令和9年7月31日
2898,東京都世田谷区用賀三丁目６番１７号,１Ｆ,ウェイウェイ台所,株式会社ティ・ティ・エス,03-5491-4518,6世保生食ほ第439号,飲食店営業,令和6年7月1日,令和6年7月1日,令和13年6月30日
2899,東京都世田谷区用賀三丁目１０番２１号,-,株式会社?’ｓｌａｂ,株式会社?’ｓｌａｂ,-,7世保生食ほ第1676号,菓子製造業,令和8年2月27日,令和8年2月27日,令和14年2月29日
2900,東京都世田谷区用賀三丁目１１番１号,ウェルス用賀台１Ｆ,１０１０　Ｎｏｅｌ　Ｄｒ．,***,5716-1010,2世保生食ほ第307号,飲食店営業,平成25年5月30日,令和2年6月1日,令和9年5月31日
2901,東京都世田谷区用賀三丁目１１番１４号,-,いちぼ　用賀店,株式会社いちぼ,03-6447-9529,2世保生食ほ第2547号,飲食店営業,令和3年3月9日,令和3年3月9日,令和9年3月31日
2902,東京都世田谷区用賀三丁目１３番３号,ゼネラル第二ビル１Ｆ・２Ｆ,蕎麦と鶏　はんさむ　用賀,株式会社Ｓｃｒａｔｃｈ　Ｋｏｎｇ,03-6431-0267,7世保生食ほ第1446号,飲食店営業,令和8年2月1日,令和8年2月1日,令和15年1月31日
2903,東京都世田谷区用賀三丁目１３番３号,ゼネラル第２ビル地下１階,Ｂａｒ　３３５,株式会社パルコモン,6411-7267,7世保生食ほ第841号,飲食店営業,令和7年10月1日,令和7年10月1日,令和13年9月30日
2904,東京都世田谷区用賀三丁目１３番１０号,ゼネラルＢ１Ｆ,エピタフ,***,03-3707-7421,6世保生食ほ第934号,飲食店営業,令和6年11月1日,令和6年11月1日,令和12年10月31日
2905,東京都世田谷区用賀三丁目１４番９号,用賀マンション１Ｂ,ｙａｏｗ,株式会社ＦＡＲＭＥＲＳ　ＡＧＥＮＣＹ,-,6世保生食ほ第285号,飲食店営業,令和6年6月5日,令和6年6月5日,令和12年6月30日
2906,東京都世田谷区用賀三丁目１４番９号,用賀マンション１Ｂ,ｙａｏｗ,株式会社ＦＡＲＭＥＲＳ　ＡＧＥＮＣＹ,-,7世保生食ほ第597号,そうざい製造業,令和7年7月31日,令和7年7月31日,令和13年7月31日
2907,東京都世田谷区用賀三丁目１５番５号,森田ビル２階,モナル　ダイニング,株式会社ノーベルコーポレーション,-,4世保生食ほ第513号,飲食店営業,令和4年8月1日,令和4年8月1日,令和10年7月31日
2908,東京都世田谷区用賀三丁目１５番５号,１階田中店舗,ｍｏｃｏ’ｓ　ｋｉｔｃｈｅｎ,ミュゼアソシエイツ株式会社,-,5世保生食ほ第355号,飲食店営業,令和5年6月9日,令和5年6月9日,令和11年6月30日
2909,東京都世田谷区用賀三丁目１５番５号,森田ビル２Ｆ,魚人,株式会社シービーパートナーズ,-,7世保生食ほ第1670号,飲食店営業,令和8年3月3日,令和8年3月3日,令和14年3月31日
2910,東京都世田谷区用賀三丁目１５番６号,Ｍ．ＢＯＮＤ用賀１０１,豆魚菜　万さく,***,6431-0082,2世保生食ほ第2185号,飲食店営業,平成26年2月4日,令和3年3月1日,令和10年2月29日
2911,東京都世田谷区用賀三丁目１５番６号,-,象の耳,株式会社ＺＯＯ,03-6432-7833,6世保生食ほ第1426号,菓子製造業,令和7年1月1日,令和7年1月1日,令和13年12月31日
2912,東京都世田谷区用賀三丁目１５番１１号,東急ドエルアルス用賀３丁目１０２号室,ＣＯＮＶＥＮＩＥＮＴ　ＲＥＳＴＡＵＲＡＮＴ,***,-,2世保生食ほ第2660号,飲食店営業,令和3年3月24日,令和3年3月24日,令和9年3月31日
2913,東京都世田谷区用賀三丁目１５番１８号,Ｆ店舗,第参厨房　稀人,株式会社シービーパートナーズ,03-6431-0320,5世保生食ほ第822号,飲食店営業,令和5年8月31日,令和5年8月31日,令和12年8月31日
2914,東京都世田谷区用賀三丁目１６番１５号,-,（有）中澤商店,有限会社中澤商店,5717-3029,2世保生食ほ第2725号,食肉処理業,平成12年4月18日,令和3年5月1日,令和10年4月30日
2915,東京都世田谷区用賀三丁目１７番５号,石黒ビルＢ１Ｆ,ＱＰ’ｓ,***,5797-9319,6世保生食ほ第1254号,飲食店営業,令和7年1月1日,令和7年1月1日,令和12年12月31日
2916,東京都世田谷区用賀三丁目１８番４号,-,Ｍｒ．ｗｏｏｈ,株式会社ＰＬＡＣＥ,03-6873-0255,31世保生食ほ第2355号,飲食店営業,令和2年3月2日,令和2年3月2日,令和8年3月31日
2917,東京都世田谷区用賀三丁目１８番４号,-,Ｍｒ．ｗｏｏｈ,株式会社ＰＬＡＣＥ,03-6873-0255,7世保生食ほ第1777号,飲食店営業,令和8年4月1日,令和8年4月1日,令和14年3月31日
2918,東京都世田谷区用賀三丁目１８番４号,-,スタンド?,株式会社ＰＬＡＣＥ,03-5797-9528,3世保生食ほ第242号,食肉販売業,令和3年4月28日,令和3年4月28日,令和10年4月30日
2919,東京都世田谷区用賀三丁目１８番４号,-,スタンド?,株式会社ＰＬＡＣＥ,03-5797-9528,3世保生食ほ第243号,魚介類販売業,令和3年4月28日,令和3年4月28日,令和10年4月30日
2920,東京都世田谷区用賀三丁目１８番４号,-,スタンド?,株式会社ＰＬＡＣＥ,03-5797-9528,3世保生食ほ第244号,そうざい製造業,令和3年4月28日,令和3年4月28日,令和10年4月30日
2921,東京都世田谷区用賀三丁目１８番４号,-,スタンド?,株式会社ＰＬＡＣＥ,03-5797-9528,31世保生食ほ第2676号,飲食店営業,令和2年3月4日,令和2年3月4日,令和9年3月31日
2922,東京都世田谷区用賀三丁目１８番４号,ヒルズイースト地下１Ｆ,ｍｆ,***,-,2世保生食ほ第1348号,飲食店営業,令和2年10月14日,令和2年10月14日,令和8年10月31日
2923,東京都世田谷区用賀三丁目１８番４号,２Ｆ,味多来（ＭＩＤＡＲＥ　ＴＯＫＹＯ）,合同会社エム・アバンダンス,03-5797-9893,2世保生食ほ第1560号,飲食店営業,令和2年11月11日,令和2年11月11日,令和8年11月30日
2924,東京都世田谷区用賀三丁目１８番４号,１Ｆ,クラフトビール　Ｃａｌ　Ｔｉｍｅ　用賀,***,03-6411-7774,4世保生食ほ第1547号,飲食店営業,令和5年1月25日,令和5年1月25日,令和11年1月31日
2925,東京都世田谷区用賀三丁目１８番４号,１Ｆ,クラフトビール　Ｃａｌ　Ｔｉｍｅ　用賀,***,03-6411-7774,4世保生食ほ第1902号,飲食店営業,令和5年3月17日,令和5年3月17日,令和11年3月31日
2926,東京都世田谷区用賀四丁目１番５号,鎌田ビル２Ｆ,Ｂａｒ　ＧＥＮＩＥ,***,-,5世保生食ほ第1813号,飲食店営業,令和6年4月1日,令和6年4月1日,令和12年3月31日
2927,東京都世田谷区用賀四丁目１番５号,鎌田ビル１階,焼肉家だいちゃん,株式会社ＥｅＳｔａｒ．ｔｏ,-,5世保生食ほ第266号,飲食店営業,令和5年5月31日,令和5年5月31日,令和12年5月31日
2928,東京都世田谷区用賀四丁目１番６号,-,セブン－イレブン　世田谷用賀駅東店,有限会社伊藤商店,3708-2377,3世保生食ほ第532号,飲食店営業,令和3年6月23日,令和3年6月23日,令和10年6月30日
2929,東京都世田谷区用賀四丁目１番８号,ティダビル２Ｆ,バーマスターズ,***,3707-1711,5世保生食ほ第188号,飲食店営業,令和5年6月1日,令和5年6月1日,令和11年5月31日
2930,東京都世田谷区用賀四丁目２番２号,-,アジアンダイニング　ダリマ　,Ｕ．Ｐ．Ｎｉｕｒｅ株式会社,03-6805-7574,6世保生食ほ第1403号,飲食店営業,令和7年1月1日,令和7年1月1日,令和12年12月31日
2931,東京都世田谷区用賀四丁目２番３号,タナアミハイツ１階,てんぷら天穹,***,6431-0438,7世保生食ほ第687号,飲食店営業,令和7年9月1日,令和7年9月1日,令和13年8月31日
2932,東京都世田谷区用賀四丁目３番１０号,-,亀屋万年堂　用賀店,株式会社亀屋万年堂,03-3708-7365,4世保生食ほ第415号,菓子製造業,令和4年6月29日,令和4年6月29日,令和11年6月30日
2933,東京都世田谷区用賀四丁目３番１０号,ブァイデビル　Ｔｗｏ,ＨｅａｒｔＢｒｅａｄＡＮＴＩＱＵＥ　用賀店,株式会社ＡＬＬＨＥＡＲＴＳＣＯＭＰＡＮＹ,-,7世保生食ほ第1430号,菓子製造業,令和8年1月6日,令和8年1月6日,令和15年1月31日
2934,東京都世田谷区用賀四丁目３番１１号,-,とり鉄　用賀店,株式会社システムプラント,5491-7420,31世保生食ほ第536号,飲食店営業,令和元年6月20日,令和元年6月20日,令和8年6月30日
2935,東京都世田谷区用賀四丁目３番１３号,-,酔月,***,3700-1123,2世保生食ほ第741号,飲食店営業,平成2年8月13日,令和2年9月1日,令和8年8月31日
2936,東京都世田谷区用賀四丁目４番７号,福ビル１Ｆ,フレッシュネスバーガー用賀店,株式会社アルファフードサービス,03-5797-5350,3世保生食ほ第990号,飲食店営業,令和3年9月1日,令和3年9月1日,令和9年8月31日
2937,東京都世田谷区用賀四丁目４番８号,-,サザンダイニング,有限会社東亜コーポレーション,03-3700-7568,2世保生食ほ第869号,飲食店営業,令和2年8月28日,令和2年8月28日,令和9年8月31日
2938,東京都世田谷区用賀四丁目５番３号,-,ナチュラルローソン世田谷用賀４丁目店,有限会社岩崎企画,03-5717-0520,6世保生食ほ第56号,飲食店営業,令和6年4月30日,令和6年4月30日,令和13年4月30日
2939,東京都世田谷区用賀四丁目５番３号,ラグゼナ用賀１階,七宝麻辣湯　用賀店,株式会社ダイニングイノベーション,03-6431-0569,6世保生食ほ第1242号,飲食店営業,令和6年11月27日,令和6年11月27日,令和13年11月30日
2940,東京都世田谷区用賀四丁目５番１５号,プラグインガーデン用賀,オルチャン食堂,合同会社キースリング,03-6431-0759,2世保生食ほ第92号,飲食店営業,平成26年7月18日,令和2年8月1日,令和8年7月31日
2941,東京都世田谷区用賀四丁目５番１５号,プラグインガーデン用賀１階,ＣＡＤＡＴＡＣＯ,有限会社ブルズアイ,03-5717-0085,4世保生食ほ第2027号,飲食店営業,令和5年4月12日,令和5年4月12日,令和12年4月30日
2942,東京都世田谷区用賀四丁目５番１５号,プラグインガーデン用賀１階,ＣＡＤＡＴＡＣＯ,有限会社ブルズアイ,03-5717-0085,4世保生食ほ第2028号,菓子製造業,令和5年4月12日,令和5年4月12日,令和12年4月30日
2943,東京都世田谷区用賀四丁目５番１５号,プラグインガーデン用賀１階,ＰＯＯＣＨ,有限会社ブルズアイ,5717-3766,4世保生食ほ第2029号,飲食店営業,令和5年4月12日,令和5年4月12日,令和12年4月30日
2944,東京都世田谷区用賀四丁目５番１５号,プラグインガーデン用賀１階,ＰＯＯＣＨ,有限会社ブルズアイ,5717-3766,4世保生食ほ第2030号,菓子製造業,令和5年4月12日,令和5年4月12日,令和12年4月30日
2945,東京都世田谷区用賀四丁目５番１５号,プラグインガーデン用賀１階,ＰＯＯＣＨ,有限会社ブルズアイ,5717-3766,7世保生食ほ第1666号,飲食店営業,令和8年2月27日,令和8年2月27日,令和15年2月28日
2946,東京都世田谷区用賀四丁目９番７号,ＡＲＵＩＧＵＳビル１階,タパス＆タパス用賀店,株式会社ジャパンフードシステムズ,3708-7033,4世保生食ほ第824号,飲食店営業,令和4年9月1日,令和4年9月1日,令和11年8月31日
2947,東京都世田谷区用賀四丁目９番２０号,プチフレール１階－Ｂ,世田谷リキュール製造所,株式会社エヌイーエス,6411-7728,5世保生食ほ第416号,酒類製造業,令和5年6月19日,令和5年6月19日,令和11年6月30日
2948,東京都世田谷区用賀四丁目９番２０号,プチフレール１Ａ,大どころ,***,-,6世保生食ほ第1804号,飲食店営業,令和7年3月24日,令和7年3月24日,令和14年3月31日
2949,東京都世田谷区用賀四丁目９番２６号,フレスコ１Ｆ,焼鳥ぱくぱく,株式会社焼鳥ぱくぱく,-,4世保生食ほ第987号,飲食店営業,令和4年9月16日,令和4年9月16日,令和10年9月30日
2950,東京都世田谷区用賀四丁目１０番１号,世田谷ビジネススクエア　タワーＢ１Ｆ,ウェンディーズ・ファーストキッチン,フアーストキツチン株式会社,5717-2074,6世保生食ほ第1699号,飲食店営業,令和7年4月1日,令和7年4月1日,令和14年3月31日
2951,東京都世田谷区用賀四丁目１０番１号,世田谷ビジネススクエア　タワーＢ１Ｆ,サンジェルマン用賀店,株式会社サンジェルマン,0337003109,5世保生食ほ第367号,飲食店営業,令和5年7月1日,令和5年7月1日,令和12年6月30日
2952,東京都世田谷区用賀四丁目１０番１号,世田谷ビジネススクエア　タワーＢ１Ｆ,サンジェルマン用賀店,株式会社サンジェルマン,0337003109,5世保生食ほ第368号,菓子製造業,令和5年7月1日,令和5年7月1日,令和12年6月30日
2953,東京都世田谷区用賀四丁目１０番１号,世田谷ビジネススクエア　Ｂ１Ｆ,そじ坊,株式会社グルメ杵屋レストラン,5717-2234,7世保生食ほ第916号,飲食店営業,令和7年11月1日,令和7年11月1日,令和14年10月31日
2954,東京都世田谷区用賀四丁目１０番１号,世田谷ビジネススクエア　テラスⅡ　２階,焼肉名菜　福寿,株式会社榮林,5717-2910,2世保生食ほ第943号,飲食店営業,平成6年9月8日,令和2年10月1日,令和9年9月30日
2955,東京都世田谷区用賀四丁目１０番１号,世田谷ビジネススクエア　テラスⅡ　２階,ＳＯＬＡＨ　ＳＰＩＣＥＳ　ＴＯＫＹＯ　用賀店,株式会社榮林,03-5717-2929,31世保生食ほ第2204号,飲食店営業,平成18年3月29日,令和2年4月1日,令和9年3月31日
2956,東京都世田谷区用賀四丁目１０番１号,-,スターバックスコーヒー世田谷ビジネススクエア店,スターバックスコーヒージャパン株式会社,03-5491-8521,4世保生食ほ第579号,飲食店営業,令和4年8月1日,令和4年8月1日,令和11年7月31日
2957,東京都世田谷区用賀四丁目１０番１号,世田谷ビジネススクエアタワー地下１階,フードステーション用賀　東急ストア,株式会社東急ストア,03-5797-2328,5世保生食ほ第657号,飲食店営業,令和5年9月1日,令和5年9月1日,令和12年8月31日
2958,東京都世田谷区用賀四丁目１０番１号,世田谷ビジネススクエアタワー地下１階,フードステーション用賀　東急ストア,株式会社東急ストア,03-5797-2328,5世保生食ほ第658号,菓子製造業,令和5年9月1日,令和5年9月1日,令和12年8月31日
2959,東京都世田谷区用賀四丁目１０番１号,世田谷ビジネススクエアＢ１Ｆ,自家製麺　杵屋,株式会社グルメ杵屋レストラン,03-5797-3080,7世保生食ほ第1239号,飲食店営業,令和7年12月1日,令和7年12月1日,令和14年11月30日
2960,東京都世田谷区用賀四丁目１０番１号,世田谷ビジネススクエア地下１Ｆ,セブン－イレブン　用賀ＳＢＳ店,株式会社ＮＥＺＵ,5717-0455,3世保生食ほ第521号,飲食店営業,令和3年6月23日,令和3年6月23日,令和10年6月30日
2961,東京都世田谷区用賀四丁目１０番１号,世田谷ビジネススクエアタワー１階,珈琲館　用賀駅ビル店,Ｃ－Ｕｎｉｔｅｄ株式会社,03-6432-7300,2世保生食ほ第2206号,飲食店営業,令和3年2月9日,令和3年2月9日,令和10年2月29日
2962,東京都世田谷区用賀四丁目１１番２号,-,桜,***,3700-0920,2世保生食ほ第811号,飲食店営業,平成5年8月20日,令和2年9月1日,令和8年8月31日
2963,東京都世田谷区用賀四丁目１１番２号,すみれビル２・３Ｆ,やきとり家　すみれ,株式会社セント・リングス,5491-5429,31世保生食ほ第532号,飲食店営業,平成24年6月20日,令和元年7月1日,令和8年6月30日
2964,東京都世田谷区用賀四丁目１１番２号,すみれビル１Ｆ,ワイン食堂　ＶＩＮＳＥＮＴ,株式会社セント・リングス,3700-8018,31世保生食ほ第981号,飲食店営業,平成24年9月19日,令和元年10月1日,令和8年9月30日
2965,東京都世田谷区用賀四丁目１１番２号,篠田ビル１階,ＰＡＬＭ　ＴＲＥＥ,インピゲル株式会社,-,3世保生食ほ第605号,菓子製造業,令和3年6月9日,令和3年6月9日,令和9年6月30日
2966,東京都世田谷区用賀四丁目１１番２号,篠田ビル１階,ＰＡＬＭ　ＴＲＥＥ,インピゲル株式会社,-,7世保生食ほ第495号,飲食店営業,令和7年7月8日,令和7年7月8日,令和13年7月31日
2967,東京都世田谷区用賀四丁目１１番２号,篠田ビル　１Ｆ,ＰＡＳＨＡ　ＫＥＢＡＢ,***,-,7世保生食ほ第732号,飲食店営業,令和7年10月9日,令和7年10月9日,令和13年10月31日
2968,東京都世田谷区用賀四丁目１１番３号,-,Ｆｕｊｉ用賀店,富士シティオ株式会社,03-3708-2551,7世保生食ほ第1021号,飲食店営業,令和7年12月1日,令和7年12月1日,令和14年11月30日
2969,東京都世田谷区用賀四丁目１１番３号,-,Ｆｕｊｉ用賀店,富士シティオ株式会社,03-3708-2551,7世保生食ほ第1022号,飲食店営業,令和7年12月1日,令和7年12月1日,令和14年11月30日
2970,東京都世田谷区用賀四丁目１１番３号,-,Ｆｕｊｉ用賀店,富士シティオ株式会社,03-3708-2551,7世保生食ほ第1023号,菓子製造業,令和7年12月1日,令和7年12月1日,令和14年11月30日
2971,東京都世田谷区用賀四丁目１１番３号,-,Ｆｕｊｉ用賀店,富士シティオ株式会社,03-3708-2551,7世保生食ほ第1024号,食肉販売業,令和7年12月1日,令和7年12月1日,令和14年11月30日
2972,東京都世田谷区用賀四丁目１１番３号,-,Ｆｕｊｉ用賀店,富士シティオ株式会社,03-3708-2551,7世保生食ほ第1025号,魚介類販売業,令和7年12月1日,令和7年12月1日,令和14年11月30日
2973,東京都世田谷区用賀四丁目１１番４号,-,和食処　花邑,株式会社ふくしま,03-3700-2526,3世保生食ほ第1915号,飲食店営業,令和4年2月2日,令和4年2月2日,令和10年2月29日
2974,東京都世田谷区用賀四丁目１１番４号,第一福島ビルＢ１Ｆ,ボディ　アンド　ソウル　用賀,***,3700-8622,2世保生食ほ第2716号,飲食店営業,令和3年3月16日,令和3年3月16日,令和10年3月31日
2975,東京都世田谷区用賀四丁目１１番５号,リエルナ用賀地下１階,鳥貴族　用賀店,株式会社鳥貴族東日本,03-6447-9577,6世保生食ほ第85号,飲食店営業,令和6年6月1日,令和6年6月1日,令和13年5月31日
2976,東京都世田谷区用賀四丁目１１番５号,リエルナ用賀２Ｆ,バーミヤン　用賀駅前店,株式会社すかいらーくレストランツ,03-5491-6231,6世保生食ほ第256号,飲食店営業,令和6年7月1日,令和6年7月1日,令和13年6月30日
2977,東京都世田谷区用賀四丁目１１番５号,１Ｆ,スシスミビ　用賀店,株式会社ｏｕｒｓｅｌｖｅｓ,03-6805-7797,3世保生食ほ第1074号,飲食店営業,令和3年9月7日,令和3年9月7日,令和10年9月30日
2978,東京都世田谷区用賀四丁目１１番１０号,地下１階,焼肉　翠苑,株式会社成和,3708-2922,31世保生食ほ第406号,飲食店営業,平成5年6月23日,令和元年7月1日,令和8年6月30日
2979,東京都世田谷区用賀四丁目１１番１０号,サンエイ用賀ビル,ちよだ鮨　用賀店,株式会社ちよだ鮨,03-6854-1935,30世保生食ほ第2467号,飲食店営業,平成24年4月23日,令和元年5月1日,令和8年4月30日
2980,東京都世田谷区用賀四丁目１１番１０号,サンエイ用賀ビル,ちよだ鮨　用賀店,株式会社ちよだ鮨,03-6854-1935,8世保生食ほ第2号,飲食店営業,令和8年4月9日,令和8年4月9日,令和15年4月30日
2981,東京都世田谷区用賀四丁目１１番１０号,サンエイ用賀ビル１－Ｂ号室,焼きたてＰｉｚｚａ９１０,***,6447-9345,2世保生食ほ第980号,飲食店営業,令和2年9月16日,令和2年9月16日,令和9年9月30日
2982,東京都世田谷区用賀四丁目１１番１０号,サンエイ用賀ビル１－Ｂ号室,焼きたてＰｉｚｚａ９１０,***,6447-9345,2世保生食ほ第981号,そうざい製造業,令和2年9月16日,令和2年9月16日,令和9年9月30日
2983,東京都世田谷区用賀四丁目１１番１２号,ホワイトビル１Ｆ,とんかつ新宿さぼてん,株式会社グリーンハウスフーズ,6411-7285,4世保生食ほ第1385号,飲食店営業,令和4年12月1日,令和4年12月1日,令和11年11月30日
2984,東京都世田谷区用賀四丁目１１番１４号,-,くちどけの朝じゃなきゃ！！,株式会社フィールドエコ,03-5716-4401,31世保生食ほ第411号,菓子製造業,令和元年6月18日,令和元年6月18日,令和8年6月30日
2985,東京都世田谷区用賀四丁目１１番１５号,グリーンハウスＮＯ．５　Ｂ１Ｆ,くし家串猿　用賀店,株式会社エヌイーエス,5797-5775,6世保生食ほ第1219号,飲食店営業,令和6年12月1日,令和6年12月1日,令和12年11月30日
2986,東京都世田谷区用賀四丁目１１番１５号,-,セブンイレブン世田谷用賀４丁目店,***,5716-8755,7世保生食ほ第215号,飲食店営業,令和7年6月1日,令和7年6月1日,令和13年5月31日
2987,東京都世田谷区用賀四丁目１２番２号,大山ハイツ１０４号室,珈琲とドーナッツ　ふわもち邸,***,-,7世保生食ほ第1108号,飲食店営業,令和7年12月1日,令和7年12月1日,令和13年11月30日
2988,東京都世田谷区用賀四丁目１２番２号,大山ハイツ１０４号室,珈琲とドーナッツ　ふわもち邸,***,-,7世保生食ほ第1109号,菓子製造業,令和7年12月1日,令和7年12月1日,令和13年11月30日
2989,東京都世田谷区用賀四丁目１２番２号,-,珠乃や,***,6877-3391,31世保生食ほ第2541号,飲食店営業,令和2年4月23日,令和2年4月23日,令和8年4月30日
2990,東京都世田谷区用賀四丁目１２番２号,-,珠乃や,***,6877-3391,8世保生食ほ第83号,飲食店営業,令和8年4月16日,令和8年4月16日,令和14年4月30日
2991,東京都世田谷区用賀四丁目１２番５号,メゾンド　リベルテ１０１,スナック　シンズ,***,3708-2650,31世保生食ほ第2732号,飲食店営業,平成8年4月2日,令和2年6月1日,令和8年5月31日
2992,東京都世田谷区用賀四丁目１２番５号,-,百楽門酒家,光倫商事株式会社,3707-6217,31世保生食ほ第385号,飲食店営業,平成10年6月29日,令和元年7月1日,令和8年6月30日
2993,東京都世田谷区用賀四丁目１２番６号,ソアラ日康ビルＢ１－Ａ,スナック　ラランジェ,有限会社サークルネット,3707-2800,5世保生食ほ第1771号,飲食店営業,令和6年3月1日,令和6年3月1日,令和12年2月28日
2994,東京都世田谷区用賀四丁目１２番６号,テトラ用賀Ｂ１Ｆ,バーブレンダ,株式会社Ｔｈｒｅｅ　ｎｉｎｅ,6805-7112,2世保生食ほ第594号,飲食店営業,令和2年7月14日,令和2年7月14日,令和8年7月31日
2995,東京都世田谷区用賀四丁目１２番８号,早志ビル１Ｆ,ビーンズ・デポ,***,6447-9426,5世保生食ほ第1683号,飲食店営業,令和6年4月1日,令和6年4月1日,令和12年3月31日
2996,東京都世田谷区用賀四丁目１２番１２号,Ｈｉｒｏ’ｓ用賀２階,ＧＬＯＶＥＳ,株式会社Ｈｕｂｂｙ,03-6447-9128,6世保生食ほ第524号,飲食店営業,令和6年9月1日,令和6年9月1日,令和13年8月31日
2997,東京都世田谷区用賀四丁目１２番１３号,-,みんなの恵李家,***,03-3707-7876,6世保生食ほ第157号,飲食店営業,令和6年5月14日,令和6年5月14日,令和12年5月31日
2998,東京都世田谷区用賀四丁目１２番１４号,島田ビル１Ｆ,用賀もつ肉店,株式会社山グループ,-,6世保生食ほ第78号,飲食店営業,令和6年5月1日,令和6年5月1日,令和12年4月30日
2999,東京都世田谷区用賀四丁目１３番１号,-,つけ麺　中華そば　節,有限会社リアルプライド,3708-8778,31世保生食ほ第1839号,飲食店営業,平成17年12月27日,令和2年1月1日,令和8年12月31日
3000,東京都世田谷区用賀四丁目１３番１号,ベルハイム用賀１０１,鰻の成瀬　用賀店,株式会社　広見商事,-,5世保生食ほ第1853号,飲食店営業,令和6年3月25日,令和6年3月25日,令和13年3月31日
3001,東京都世田谷区用賀四丁目１３番１２号,用賀４丁目ビル１Ｆ,炭焼処　よかばん,***,03-3707-5509,31世保生食ほ第2542号,飲食店営業,令和2年2月26日,令和2年2月26日,令和9年2月28日
3002,東京都世田谷区用賀四丁目１３番１２号,２Ｆ,ＤＡＲＴＳ　＆　ＢＡＲ　ｂｅｅ,株式会社Ｌａ＇ａｓｏｔ　Ｈａｉｍ,-,2世保生食ほ第677号,飲食店営業,令和2年7月20日,令和2年7月20日,令和8年7月31日
3003,東京都世田谷区用賀四丁目１４番２号,２Ｆ,市屋苑（イチオクエン）,有限会社市屋苑,3707-3223,4世保生食ほ第1052号,飲食店営業,令和4年10月1日,令和4年10月1日,令和10年9月30日
3004,東京都世田谷区用賀四丁目１４番２号,１Ｆ,焼肉星山,株式会社Ａｌｇｏｒｉｔｈｍ,6411-7466,5世保生食ほ第1818号,飲食店営業,令和6年4月1日,令和6年4月1日,令和12年3月31日
3005,東京都世田谷区用賀四丁目１４番６号,-,ガトー・ド・ようが,***,3708-2775,5世保生食ほ第1325号,菓子製造業,令和6年1月1日,令和6年1月1日,令和11年12月31日
3006,東京都世田谷区用賀四丁目１４番２１号,-,ジャンフランコ,株式会社　パネックス,6432-7317,3世保生食ほ第571号,飲食店営業,令和3年6月1日,令和3年6月1日,令和10年5月31日
3007,東京都世田谷区用賀四丁目１４番２１号,-,ジャンフランコ,株式会社　パネックス,6432-7317,3世保生食ほ第572号,菓子製造業,令和3年6月1日,令和3年6月1日,令和10年5月31日
3008,東京都世田谷区用賀四丁目１６番１号,コートＴＫ１０２,ｔｏｗｎｓｆｏｌｋ　ｃｏｆｆｅｅ　Ｔｏｋｙｏ,合同会社ＴＯＷＮＳＦＯＬＫ,-,7世保生食ほ第1277号,飲食店営業,令和7年12月23日,令和7年12月23日,令和13年12月31日
3009,東京都世田谷区用賀四丁目１６番６号,川村ビル１０１,Ｃｒｅｓｔａｓｉｎｅ－Ｔｏｋｉｗａ,***,03-6447-9363,7世保生食ほ第1768号,飲食店営業,令和8年4月1日,令和8年4月1日,令和15年3月31日
3010,東京都世田谷区用賀四丁目１６番１０号,-,ステーキダイナー　ＢＵＬＬ,***,6447-9558,2世保生食ほ第58号,飲食店営業,平成26年6月5日,令和2年7月1日,令和8年6月30日
3011,東京都世田谷区用賀四丁目１７番４号,ロイヤルビル,フローラ洋菓子店,***,3709-7012,31世保生食ほ第379号,菓子製造業,昭和57年6月30日,令和元年7月1日,令和8年6月30日
3012,東京都世田谷区用賀四丁目１７番７号,ＴＵＫＡＳＡマンション１０１,ＲｅＳＡＶＯ,Ａｎｊｕ合同会社,-,3世保生食ほ第432号,飲食店営業,令和3年6月1日,令和3年6月1日,令和10年5月31日
3013,東京都世田谷区用賀四丁目１７番８号,パインパレス１Ｆ,田燕居,際コーポレーション株式会社,3709-3910,2世保生食ほ第1229号,飲食店営業,平成8年10月24日,令和2年11月1日,令和9年10月31日
3014,東京都世田谷区用賀四丁目１８番１０号,ファミリーコーポラス用賀１０１,ＬＥ　ＣＨＩＣ,***,-,7世保生食ほ第1681号,飲食店営業,令和8年2月24日,令和8年2月24日,令和14年2月29日
3015,東京都世田谷区用賀四丁目１８番１１号,１０２,ｎａｎａｉｒｏ,株式会社ケイアールジー,03-6431-0016,7世保生食ほ第1522号,飲食店営業,令和8年2月2日,令和8年2月2日,令和15年2月28日
3016,東京都世田谷区用賀四丁目１９番１号,小泉ビル１Ｆ,オルチャン食堂,合同会社エルロコ,-,3世保生食ほ第2081号,飲食店営業,令和4年2月22日,令和4年2月22日,令和10年2月29日
3017,東京都世田谷区用賀四丁目１９番１５号,-,リリーアン,***,6805-6697,5世保生食ほ第939号,飲食店営業,令和5年10月1日,令和5年10月1日,令和11年9月30日
3018,東京都世田谷区用賀四丁目１９番１５号,高野ハウス２０１,リュー・ドゥ・ルポ,***,6875-1068,5世保生食ほ第1003号,飲食店営業,令和5年11月1日,令和5年11月1日,令和11年10月31日
3019,東京都世田谷区用賀四丁目１９番１５号,高野ハウス２０１,リュー・ドゥ・ルポ,***,6875-1068,5世保生食ほ第1004号,菓子製造業,令和5年11月1日,令和5年11月1日,令和11年10月31日
3020,東京都世田谷区用賀四丁目２０番２号,公孫樹館,ドミノ・ピザ用賀店,***,3707-8731,6世保生食ほ第1653号,飲食店営業,令和7年2月18日,令和7年2月18日,令和14年2月29日
3021,東京都世田谷区用賀四丁目２０番１１号,-,ファミリーマート用賀四丁目店,株式会社世田谷サーヴ,5797-5631,5世保生食ほ第358号,飲食店営業,令和5年7月1日,令和5年7月1日,令和12年6月30日
3022,東京都世田谷区用賀四丁目２１番１号,３Ｆ,オーケーディスカウントセンター用賀店,オーケー株式会社,6447-9415,31世保生食ほ第814号,飲食店営業,平成17年8月2日,令和元年9月1日,令和8年8月31日
3023,東京都世田谷区用賀四丁目２１番１号,３Ｆ,オーケーディスカウントセンター用賀店,オーケー株式会社,6447-9415,31世保生食ほ第815号,飲食店営業,平成17年8月2日,令和元年9月1日,令和8年8月31日
3024,東京都世田谷区用賀四丁目２１番１号,３Ｆ,オーケーディスカウントセンター用賀店,オーケー株式会社,6447-9415,31世保生食ほ第816号,飲食店営業,平成17年8月2日,令和元年9月1日,令和8年8月31日
3025,東京都世田谷区用賀四丁目２１番１号,３Ｆ,オーケーディスカウントセンター用賀店,オーケー株式会社,6447-9415,31世保生食ほ第817号,菓子製造業,平成17年8月2日,令和元年9月1日,令和8年8月31日
3026,東京都世田谷区用賀四丁目２１番１号,３Ｆ,オーケーディスカウントセンター用賀店,オーケー株式会社,6447-9415,31世保生食ほ第819号,食肉販売業,平成17年8月2日,令和元年9月1日,令和8年8月31日
3027,東京都世田谷区用賀四丁目２１番１号,３Ｆ,オーケーディスカウントセンター用賀店,オーケー株式会社,6447-9415,31世保生食ほ第820号,魚介類販売業,平成17年8月2日,令和元年9月1日,令和8年8月31日
3028,東京都世田谷区用賀四丁目２７番４号,-,東京都世田谷区立京西小学校,株式会社東京天竜,-,3世保生食ほ第283号,飲食店営業,令和3年4月28日,令和3年4月28日,令和10年4月30日
3029,東京都世田谷区用賀四丁目２８番２０号,-,ＭＡＩＳＯＮ　ＫＵＲＯＳＵ,***,-,2世保生食ほ第2700号,飲食店営業,令和3年3月24日,令和3年3月24日,令和10年3月31日
3030,東京都世田谷区用賀四丁目２８番２０号,-,ＭＡＩＳＯＮ　ＫＵＲＯＳＵ,***,-,2世保生食ほ第2701号,菓子製造業,令和3年3月24日,令和3年3月24日,令和10年3月31日
3031,東京都世田谷区用賀四丁目２９番９号,-,新工房,株式会社イリオラ,03-6447-9406,31世保生食ほ第1941号,菓子製造業,令和2年5月18日,令和2年5月18日,令和9年5月31日
3032,東京都世田谷区用賀四丁目３０番１号,-,再来軒,***,-,7世保生食ほ第1535号,飲食店営業,令和8年3月1日,令和8年3月1日,令和14年2月29日
3033,東京都世田谷区用賀四丁目３０番１１号,-,ひろ本,***,3707-0164,4世保生食ほ第1618号,飲食店営業,令和5年3月1日,令和5年3月1日,令和11年2月28日
3034,東京都世田谷区用賀四丁目３０番１１号,福本ビル２Ｆ,Ｓｈｉｓｈａ　Ｂａｒ　Ｌｉｂｅｒｔｙ,***,03-6411-7656,2世保生食ほ第2541号,飲食店営業,令和3年3月12日,令和3年3月12日,令和9年3月31日
3035,東京都世田谷区用賀四丁目３１番１号,Ｂ１,お好み焼き　古山,***,3708-4129,7世保生食ほ第1131号,飲食店営業,令和7年11月1日,令和7年11月1日,令和13年10月31日
3036,東京都世田谷区用賀四丁目３１番１号,サンアンドフラワービルＢ１Ｆ,鮨　やぎはし,***,03-3700-2423,31世保生食ほ第1088号,飲食店営業,平成24年9月28日,令和元年10月1日,令和8年9月30日
3037,東京都世田谷区用賀四丁目３１番１８号,-,きむら屋　丼丸　用賀店,***,6337-9918,4世保生食ほ第334号,飲食店営業,令和4年7月1日,令和4年7月1日,令和10年6月30日
3038,東京都世田谷区用賀四丁目３４番２２号,ウイスピア用賀１Ｆ,Ｆｕｎ　Ｔｅｒｒａｃｅ　Ｙ?ｇａ,株式会社庭楽,-,7世保生食ほ第682号,飲食店営業,令和7年8月25日,令和7年8月25日,令和13年8月31日
3039,東京都世田谷区上用賀一丁目６番５号,-,東京電力㈱上用賀単身寮,大東食品株式会社,5491-2450,2世保生食ほ第1181号,飲食店営業,平成6年9月28日,令和2年10月1日,令和9年9月30日
3040,東京都世田谷区上用賀一丁目８番５号,-,セブン－イレブン世田谷上用賀１丁目店,***,03-3700-5765,3世保生食ほ第528号,飲食店営業,令和3年6月23日,令和3年6月23日,令和10年6月30日
3041,東京都世田谷区上用賀二丁目１番１号,メインオフィス２階レストラン,リナトキッチン　馬事公苑,インタレスト株式会社,-,5世保生食ほ第1168号,飲食店営業,令和5年10月24日,令和5年10月24日,令和12年10月31日
3042,東京都世田谷区上用賀二丁目２番１５号,-,ウェルケアガーデン馬事公苑,株式会社ＬＥＯＣ,03-3420-1010,7世保生食ほ第608号,飲食店営業,令和7年8月21日,令和7年8月21日,令和14年8月31日
3043,東京都世田谷区上用賀二丁目３番１号,-,ロイヤルホスト馬事公苑店,ロイヤルフードサービス株式会社,0334257821,3世保生食ほ第164号,飲食店営業,平成3年5月10日,令和3年6月1日,令和9年5月31日
3044,東京都世田谷区上用賀二丁目３番１号,-,ロイヤルホスト馬事公苑店,ロイヤルフードサービス株式会社,0334257821,3世保生食ほ第165号,菓子製造業,平成3年5月10日,令和3年6月1日,令和9年5月31日
3045,東京都世田谷区上用賀二丁目３番１号,パシフィック馬事公苑前２号棟１０５,Ｃａｆ?＋８１０１　ＤＵＥ,合同会社みやもと,-,6世保生食ほ第980号,飲食店営業,令和6年10月23日,令和6年10月23日,令和13年10月31日
3046,東京都世田谷区上用賀二丁目４番１６号,-,牛角食べ放題専門店　馬事公苑,株式会社レインズインターナショナル,0364131829,2世保生食ほ第164号,食肉販売業,令和2年4月23日,令和2年4月23日,令和9年4月30日
3047,東京都世田谷区上用賀二丁目４番１６号,-,牛角食べ放題専門店　馬事公苑,株式会社レインズインターナショナル,0364131829,5世保生食ほ第1179号,飲食店営業,令和5年11月1日,令和5年11月1日,令和12年10月31日
3048,東京都世田谷区上用賀二丁目４番１６号,-,とんかつ神楽坂さくら　馬事公苑店,株式会社レインズインターナショナル,0364136839,5世保生食ほ第1178号,飲食店営業,令和5年11月1日,令和5年11月1日,令和12年10月31日
3049,東京都世田谷区上用賀二丁目４番１６号,-,ＲＥＩＮＳ　ＤＥＬＩ　馬事公苑,株式会社レインズインターナショナル,03-6413-1829,2世保生食ほ第196号,飲食店営業,令和2年5月7日,令和2年5月7日,令和9年5月31日
3050,東京都世田谷区上用賀二丁目４番１８号,コリーヌ馬事公苑Ａ棟２Ｆ,くら寿司　世田谷馬事公苑店,くら寿司株式会社,5451-0610,31世保生食ほ第1077号,飲食店営業,平成24年8月22日,令和元年9月1日,令和8年8月31日
3051,東京都世田谷区上用賀二丁目４番１８号,コリーヌ馬事公苑２Ｆ,てんぐ大ホール　馬事公苑店,テンアライド株式会社,03-5477-0351,2世保生食ほ第1004号,食肉販売業,令和2年9月2日,令和2年9月2日,令和8年9月30日
3052,東京都世田谷区上用賀二丁目４番１８号,コリーヌ馬事公苑２Ｆ,てんぐ大ホール　馬事公苑店,テンアライド株式会社,03-5477-0351,3世保生食ほ第1946号,飲食店営業,令和4年3月1日,令和4年3月1日,令和10年2月29日
3053,東京都世田谷区上用賀二丁目４番１８号,コリーヌ馬事公苑３Ｆ,ＲａｎｄＥ,有限会社アルテ,3439-5531,7世保生食ほ第859号,飲食店営業,令和7年10月16日,令和7年10月16日,令和13年10月31日
3054,東京都世田谷区上用賀二丁目４番１８号,コリーヌ馬事公苑Ａ棟１階,マジックハウス　馬事公苑店,株式会社キャメルキッチン,03-6413-9560,7世保生食ほ第1428号,飲食店営業,令和8年1月21日,令和8年1月21日,令和15年1月31日
3055,東京都世田谷区上用賀二丁目４番１８号,コリーヌ馬事公苑Ａ棟１階,シェアラウンジ　馬事公苑店,株式会社キャメルキッチン,03-6413-0751,7世保生食ほ第1429号,飲食店営業,令和8年1月21日,令和8年1月21日,令和15年1月31日
3056,東京都世田谷区上用賀三丁目９番９号,-,ソルシアス上用賀レパスト事業所,株式会社レパスト,5799-6021,2世保生食ほ第1814号,飲食店営業,平成25年12月11日,令和3年1月1日,令和9年12月31日
3057,東京都世田谷区上用賀四丁目１番８号,-,ウェルケアヒルズ馬事公苑,株式会社ＬＥＯＣ,-,30世保生食ほ第2587号,飲食店営業,平成31年4月9日,平成31年4月9日,令和8年4月30日
3058,東京都世田谷区上用賀四丁目１番８号,-,ウェルケアヒルズ馬事公苑,株式会社ＬＥＯＣ,-,7世保生食ほ第1891号,飲食店営業,令和8年4月2日,令和8年4月2日,令和15年4月30日
3059,東京都世田谷区上用賀四丁目５番１号,-,東京マザーズクリニック,ホスフェクス株式会社,3425-7757,2世保生食ほ第1293号,飲食店営業,平成25年10月16日,令和2年11月1日,令和9年10月31日
3060,東京都世田谷区上用賀四丁目１５番１２号,-,特別養護老人ホーム　馬事公苑　Ｃａｆ?　＋８１０１,社会福祉法人恵神会,03-6804-4835,7世保生食ほ第1679号,飲食店営業,令和8年3月26日,令和8年3月26日,令和15年3月31日
3061,東京都世田谷区上用賀四丁目１５番１２号,-,特別養護老人ホームラ・ストーリア馬事公苑,株式会社ＬＥＯＣ,-,7世保生食ほ第1639号,飲食店営業,令和8年3月2日,令和8年3月2日,令和15年3月31日
3062,東京都世田谷区上用賀四丁目１６番１１号,２Ｆ,はーとあーすの手作りパン屋さん,社会福祉法人さわやか会,03-6413-0610,31世保生食ほ第488号,飲食店営業,令和元年6月12日,令和元年6月12日,令和8年6月30日
3063,東京都世田谷区上用賀四丁目１６番１１号,２Ｆ,はーとあーすの手作りパン屋さん,社会福祉法人さわやか会,03-6413-0610,31世保生食ほ第489号,菓子製造業,令和元年6月12日,令和元年6月12日,令和8年6月30日
3064,東京都世田谷区上用賀四丁目３４番１号,-,尾花,***,3420-5628,2世保生食ほ第2670号,飲食店営業,平成14年4月8日,令和3年5月1日,令和9年4月30日
3065,東京都世田谷区上用賀五丁目５番６号,-,木曽路用賀店,株式会社木曽路,0337078612,2世保生食ほ第1108号,魚介類販売業,令和2年9月24日,令和2年9月24日,令和9年9月30日
3066,東京都世田谷区上用賀五丁目５番６号,-,木曽路用賀店,株式会社木曽路,0337078612,2世保生食ほ第289号,食肉販売業,令和2年5月19日,令和2年5月19日,令和9年5月31日
3067,東京都世田谷区上用賀五丁目５番６号,-,木曽路用賀店,株式会社木曽路,0337078612,3世保生食ほ第1406号,飲食店営業,令和3年10月13日,令和3年10月13日,令和10年10月31日
3068,東京都世田谷区上用賀五丁目９番１６号,-,長寿庵,有限会社谷内商事,3709-3788,2世保生食ほ第892号,飲食店営業,平成8年9月10日,令和2年10月1日,令和8年9月30日
3069,東京都世田谷区上用賀五丁目１４番１号,上用賀アートホール２階,ゆにのみせ,社会福祉法人トポスの会,03-5797-2343,4世保生食ほ第1259号,飲食店営業,令和4年12月1日,令和4年12月1日,令和11年11月30日
3070,東京都世田谷区上用賀五丁目１４番１号,上用賀アートホール２階,ゆにのみせ,社会福祉法人トポスの会,03-5797-2343,4世保生食ほ第1260号,菓子製造業,令和4年12月1日,令和4年12月1日,令和11年11月30日
3071,東京都世田谷区上用賀五丁目１５番１号,-,世田谷区立用賀中学校,株式会社ＨＩＴＯＷＡ,3700-1044,3世保生食ほ第288号,飲食店営業,令和3年5月7日,令和3年5月7日,令和10年5月31日
3072,東京都世田谷区上用賀五丁目１６番２１号,グリーンハウス３　１０４,Ｔｒｅｅ　ｏｆ　Ｌｉｆｅ,有限会社ひとエンタープライズ,03-3706-2035,2世保生食ほ第1570号,飲食店営業,平成26年11月21日,令和2年12月1日,令和8年11月30日
3073,東京都世田谷区上用賀五丁目２５番２３号,-,くらら砧公園,株式会社ＬＥＯＣ,3700-0456,2世保生食ほ第1059号,飲食店営業,平成18年9月20日,令和2年10月1日,令和9年9月30日
3074,東京都世田谷区上用賀五丁目２６番８号,-,柳田屋,***,6432-7493,2世保生食ほ第977号,飲食店営業,平成26年8月13日,令和2年9月1日,令和8年8月31日
3075,東京都世田谷区上用賀五丁目２６番８号,-,柳田屋,***,6432-7493,2世保生食ほ第978号,菓子製造業,平成26年8月13日,令和2年9月1日,令和8年8月31日
3076,東京都世田谷区上用賀六丁目１番４号,-,セブンイレブン世田谷上用賀６丁目店,***,03-3420-9811,6世保生食ほ第1467号,飲食店営業,令和7年2月21日,令和7年2月21日,令和14年2月29日
3077,東京都世田谷区上用賀六丁目６番６号,ＳｏＣｏＬＡ用賀２階,デニーズ上用賀店,株式会社デニーズジャパン,-,2世保生食ほ第2690号,飲食店営業,令和3年3月26日,令和3年3月26日,令和11年3月31日
3078,東京都世田谷区上用賀六丁目６番６号,-,Ｄａｉｌｙ　Ｔａｂｌｅ　ＫＩＮＯＫＵＮＩＹＡ　ソコラ用賀店,株式会社　紀ノ國屋,03-5799-4131,2世保生食ほ第2766号,飲食店営業,令和3年3月30日,令和3年3月30日,令和10年3月31日
3079,東京都世田谷区上用賀六丁目６番６号,-,Ｄａｉｌｙ　Ｔａｂｌｅ　ＫＩＮＯＫＵＮＩＹＡ　ソコラ用賀店,株式会社　紀ノ國屋,03-5799-4131,2世保生食ほ第2767号,飲食店営業,令和3年3月30日,令和3年3月30日,令和10年3月31日
3080,東京都世田谷区上用賀六丁目６番６号,-,Ｄａｉｌｙ　Ｔａｂｌｅ　ＫＩＮＯＫＵＮＩＹＡ　ソコラ用賀店,株式会社　紀ノ國屋,03-5799-4131,2世保生食ほ第2768号,アイスクリーム類製造業,令和3年3月30日,令和3年3月30日,令和10年3月31日
3081,東京都世田谷区上用賀六丁目１１番４号,-,手打ちそば　双樹,***,-,3世保生食ほ第1173号,飲食店営業,令和3年9月22日,令和3年9月22日,令和10年9月30日
3082,東京都世田谷区上用賀六丁目１４番３号,-,世田谷区立用賀小学校,株式会社スエヒロ,-,3世保生食ほ第215号,飲食店営業,令和3年4月28日,令和3年4月28日,令和10年4月30日
3083,東京都世田谷区上用賀六丁目１６番１５号,-,もりこのやかた,***,6325-6909,2世保生食ほ第2083号,菓子製造業,令和3年3月30日,令和3年3月30日,令和9年3月31日
3084,東京都世田谷区上用賀六丁目１９番２１号,-,ふきのとう,社会福祉法人ふきのとうの会,3706-2545,31世保生食ほ第1644号,飲食店営業,平成24年11月6日,令和元年12月1日,令和8年11月30日
3085,東京都世田谷区上用賀六丁目２５番１号,-,ファミリーマート関東中央病院店,望星サイエンス株式会社,03-5426-2013,7世保生食ほ第4号,飲食店営業,令和7年5月1日,令和7年5月1日,令和14年4月30日
3086,東京都世田谷区上用賀六丁目２５番１号,-,コンパスグループ・ジャパン株式会社　関東中央病院店,コンパスグループ・ジャパン株式会社,03-3429-1171,3世保生食ほ第408号,飲食店営業,令和3年5月31日,令和3年5月31日,令和10年5月31日
3087,東京都世田谷区上用賀六丁目３３番１９号,-,みづほ,***,3427-4347,2世保生食ほ第2505号,飲食店営業,昭和63年3月17日,令和3年4月1日,令和9年3月31日
3088,東京都世田谷区上用賀六丁目３３番２０号,松田ビル１Ｆ,キッチン　ひまわり,株式会社クロアール,6413-1600,3世保生食ほ第1398号,飲食店営業,令和3年10月19日,令和3年10月19日,令和10年10月31日
3089,東京都世田谷区瀬田一丁目１７番２８号,-,上野毛慎独寮,株式会社東急グルメフロント,-,5世保生食ほ第1903号,飲食店営業,令和6年4月1日,令和6年4月1日,令和13年3月31日
3090,東京都世田谷区瀬田一丁目２０番１９号,-,ワインの木　テラ,***,03-3709-0787,31世保生食ほ第2908号,飲食店営業,平成18年3月28日,令和2年4月1日,令和9年3月31日
3091,東京都世田谷区瀬田一丁目２０番１９号,-,プラシッダ　タージ,株式会社ＡＹＵＳＩＴＡ　ＩＮＴＥＲＮＡＴＩＯＮＡＬ,03-6447-9486,4世保生食ほ第1181号,飲食店営業,令和4年11月1日,令和4年11月1日,令和10年10月31日
3092,東京都世田谷区瀬田一丁目２５番４号,-,ケアプラスホテル瀬田ステイ,株式会社ＳＯＹＯＫＡＺＥ,03-5491-7017,2世保生食ほ第1516号,飲食店営業,令和2年11月6日,令和2年11月6日,令和9年11月30日
3093,東京都世田谷区瀬田二丁目１番２２号,あずきビル１階,アントニオ´ズ　デリ　瀬田ファクトリー２,株式会社アントニオ,03-5491-4489,3世保生食ほ第1460号,そうざい製造業,令和3年11月1日,令和3年11月1日,令和10年10月31日
3094,東京都世田谷区瀬田二丁目１番２３号,石井ビル１Ｆ,アントニオ’ズ　デリ　瀬田ファクトリー,株式会社アントニオ,03-5491-4489,2世保生食ほ第1263号,菓子製造業,平成18年10月31日,令和2年11月1日,令和9年10月31日
3095,東京都世田谷区瀬田二丁目１番２３号,石井ビル１Ｆ,アントニオ’ズ　デリ　瀬田ファクトリー,株式会社アントニオ,03-5491-4489,2世保生食ほ第1264号,乳製品製造業,平成19年1月10日,令和2年11月1日,令和9年10月31日
3096,東京都世田谷区瀬田二丁目１番２３号,石井ビル１Ｆ,アントニオ’ズ　デリ　瀬田ファクトリー,株式会社アントニオ,03-5491-4489,2世保生食ほ第1265号,そうざい製造業,平成18年10月31日,令和2年11月1日,令和9年10月31日
3097,東京都世田谷区瀬田二丁目１０番５号,瀬田の杜Ｇａｒｄｅｎ＆Ｔｅｒｒａｃｅ　Ｂ棟１号,ＦＵＳＨＡＴＨｌｏｕｎｇｅ,株式会社Ｎ’ｓティーカンパニー,-,3世保生食ほ第1857号,飲食店営業,令和4年2月1日,令和4年2月1日,令和11年1月31日
3098,東京都世田谷区瀬田二丁目１０番５号,瀬田の杜Ｇａｒｄｅｎ＆Ｔｅｒｒａｃｅ　Ｂ棟１号,Ａｎｋａ－ｃｏｆｆｅｅ＆ｂａｋｅｓ－,ＳＡＺＡ株式会社,-,7世保生食ほ第1926号,飲食店営業,令和8年4月3日,令和8年4月3日,令和15年4月30日
3099,東京都世田谷区瀬田二丁目１４番６号,-,甘吉　ＫＡＮＫＩＣＨＩ,株式会社スイーツ・デザイン,03-6447-9106,7世保生食ほ第433号,飲食店営業,令和7年8月1日,令和7年8月1日,令和14年7月31日
3100,東京都世田谷区瀬田二丁目１４番６号,-,甘吉　ＫＡＮＫＩＣＨＩ,株式会社スイーツ・デザイン,03-6447-9106,7世保生食ほ第434号,菓子製造業,令和7年8月1日,令和7年8月1日,令和14年7月31日
3101,東京都世田谷区瀬田二丁目１４番７号,-,イリヤマジュウ百花店,***,03-5491-2022,2世保生食ほ第1959号,飲食店営業,令和3年2月4日,令和3年2月4日,令和10年2月29日
3102,東京都世田谷区瀬田二丁目１５番１号,-,世田谷区立　瀬田小学校,協立給食株式会社,03-3700-3345,6世保生食ほ第1794号,飲食店営業,令和7年3月26日,令和7年3月26日,令和14年3月31日
3103,東京都世田谷区瀬田二丁目１６番５号,-,ＣＡＦＥ＆Ｒｅｓｔａｕｒａｎｔ　ＭＩＲＥＩＮ　カフェアンドレストラン　ミレイン,***,03-3707-7222,4世保生食ほ第1285号,飲食店営業,令和4年11月15日,令和4年11月15日,令和10年11月30日
3104,東京都世田谷区瀬田二丁目１７番１号,-,世田谷区立　瀬田中学校,株式会社スエヒロ,-,3世保生食ほ第220号,飲食店営業,令和3年4月26日,令和3年4月26日,令和10年4月30日
3105,東京都世田谷区瀬田二丁目１９番１５号,-,料理　天然だし味,有限会社アーリーバード,03-3707-5700,2世保生食ほ第1299号,飲食店営業,平成14年10月3日,令和2年11月1日,令和8年10月31日
3106,東京都世田谷区瀬田二丁目１９番２６号,成実マンション１Ａ,ラ・パニョッタ,***,03-5716-3140,5世保生食ほ第1981号,菓子製造業,令和6年4月1日,令和6年4月1日,令和12年3月31日
3107,東京都世田谷区瀬田二丁目２７番６号,瀬田サンリツビル１Ｆ,かさねや用賀／肉メシドットコム用賀店,株式会社ＳＢＩＣ,03-6805-7360,7世保生食ほ第1115号,飲食店営業,令和7年11月1日,令和7年11月1日,令和14年10月31日
3108,東京都世田谷区瀬田二丁目２７番６号,-,世田谷ＴＵＮＥ,***,-,2世保生食ほ第1203号,飲食店営業,令和2年10月2日,令和2年10月2日,令和9年10月31日
3109,東京都世田谷区瀬田二丁目２７番６号,-,世田谷ＴＵＮＥ,***,-,2世保生食ほ第1204号,食肉販売業,令和2年10月2日,令和2年10月2日,令和9年10月31日
3110,東京都世田谷区瀬田二丁目２７番６号,-,ＴＵＮＥ,株式会社ＤｅｓｉｇｎＴＵＮＥ,-,4世保生食ほ第1646号,飲食店営業,令和5年1月27日,令和5年1月27日,令和12年1月31日
3111,東京都世田谷区瀬田二丁目２７番１６号,-,生活協同組合コープみらい　ミニコープ瀬田店,生活協同組合コープみらい,03-3700-0771,3世保生食ほ第1987号,飲食店営業,令和4年2月9日,令和4年2月9日,令和11年2月28日
3112,東京都世田谷区瀬田二丁目２８番１０号,池田ビル１Ｆ,ＫＡＤＯ,株式会社ＭＡＤＯＫＳ,03-6447-9698,4世保生食ほ第1025号,飲食店営業,令和4年9月29日,令和4年9月29日,令和10年9月30日
3113,東京都世田谷区瀬田二丁目２８番１０号,イケダハイツ１階,ＨＯＮＯＫＡ,***,-,5世保生食ほ第1351号,飲食店営業,令和5年11月28日,令和5年11月28日,令和11年11月30日
3114,東京都世田谷区瀬田二丁目２８番１０号,イケダハイツ１Ｆ,宮崎辛麺　辛麺屋一輪,株式会社ＦＥＬＩＣＥ,-,6世保生食ほ第1667号,飲食店営業,令和7年3月6日,令和7年3月6日,令和13年3月31日
3115,東京都世田谷区瀬田三丁目３番１号,-,グリルＣ,***,6431-0607,31世保生食ほ第2534号,飲食店営業,平成25年4月8日,令和2年5月1日,令和9年4月30日
3116,東京都世田谷区瀬田三丁目３番１号,メゾンエイト１Ｆ,焼肉　ＫＡＪＩＹＡ,***,-,7世保生食ほ第464号,飲食店営業,令和7年9月30日,令和7年9月30日,令和14年9月30日
3117,東京都世田谷区瀬田三丁目５番２号,アローウィステリア１階,銀のさら　駒沢店,株式会社ライドオンエクスプレス,3707-0117,2世保生食ほ第491号,飲食店営業,平成25年6月6日,令和2年7月1日,令和9年6月30日
3118,東京都世田谷区瀬田三丁目５番７号,井山ビル１０２号,Ｏｊ’ｓ（オージェイズ）,***,6313-0791,4世保生食ほ第2021号,飲食店営業,令和5年5月1日,令和5年5月1日,令和11年4月30日
3119,東京都世田谷区瀬田三丁目６番８号,-,泉竹,株式会社泉竹,03-3700-4661,31世保生食ほ第2968号,そうざい製造業,平成26年7月31日,令和2年8月1日,令和8年7月31日
3120,東京都世田谷区瀬田三丁目６番８号,-,公益社　用賀会館,株式会社公益社,03-5491-7520,6世保生食ほ第1607号,飲食店営業,令和7年2月14日,令和7年2月14日,令和13年2月28日
3121,東京都世田谷区瀬田三丁目８番２１号,-,チャーム瀬田,株式会社ＨＩＴＯＷＡ,-,7世保生食ほ第770号,飲食店営業,令和7年9月11日,令和7年9月11日,令和14年9月30日
3122,東京都世田谷区瀬田三丁目９番２２号,-,ベストライフ用賀,株式会社アスモフードサービス,03-5716-5615,3世保生食ほ第2087号,飲食店営業,令和4年2月25日,令和4年2月25日,令和11年2月28日
3123,東京都世田谷区瀬田三丁目１５番１１号,-,用賀シーシャカフェ＆バー　Ｔｏｋｙｏ　ＩＲＯＲＩ　Ｈｏｏｋａｈ,***,-,7世保生食ほ第595号,飲食店営業,令和7年8月26日,令和7年8月26日,令和13年8月31日
3124,東京都世田谷区瀬田四丁目５番５号,-,ＨＣ瀬田,株式会社グリーンヘルスケアサービス,-,31世保生食ほ第899号,飲食店営業,令和元年8月22日,令和元年8月22日,令和8年8月31日
3125,東京都世田谷区瀬田四丁目８番１号,-,財団法人　日産厚生会　玉川病院,トーヨーベンディング株式会社,3700-1511,4世保生食ほ第128号,調理の機能を有する自動販売機により食品を調理し、調理された食品を販売する営業,令和4年5月1日,令和4年5月1日,令和9年4月30日
3126,東京都世田谷区瀬田四丁目８番１号,玉川病院内,生活彩家　玉川病院店,株式会社アメニティ,03-3700-1151,7世保生食ほ第923号,飲食店営業,令和7年10月28日,令和7年10月28日,令和13年10月31日
3127,東京都世田谷区瀬田四丁目１５番１号,-,ＡＱＵＡ　ＣＡＦＥ,株式会社ザ・スポーツコネクション,03-3707-8222,4世保生食ほ第1846号,飲食店営業,令和5年4月1日,令和5年4月1日,令和12年3月31日
3128,東京都世田谷区瀬田四丁目２２番１６号,-,アンジェロ,***,3700-9609,5世保生食ほ第486号,飲食店営業,令和5年7月12日,令和5年7月12日,令和11年7月31日
3129,東京都世田谷区瀬田四丁目２２番１６号,-,ＳＴＡＮ,***,-,2世保生食ほ第766号,飲食店営業,令和2年8月3日,令和2年8月3日,令和9年8月31日
3130,東京都世田谷区瀬田四丁目２２番１６号,-,ＳＴＡＮ,***,-,2世保生食ほ第767号,菓子製造業,令和2年8月3日,令和2年8月3日,令和9年8月31日
3131,東京都世田谷区瀬田四丁目２２番１６号,ハイライフ瀬田１０５,アンジェロ,株式会社オネストログ,03-3700-9609,6世保生食ほ第1586号,飲食店営業,令和7年2月10日,令和7年2月10日,令和13年2月28日
3132,東京都世田谷区瀬田四丁目２４番１５号,一松マンション１階,Ｃａｆｅ香乃や,***,03-6824-7326,5世保生食ほ第661号,飲食店営業,令和5年8月9日,令和5年8月9日,令和12年8月31日
3133,東京都世田谷区瀬田四丁目２５番５号,-,Ｎａｔｕｒａｌ　Ｆｏｏｄｓ　Ｔｏｋｙｏ,株式会社オネストログ,03-5797-9889,7世保生食ほ第1450号,飲食店営業,令和8年1月9日,令和8年1月9日,令和14年1月31日
3134,東京都世田谷区瀬田四丁目２５番５号,-,Ｎａｔｕｒａｌ　Ｆｏｏｄｓ　Ｔｏｋｙｏ,株式会社オネストログ,03-5797-9889,7世保生食ほ第1451号,菓子製造業,令和8年1月9日,令和8年1月9日,令和14年1月31日
3135,東京都世田谷区瀬田四丁目２５番５号,-,Ｎａｔｕｒａｌ　Ｆｏｏｄｓ　Ｔｏｋｙｏ,株式会社オネストログ,03-5797-9889,7世保生食ほ第1452号,そうざい製造業,令和8年1月9日,令和8年1月9日,令和14年1月31日
3136,東京都世田谷区瀬田四丁目２８番１６号,-,ホドリ　通販,株式会社山グループ,03-4362-7766,3世保生食ほ第367号,食肉販売業,令和3年5月17日,令和3年5月17日,令和10年5月31日
3137,東京都世田谷区瀬田四丁目２９番１２号,１、２Ｆ,８３３ビル,東京西海株式会社,03-6431-0062,2世保生食ほ第559号,飲食店営業,平成25年4月25日,令和2年5月1日,令和8年4月30日
3138,東京都世田谷区瀬田五丁目２番１号,-,ふたこビール　瀬田醸造所,株式会社ふたこ麦麦公社,03-6432-7025,3世保生食ほ第24号,飲食店営業,令和3年10月12日,令和3年10月12日,令和9年10月31日
3139,東京都世田谷区瀬田五丁目２番１号,-,ふたこビール　瀬田醸造所,株式会社ふたこ麦麦公社,03-6432-7025,3世保生食ほ第25号,酒類製造業,令和3年6月9日,令和3年6月9日,令和9年6月30日
3140,東京都世田谷区瀬田五丁目２番１号,-,セタパン製造室,株式会社ふたこ麦麦公社,03-6432-7025,4世保生食ほ第781号,菓子製造業,令和4年8月15日,令和4年8月15日,令和10年8月31日
3141,東京都世田谷区瀬田五丁目３番９号,-,宴（うたた）,***,3707-3038,4世保生食ほ第1065号,飲食店営業,令和4年11月1日,令和4年11月1日,令和10年10月31日
3142,東京都世田谷区瀬田五丁目３４番２１号,ＫＤＸレジデンス用賀８０２号室,花王陸上競技部寮,株式会社共立メンテナンス,03-5716-1575,3世保生食ほ第2072号,飲食店営業,令和4年3月15日,令和4年3月15日,令和10年3月31日
3143,東京都世田谷区瀬田五丁目３９番６号,-,瀬田食堂,株式会社あなぶき社宅サービス,5716-4432,31世保生食ほ第1980号,飲食店営業,平成18年1月27日,令和2年2月1日,令和9年1月31日
3144,東京都世田谷区瀬田五丁目３９番２２号,-,スターバックスコーヒー用賀店,スターバックスコーヒージャパン株式会社,03-5491-4086,4世保生食ほ第1549号,飲食店営業,令和5年3月1日,令和5年3月1日,令和12年2月28日
3145,東京都世田谷区瀬田五丁目４１番１号,-,マクドナルド　用賀インター店,クォリティフーズ株式会社,03-3708-3245,6世保生食ほ第1019号,飲食店営業,令和6年10月23日,令和6年10月23日,令和13年10月31日
3146,東京都世田谷区玉川台一丁目５番３号,グレース玉川台１０１,Ａｔｓｕｓｈｉ　Ｈａｔａｅ,株式会社なでしこ,03-5797-9234,31世保生食ほ第510号,飲食店営業,令和元年6月20日,令和元年6月20日,令和8年6月30日
3147,東京都世田谷区玉川台一丁目５番３号,グレース玉川台１０１,Ａｔｓｕｓｈｉ　Ｈａｔａｅ,株式会社なでしこ,03-5797-9234,31世保生食ほ第511号,菓子製造業,令和元年6月20日,令和元年6月20日,令和8年6月30日
3148,東京都世田谷区玉川台一丁目１２番８号,Ｇｒａｎ　Ｄｕｏ用賀Ⅱ　１０２,ｆｕｗａｒｉ,***,-,7世保生食ほ第272号,飲食店営業,令和7年7月1日,令和7年7月1日,令和13年6月30日
3149,東京都世田谷区玉川台一丁目１２番８号,Ｇｒａｎ　Ｄｕｏ用賀Ⅱ　１０２,ｆｕｗａｒｉ,***,-,7世保生食ほ第273号,菓子製造業,令和7年7月1日,令和7年7月1日,令和13年6月30日
3150,東京都世田谷区玉川台一丁目１３番１４号,-,くいものや　円,***,03-3707-5636,2世保生食ほ第2709号,飲食店営業,令和3年3月17日,令和3年3月17日,令和9年3月31日
3151,東京都世田谷区玉川台二丁目１番１６号,-,ファミリーマート　玉川台二丁目店,株式会社タイレル,03-5797-2628,4世保生食ほ第776号,飲食店営業,令和4年9月1日,令和4年9月1日,令和11年8月31日
3152,東京都世田谷区玉川台二丁目３番１７号,-,ＥＬＬＩＰＳＥ,***,-,3世保生食ほ第2305号,飲食店営業,令和4年4月1日,令和4年4月1日,令和10年3月31日
3153,東京都世田谷区玉川台二丁目３番２１号,-,インド料理　ＤＡＨＢＡ～ダバ～,***,03-6477-9887,2世保生食ほ第1795号,飲食店営業,平成26年12月12日,令和3年1月1日,令和8年12月31日
3154,東京都世田谷区玉川台二丁目９番１０号,-,ゆみゆみＧｒａｎｏｌａ,***,-,2世保生食ほ第467号,菓子製造業,令和2年6月12日,令和2年6月12日,令和8年6月30日
3155,東京都世田谷区玉川台二丁目１０番６号,-,シビア,***,3700-8289,3世保生食ほ第1003号,飲食店営業,令和3年10月1日,令和3年10月1日,令和9年9月30日
3156,東京都世田谷区玉川台二丁目１７番１６号,-,グリル＆ダイニング用賀倶楽部,用賀倶楽部株式会社,-,2世保生食ほ第2713号,飲食店営業,令和3年3月18日,令和3年3月18日,令和10年3月31日
3157,東京都世田谷区玉川台二丁目１７番１６号,-,グリル＆ダイニング用賀倶楽部,用賀倶楽部株式会社,-,2世保生食ほ第2714号,菓子製造業,令和3年3月18日,令和3年3月18日,令和10年3月31日
3158,東京都世田谷区玉川台二丁目１７番１６号,-,グリル＆ダイニング用賀倶楽部,用賀倶楽部株式会社,-,2世保生食ほ第2715号,ソース類製造業,令和3年3月18日,令和3年3月18日,令和10年3月31日
3159,東京都世田谷区玉川台二丁目１７番１６号,-,グリル＆ダイニング用賀倶楽部,用賀倶楽部株式会社,-,3世保生食ほ第1228号,食肉販売業,令和3年9月17日,令和3年9月17日,令和10年9月30日
3160,東京都世田谷区玉川台二丁目１７番１６号,-,グリル＆ダイニング用賀倶楽部,用賀倶楽部株式会社,-,3世保生食ほ第1229号,食肉製品製造業,令和3年9月17日,令和3年9月17日,令和10年9月30日
3161,東京都世田谷区玉川台二丁目１７番２０号,-,アイリスガーデン用賀,株式会社ＬＥＯＣ,3708-2286,5世保生食ほ第226号,飲食店営業,令和5年6月5日,令和5年6月5日,令和12年6月30日
3162,東京都世田谷区玉川台二丁目２１番１６号,-,セブンイレブン世田谷玉川台店,株式会社河野企画,03-3700-5118,4世保生食ほ第997号,飲食店営業,令和4年10月4日,令和4年10月4日,令和11年10月31日
3163,東京都世田谷区玉川台二丁目２２番１７号,スプリングヒルズ玉川台２０１号,Ｗｉｎｅ　Ｃａｆ?　用賀,***,6447-9227,2世保生食ほ第2125号,飲食店営業,平成27年2月24日,令和3年3月1日,令和9年2月28日
3164,東京都世田谷区玉川台二丁目２２番１７号,スピリングヒルズ玉川台１０５号,ラーメン嶽,有限会社リアルプライド,-,7世保生食ほ第462号,飲食店営業,令和7年7月1日,令和7年7月1日,令和13年6月30日
3165,東京都世田谷区玉川台二丁目２２番２０号,イイダアネックスⅦ,ジョナサン　用賀店,株式会社すかいらーくレストランツ,03-3700-0981,5世保生食ほ第1879号,飲食店営業,令和6年3月25日,令和6年3月25日,令和13年3月31日
3166,東京都世田谷区玉川台二丁目３９番６号,-,セブン－イレブン用賀インター店,株式会社ＮＥＺＵ,03-3700-1002,3世保生食ほ第524号,飲食店営業,令和3年6月24日,令和3年6月24日,令和10年6月30日
3167,東京都世田谷区玉川一丁目１番４号,-,ルナティック,株式会社パラディ・ラボ,03-3708-1118,2世保生食ほ第2651号,飲食店営業,平成27年3月4日,令和3年4月1日,令和9年3月31日
3168,東京都世田谷区玉川一丁目１番４号,-,ルナティック,株式会社パラディ・ラボ,03-3708-1118,3世保生食ほ第947号,そうざい製造業,令和3年8月11日,令和3年8月11日,令和9年8月31日
3169,東京都世田谷区玉川一丁目１番４号,-,ゲッコ,株式会社パラディ・ラボ,03-3708-1118,2世保生食ほ第2652号,飲食店営業,平成27年3月4日,令和3年4月1日,令和9年3月31日
3170,東京都世田谷区玉川一丁目２番３号,-,ぬくぬくハウス,***,03-3707-0037,3世保生食ほ第2302号,飲食店営業,令和4年4月1日,令和4年4月1日,令和10年3月31日
3171,東京都世田谷区玉川一丁目２番８号,-,ＣＨＩＣＨＩＣＡＦＥ,***,6411-7958,3世保生食ほ第566号,飲食店営業,令和3年7月1日,令和3年7月1日,令和9年6月30日
3172,東京都世田谷区玉川一丁目７番２号,-,世田谷区立玉川福祉作業所,富士産業株式会社,3707-0498,3世保生食ほ第2251号,飲食店営業,令和4年3月24日,令和4年3月24日,令和11年3月31日
3173,東京都世田谷区玉川一丁目７番７号,玉川ハイツ１０１,Ｓｉｘ　Ｐｉｎｅ　Ｃａｆｅ,株式会社ロックのこころ,03-6411-7296,6世保生食ほ第466号,飲食店営業,令和6年7月8日,令和6年7月8日,令和12年7月31日
3174,東京都世田谷区玉川一丁目１４番１号,二子玉川ライズ・ショッピングセンターテラスマーケット,バビーズ　二子玉川,株式会社Ｍ・Ｒ・Ｓ,03-6431-0555,3世保生食ほ第2412号,飲食店営業,令和4年5月1日,令和4年5月1日,令和11年4月30日
3175,東京都世田谷区玉川一丁目１４番１号,二子玉川ライズ・ショッピングセンター　テラスマーケット２階,ＬＡＷＳＯＮ＋ｔｏｋｓ二子玉川ライズ店,株式会社東急ストア,03-3707-0401,4世保生食ほ第57号,飲食店営業,令和4年5月1日,令和4年5月1日,令和11年4月30日
3176,東京都世田谷区玉川一丁目１４番１号,-,スターバックスコーヒー二子玉川蔦屋家電,カルチュア・コンビニエンス・クラブ株式会社,03-5491-8544,4世保生食ほ第184号,飲食店営業,令和4年5月1日,令和4年5月1日,令和11年4月30日
3177,東京都世田谷区玉川一丁目１４番１号,-,１０９シネマズ二子玉川　３Ｆコンセッション,株式会社東急レクリエーション,-,4世保生食ほ第60号,飲食店営業,令和4年5月1日,令和4年5月1日,令和11年4月30日
3178,東京都世田谷区玉川一丁目１４番１号,-,１０９シネマズ二子玉川　３Ｆコンセッション,株式会社東急レクリエーション,-,4世保生食ほ第61号,菓子製造業,令和4年5月1日,令和4年5月1日,令和11年4月30日
3179,東京都世田谷区玉川一丁目１４番１号,-,１０９シネマズ二子玉川　４Ｆラウンジ,株式会社東急レクリエーション,-,4世保生食ほ第62号,飲食店営業,令和4年5月1日,令和4年5月1日,令和11年4月30日
3180,東京都世田谷区玉川一丁目１４番１号,-,博多　一風堂,株式会社力の源カンパニー,03-6447-9766,4世保生食ほ第141号,飲食店営業,令和4年5月1日,令和4年5月1日,令和11年4月30日
3181,東京都世田谷区玉川一丁目１４番１号,二子玉川ライズ・ショッピングセンター　テラスマーケット１Ｆ,ファミマ！！　二子玉川店,株式会社ソウ・ツー・プラス,03-5797-2267,4世保生食ほ第161号,飲食店営業,令和4年5月1日,令和4年5月1日,令和11年4月30日
3182,東京都世田谷区玉川一丁目１４番１号,二子玉川ライズ・タワーオフィス２２Ｆ,エーム　５１７３,エームサービス株式会社,03-6805-6427,4世保生食ほ第370号,飲食店営業,令和4年7月1日,令和4年7月1日,令和11年6月30日
3183,東京都世田谷区玉川一丁目１４番１号,楽天クリムゾンハウス９Ｆ,Ｒａｋｕｔｅｎ　Ｃｒｉｍｓｏｎ　Ｓｔｏｒｅ,楽天ソシオビジネス株式会社,-,4世保生食ほ第572号,飲食店営業,令和4年8月1日,令和4年8月1日,令和11年7月31日
3184,東京都世田谷区玉川一丁目１４番１号,二子玉川ライズ・タワーオフィス２２Ｆ,エーム　５１８６,エームサービス株式会社,03-6805-6551,4世保生食ほ第743号,飲食店営業,令和4年9月1日,令和4年9月1日,令和11年8月31日
3185,東京都世田谷区玉川一丁目１４番１号,二子玉川ライズＳ．Ｃ．テラスマーケット２Ｆ,シナボン／シアトルズベストコーヒー二子玉川ライズＳ．Ｃ．店,ＪＲ九州ファーストフーズ株式会社,03-6431-0955,30世保生食ほ第2520号,飲食店営業,平成31年4月10日,平成31年4月10日,令和8年4月30日
3186,東京都世田谷区玉川一丁目１４番１号,二子玉川ライズＳ．Ｃ．テラスマーケット２Ｆ,シナボン／シアトルズベストコーヒー二子玉川ライズＳ．Ｃ．店,ＪＲ九州ファーストフーズ株式会社,03-6431-0955,30世保生食ほ第2521号,菓子製造業,平成31年4月10日,平成31年4月10日,令和8年4月30日
3187,東京都世田谷区玉川一丁目１４番１号,二子玉川ライズＳ．Ｃ．テラスマーケット２Ｆ,シナボン／シアトルズベストコーヒー二子玉川ライズＳ．Ｃ．店,ＪＲ九州ファーストフーズ株式会社,03-6431-0955,7世保生食ほ第1640号,飲食店営業,令和8年4月2日,令和8年4月2日,令和15年4月30日
3188,東京都世田谷区玉川一丁目１４番１号,二子玉川ライズＳ．Ｃ．テラスマーケット２Ｆ,シナボン／シアトルズベストコーヒー二子玉川ライズＳ．Ｃ．店,ＪＲ九州ファーストフーズ株式会社,03-6431-0955,7世保生食ほ第1641号,菓子製造業,令和8年4月2日,令和8年4月2日,令和15年4月30日
3189,東京都世田谷区玉川一丁目１４番１号,二子玉川ライズＳ．Ｃ．　テラスマーケット,二子玉川　蔦屋家電,カルチュア・コンビニエンス・クラブ株式会社,03-5491-8550,2世保生食ほ第1952号,飲食店営業,令和3年1月27日,令和3年1月27日,令和10年1月31日
3190,東京都世田谷区玉川一丁目１４番１号,二子玉川ライズテラスマーケット２Ｆ,Ｍａｌｌｏｒｃａ,株式会社ウェイブズ,03-6432-7220,2世保生食ほ第2310号,飲食店営業,令和3年2月15日,令和3年2月15日,令和9年2月28日
3191,東京都世田谷区玉川一丁目１４番１号,二子玉川ライズテラスマーケット２Ｆ,Ｍａｌｌｏｒｃａ,株式会社ウェイブズ,03-6432-7220,2世保生食ほ第2311号,菓子製造業,令和3年2月15日,令和3年2月15日,令和9年2月28日
3192,東京都世田谷区玉川一丁目１４番１号,楽天クリムゾンハウス２２Ｆ,楽天カフェ,楽天ソシオビジネス株式会社,-,2世保生食ほ第2572号,飲食店営業,令和3年3月12日,令和3年3月12日,令和10年3月31日
3193,東京都世田谷区玉川一丁目１４番１号,楽天クリムゾンハウス２２Ｆ,楽天カフェ,楽天ソシオビジネス株式会社,-,2世保生食ほ第2573号,菓子製造業,令和3年3月12日,令和3年3月12日,令和10年3月31日
3194,東京都世田谷区玉川一丁目１４番１号,-,二子玉川ライズ　スタジオ＆ホール,東急株式会社,03-6732-7340,3世保生食ほ第1014号,飲食店営業,令和3年8月27日,令和3年8月27日,令和10年8月31日
3195,東京都世田谷区玉川一丁目１４番１号,テラスマーケット２Ｆ　Ｅ２０７０区画,高級芋菓子しみず　二子玉川店,株式会社未知インターナショナル,03-5797-9030,3世保生食ほ第103号,喫茶店営業,令和3年4月20日,令和3年4月20日,令和9年4月30日
3196,東京都世田谷区玉川一丁目１４番１号,テラスマーケット２Ｆ　Ｅ２０７０区画,高級芋菓子しみず　二子玉川店,株式会社未知インターナショナル,03-5797-9030,3世保生食ほ第104号,菓子製造業,令和3年4月20日,令和3年4月20日,令和9年4月30日
3197,東京都世田谷区玉川一丁目１４番１号,二子玉川ライズＳ・Ｃテラスマーケット２Ｆ蔦屋家電内,ＧＯＯＤ　ＧＲＥＥＮ　ＴＨＩＮＧＳ,株式会社ＧＯＯＤ　ＧＲＥＥＮ　ＣＯＭＰＡＮＹ,03-5797-9545,4世保生食ほ第1892号,飲食店営業,令和5年3月27日,令和5年3月27日,令和12年3月31日
3198,東京都世田谷区玉川一丁目１４番１号,二子玉川ライズＳ・Ｃテラスマーケット２Ｆ蔦屋家電内,ＧＯＯＤ　ＧＲＥＥＮ　ＴＨＩＮＧＳ,株式会社ＧＯＯＤ　ＧＲＥＥＮ　ＣＯＭＰＡＮＹ,03-5797-9545,4世保生食ほ第1895号,アイスクリーム類製造業,令和5年3月27日,令和5年3月27日,令和12年3月31日
3199,東京都世田谷区玉川一丁目１４番１号,二子玉川ライズＳ・Ｃテラスマーケット２Ｆ蔦屋家電内,ＧＯＯＤ　ＧＲＥＥＮ　ＴＨＩＮＧＳ,株式会社ＧＯＯＤ　ＧＲＥＥＮ　ＣＯＭＰＡＮＹ,03-5797-9545,6世保生食ほ第1637号,菓子製造業,令和7年2月13日,令和7年2月13日,令和14年2月29日
3200,東京都世田谷区玉川一丁目１４番１号,二子玉川ライズ　テラスマーケット２階,８５　二子玉川ライズ店,株式会社ハイブ,03-5797-9885,5世保生食ほ第1084号,飲食店営業,令和5年10月26日,令和5年10月26日,令和11年10月31日
3201,東京都世田谷区玉川一丁目１４番１号,二子玉川ライズＳ．Ｃ．テラスマーケット２Ｆ,Ｔｏｋｙｏ　Ｓｔｒａｗｂｅｒｒｙ’ｓ　＆,有限会社実生企画,-,6世保生食ほ第1012号,飲食店営業,令和6年10月10日,令和6年10月10日,令和13年10月31日
3202,東京都世田谷区玉川一丁目１４番１号,二子玉川ライズ・ショッピングセンター　Ｅ２０７０区,Ｍａｃｃａｌｏｏｓｅ　にこたま,株式会社Ｒｅａｎｉｍａｔｅ,-,6世保生食ほ第1707号,飲食店営業,令和7年3月7日,令和7年3月7日,令和13年3月31日
3203,東京都世田谷区玉川一丁目１４番１号,テラスマーケット２階,ミサキドーナツ二子玉川ライズ店,株式会社スウィート・スプエスト,03-6431-0686,7世保生食ほ第1503号,飲食店営業,令和8年1月20日,令和8年1月20日,令和14年1月31日
3204,東京都世田谷区玉川一丁目１４番１号,二子玉川ライズ「中央広場」,ＰＲＥＭＩＵＭ　ＢＥＥＲ　ＴＥＲＲＡＣＥ　２０２６　－ＨＡＷＡＩＩＡＮ　ＧＲＩＬＬ―ｆｏｏｄ,株式会社ウェイブズ,-,8世保生食ほ第33号,飲食店営業,令和8年4月16日,令和8年4月16日,令和14年4月30日
3205,東京都世田谷区玉川一丁目１４番１号,二子玉川ライズ「中央広場」,ＰＲＥＭＩＵＭ　ＢＥＥＲ　ＴＥＲＲＡＣＥ　２０２６　－ＨＡＷＡＩＩＡＮ　ＧＲＩＬＬ－ｄｒｉｎｋ,株式会社　ウェイブズ,-,8世保生食ほ第35号,飲食店営業,令和8年4月16日,令和8年4月16日,令和14年4月30日
3206,東京都世田谷区玉川一丁目１５番６号,二子玉川ライズプラザモール２０１,Ａｌｌｏ,有限会社ピース,3707-5201,6世保生食ほ第1248号,飲食店営業,令和6年12月6日,令和6年12月6日,令和13年12月31日
3207,東京都世田谷区玉川一丁目１６番１号,-,スターバックスコーヒー二子玉川公園店,スターバックスコーヒージャパン株式会社,03-5797-5505,2世保生食ほ第77号,飲食店営業,平成25年7月23日,令和2年8月1日,令和9年7月31日
3208,東京都世田谷区玉川一丁目１７番９号,フルーヴ玉川,ＴＨＥ　ＮＯＲＴＨ　ＦＡＣＥ　ＳＴＡＮＤＡＲＤ　二子玉川,株式会社Ｍｏｕｎｔａｉｎ　Ｈａｍｌｅｔ,03-6432-7631,31世保生食ほ第1251号,菓子製造業,令和元年9月19日,令和元年9月19日,令和8年9月30日
3209,東京都世田谷区玉川一丁目１７番９号,フルーヴ玉川,ＴＨＥ　ＮＯＲＴＨ　ＦＡＣＥ　ＳＴＡＮＤＡＲＤ　二子玉川,株式会社Ｍｏｕｎｔａｉｎ　Ｈａｍｌｅｔ,03-6432-7631,7世保生食ほ第919号,飲食店営業,令和7年10月9日,令和7年10月9日,令和14年10月31日
3210,東京都世田谷区玉川一丁目１７番１６号,-,ｎａｔｕｒａｍ,有限会社スタジオバジル,03-3708-7723,2世保生食ほ第1251号,飲食店営業,平成25年10月3日,令和2年11月1日,令和9年10月31日
3211,東京都世田谷区玉川一丁目１７番１６号,-,ｎａｔｕｒａｍ,有限会社スタジオバジル,03-3708-7723,2世保生食ほ第1252号,菓子製造業,平成25年10月3日,令和2年11月1日,令和9年10月31日
3212,東京都世田谷区玉川一丁目１７番１６号,-,ｎａｔｕｒａｍ,有限会社スタジオバジル,03-3708-7723,2世保生食ほ第157号,そうざい製造業,令和2年4月20日,令和2年4月20日,令和9年4月30日
3213,東京都世田谷区玉川一丁目１７番１６号,-,ｎａｔｕｒａｍ,有限会社スタジオバジル,03-3708-7723,2世保生食ほ第757号,食肉販売業,令和2年7月29日,令和2年7月29日,令和9年7月31日
3214,東京都世田谷区玉川一丁目１７番１６号,-,ｎａｔｕｒａｍ,株式会社ナチュラム,03-3708-7723,3世保生食ほ第1716号,菓子製造業,令和3年12月7日,令和3年12月7日,令和10年12月31日
3215,東京都世田谷区玉川一丁目１７番１６号,-,ｎａｔｕｒａｍ,株式会社ナチュラム,03-3708-7723,7世保生食ほ第1331号,飲食店営業,令和7年12月11日,令和7年12月11日,令和14年12月31日
3216,東京都世田谷区玉川二丁目１番７号,３Ｆ,玉川税務署内食堂,日本サンテ株式会社,03-3700-4131,2世保生食ほ第1425号,飲食店営業,平成11年10月13日,令和2年11月1日,令和9年10月31日
3217,東京都世田谷区玉川二丁目２番１号,１０４号,ＤＯ＆ＣＯ．,株式会社ネルデザイン,-,7世保生食ほ第590号,飲食店営業,令和7年9月2日,令和7年9月2日,令和14年9月30日
3218,東京都世田谷区玉川二丁目５番５号,テラス二子玉川１Ａ,ＧＯＬＦ　ＬＡＢ　Ｆｕｔａｋｏｔａｍａｇａｗａ,株式会社山大,03-3708-0261,6世保生食ほ第1880号,飲食店営業,令和7年3月28日,令和7年3月28日,令和13年3月31日
3219,東京都世田谷区玉川二丁目５番５号,Ｔｅｒｒａｃｅ　ＦＵＴＡＫＯＴＡＭＡＧＡＷＡ１階１Ｃ号室,ｅｓｅｎｃｉａ,株式会社ウェイブズ,03-6805-7590,6世保生食ほ第1924号,飲食店営業,令和7年4月7日,令和7年4月7日,令和14年4月30日
3220,東京都世田谷区玉川二丁目５番９号,グレースキルシェ１０３,Ａｍｂｉｅｎｔ　Ｓｐａｃｅ,***,-,7世保生食ほ第647号,飲食店営業,令和7年8月18日,令和7年8月18日,令和13年8月31日
3221,東京都世田谷区玉川二丁目７番３号,ＣＯＮＩＦＥＲ二子玉川１Ｆ,Ｌ’ＡＶＡＮＴ‐ＧＯ?Ｔ,東光商事株式会社,6432-7343,3世保生食ほ第868号,飲食店営業,令和3年7月20日,令和3年7月20日,令和10年8月31日
3222,東京都世田谷区玉川二丁目１０番７号,二子玉川さくらテラス１Ｆ,めがね食堂　?　ｌａ　ｇｒｉ,株式会社結,-,2世保生食ほ第2619号,飲食店営業,令和3年3月15日,令和3年3月15日,令和10年3月31日
3223,東京都世田谷区玉川二丁目１０番７号,二子玉川さくらテラス１Ｆ,めがね食堂　?　ｌａ　ｇｒｉ,株式会社結,-,2世保生食ほ第2620号,菓子製造業,令和3年3月15日,令和3年3月15日,令和10年3月31日
3224,東京都世田谷区玉川二丁目１０番７号,二子玉川さくらテラス１Ｆ,めがね食堂　?　ｌａ　ｇｒｉ,株式会社結,-,2世保生食ほ第2621号,そうざい製造業,令和3年3月15日,令和3年3月15日,令和10年3月31日
3225,東京都世田谷区玉川二丁目１２番７号,ＮＳＥビル１Ａ,ＢＬＵＥ　ＰＯＰＰＹ　Ｂａｋｅｒｙ,株式会社ＢＬＵＥ　ＰＯＰＰＹ,03-5797-9560,3世保生食ほ第2321号,菓子製造業,令和4年4月12日,令和4年4月12日,令和11年4月30日
3226,東京都世田谷区玉川二丁目１２番７号,ＮＳＥビル１Ａ,ＢＬＵＥ　ＰＯＰＰＹ　Ｂａｋｅｒｙ,株式会社ＢＬＵＥ　ＰＯＰＰＹ,03-5797-9560,5世保生食ほ第951号,飲食店営業,令和5年9月20日,令和5年9月20日,令和11年4月30日
3227,東京都世田谷区玉川二丁目１２番７号,ＮＳＥビル４階,わばる　二子玉川,株式会社ＣＲＡＮＥ,03-6805-6729,4世保生食ほ第654号,飲食店営業,令和4年7月25日,令和4年7月25日,令和11年7月31日
3228,東京都世田谷区玉川二丁目１３番７号,-,田舎寿司,***,3700-0592,2世保生食ほ第1928号,飲食店営業,昭和54年1月25日,令和3年2月1日,令和9年1月31日
3229,東京都世田谷区玉川二丁目１８番１号,１Ｆ,ＥＩＧＨＴ　ＴＯＫＹＯ,株式会社Ｇｏｏｄａｙｓ,-,5世保生食ほ第1033号,飲食店営業,令和5年10月3日,令和5年10月3日,令和12年10月31日
3230,東京都世田谷区玉川二丁目１８番１号,-,すしのばんらい,株式会社中高屋,03-6432-7225,5世保生食ほ第1275号,飲食店営業,令和5年11月27日,令和5年11月27日,令和11年11月30日
3231,東京都世田谷区玉川二丁目１８番４号,ＮＩＣＯビル１Ｆ,カフェ＆ダイナー　ドラフトキング,有限会社ライム,03-6432-7260,4世保生食ほ第1028号,飲食店営業,令和4年9月29日,令和4年9月29日,令和11年9月30日
3232,東京都世田谷区玉川二丁目１８番４号,ＮＩＣＯビル１Ｆ,炭火焼肉いしかわ,株式会社アミルナ,03-3700-8200,7世保生食ほ第458号,飲食店営業,令和7年7月16日,令和7年7月16日,令和14年7月31日
3233,東京都世田谷区玉川二丁目１８番４号,ＮＩＣＯビル１Ｆ,炭火焼肉いしかわ,株式会社アミルナ,03-3700-8200,7世保生食ほ第459号,食肉販売業,令和7年7月16日,令和7年7月16日,令和14年7月31日
3234,東京都世田谷区玉川二丁目２１番１号,二子玉川ライズオークモール２０５,鉄板串焼　嵐,株式会社グリズン,03-6411-7567,31世保生食ほ第2223号,飲食店営業,平成25年2月4日,令和2年3月1日,令和9年2月28日
3235,東京都世田谷区玉川二丁目２１番１号,二子玉川ライズオークモール２０１,タイフードカフェ　シミラン,有限会社ＫＰＰ,6755-3086,2世保生食ほ第1042号,飲食店営業,平成25年9月5日,令和2年10月1日,令和9年9月30日
3236,東京都世田谷区玉川二丁目２１番１号,二子玉川ライズオークモール１０４,こうみ,***,03-3700-6971,6世保生食ほ第23号,飲食店営業,令和6年4月9日,令和6年4月9日,令和13年4月30日
3237,東京都世田谷区玉川二丁目２１番１号,オークモール１０６,ＢＡＧＥＬ＆ＢＡＧＥＬ　二子玉川店,株式会社アルテゴ,03-5797-9403,4世保生食ほ第1757号,飲食店営業,令和5年2月28日,令和5年2月28日,令和12年2月28日
3238,東京都世田谷区玉川二丁目２１番１号,二子玉川ライズ　タウンフロント１Ｆ,アンティコカフェ　アルアビス,株式会社重光,03-6805-7841,6世保生食ほ第1769号,飲食店営業,令和7年3月14日,令和7年3月14日,令和14年3月31日
3239,東京都世田谷区玉川二丁目２１番１号,二子玉川ライズ　タウンフロント７Ｆ,梅蘭　二子玉川ライズ・ＳＣ店,有限会社源玉商事,03-6805-6852,6世保生食ほ第1650号,飲食店営業,令和7年4月1日,令和7年4月1日,令和14年3月31日
3240,東京都世田谷区玉川二丁目２１番１号,ライズＳＣ地下１階東急フードショー,アンデルセン東急二子玉川店,株式会社アンデルセン,6805-7236,6世保生食ほ第1754号,飲食店営業,令和7年3月11日,令和7年3月11日,令和14年3月31日
3241,東京都世田谷区玉川二丁目２１番１号,ライズＳＣ地下１階東急フードショー,アンデルセン東急二子玉川店,株式会社アンデルセン,6805-7236,6世保生食ほ第1755号,菓子製造業,令和7年3月11日,令和7年3月11日,令和14年3月31日
3242,東京都世田谷区玉川二丁目２１番１号,二子玉川ライズ・ショッピングセンターＢ１Ｆ　二子玉川東急フードショー,恵那川上屋　二子玉川店,株式会社恵那川上屋,03-6805-6850,6世保生食ほ第1745号,菓子製造業,令和7年3月14日,令和7年3月14日,令和14年3月31日
3243,東京都世田谷区玉川二丁目２１番１号,ライズＳＣ地下１階東急フードショー,自由が丘　蜂の家,昭和製菓株式会社,6805-7156,6世保生食ほ第1741号,菓子製造業,令和7年4月1日,令和7年4月1日,令和14年3月31日
3244,東京都世田谷区玉川二丁目２１番１号,ライズＳＣ地下１階東急フードショー,クレマモーレ　二子玉川東急フードショー店,クレマモーレ・ジャパン株式会社,6805-7368,6世保生食ほ第1730号,飲食店営業,令和7年4月1日,令和7年4月1日,令和14年3月31日
3245,東京都世田谷区玉川二丁目２１番１号,東急百貨店地下１階,チャンロイ,ピークヤム株式会社,6805-7431,2世保生食ほ第1341号,飲食店営業,平成25年10月9日,令和2年11月1日,令和9年10月31日
3246,東京都世田谷区玉川二丁目２１番１号,ライズＳＣ地下１階東急フードショー,ライズＳＣ　地下１階東急フードショー　みのりみのるチキン,株式会社アサヒブロイラー,03-5491-5220,6世保生食ほ第1704号,飲食店営業,令和7年3月6日,令和7年3月6日,令和14年3月31日
3247,東京都世田谷区玉川二丁目２１番１号,ライズＳＣ地下１階東急フードショー,浪花　古市庵　越後屋甚兵衛,株式会社古市庵プラス,6805-7243,6世保生食ほ第1737号,飲食店営業,令和7年3月11日,令和7年3月11日,令和14年3月31日
3248,東京都世田谷区玉川二丁目２１番１号,東急百貨店地下１階,二子玉川ライズ　東急ストア,株式会社東急ストア,03-5797-1090,6世保生食ほ第1543号,飲食店営業,令和7年4月1日,令和7年4月1日,令和14年3月31日
3249,東京都世田谷区玉川二丁目２１番１号,東急百貨店地下１階,二子玉川ライズ　東急ストア,株式会社東急ストア,03-5797-1090,6世保生食ほ第1544号,食肉販売業,令和7年4月1日,令和7年4月1日,令和14年3月31日
3250,東京都世田谷区玉川二丁目２１番１号,東急百貨店地下１階,二子玉川ライズ　東急ストア,株式会社東急ストア,03-5797-1090,6世保生食ほ第1545号,飲食店営業,令和7年4月1日,令和7年4月1日,令和14年3月31日
3251,東京都世田谷区玉川二丁目２１番１号,東急百貨店地下１階,二子玉川ライズ　東急ストア,株式会社東急ストア,03-5797-1090,6世保生食ほ第1546号,魚介類販売業,令和7年4月1日,令和7年4月1日,令和14年3月31日
3252,東京都世田谷区玉川二丁目２１番１号,ライズＳＣ地下１階東急フードショー,ＰＡＯ　ＰＡＯ,明治屋産業株式会社,6805-7216,6世保生食ほ第1731号,飲食店営業,令和7年4月1日,令和7年4月1日,令和14年3月31日
3253,東京都世田谷区玉川二丁目２１番１号,二子玉川ライズＳＣ地下１階二子玉川東急フードショー,株式会社九州屋　東急二子玉川店,株式会社九州屋,03-6805-7268,6世保生食ほ第296号,飲食店営業,令和6年6月3日,令和6年6月3日,令和13年6月30日
3254,東京都世田谷区玉川二丁目２１番１号,ライズＳＣ地下１階東急フードショー,キーコーヒー株式会社,キーコーヒー株式会社,6805-7275,6世保生食ほ第1736号,飲食店営業,令和7年4月1日,令和7年4月1日,令和14年3月31日
3255,東京都世田谷区玉川二丁目２１番１号,ライズＳＣ地下１階東急フードショー,精肉　あづま,株式会社セントラルフーズ,6805-7264,6世保生食ほ第1747号,食肉販売業,令和7年4月1日,令和7年4月1日,令和14年3月31日
3256,東京都世田谷区玉川二丁目２１番１号,二子玉川ライズショッピングセンターＢ１Ｆ,とんかつまい泉　二子玉川東急,井筒まい泉株式会社,0368057218,6世保生食ほ第1738号,飲食店営業,令和7年4月1日,令和7年4月1日,令和14年3月31日
3257,東京都世田谷区玉川二丁目２１番１号,二子玉川東急フードショーＢ１,チーズ王国　二子玉川店,株式会社久田,03-6805-7256,6世保生食ほ第1744号,乳製品製造業,令和7年3月14日,令和7年3月14日,令和14年3月31日
3258,東京都世田谷区玉川二丁目２１番１号,ライズＳＣ地下１階東急フードショー,すし富,株式会社ビーアンドテーマリンプロダクツカンパニー,6805-7248,6世保生食ほ第1743号,飲食店営業,令和7年4月1日,令和7年4月1日,令和14年3月31日
3259,東京都世田谷区玉川二丁目２１番１号,ライズＳＣ地下１階東急フードショー,二子玉川東急フードショー　おこわ米八厨房,株式会社米八東日本,6805-7240,6世保生食ほ第1732号,飲食店営業,令和7年4月1日,令和7年4月1日,令和14年3月31日
3260,東京都世田谷区玉川二丁目２１番１号,ライズＳＣ地下１階東急フードショー,エクリュ（ＥＣＲＵ）,株式会社なとりデリカ,03-6805-7204,6世保生食ほ第1735号,飲食店営業,令和7年4月1日,令和7年4月1日,令和14年3月31日
3261,東京都世田谷区玉川二丁目２１番１号,ライズＳＣ地下１階東急フードショー,沼津　日和屋,大川水産株式会社,6805-7262,6世保生食ほ第1734号,魚介類販売業,令和7年4月1日,令和7年4月1日,令和14年3月31日
3262,東京都世田谷区玉川二丁目２１番１号,ライズＳ．Ｃ．地下１階,ライズＳ．Ｃ．東急フードショー店　ジスウィークⅡ,株式会社東急百貨店,-,5世保生食ほ第1522号,飲食店営業,令和6年1月15日,令和6年1月15日,令和13年1月31日
3263,東京都世田谷区玉川二丁目２１番１号,ライズＳＣ地下１階東急フードショー,和食屋の惣菜　えん　（厨房）,株式会社ビー・ワイ・オー,6805-7228,6世保生食ほ第1715号,飲食店営業,令和7年4月1日,令和7年4月1日,令和14年3月31日
3264,東京都世田谷区玉川二丁目２１番１号,ライズＳ．Ｃ地下１階東急フードショー,イーション　二子玉川東急フードショー店,カネ美食品株式会社,03-5797-5508,6世保生食ほ第1740号,飲食店営業,令和7年4月1日,令和7年4月1日,令和14年3月31日
3265,東京都世田谷区玉川二丁目２１番１号,二子玉川ライズＳ・Ｃタウンフロント２階,マーガレット・ハウエル二子玉川ＳＨＯＰ＆ＣＡＦＥ,株式会社ＴＳＩ,3700-1810,3世保生食ほ第967号,飲食店営業,令和3年8月13日,令和3年8月13日,令和10年8月31日
3266,東京都世田谷区玉川二丁目２１番１号,-,梅の花　二子玉川東急店（厨房）,株式会社古市庵プラス,03-6805-7463,4世保生食ほ第26号,飲食店営業,令和4年5月1日,令和4年5月1日,令和11年4月30日
3267,東京都世田谷区玉川二丁目２１番１号,二子玉川ライズショッピングセンター１Ｆ,アイビアー　ルサンパーム　,アイビーカンパニー株式会社,03-6805-7110,4世保生食ほ第782号,飲食店営業,令和4年9月1日,令和4年9月1日,令和11年8月31日
3268,東京都世田谷区玉川二丁目２１番１号,二子玉川ライズＳＣ　リバーフロント１Ｆ,サーティワンアイスクリーム　二子玉川ライズ店,マエストロ・ワークショップ株式会社,03-3707-1131,5世保生食ほ第630号,飲食店営業,令和5年7月27日,令和5年7月27日,令和12年7月31日
3269,東京都世田谷区玉川二丁目２１番１号,二子玉川ライズＳＣ地下１階東急フードショー,ＢＬＯＳＳＯＭ＆ＢＯＵＱＵＥＴ東急二子玉川店,株式会社三桂,6805-7192,5世保生食ほ第1730号,飲食店営業,令和6年3月4日,令和6年3月4日,令和13年3月31日
3270,東京都世田谷区玉川二丁目２１番１号,ライズリバーフロント１３Ｆ,楽天ライズタワー店,コンパスグループ・ジャパン株式会社,-,7世保生食ほ第1329号,飲食店営業,令和8年1月1日,令和8年1月1日,令和15年12月31日
3271,東京都世田谷区玉川二丁目２１番１号,ライズＳ．Ｃ．地下１階東急フードショー,ジスウィークⅠ,株式会社東急百貨店,03-6805-7111,7世保生食ほ第1735号,菓子製造業,令和8年3月11日,令和8年3月11日,令和15年3月31日
3272,東京都世田谷区玉川二丁目２１番１号,二子玉川ライズ　タウンフロント７Ｆ,北海道バル　ＹＯＳＨＩＭＩ,株式会社ＹＯＳＨＩＭＩ,03-5797-9471,31世保生食ほ第344号,飲食店営業,令和元年8月28日,令和元年8月28日,令和8年8月31日
3273,東京都世田谷区玉川二丁目２１番１号,二子玉川ライズ　タウンフロント７Ｆ,タイ屋台カオカオカオ二子玉川店,株式会社カオカオカオ,03-6447-9996,31世保生食ほ第876号,飲食店営業,令和元年8月28日,令和元年8月28日,令和8年8月31日
3274,東京都世田谷区玉川二丁目２１番１号,二子玉川ライズ　タウンフロント７Ｆ,九州寿司　寿司虎　二子玉川ライズ店,株式会社Ａｂｕｒｉ　Ｔｏｒａ　Ｊａｐａｎ,03-6332-7556,31世保生食ほ第902号,飲食店営業,令和元年8月28日,令和元年8月28日,令和8年8月31日
3275,東京都世田谷区玉川二丁目２１番１号,二子玉川ライズ　タウンフロント７Ｆ,Ｉｔａｌｉａｎ　Ｋｉｔｃｈｅｎ　ＶＡＮＳＡＮ　二子玉川ライズ店,北友商事株式会社,03-6411-7644,31世保生食ほ第1001号,飲食店営業,令和元年8月28日,令和元年8月28日,令和8年8月31日
3276,東京都世田谷区玉川二丁目２１番１号,二子玉川ライズ　タウンフロント７Ｆ,Ｉｔａｌｉａｎ　Ｋｉｔｃｈｅｎ　ＶＡＮＳＡＮ　二子玉川ライズ店,北友商事株式会社,03-6411-7644,31世保生食ほ第1002号,アイスクリーム類製造業,令和元年8月28日,令和元年8月28日,令和8年8月31日
3277,東京都世田谷区玉川二丁目２１番１号,二子玉川ライズ　タウンフロント７Ｆ,和ごはん　とろろや,株式会社フード・フォレスト,03-6432-7666,31世保生食ほ第1052号,飲食店営業,令和元年8月28日,令和元年8月28日,令和8年8月31日
3278,東京都世田谷区玉川二丁目２１番１号,二子玉川ライズ　タウンフロント７Ｆ,韓美膳,株式会社東亜フードサービス,03-6805-6966,31世保生食ほ第1059号,飲食店営業,令和元年8月28日,令和元年8月28日,令和8年8月31日
3279,東京都世田谷区玉川二丁目２１番１号,二子玉川ライズ　タウンフロント７Ｆ,とんかつ新宿さぼてん二子玉川ライズショッピングセンター店,株式会社グリーンハウスフーズ,03-6431-0605,31世保生食ほ第1062号,飲食店営業,令和元年8月28日,令和元年8月28日,令和8年8月31日
3280,東京都世田谷区玉川二丁目２１番１号,二子玉川ライズショッピングセンター７階,ｃｈａｎｏ－ｍａ,株式会社ダイヤモンドダイニング,03-5797-9823,31世保生食ほ第1639号,飲食店営業,令和元年11月15日,令和元年11月15日,令和8年11月30日
3281,東京都世田谷区玉川二丁目２１番１号,二子玉川ライズ　タウンフロント７Ｆ,ＫＡＩＳＥＮ　ＭＡＲＴ,株式会社ビー・ワイ・オー,03-6447-9772,31世保生食ほ第1678号,飲食店営業,令和元年12月2日,令和元年12月2日,令和8年12月31日
3282,東京都世田谷区玉川二丁目２１番１号,ライズＳＣ地下１階東急フードショー,カンナムキンパ　二子玉川東急フードショー店,東亜トレーディング株式会社,03-6805-7482,31世保生食ほ第2429号,飲食店営業,令和2年2月21日,令和2年2月21日,令和9年2月28日
3283,東京都世田谷区玉川二丁目２１番１号,ライズオークモール２０３,二子玉酒場　八,株式会社グリズン,-,31世保生食ほ第2611号,飲食店営業,令和2年3月11日,令和2年3月11日,令和9年3月31日
3284,東京都世田谷区玉川二丁目２１番１号,ライズショッピングセンター内,マクドナルド二子玉川ライズ店,クォリティフーズ株式会社,03-5716-0075,31世保生食ほ第2751号,飲食店営業,令和2年3月17日,令和2年3月17日,令和9年3月31日
3285,東京都世田谷区玉川二丁目２１番１号,ライズショッピングセンター内,マクドナルド二子玉川ライズ店,クォリティフーズ株式会社,03-5716-0075,31世保生食ほ第2752号,アイスクリーム類製造業,令和2年3月17日,令和2年3月17日,令和9年3月31日
3286,東京都世田谷区玉川二丁目２１番１号,ライズＳＣ地下１階東急フードショー,惣菜売場Ｅ,株式会社東急百貨店,03-6805-7111,2世保生食ほ第1589号,飲食店営業,令和2年11月20日,令和2年11月20日,令和9年11月30日
3287,東京都世田谷区玉川二丁目２１番１号,二子玉川ライズ　オークモール１階,ｂｂ．ｑ　ＯＬＩＶＥ　ＣＨＩＣＫＥＮ　ｃａｆｅ　二子玉川店,ワタミ株式会社,03-5717-3015,3世保生食ほ第591号,飲食店営業,令和3年7月9日,令和3年7月9日,令和10年7月31日
3288,東京都世田谷区玉川二丁目２１番１号,二子玉川ライズＳ．Ｃ．タウンフロント８Ｆ,ＰＬＡＹ！　ＰＡＲＫ　ＥＲＩＣ　ＣＡＲＬＥ,エイアンドビーホールディング株式会社,03-6431-0093,3世保生食ほ第1226号,飲食店営業,令和3年10月19日,令和3年10月19日,令和10年10月31日
3289,東京都世田谷区玉川二丁目２１番１号,-,ＧＯＤＩＶＡ　Ｃａｆｅ　Ｆｕｔａｋｏｔａｍａｇａｗａ,ゴディバジャパン株式会社,03-3709-1090,4世保生食ほ第550号,飲食店営業,令和4年7月15日,令和4年7月15日,令和11年7月31日
3290,東京都世田谷区玉川二丁目２１番１号,二子玉川ライズＳＣタウンフロント４Ｆ,ｎｉｋｏ　ａｎｄ　．．．　ＣＯＦＦＥＥ　二子玉川店,株式会社アダストリア,0357163027,4世保生食ほ第1014号,飲食店営業,令和4年10月25日,令和4年10月25日,令和11年10月31日
3291,東京都世田谷区玉川二丁目２１番１号,二子玉川ライズ　タウンフロント６階　Ｎ６３０区画,和カフェ　Ｔｓｕｍｕｇｉ,株式会社プロントコーポレーション,-,4世保生食ほ第1311号,飲食店営業,令和4年11月22日,令和4年11月22日,令和11年11月30日
3292,東京都世田谷区玉川二丁目２１番１号,オークモール１０２,ミスタードーナツ二子玉川ライズオークモールショップ,株式会社太陽エンタープライズ,03-6411-7781,5世保生食ほ第1513号,飲食店営業,令和6年1月31日,令和6年1月31日,令和13年1月31日
3293,東京都世田谷区玉川二丁目２１番１号,東急百貨店二子玉川東急フードショー,ＫＩＳＳＹＯ　ＳＥＬＥＣＴ　二子玉川店,株式会社よつや,03-6411-7195,5世保生食ほ第1641号,飲食店営業,令和6年2月19日,令和6年2月19日,令和13年2月28日
3294,東京都世田谷区玉川二丁目２１番１号,二子玉川ライズショッピングセンター地下１階,銀座伴助,株式会社伴助,03-6805-7238,6世保生食ほ第436号,飲食店営業,令和6年7月26日,令和6年7月26日,令和13年7月31日
3295,東京都世田谷区玉川二丁目２１番１号,二子玉川ライズＳ．Ｃ．Ｂ１Ｆ,ＨＡＳＨＬＥ　二子玉川　東急フードショー店,荒井商事株式会社,03-6805-7152,6世保生食ほ第1171号,飲食店営業,令和6年11月21日,令和6年11月21日,令和13年11月30日
3296,東京都世田谷区玉川二丁目２１番１号,二子玉川ライズＳ．Ｃ．Ｂ１Ｆ,ＨＡＳＨＬＥ　二子玉川　東急フードショー店,荒井商事株式会社,03-6805-7152,6世保生食ほ第1621号,菓子製造業,令和7年2月10日,令和7年2月10日,令和13年11月30日
3297,東京都世田谷区玉川二丁目２１番１号,二子玉川ライズオークモール２０２,お酒の美術館　二子玉川ライズ店,***,-,6世保生食ほ第1228号,飲食店営業,令和6年12月24日,令和6年12月24日,令和12年12月31日
3298,東京都世田谷区玉川二丁目２１番１号,二子玉川ライズ・ショッピングセンター地下１階,ニュー・クイック　二子玉川東急フードショー店,株式会社ニュー・クイック,03-6805-7261,6世保生食ほ第1527号,飲食店営業,令和7年2月18日,令和7年2月18日,令和14年2月29日
3299,東京都世田谷区玉川二丁目２１番１号,二子玉川ライズ・ショッピングセンター地下１階,ニュー・クイック　二子玉川東急フードショー店,株式会社ニュー・クイック,03-6805-7261,6世保生食ほ第1528号,食肉販売業,令和7年2月18日,令和7年2月18日,令和14年2月29日
3300,東京都世田谷区玉川二丁目２１番１号,二子玉川ライズショッピングセンターＢ１Ｆ　東急フードショー,茶寮ベーカリー,株式会社フリージュ,-,6世保生食ほ第1539号,菓子製造業,令和7年1月30日,令和7年1月30日,令和14年1月31日
3301,東京都世田谷区玉川二丁目２１番１号,二子玉川ライズショッピングセンターＢ１Ｆ　東急フードショー,茶寮ベーカリー,株式会社フリージュ,-,7世保生食ほ第662号,飲食店営業,令和7年8月14日,令和7年8月14日,令和14年1月31日
3302,東京都世田谷区玉川二丁目２１番１号,二子玉川ライズショッピングセンター地下１階,おばんざい工房まつおか　二子玉川東急フードショー店,株式会社まつおか,-,7世保生食ほ第56号,飲食店営業,令和7年4月23日,令和7年4月23日,令和14年4月30日
3303,東京都世田谷区玉川二丁目２１番１号,ライズＳ．Ｃ．地下１階,ライズＳ．Ｃ．東急フードショー店　菓子催事厨房,株式会社東急百貨店,03-6805-7111,7世保生食ほ第1737号,飲食店営業,令和8年3月11日,令和8年3月11日,令和15年3月31日
3304,東京都世田谷区玉川二丁目２２番１２号,二子玉川ライズステーションマーケット,リゴレット　スパイスマーケット,株式会社　ＨＵＧＥ,03-5491-4470,6世保生食ほ第1884号,飲食店営業,令和7年4月1日,令和7年4月1日,令和14年3月31日
3305,東京都世田谷区玉川二丁目２１番１号,ライズＳＣ地下１階東急フードショー,㈱新宿高野　二子玉川　東急フードショー店,株式会社新宿高野,03-6805-7154,6世保生食ほ第1771号,飲食店営業,令和7年4月1日,令和7年4月1日,令和14年3月31日
3306,東京都世田谷区玉川二丁目２２番１２号,東急百貨店地下１階,たこ家　道頓堀　くくる,白ハト食品工業株式会社,03-6805-7482,31世保生食ほ第1089号,飲食店営業,平成24年9月6日,令和元年10月1日,令和8年9月30日
3307,東京都世田谷区玉川二丁目２２番１２号,二子玉川ライズＳＣ地下１階東急フードショー,アンテノール　二子玉川　東急フードショー店,株式会社エーデルワイス,03-6805-7179,6世保生食ほ第741号,飲食店営業,令和6年9月6日,令和6年9月6日,令和13年9月30日
3308,東京都世田谷区玉川二丁目２２番１３号,-,スープストックトーキョー　二子玉川店,株式会社東急グルメフロント,5717-9230,7世保生食ほ第1411号,飲食店営業,令和8年2月1日,令和8年2月1日,令和15年1月31日
3309,東京都世田谷区玉川二丁目２２番１３号,東急二子玉川駅構内,ＮＩＣＯＴＡＭＡ　ＤＡＹＳ　ＣＡＦＥ,株式会社東急グルメフロント,03-6805-6790,5世保生食ほ第1056号,飲食店営業,令和5年10月11日,令和5年10月11日,令和12年10月31日
3310,東京都世田谷区玉川二丁目２２番２１号,二子玉川ライズ　ステーションマーケット,ＬＡＷＳＯＮ＋ｔｏｋｓ　二子玉川店,株式会社東急ストア,03-3709-9718,6世保生食ほ第1542号,飲食店営業,令和7年4月1日,令和7年4月1日,令和14年3月31日
3311,東京都世田谷区玉川二丁目２２番３４号,二子玉川ライズ　ステーションマーケットＴ１３０１,ＣＨＯＰＰＥＤ　ＳＡＬＡＤ　ＤＡＹＳ　二子玉川店,ＥＧＧＳ’Ｎ　ＴＨＩＮＧＳ　ＪＡＰＡＮ株式会社,03-6805-7507,6世保生食ほ第75号,飲食店営業,令和6年4月26日,令和6年4月26日,令和13年4月30日
3312,東京都世田谷区玉川二丁目２３番１号,ドッグウッドプラザ　１Ｆ,ドンク,株式会社ドンク,3709-9500,6世保生食ほ第1723号,飲食店営業,令和7年3月14日,令和7年3月14日,令和14年3月31日
3313,東京都世田谷区玉川二丁目２３番１号,ドッグウッドプラザ　１Ｆ,ドンク,株式会社ドンク,3709-9500,6世保生食ほ第1724号,菓子製造業,令和7年3月14日,令和7年3月14日,令和14年3月31日
3314,東京都世田谷区玉川二丁目２３番１号,ドッグウッドプラザ　２Ｆ,ハーブス,株式会社重光,03-6805-7646,6世保生食ほ第1768号,飲食店営業,令和7年3月14日,令和7年3月14日,令和14年3月31日
3315,東京都世田谷区玉川二丁目２３番１号,ドッグウッドプラザ　７Ｆ,ＫＵＡ｀ＡＩＮＡ　二子玉川店,株式会社ＦＯＵＲ　ＳＥＥＤＳ　ＦＯＯＤＳ　ＥＸＰＲＥＳＳ,5797-5600,6世保生食ほ第1857号,飲食店営業,令和7年3月28日,令和7年3月28日,令和14年3月31日
3316,東京都世田谷区玉川二丁目２３番１号,二子玉川ライズ　ドッグウッドプラザ　７Ｆ,東京純豆腐　二子玉川店,ビーンズワンカンパニー株式会社,03-6805-7521,6世保生食ほ第1714号,飲食店営業,令和7年4月1日,令和7年4月1日,令和14年3月31日
3317,東京都世田谷区玉川二丁目２３番１号,ドッグウッドプラザ　８Ｆ,廻転寿司　Ｃｈｏｊｉｒｏ　二子玉川店,株式会社フーズネット,6431-0658,6世保生食ほ第1678号,飲食店営業,令和7年4月1日,令和7年4月1日,令和14年3月31日
3318,東京都世田谷区玉川二丁目２３番１号,二子玉川ライズドッグウッドプラザ店,スターバックスコーヒー二子玉川ライズドッグウッドプラザ店,スターバックスコーヒージャパン株式会社,03-5491-4581,6世保生食ほ第1802号,飲食店営業,令和7年4月1日,令和7年4月1日,令和14年3月31日
3319,東京都世田谷区玉川二丁目２３番１号,ドッグウッドプラザ　７Ｆ,株式会社　東方紅,株式会社東方紅,6431-0816,6世保生食ほ第1781号,飲食店営業,令和7年4月1日,令和7年4月1日,令和14年3月31日
3320,東京都世田谷区玉川二丁目２３番１号,ライズＳＣ　地下１階　東急フードショー,ワインショップ・エノテカ　二子玉川東急フードショー店,エノテカ株式会社,0357173334,6世保生食ほ第1821号,飲食店営業,令和7年4月1日,令和7年4月1日,令和14年3月31日
3321,東京都世田谷区玉川二丁目２１番１号,ライズＳＣ地下１階東急フードショー,サザコーヒー　東急　二子玉川店,株式会社サザコーヒー,6805-7369,6世保生食ほ第1780号,飲食店営業,令和7年4月1日,令和7年4月1日,令和14年3月31日
3322,東京都世田谷区玉川二丁目２３番１号,-,ＦＡＲ　ＥＡＳＴ　ＢＡＺＡＡＲ　二子玉川店,株式会社ＦＡＲ　ＥＡＳＴ,03-6805-7251,4世保生食ほ第1711号,飲食店営業,令和5年2月24日,令和5年2月24日,令和12年2月28日
3323,東京都世田谷区玉川二丁目２３番１号,ライズＳＣ地下１階,美噌元　二子玉川東急フードショー店,株式会社諸国美味,03-6805-7345,4世保生食ほ第1935号,飲食店営業,令和5年5月1日,令和5年5月1日,令和12年4月30日
3324,東京都世田谷区玉川二丁目２３番１号,二子玉川ライズドッグウッドプラザレストラン街８Ｆ,こめらく,株式会社ティー・ユー・ビーアソシエイツ,03-6805-6886,6世保生食ほ第1162号,飲食店営業,令和6年11月13日,令和6年11月13日,令和13年11月30日
3325,東京都世田谷区玉川二丁目２３番１号,二子玉川ライズ　ドッグウッドプラザ８階　８０５区画,焼肉・韓国料理　ＫｏｌｌａＢｏ,株式会社韓流村,03-6805-7223,3世保生食ほ第1219号,飲食店営業,令和3年9月27日,令和3年9月27日,令和10年9月30日
3326,東京都世田谷区玉川二丁目２３番１号,ドッグウッドプラザ　８Ｆ,結玉　二子玉川店,株式会社クリエイト・レストランツ,03-5797-5535,4世保生食ほ第385号,飲食店営業,令和4年6月3日,令和4年6月3日,令和10年6月30日
3327,東京都世田谷区玉川二丁目２３番１号,二子玉川ライズ・ドッグウッドプラザ７階,ラケル二子玉川店,株式会社ラケル,03-6411-7771,7世保生食ほ第745号,飲食店営業,令和7年9月16日,令和7年9月16日,令和14年9月30日
3328,東京都世田谷区玉川二丁目２４番１号,キュープラザ二子玉川地下１階,Ａｓｉａｎ　Ｂｉｓｔｒｏ　Ｄａｉ　二子玉川,株式会社プレジャーカンパニー,03-6805-7743,6世保生食ほ第128号,飲食店営業,令和6年4月26日,令和6年4月26日,令和13年4月30日
3329,東京都世田谷区玉川二丁目２４番１号,キュープラザ二子玉川３Ｆ,ＣＨＩＣＡＭＡ　ＣＡＦＥ,株式会社ＭＯＴＨＥＲＳ,03-6431-0131,5世保生食ほ第1929号,飲食店営業,令和6年4月22日,令和6年4月22日,令和13年4月30日
3330,東京都世田谷区玉川二丁目２４番３号,菱進玉川ビル２Ｆ,三菱ＵＦＪ銀行玉川支店食堂,栄養食株式会社,03-3700-7131,7世保生食ほ第1407号,飲食店営業,令和8年2月1日,令和8年2月1日,令和15年1月31日
3331,東京都世田谷区玉川二丁目２４番７号,萩原第二ビル５階,おもてなしとりよし二子玉川店,ＳＦＰホールディングス株式会社,03-3708-7787,7世保生食ほ第1224号,飲食店営業,令和7年12月1日,令和7年12月1日,令和14年11月30日
3332,東京都世田谷区玉川二丁目２４番７号,萩原第２ビル８階,ＳＦＰホールディングス株式会社,ＳＦＰホールディングス株式会社,03-5491-5201,2世保生食ほ第1763号,そうざい製造業,令和2年12月3日,令和2年12月3日,令和9年12月31日
3333,東京都世田谷区玉川二丁目２４番７号,萩原第２ビル８階,ＳＦＰホールディングス株式会社,ＳＦＰホールディングス株式会社,03-5491-5201,2世保生食ほ第2075号,食肉販売業,令和3年1月20日,令和3年1月20日,令和10年1月31日
3334,東京都世田谷区玉川二丁目２４番７号,萩原第２ビル８階,ＳＦＰホールディングス株式会社,ＳＦＰホールディングス株式会社,03-5491-5201,2世保生食ほ第2076号,魚介類販売業,令和3年1月20日,令和3年1月20日,令和10年1月31日
3335,東京都世田谷区玉川二丁目２４番７号,萩原第二ビル　３階,くいもの屋わん　二子玉川店,株式会社オーイズミフーズ,03-5797-9123,2世保生食ほ第2395号,飲食店営業,令和3年3月4日,令和3年3月4日,令和10年3月31日
3336,東京都世田谷区玉川二丁目２４番７号,萩原第二ビル　３階,九州自慢　二子玉川店,株式会社オーイズミフーズ,03-5797-5531,2世保生食ほ第2396号,飲食店営業,令和3年3月4日,令和3年3月4日,令和10年3月31日
3337,東京都世田谷区玉川二丁目２４番１２号,東館　Ｂ１Ｆ,九つ井玉川髙島屋Ｓ・Ｃ店,株式会社九つ井,03-5717-9110,2世保生食ほ第2308号,食肉販売業,令和3年2月15日,令和3年2月15日,令和10年2月29日
3338,東京都世田谷区玉川二丁目２４番１２号,東館　Ｂ１Ｆ,九つ井玉川髙島屋Ｓ・Ｃ店,株式会社九つ井,03-5717-9110,5世保生食ほ第1583号,飲食店営業,令和6年2月2日,令和6年2月2日,令和13年2月28日
3339,東京都世田谷区玉川二丁目２７番５号,玉川髙島屋Ｓ・Ｃマロニエコート３階,Ｃａｆ　ＭＵＪＩ　二子玉川,株式会社良品計画,03-5797-0234,5世保生食ほ第958号,飲食店営業,令和5年10月5日,令和5年10月5日,令和12年10月31日
3340,東京都世田谷区玉川二丁目２７番５号,玉川髙島屋Ｓ・Ｃマロニエコート１階,ＳＨＡＫＥ　ＳＨＡＣＫ　二子玉川店,アイビーカンパニー株式会社,03-6447-9499,6世保生食ほ第1553号,飲食店営業,令和7年2月7日,令和7年2月7日,令和14年2月29日
3341,東京都世田谷区玉川二丁目２７番５号,二子玉川ＳＣマロニエコート１階,ＳＥＳＡＭＥ　ＳＴＲＥＥＴ　ＭＡＲＫＥＴ,株式会社マッシュスタイルラボ,-,7世保生食ほ第1807号,飲食店営業,令和8年3月17日,令和8年3月17日,令和15年3月31日
3342,東京都世田谷区玉川二丁目２７番５号,二子玉川ＳＣマロニエコート１階,ＳＥＳＡＭＥ　ＳＴＲＥＥＴ　ＭＡＲＫＥＴ,株式会社マッシュスタイルラボ,-,7世保生食ほ第1808号,菓子製造業,令和8年3月17日,令和8年3月17日,令和15年3月31日
3343,東京都世田谷区玉川三丁目１番１８号,プラウドタワー二子玉川１Ｆ,ＴＩＭＥ＆ＳＰＡＣＥ,株式会社アイ・エナス,5491-4826,2世保生食ほ第492号,飲食店営業,平成25年6月18日,令和2年7月1日,令和9年6月30日
3344,東京都世田谷区玉川三丁目１番１８号,プラウドタワー二子玉川１Ｆ,ＴＩＭＥ＆ＳＰＡＣＥ,***,5491-4826,2世保生食ほ第2826号,飲食店営業,令和3年5月28日,令和3年5月28日,令和9年5月31日
3345,東京都世田谷区玉川三丁目１番１８号,プラウドタワー二子玉川,ＧＯＯＤＩＥＳ,ＣＭＡ株式会社,-,7世保生食ほ第794号,飲食店営業,令和7年9月17日,令和7年9月17日,令和14年9月30日
3346,東京都世田谷区玉川三丁目４番２号,ベルフラット玉川,鮨　銀座おのでら弟　本店,株式会社銀座おのでら,03-6805-6955,3世保生食ほ第1261号,飲食店営業,令和3年10月7日,令和3年10月7日,令和10年10月31日
3347,東京都世田谷区玉川三丁目４番２号,ベルフラット玉川,鮨　銀座おのでら弟　本店,株式会社銀座おのでら,03-6805-6955,5世保生食ほ第463号,そうざい製造業,令和5年7月4日,令和5年7月4日,令和12年7月31日
3348,東京都世田谷区玉川三丁目４番２号,ベルフラット玉川,鮨　銀座おのでら弟　本店,株式会社銀座おのでら,03-6805-6955,7世保生食ほ第359号,菓子製造業,令和7年6月16日,令和7年6月16日,令和14年6月30日
3349,東京都世田谷区玉川三丁目４番５号,-,Ｔｅｐｐａｎｙａｋｉアイアンマン,てしま産業株式会社,6805-7708,31世保生食ほ第2773号,飲食店営業,令和2年3月13日,令和2年3月13日,令和9年3月31日
3350,東京都世田谷区玉川三丁目５番１号,-,串むすび琢　二子玉川店,株式会社ラホス,03-5717-3715,6世保生食ほ第672号,飲食店営業,令和6年8月15日,令和6年8月15日,令和13年8月31日
3351,東京都世田谷区玉川三丁目５番７号,黒川ビルＢ１,バー　トレス,株式会社ヴァルク,03-6805-7533,6世保生食ほ第348号,飲食店営業,令和6年6月13日,令和6年6月13日,令和13年6月30日
3352,東京都世田谷区玉川三丁目５番７号,黒川ビル１Ｆ,マグロマン　二子玉川店,株式会社ロマンズ,03-6805-7701,5世保生食ほ第167号,飲食店営業,令和5年5月11日,令和5年5月11日,令和12年5月31日
3353,東京都世田谷区玉川三丁目５番７号,黒川ビル３Ｆ,ＰＡＤＤＬＥ,株式会社パドル,-,5世保生食ほ第1977号,飲食店営業,令和6年5月1日,令和6年5月1日,令和12年4月30日
3354,東京都世田谷区玉川三丁目５番８号,-,みくら,***,3700-8518,2世保生食ほ第1547号,飲食店営業,昭和59年11月19日,令和2年12月1日,令和8年11月30日
3355,東京都世田谷区玉川三丁目５番８号,第４明友ビル２Ｆ右,Ｋｉｃｈｅｎ　月,***,-,2世保生食ほ第113号,飲食店営業,令和2年4月27日,令和2年4月27日,令和9年4月30日
3356,東京都世田谷区玉川三丁目６番３号,-,ビッグエコー二子玉川店,株式会社第一興商,-,7世保生食ほ第251号,飲食店営業,令和7年6月5日,令和7年6月5日,令和14年6月30日
3357,東京都世田谷区玉川三丁目６番３号,-,Ｂ－ＧＡＲＡＧＥ二子玉川店,株式会社第一興商,03-6447-9779,7世保生食ほ第390号,飲食店営業,令和7年6月30日,令和7年6月30日,令和14年6月30日
3358,東京都世田谷区玉川三丁目６番５号,-,セブン－イレブン二子玉川駅前店,株式会社英弘商事,3708-1109,3世保生食ほ第471号,飲食店営業,令和3年6月24日,令和3年6月24日,令和10年6月30日
3359,東京都世田谷区玉川三丁目６番５号,サン玉川ビル　２階３階,魚民,株式会社モンテローザフーズ,03-3707-9488,5世保生食ほ第1722号,飲食店営業,令和6年3月6日,令和6年3月6日,令和13年3月31日
3360,東京都世田谷区玉川三丁目６番５号,ＭＲＥビル１Ｆ,あひるの台所　二子玉川店,株式会社フロンティアワン,-,3世保生食ほ第1746号,飲食店営業,令和3年12月28日,令和3年12月28日,令和10年12月31日
3361,東京都世田谷区玉川三丁目６番５号,ＭＲＥビルＢ１階,とり家ゑび寿　二子玉川店,株式会社フルグラッド,03-3700-9978,5世保生食ほ第711号,飲食店営業,令和5年8月8日,令和5年8月8日,令和12年8月31日
3362,東京都世田谷区玉川三丁目６番７号,第一山福ビル１Ｆ,ピンキー,有限会社チェルニー,03-6447-9018,31世保生食ほ第2296号,飲食店営業,平成25年2月14日,令和2年3月1日,令和9年2月28日
3363,東京都世田谷区玉川三丁目６番７号,横溝ビル,磯丸水産　二子玉川店,ＳＦＰホールディングス株式会社,03-3709-4149,5世保生食ほ第1367号,飲食店営業,令和5年11月29日,令和5年11月29日,令和12年11月30日
3364,東京都世田谷区玉川三丁目６番１０号,-,ビッグエコー　二子玉川駅前店,株式会社第一興商,03-6411-7012,2世保生食ほ第1984号,飲食店営業,令和3年1月26日,令和3年1月26日,令和10年1月31日
3365,東京都世田谷区玉川三丁目６番１３号,栄屋新倉ビルＢ１,アフター,有限会社チェルニー,03-3707-3014,7世保生食ほ第1447号,飲食店営業,令和8年1月20日,令和8年1月20日,令和14年1月31日
3366,東京都世田谷区玉川三丁目７番１８号,南館６Ｆ,ガルロ・ネロ　玉川高島屋店,ジローレストランシステム株式会社,3709-4678,2世保生食ほ第998号,飲食店営業,平成6年9月30日,令和2年10月1日,令和9年9月30日
3367,東京都世田谷区玉川三丁目７番１８号,玉川髙島屋ＳＣ　南館　６Ｆ,天一玉川店,株式会社天一,03-3708-0597,3世保生食ほ第2078号,飲食店営業,令和4年4月1日,令和4年4月1日,令和11年3月31日
3368,東京都世田谷区玉川三丁目７番１８号,玉川高島屋南館６Ｆ,和田平,有限会社寿々富,03-3708-5988,6世保生食ほ第1612号,飲食店営業,令和7年2月13日,令和7年2月13日,令和14年2月29日
3369,東京都世田谷区玉川三丁目７番１８号,南館６Ｆ,維新號　點心茶室,株式会社ウェイシン・クリエイティブハウス,03-3700-1450,7世保生食ほ第1684号,飲食店営業,令和8年3月9日,令和8年3月9日,令和15年3月31日
3370,東京都世田谷区玉川三丁目７番１８号,南館　２Ｆ,みずほ銀行玉川支店,株式会社ニッコクトラスト,03-3700-7221,6世保生食ほ第1777号,飲食店営業,令和7年3月17日,令和7年3月17日,令和14年3月31日
3371,東京都世田谷区玉川三丁目７番１８号,南館５Ｆ,銀座トリコロール,株式会社トリコロール,03-3707-3880,2世保生食ほ第1773号,飲食店営業,平成18年12月13日,令和3年1月1日,令和9年12月31日
3372,東京都世田谷区玉川三丁目７番１８号,新南館１０Ｆ,天香回味　玉川髙島屋Ｓ．Ｃ店,株式会社ナチュラルフード,03-5491-7888,2世保生食ほ第1463号,飲食店営業,平成18年10月12日,令和2年11月1日,令和9年10月31日
3373,東京都世田谷区玉川三丁目７番１８号,高島屋新南館ＳＣ９階,Ｔｈｅ　Ｖｅｒａｎｄａ,株式会社ガーデン,03-3709-1273,31世保生食ほ第21号,飲食店営業,平成24年4月3日,令和元年5月1日,令和8年4月30日
3374,東京都世田谷区玉川三丁目７番１８号,新南館９Ｆ,焼肉　トラジ　玉川高島屋Ｓ．Ｃ店,株式会社トラジ,5797-3233,2世保生食ほ第2763号,飲食店営業,平成26年3月27日,令和3年4月1日,令和10年3月31日
3375,東京都世田谷区玉川三丁目７番１８号,高島屋玉川Ｓ・Ｃ南館９階,鼎泰豊　玉川ＳＣ店,株式会社アール・ティー・コーポレーション,0357973273,6世保生食ほ第308号,飲食店営業,令和6年9月1日,令和6年9月1日,令和13年8月31日
3376,東京都世田谷区玉川三丁目７番１８号,新南館９Ｆ,牛タンと和牛焼き　仙台　青葉,ロイヤル商事株式会社,6411-7997,2世保生食ほ第1199号,飲食店営業,平成25年10月16日,令和2年11月1日,令和9年10月31日
3377,東京都世田谷区玉川三丁目７番１８号,新南館７Ｆ,スターバックスコーヒー玉川高島屋Ｓ・Ｃ店,スターバックスコーヒージャパン株式会社,03-5797-3121,3世保生食ほ第750号,飲食店営業,令和3年8月1日,令和3年8月1日,令和10年7月31日
3378,東京都世田谷区玉川三丁目７番１８号,玉川高島屋ＳＣ南館６Ｆ,ラ・メゾン　アンソレイユターブル,株式会社ピー・エス・コープ,03-6805-7686,2世保生食ほ第1481号,飲食店営業,平成25年11月15日,令和2年12月1日,令和9年11月30日
3379,東京都世田谷区玉川三丁目７番１８号,玉川高島屋ＳＣ南館６Ｆ,ラ・メゾン　アンソレイユターブル,株式会社ピー・エス・コープ,03-6805-7686,2世保生食ほ第1482号,菓子製造業,平成25年11月15日,令和2年12月1日,令和9年11月30日
3380,東京都世田谷区玉川三丁目７番１８号,南館Ｂ１,富澤商店玉川髙島屋ＳＣ店,株式会社富澤商店,5797-3063,2世保生食ほ第486号,飲食店営業,令和2年7月9日,令和2年7月9日,令和9年7月31日
3381,東京都世田谷区玉川三丁目７番１８号,新南館１０Ｆ,イゾラ　トラットリア,株式会社グラナダ,5797-3051,6世保生食ほ第726号,飲食店営業,令和6年8月27日,令和6年8月27日,令和13年8月31日
3382,東京都世田谷区玉川三丁目７番１８号,新南館１０Ｆ,しゃぶしゃぶ　鋤焼　虎河豚料理　的山　,株式会社グラナダ,5797-3035,6世保生食ほ第725号,飲食店営業,令和6年8月27日,令和6年8月27日,令和13年8月31日
3383,東京都世田谷区玉川三丁目７番１８号,南館６Ｆ,金沢まいもん寿司　珠姫　玉川高島屋Ｓ．Ｃ店,株式会社エムアンドケイ,5797-1144,2世保生食ほ第1018号,飲食店営業,令和2年9月11日,令和2年9月11日,令和9年9月30日
3384,東京都世田谷区玉川三丁目７番１８号,南館Ｂ１,ＰＡＵＬ,株式会社レアールパスコベーカリーズ,03-5797-3170,6世保生食ほ第723号,飲食店営業,令和6年11月1日,令和6年11月1日,令和13年10月31日
3385,東京都世田谷区玉川三丁目７番１８号,南館Ｂ１,ＰＡＵＬ,株式会社レアールパスコベーカリーズ,03-5797-3170,6世保生食ほ第724号,菓子製造業,令和6年11月1日,令和6年11月1日,令和13年10月31日
3386,東京都世田谷区玉川三丁目７番１８号,新南館９階,歌行燈　ゑべっさん,株式会社歌行燈,5797-3041,2世保生食ほ第1184号,飲食店営業,平成25年10月23日,令和2年11月1日,令和9年10月31日
3387,東京都世田谷区玉川三丁目７番１８号,南館６Ｆ,恵亭二子玉川店,和幸商事株式会社,5491-5313,31世保生食ほ第437号,飲食店営業,令和元年6月25日,令和元年6月25日,令和8年6月30日
3388,東京都世田谷区玉川三丁目７番１８号,南館６Ｆ,一香庵,日環テクノサービス株式会社,03-3707-2727,31世保生食ほ第544号,飲食店営業,令和元年6月24日,令和元年6月24日,令和8年6月30日
3389,東京都世田谷区玉川三丁目７番１８号,玉川髙島屋Ｓ・Ｃ南館９Ｆ,壁の穴,株式会社壁の穴,03-5797-9576,31世保生食ほ第550号,飲食店営業,令和元年7月3日,令和元年7月3日,令和8年7月31日
3390,東京都世田谷区玉川三丁目７番１８号,玉川髙島屋Ｓ・Ｃ南館９Ｆ,壁の穴,株式会社壁の穴,03-5797-9576,31世保生食ほ第551号,菓子製造業,令和元年7月3日,令和元年7月3日,令和8年7月31日
3391,東京都世田谷区玉川三丁目７番１８号,玉川髙島屋南館Ｂ２Ｆ,玉川髙島屋Ｓ・Ｃ　米屋のおにぎり屋菊太屋米穀店,株式会社菊太屋キッチン,03-6805-7867,31世保生食ほ第1470号,飲食店営業,令和元年10月15日,令和元年10月15日,令和8年10月31日
3392,東京都世田谷区玉川三丁目７番１８号,玉川髙島屋ＳＣ南館７階,ＧＲＥＥＮ　ＨＯＵＳＥ　ｂｙ　ＭＥＲＣＥＲ　ＢＲＵＮＣＨ　二子玉川　／ＭＥＲＣＥＲ　ｂｉｓ,ＭＥＲＣＥＲ　ＯＦＦＩＣＥ株式会社,03-3700-4551,31世保生食ほ第1514号,飲食店営業,令和元年11月7日,令和元年11月7日,令和8年11月30日
3393,東京都世田谷区玉川三丁目７番１８号,玉川髙島屋ＳＣ南館７階,ＧＲＥＥＮ　ＨＯＵＳＥ　ｂｙ　ＭＥＲＣＥＲ　ＢＲＵＮＣＨ　二子玉川　／ＭＥＲＣＥＲ　ｂｉｓ,ＭＥＲＣＥＲ　ＯＦＦＩＣＥ株式会社,03-3700-4551,31世保生食ほ第1515号,菓子製造業,令和元年11月7日,令和元年11月7日,令和8年11月30日
3394,東京都世田谷区玉川三丁目７番１８号,玉川髙島屋ＳＣ南館７階,ＧＲＥＥＮ　ＨＯＵＳＥ　ｂｙ　ＭＥＲＣＥＲ　ＢＲＵＮＣＨ　二子玉川　／ＭＥＲＣＥＲ　ｂｉｓ,ＭＥＲＣＥＲ　ＯＦＦＩＣＥ株式会社,03-3700-4551,31世保生食ほ第1516号,アイスクリーム類製造業,令和元年11月7日,令和元年11月7日,令和8年11月30日
3395,東京都世田谷区玉川三丁目７番１８号,玉川髙島屋Ｓ・Ｃ南館３階,Ｔｒｉａｎｇｌｅ　Ｃａｆｅ,ＥＶＥＲ　ＢＲＥＷ株式会社,03-6805-6718,31世保生食ほ第1933号,飲食店営業,令和元年12月26日,令和元年12月26日,令和8年12月31日
3396,東京都世田谷区玉川三丁目７番１８号,玉川髙島屋Ｓ・Ｃ南館３階,Ｔｒｉａｎｇｌｅ　Ｃａｆｅ,ＥＶＥＲ　ＢＲＥＷ株式会社,03-6805-6718,31世保生食ほ第1954号,菓子製造業,令和元年12月26日,令和元年12月26日,令和8年12月31日
3397,東京都世田谷区玉川三丁目７番１８号,玉川高島屋Ｓ・Ｃ南館Ｂ１,中華旬彩料理東方紅,株式会社東方紅,03-6805-7668,31世保生食ほ第2436号,飲食店営業,令和2年3月3日,令和2年3月3日,令和9年3月31日
3398,東京都世田谷区玉川三丁目７番１８号,南館６Ｆ,ザ・ギャレイ,株式会社三笠会館,-,31世保生食ほ第2995号,飲食店営業,令和2年5月13日,令和2年5月13日,令和9年5月31日
3399,東京都世田谷区玉川三丁目７番１８号,玉川髙島屋Ｓ．Ｃ南館Ｂ１Ｆ,ジェラートピケカフェ　ビオコンセプト,株式会社マッシュフードラボ,6431-0550,3世保生食ほ第2397号,飲食店営業,令和4年3月30日,令和4年3月30日,令和11年3月31日
3400,東京都世田谷区玉川三丁目７番１８号,新南館８Ｆ,ｇｏｏｄｃｏｆｆｅｅ　玉川髙島屋,ａｌｌｇｏｏｄ合同会社,-,4世保生食ほ第1626号,飲食店営業,令和5年2月10日,令和5年2月10日,令和12年2月28日
3401,東京都世田谷区玉川三丁目７番１８号,玉川髙島屋８Ｆ南館Ｎ８０１区画,グリエ　アルカサール,株式会社テレサフーヅ,03-6432-7664,6世保生食ほ第678号,飲食店営業,令和6年8月26日,令和6年8月26日,令和13年8月31日
3402,東京都世田谷区玉川三丁目７番１８号,玉川髙島屋Ｓ・Ｃ　南館地下１Ｆ,アフタヌーンティー・ティールーム玉川髙島屋Ｓ・Ｃ,アイビーカンパニー株式会社,03-3708-7342,6世保生食ほ第1232号,飲食店営業,令和6年12月10日,令和6年12月10日,令和13年12月31日
3403,東京都世田谷区玉川三丁目７番１８号,玉川高島屋Ｓ・Ｃ　南館Ｂ１,堀口珈琲　玉川高島屋Ｓ・Ｃ店,株式会社堀口珈琲,-,6世保生食ほ第1751号,飲食店営業,令和7年3月11日,令和7年3月11日,令和14年3月31日
3404,東京都世田谷区玉川三丁目７番１８号,玉川髙島屋ショッピングセンター　南館７階,鼎泰豊玉川高島屋店,株式会社アール・ティー・コーポレーション,0357973273,7世保生食ほ第375号,飲食店営業,令和7年6月20日,令和7年6月20日,令和14年6月30日
3405,東京都世田谷区玉川三丁目７番１８号,南館１階,ウッドベリーコーヒー玉川高島屋Ｓ．Ｃ．店,株式会社ウッドベリーコーヒー,-,7世保生食ほ第711号,飲食店営業,令和7年9月19日,令和7年9月19日,令和14年9月30日
3406,東京都世田谷区玉川三丁目９番１号,Ｂ１,パブスナック　メルヘン,有限会社メルヘン,3707-0268,7世保生食ほ第1599号,飲食店営業,令和8年2月18日,令和8年2月18日,令和14年2月29日
3407,東京都世田谷区玉川三丁目９番１号,第３明友ビルＢ１,ＮＩＣＯＴＡＭＡ　ＺＯＯ,株式会社Ｇａｍｅｒｏｏｍ　Ａｍｕｓｅｍｅｎｔｓ,03-5491-1951,6世保生食ほ第998号,飲食店営業,令和6年10月21日,令和6年10月21日,令和12年10月31日
3408,東京都世田谷区玉川三丁目９番１号,第三明友ビル１Ｆ,串とも,株式会社グローリー,03-3700-8200,3世保生食ほ第1368号,食肉販売業,令和3年10月7日,令和3年10月7日,令和10年10月31日
3409,東京都世田谷区玉川三丁目９番１号,第三明友ビル１Ｆ,串とも,株式会社グローリー,03-3700-8200,6世保生食ほ第982号,飲食店営業,令和6年10月17日,令和6年10月17日,令和13年10月31日
3410,東京都世田谷区玉川三丁目９番２号,土屋ビル１階,ます家　二子玉川店,株式会社フロンティアワン,03-3707-4430,6世保生食ほ第460号,飲食店営業,令和6年7月1日,令和6年7月1日,令和13年6月30日
3411,東京都世田谷区玉川三丁目９番２号,土屋ビル１Ｆ,魚ます,株式会社フロンティアワン,03-3709-0866,3世保生食ほ第1624号,飲食店営業,令和3年12月1日,令和3年12月1日,令和10年11月30日
3412,東京都世田谷区玉川三丁目９番２号,土屋ビル２Ｆ,ニクアザブ　二子玉川,株式会社カワイハイ,03-5797-9029,2世保生食ほ第490号,飲食店営業,令和2年6月17日,令和2年6月17日,令和9年6月30日
3413,東京都世田谷区玉川三丁目９番３号,ＳＴＲＥＡＭ　ＴＡＭＡＧＡＷＡ　２Ｆ,Ｒｅ：ＣＥＮＯ　ＴＯＫＹＯ,株式会社Ｆｌａｖｏｒ,03-5797-2278,3世保生食ほ第788号,飲食店営業,令和3年7月14日,令和3年7月14日,令和9年7月31日
3414,東京都世田谷区玉川三丁目９番３号,ＳＴＲＥＡＭ　ＴＡＭＡＧＡＷＡ３階,鳥貴族　二子玉川店,株式会社鳥貴族東日本,03-5797-9799,7世保生食ほ第124号,飲食店営業,令和7年6月1日,令和7年6月1日,令和14年5月31日
3415,東京都世田谷区玉川三丁目９番３号,ストリーム玉川　Ｂ１Ｆ,焼肉　じゅん,株式会社イズシュラン,03-3709-1129,7世保生食ほ第457号,飲食店営業,令和7年8月1日,令和7年8月1日,令和14年7月31日
3416,東京都世田谷区玉川三丁目９番３号,ストリームタマガワＢ１Ｆ,浅草もんじゃ土蛍　二子玉川店,株式会社ユリシス,03-6805-6407,31世保生食ほ第1461号,飲食店営業,令和元年10月28日,令和元年10月28日,令和8年10月31日
3417,東京都世田谷区玉川三丁目９番３号,ストリームタマガワ１階Ｂ号室,高級食パン専門店　あずき　二子玉川店,あずき株式会社,03-6431-0302,3世保生食ほ第701号,飲食店営業,令和3年7月16日,令和3年7月16日,令和10年7月31日
3418,東京都世田谷区玉川三丁目９番３号,ストリームタマガワ１階Ｂ号室,高級食パン専門店　あずき　二子玉川店,あずき株式会社,03-6431-0302,3世保生食ほ第702号,菓子製造業,令和3年7月16日,令和3年7月16日,令和10年7月31日
3419,東京都世田谷区玉川三丁目９番７号,ヴェルウッド玉川１０２,ＷＯＯＬＳＥＹ,***,5716-4756,2世保生食ほ第81号,飲食店営業,平成20年7月15日,令和2年8月1日,令和8年7月31日
3420,東京都世田谷区玉川三丁目９番７号,-,Ｌｉｓｅｔｔｅ,株式会社カフーツ,03-5717-3779,2世保生食ほ第729号,飲食店営業,平成18年7月25日,令和2年8月1日,令和9年7月31日
3421,東京都世田谷区玉川三丁目９番８号,和田ビルＢ１,温野菜　二子玉川店,株式会社レインズインターナショナル,0357970229,2世保生食ほ第370号,食肉販売業,令和2年5月22日,令和2年5月22日,令和9年5月31日
3422,東京都世田谷区玉川三丁目９番８号,和田ビルＢ１,温野菜　二子玉川店,株式会社レインズインターナショナル,0357970229,4世保生食ほ第198号,飲食店営業,令和4年6月1日,令和4年6月1日,令和11年5月31日
3423,東京都世田谷区玉川三丁目９番１０号,-,焼鳥　ＢＡＢＥ,タマガワベース株式会社,03-6874-9304,4世保生食ほ第808号,飲食店営業,令和4年8月18日,令和4年8月18日,令和10年8月31日
3424,東京都世田谷区玉川三丁目９番１０号,マノア玉川第２　Ｂ１Ｆ,Ｐｉｚｚａ＆Ｗｉｎｅ　ＥＳＯＬＡ二子玉川,株式会社Ｂｒａｎｄ　Ｂａｎｋ　Ｃｏｍｐａｎｙ,03-5491-6629,6世保生食ほ第781号,飲食店営業,令和6年8月30日,令和6年8月30日,令和13年8月31日
3425,東京都世田谷区玉川三丁目１０番７号,-,トラットリア　エテルニータ,有限会社インフィニティーワールド,5716-3776,7世保生食ほ第1616号,飲食店営業,令和8年2月18日,令和8年2月18日,令和15年2月28日
3426,東京都世田谷区玉川三丁目１０番８号,アークビルＢ１Ｆ,季節料理　有酒,有限会社有酒,03-3709-5110,2世保生食ほ第1750号,飲食店営業,平成6年12月5日,令和3年1月1日,令和9年12月31日
3427,東京都世田谷区玉川三丁目１０番８号,アークビル植２Ｆ,八仙閣杏仁坊,***,5797-0472,7世保生食ほ第771号,飲食店営業,令和7年9月12日,令和7年9月12日,令和15年9月30日
3428,東京都世田谷区玉川三丁目１０番８号,アークビル植２Ｆ,八仙閣杏仁坊,***,5797-0472,7世保生食ほ第772号,菓子製造業,令和7年9月12日,令和7年9月12日,令和15年9月30日
3429,東京都世田谷区玉川三丁目１０番８号,アークビルＢ１Ｆ,遊家　二子玉川店,有限会社土井企画,5797-9483,7世保生食ほ第726号,飲食店営業,令和7年9月1日,令和7年9月1日,令和14年8月31日
3430,東京都世田谷区玉川三丁目１０番８号,２Ｆ,Ｂｅｅｆ　Ｇａｒｄｅｎ　二子玉川店,株式会社ＴＦＭ,3709-0068,2世保生食ほ第645号,飲食店営業,令和2年7月15日,令和2年7月15日,令和9年7月31日
3431,東京都世田谷区玉川三丁目１０番８号,２Ｆ,Ｂｅｅｆ　Ｇａｒｄｅｎ　二子玉川店,株式会社ＴＦＭ,3709-0068,2世保生食ほ第646号,食肉販売業,令和2年7月15日,令和2年7月15日,令和9年7月31日
3432,東京都世田谷区玉川三丁目１０番８号,アークビルＢ１０３,ｔｗｉｎｋｌｅ　ＦＵＴＡＫＯ,株式会社ｔｗｉｎｋｌｅ,03-6431-0369,2世保生食ほ第1865号,飲食店営業,令和2年12月21日,令和2年12月21日,令和8年12月31日
3433,東京都世田谷区玉川三丁目１０番８号,アークビル３Ｆ,ビストロ　ヴィエス,***,03-3707-4301,2世保生食ほ第2188号,飲食店営業,令和3年3月5日,令和3年3月5日,令和9年3月31日
3434,東京都世田谷区玉川三丁目１０番８号,アークビル植Ｂ１Ｆ,ＢＡＭＫＬＥ,合同会社Ｍ＆Ｍ’ｓ,03-6411-7882,6世保生食ほ第624号,飲食店営業,令和6年7月30日,令和6年7月30日,令和12年7月31日
3435,東京都世田谷区玉川三丁目１０番１１号,エイペックスビル２Ｆ,バー　サンセット,株式会社Ｒｅｔｕｒｎｅｒ　Ｊａｐａｎ,3709-1717,4世保生食ほ第1119号,飲食店営業,令和4年11月1日,令和4年11月1日,令和10年10月31日
3436,東京都世田谷区玉川三丁目１０番１１号,ジ・エイペックスビル３Ｆ,牛鉄　二子玉川店,有限会社山道,3700-0089,2世保生食ほ第361号,食肉販売業,令和2年6月5日,令和2年6月5日,令和9年6月30日
3437,東京都世田谷区玉川三丁目１０番１１号,ジ・エイペックスビル３Ｆ,牛鉄　二子玉川店,有限会社山道,3700-0089,4世保生食ほ第33号,飲食店営業,令和4年5月1日,令和4年5月1日,令和11年4月30日
3438,東京都世田谷区玉川三丁目１０番１１号,ジエイペックスビルＢ１,庄や二子玉川店,株式会社大庄,03-5716-6521,31世保生食ほ第1826号,飲食店営業,平成17年12月6日,令和2年1月1日,令和8年12月31日
3439,東京都世田谷区玉川三丁目１０番１１号,-,黄金屋　二子玉川店,株式会社Ｕ－ＭＯＲＥ,03-5491-5600,31世保生食ほ第2895号,飲食店営業,平成18年3月31日,令和2年4月1日,令和9年3月31日
3440,東京都世田谷区玉川三丁目１１番１号,栁小路東角１Ｆ,玉春　二子玉川店,際コーポレーション株式会社,03-5717-9804,7世保生食ほ第1105号,飲食店営業,令和7年11月14日,令和7年11月14日,令和14年11月30日
3441,東京都世田谷区玉川三丁目１１番１号,柳小路東角３Ｆ,ＤＡＶＥＬＬＯ　Ｇａｓｔｒｏｐｕｂ,ＣＭＡ株式会社,5717-9117,2世保生食ほ第746号,飲食店営業,平成25年8月16日,令和2年9月1日,令和9年8月31日
3442,東京都世田谷区玉川三丁目１１番１号,柳小路　東角２０２,おしお囲,有限会社スタンス,3700-6688,7世保生食ほ第1129号,飲食店営業,令和7年11月14日,令和7年11月14日,令和14年11月30日
3443,東京都世田谷区玉川三丁目１１番１号,柳小路東角１０１,炭寅二子玉川店,株式会社炭寅コーポレーション,5491-5131,2世保生食ほ第2186号,飲食店営業,平成19年1月16日,令和3年2月1日,令和10年1月31日
3444,東京都世田谷区玉川三丁目１１番１号,-,串亭　二子玉川柳小路,株式会社リアルテイスト,5797-3344,6世保生食ほ第611号,飲食店営業,令和6年8月1日,令和6年8月1日,令和13年7月31日
3445,東京都世田谷区玉川三丁目１１番１号,柳小路東角２階　ＹＥ２０１区画,さゝ家,株式会社さゝ家,-,6世保生食ほ第896号,飲食店営業,令和6年12月6日,令和6年12月6日,令和13年12月31日
3446,東京都世田谷区玉川三丁目１１番５号,ＹＦビルＢ１,Ｂａｒ　Ｂａｍｂｉｎａ,株式会社アッカ・エンタープライズ,03-3707-8513,31世保生食ほ第2963号,飲食店営業,平成20年4月1日,令和2年4月1日,令和9年3月31日
3447,東京都世田谷区玉川三丁目１１番５号,ＹＦビル２Ｆ,ボヌール,***,3707-5641,5世保生食ほ第1371号,飲食店営業,令和5年12月8日,令和5年12月8日,令和11年12月31日
3448,東京都世田谷区玉川三丁目１１番５号,ＹＦビルＢ１,Ｂａｍｂｉｎａ,合同会社Ｍ＆Ｍ’ｓ,03-3707-8513,2世保生食ほ第703号,飲食店営業,令和2年7月22日,令和2年7月22日,令和9年7月31日
3449,東京都世田谷区玉川三丁目１１番６号,-,つばめ,有限会社石川和明,03-3700-1045,31世保生食ほ第2073号,飲食店営業,平成6年1月19日,令和2年2月1日,令和9年1月31日
3450,東京都世田谷区玉川三丁目１１番６号,サンワビル２階,マスターズ二子玉川,株式会社Ｒｅｔｕｒｎｅｒ　Ｊａｐａｎ,3700-1711,2世保生食ほ第1792号,飲食店営業,平成20年12月15日,令和3年1月1日,令和8年12月31日
3451,東京都世田谷区玉川三丁目１１番６号,ファミールつばめ２階,旬采,株式会社福みみ,3700-1660,4世保生食ほ第1219号,飲食店営業,令和4年12月1日,令和4年12月1日,令和11年11月30日
3452,東京都世田谷区玉川三丁目１１番６号,ファミールつばめ２階,旬采,株式会社福みみ,3700-1660,4世保生食ほ第1220号,そうざい製造業,令和4年12月1日,令和4年12月1日,令和11年11月30日
3453,東京都世田谷区玉川三丁目１１番７号,ティーズスクエアー１階,セブン－イレブン二子玉川駅西店,株式会社英弘商事,3700-6225,2世保生食ほ第667号,菓子製造業,平成25年8月2日,令和2年9月1日,令和9年8月31日
3454,東京都世田谷区玉川三丁目１１番７号,ティーズスクエアー１階,セブン－イレブン二子玉川駅西店,株式会社英弘商事,3700-6225,3世保生食ほ第487号,飲食店営業,令和3年6月24日,令和3年6月24日,令和10年6月30日
3455,東京都世田谷区玉川三丁目１１番７号,Ｔ’ｓ　ＳＱＵＡＲＥ　５Ｆ,Ｐｅｔｓ　Ｔｏｋｙｏ　二子玉川,Ｐｅｔｓ　Ｔｏｋｙｏ株式会社,03-4400-5533,6世保生食ほ第647号,飲食店営業,令和6年8月15日,令和6年8月15日,令和12年8月31日
3456,東京都世田谷区玉川三丁目１２番３号,大黒天ビル１Ｆ,季節料理　ゆうき,***,03-3708-8100,6世保生食ほ第1442号,飲食店営業,令和7年2月1日,令和7年2月1日,令和14年1月31日
3457,東京都世田谷区玉川三丁目１２番５号,リヴィエール玉川１Ｆ,リヴィエール,***,03-3709-7445,3世保生食ほ第2096号,飲食店営業,令和4年4月1日,令和4年4月1日,令和11年3月31日
3458,東京都世田谷区玉川三丁目１２番５号,Ｂ１Ｆ,Ｌｏｖｅ（ラブ）,有限会社ピース,3709-6222,3世保生食ほ第2094号,飲食店営業,令和4年2月28日,令和4年2月28日,令和10年2月29日
3459,東京都世田谷区玉川三丁目１２番８号,柳小路仲角１Ｆ,ＳＨＵＴＴＥＲＳ　二子玉川,株式会社ワイエスインターナショナル,03-5797-2525,6世保生食ほ第423号,飲食店営業,令和6年8月1日,令和6年8月1日,令和13年7月31日
3460,東京都世田谷区玉川三丁目１２番１３号,明友プラッツビル第１１号３Ｆ,ショットバー　エンジェルズ・シェア,***,03-3709-6200,3世保生食ほ第1642号,飲食店営業,令和4年1月1日,令和4年1月1日,令和10年12月31日
3461,東京都世田谷区玉川三丁目１２番１３号,明友プラッツビル３Ｆ　Ｃ,おでん家みどり,***,03-3709-1355,7世保生食ほ第836号,飲食店営業,令和7年9月22日,令和7年9月22日,令和13年9月30日
3462,東京都世田谷区玉川三丁目１２番１３号,プラッツビル地下２階Ｂ号室,ＭＩＫＥＹ’Ｓ　ＡＴＴＩＣ,***,5797-9929,4世保生食ほ第603号,飲食店営業,令和4年8月1日,令和4年8月1日,令和10年7月31日
3463,東京都世田谷区玉川三丁目１２番１３号,プラッツビル２ＦＡ号,四季庵,株式会社ロンペイ,03-5797-1717,7世保生食ほ第467号,飲食店営業,令和7年7月11日,令和7年7月11日,令和13年7月31日
3464,東京都世田谷区玉川三丁目１２番１３号,明友プラッツビル第１１号３Ｆ,おゝつか,***,03-3707-3762,2世保生食ほ第855号,飲食店営業,令和2年8月13日,令和2年8月13日,令和8年8月31日
3465,東京都世田谷区玉川三丁目１２番１３号,明友１１プラッツビル２ＦＢ号,ル・リヨン,株式会社ロンペイ,3708-1717,2世保生食ほ第1995号,飲食店営業,令和3年1月8日,令和3年1月8日,令和9年1月31日
3466,東京都世田谷区玉川三丁目１２番１３号,プラッツビルＢ１Ｆ,ＰＯＮＰＡ,***,-,2世保生食ほ第2087号,飲食店営業,令和3年2月4日,令和3年2月4日,令和9年2月28日
3467,東京都世田谷区玉川三丁目１２番１３号,明友１１プラッツビル３階Ａ号室,ル・リヨン　Ｓｐｅｃｉａｌ,株式会社ロンペイ,3708-1717,3世保生食ほ第44号,飲食店営業,令和3年4月26日,令和3年4月26日,令和10年4月30日
3468,東京都世田谷区玉川三丁目１３番４号,-,麺屋　みちしるべ,株式会社みちしるべ,3700-1830,2世保生食ほ第2268号,飲食店営業,平成26年2月17日,令和3年3月1日,令和10年2月29日
3469,東京都世田谷区玉川三丁目１３番７号,柳小路南角２０１,二子玉川　まんぷく,株式会社テイクファイブ,5797-2529,2世保生食ほ第2408号,食肉販売業,令和3年2月22日,令和3年2月22日,令和10年2月29日
3470,東京都世田谷区玉川三丁目１３番７号,柳小路南角２０１,二子玉川　まんぷく,株式会社テイクファイブ,5797-2529,7世保生食ほ第1160号,飲食店営業,令和7年11月20日,令和7年11月20日,令和14年11月30日
3471,東京都世田谷区玉川三丁目１３番７号,柳小路南角２０３,さかなや　,***,6805-6506,7世保生食ほ第1102号,飲食店営業,令和7年11月26日,令和7年11月26日,令和14年11月30日
3472,東京都世田谷区玉川三丁目１３番７号,柳小路南角２０２,ふたこビール醸造所,株式会社ふたこ麦麦公社,6411-7125,31世保生食ほ第592号,酒類製造業,令和元年6月27日,令和元年6月27日,令和8年6月30日
3473,東京都世田谷区玉川三丁目１３番７号,柳小路南角２０２,ふたこビール醸造所,株式会社ふたこ麦麦公社,6411-7125,7世保生食ほ第1091号,飲食店営業,令和7年11月2日,令和7年11月2日,令和14年11月30日
3474,東京都世田谷区玉川三丁目１３番７号,柳小路南角１０３,リストランテ　イ・ルンガ,株式会社ピステルナ,6411-7045,7世保生食ほ第1528号,飲食店営業,令和8年2月19日,令和8年2月19日,令和15年2月28日
3475,東京都世田谷区玉川三丁目１３番７号,柳小路南角１Ｆ,ｎｏｍｕｎｏ　二子玉川店,株式会社ノムノ,03-5544-8329,7世保生食ほ第845号,飲食店営業,令和7年10月3日,令和7年10月3日,令和14年10月31日
3476,東京都世田谷区玉川三丁目１３番７号,柳小路南角１Ｆ,ｎｏｍｕｎｏ　二子玉川店,株式会社ノムノ,03-5544-8329,7世保生食ほ第846号,そうざい製造業,令和8年2月19日,令和8年2月19日,令和15年2月28日
3477,東京都世田谷区玉川三丁目１３番８号,七のはなビル１階,ビストロ　ます家　二子玉川店,株式会社フロンティアワン,03-6805-7090,5世保生食ほ第642号,飲食店営業,令和5年7月25日,令和5年7月25日,令和12年7月31日
3478,東京都世田谷区玉川三丁目１３番８号,柳小路南角１Ｆ,ＤＡＶＥＬＬＯ,ＣＭＡ株式会社,03-5717-9117,2世保生食ほ第1776号,飲食店営業,令和3年1月13日,令和3年1月13日,令和10年1月31日
3479,東京都世田谷区玉川三丁目１４番７号,Ａ＊Ｇ　４Ｆｂ,Ｃａｆｅ＆ＳＨＩＳＨＡ　ＢＡＲ　ｏｒａｎｇｅｒ　二子玉川,株式会社Ｍ・コレクション,-,5世保生食ほ第1316号,飲食店営業,令和5年11月22日,令和5年11月22日,令和11年11月30日
3480,東京都世田谷区玉川三丁目１４番７号,Ａ＊Ｇ二子玉川　２－Ｃ区画,Ｉｎｎｏｖａｔｉｖｅ　Ｃｈｉｎｅｓｅ　ＳＴＥＡＭＡＮ,株式会社アミューズエージェンシー,-,5世保生食ほ第1490号,飲食店営業,令和6年1月4日,令和6年1月4日,令和13年1月31日
3481,東京都世田谷区玉川三丁目１４番８号,ＡＧ二子玉川２ａ,コリアンキッチン　ぶたこたまがわ,タマガワベース株式会社,-,5世保生食ほ第269号,飲食店営業,令和5年5月24日,令和5年5月24日,令和12年5月31日
3482,東京都世田谷区玉川三丁目１４番８号,Ａ＊Ｇ二子玉川４ａ,ｔｈｅ　２５　Ｎａｉｌ　＆　Ｃａｆｅ,株式会社ブライドアンドグルーム,03-6431-0386,5世保生食ほ第1524号,飲食店営業,令和6年1月15日,令和6年1月15日,令和12年1月31日
3483,東京都世田谷区玉川三丁目１５番１２号,-,四川飯店,***,3709-7553,2世保生食ほ第2193号,飲食店営業,平成7年3月1日,令和3年3月1日,令和10年2月29日
3484,東京都世田谷区玉川三丁目１５番１２号,玉川３丁目マンション１１０号,定食　たぬき,***,03-3707-6809,3世保生食ほ第233号,飲食店営業,平成13年5月8日,令和3年6月1日,令和10年5月31日
3485,東京都世田谷区玉川三丁目１５番１２号,-,鮎ラーメン,株式会社鮎ラーメン,03-3708-0134,6世保生食ほ第680号,飲食店営業,令和6年8月29日,令和6年8月29日,令和13年8月31日
3486,東京都世田谷区玉川三丁目１５番１２号,-,寿司とく,***,3700-2712,2世保生食ほ第2729号,飲食店営業,令和3年4月6日,令和3年4月6日,令和9年4月30日
3487,東京都世田谷区玉川三丁目１５番１２号,玉川３丁目マンション１０９,鮎ラーメン　夏店,株式会社鮎ラーメン,-,4世保生食ほ第1435号,飲食店営業,令和4年12月9日,令和4年12月9日,令和11年12月31日
3488,東京都世田谷区玉川三丁目１５番１２号,玉川三丁目マンション１１０号室,おにぎり・とん汁　山太郎　二子玉川,株式会社山太郎,-,6世保生食ほ第1616号,飲食店営業,令和7年2月28日,令和7年2月28日,令和14年2月29日
3489,東京都世田谷区玉川三丁目１５番１２号,玉川三丁目マンション１０６,酒　あて　煮込み　ニッポンドウ,***,-,7世保生食ほ第3号,飲食店営業,令和7年4月15日,令和7年4月15日,令和14年4月30日
3490,東京都世田谷区玉川三丁目１５番１４号,スウィート玉川１Ｆ,サレ・ポワヴレ,***,5717-9027,7世保生食ほ第1130号,飲食店営業,令和7年12月1日,令和7年12月1日,令和14年11月30日
3491,東京都世田谷区玉川三丁目１５番１４号,-,日の出屋,***,03-3700-3386,2世保生食ほ第825号,飲食店営業,令和2年8月12日,令和2年8月12日,令和9年8月31日
3492,東京都世田谷区玉川三丁目１６番２２号,西館１Ｆ,西館アレーナホール,東神開発株式会社,3708-6133,7世保生食ほ第1133号,飲食店営業,令和7年11月25日,令和7年11月25日,令和14年11月30日
3493,東京都世田谷区玉川三丁目１６番２２号,玉川高島屋Ｓ．Ｃ．西館１階,ＳＯＢＡ　ＦＵＴＡＴＳＵ,株式会社マッシュフードラボ,03-6431-0135,7世保生食ほ第993号,飲食店営業,令和7年10月22日,令和7年10月22日,令和14年10月31日
3494,東京都世田谷区玉川三丁目１７番１号,本館１Ｆ,アッチャカーナ,株式会社ドルザック,3708-5038,31世保生食ほ第1991号,飲食店営業,平成17年12月26日,令和2年1月1日,令和8年12月31日
3495,東京都世田谷区玉川三丁目１７番１号,本館１Ｆ,カフェ　フーケ,株式会社ドルザック,3708-5038,31世保生食ほ第1989号,飲食店営業,平成17年12月26日,令和2年1月1日,令和8年12月31日
3496,東京都世田谷区玉川三丁目１７番１号,本館１Ｆ,カフェ　フーケ,株式会社ドルザック,3708-5038,31世保生食ほ第1990号,菓子製造業,平成17年12月26日,令和2年1月1日,令和8年12月31日
3497,東京都世田谷区玉川三丁目１７番１号,本館１Ｆ,つばめグリル,株式会社つばめ,3709-0117,7世保生食ほ第550号,飲食店営業,令和7年9月1日,令和7年9月1日,令和14年8月31日
3498,東京都世田谷区玉川三丁目１７番１号,本館２Ｆ,ＣＯＦＦＥＥ　ＭＩＫＩ,株式会社三木總業,3709-3375,2世保生食ほ第1190号,飲食店営業,平成元年10月7日,令和2年11月1日,令和9年10月31日
3499,東京都世田谷区玉川三丁目１７番１号,玉川高島屋Ｓ．Ｃ,明治屋　玉川ストアー,株式会社明治屋,3709-2191,7世保生食ほ第968号,食肉販売業,令和7年10月23日,令和7年10月23日,令和14年10月31日
3500,東京都世田谷区玉川三丁目１７番１号,玉川高島屋Ｓ．Ｃ,明治屋　玉川ストアー,株式会社明治屋,3709-2191,7世保生食ほ第969号,魚介類販売業,令和7年10月23日,令和7年10月23日,令和14年10月31日
3501,東京都世田谷区玉川三丁目１７番１号,本館Ｂ１,株式会社髙島屋玉川店　共同厨房,株式会社髙島屋,3709-3111,31世保生食ほ第28号,飲食店営業,平成7年8月22日,令和元年5月1日,令和8年4月30日
3502,東京都世田谷区玉川三丁目１７番１号,本館Ｂ１,株式会社髙島屋玉川店　共同厨房,株式会社髙島屋,3709-3111,31世保生食ほ第29号,菓子製造業,平成24年4月26日,令和元年5月1日,令和8年4月30日
3503,東京都世田谷区玉川三丁目１７番１号,本館Ｂ１,株式会社髙島屋玉川店　共同厨房,株式会社髙島屋,3709-3111,31世保生食ほ第30号,魚肉練り製品製造業,平成24年4月26日,令和元年5月1日,令和8年4月30日
3504,東京都世田谷区玉川三丁目１７番１号,本館Ｂ１,株式会社髙島屋玉川店　共同厨房,株式会社髙島屋,3709-3111,4世保生食ほ第1743号,魚介類販売業,令和5年3月1日,令和5年3月1日,令和12年2月28日
3505,東京都世田谷区玉川三丁目１７番１号,本館Ｂ１,株式会社髙島屋玉川店　共同厨房,株式会社髙島屋,3709-3111,7世保生食ほ第1944号,飲食店営業,令和8年4月8日,令和8年4月8日,令和15年4月30日
3506,東京都世田谷区玉川三丁目１７番１号,本館Ｂ１,髙島屋玉川店（中島水産）,株式会社髙島屋,3709-3111,3世保生食ほ第997号,魚介類販売業,令和3年8月19日,令和3年8月19日,令和10年8月31日
3507,東京都世田谷区玉川三丁目１７番１号,本館Ｂ１,髙島屋玉川店（タカシマヤミート、竹紫亭）,株式会社髙島屋,03-3709-3111,31世保生食ほ第1107号,食肉販売業,平成15年9月19日,令和元年10月1日,令和8年9月30日
3508,東京都世田谷区玉川三丁目１７番１号,本館４Ｆ,髙島屋玉川店　パパス・カフェ,株式会社髙島屋,03-3709-3111,6世保生食ほ第834号,飲食店営業,令和6年9月12日,令和6年9月12日,令和13年9月30日
3509,東京都世田谷区玉川三丁目１７番１号,本館Ｂ２Ｂ３,髙島屋　玉川店　社員食堂,株式会社髙島屋,3709-3111,2世保生食ほ第70号,飲食店営業,平成18年6月27日,令和2年7月1日,令和9年6月30日
3510,東京都世田谷区玉川三丁目１７番１号,本館Ｂ１,株式会社髙島屋玉川店（今半）,株式会社髙島屋,3709-3111,3世保生食ほ第995号,食肉販売業,令和3年8月19日,令和3年8月19日,令和10年8月31日
3511,東京都世田谷区玉川三丁目１７番１号,本館Ｂ１,髙島屋玉川店（フォションパン工場）,株式会社髙島屋,3709-3111,3世保生食ほ第996号,菓子製造業,令和3年8月19日,令和3年8月19日,令和10年8月31日
3512,東京都世田谷区玉川三丁目１７番１号,本館Ｂ１（王朝・サンフレッシュ）,髙島屋玉川店（王朝・サンフレッシュ）,株式会社髙島屋,3709-3111,7世保生食ほ第1045号,飲食店営業,令和7年11月2日,令和7年11月2日,令和14年11月30日
3513,東京都世田谷区玉川三丁目１７番１号,本館６Ｆ,株式会社　梅丘寿司の美登利総本店（お土産コーナー）,株式会社梅丘寿司の美登利総本店,3708-8282,3世保生食ほ第2225号,飲食店営業,令和4年3月16日,令和4年3月16日,令和11年3月31日
3514,東京都世田谷区玉川三丁目１７番１号,本館６Ｆ,株式会社　梅丘寿司の美登利総本店,株式会社梅丘寿司の美登利総本店,3708-8282,3世保生食ほ第2226号,飲食店営業,令和4年3月15日,令和4年3月15日,令和11年3月31日
3515,東京都世田谷区玉川三丁目１７番１号,本館Ｂ１,髙島屋玉川店（御座候）,株式会社髙島屋,03-3709-3111,6世保生食ほ第694号,菓子製造業,令和6年8月15日,令和6年8月15日,令和13年8月31日
3516,東京都世田谷区玉川三丁目１７番１号,本館６Ｆ,薮そば,有限会社久枝,5716-2721,6世保生食ほ第612号,飲食店営業,令和6年9月1日,令和6年9月1日,令和13年8月31日
3517,東京都世田谷区玉川三丁目１７番１号,本館Ｂ１,髙島屋玉川店（鳥芳）,株式会社髙島屋,03-5491-0699,6世保生食ほ第824号,食肉販売業,令和6年9月12日,令和6年9月12日,令和13年9月30日
3518,東京都世田谷区玉川三丁目１７番１号,本館Ｂ１,髙島屋玉川店（鶴屋吉信）,株式会社髙島屋,03-3709-3111,3世保生食ほ第2035号,菓子製造業,令和4年2月17日,令和4年2月17日,令和11年2月28日
3519,東京都世田谷区玉川三丁目１７番１号,本館Ｂ１,髙島屋玉川店（鶴屋吉信）,株式会社髙島屋,03-3709-3111,6世保生食ほ第833号,飲食店営業,令和6年9月12日,令和6年9月12日,令和13年9月30日
3520,東京都世田谷区玉川三丁目１７番１号,本館Ｂ１,玉川髙島屋　Ｂ１共同厨房（Ｃ）,株式会社髙島屋,3709-3111,4世保生食ほ第1053号,飲食店営業,令和4年9月29日,令和4年9月29日,令和11年9月30日
3521,東京都世田谷区玉川三丁目１７番１号,本館Ｂ１,髙島屋玉川店（まつおか）,株式会社髙島屋,03-3709-3111,6世保生食ほ第825号,飲食店営業,令和6年11月1日,令和6年11月1日,令和13年10月31日
3522,東京都世田谷区玉川三丁目１７番１号,本館Ｂ１,髙島屋玉川店（菊乃井）,株式会社髙島屋,03-3709-3111,6世保生食ほ第832号,飲食店営業,令和6年11月1日,令和6年11月1日,令和13年10月31日
3523,東京都世田谷区玉川三丁目１７番１号,本館Ｂ１,髙島屋玉川店（糖朝）,株式会社髙島屋,03-3709-3111,6世保生食ほ第835号,飲食店営業,令和6年11月1日,令和6年11月1日,令和13年10月31日
3524,東京都世田谷区玉川三丁目１７番１号,本館Ｂ１,髙島屋玉川店（古市庵）,株式会社髙島屋,3709-3111,7世保生食ほ第1051号,飲食店営業,令和7年11月2日,令和7年11月2日,令和14年11月30日
3525,東京都世田谷区玉川三丁目１７番１号,玉川高島屋Ｓ－Ｃ本館地下１階,ＨＡＭＡＤＡーＹＡ,有限会社濱田家,03-5716-2722,6世保生食ほ第865号,飲食店営業,令和6年9月18日,令和6年9月18日,令和13年9月30日
3526,東京都世田谷区玉川三丁目１７番１号,本館地下１階,アントニオ,株式会社アントニオ,3708-1180,2世保生食ほ第1317号,飲食店営業,平成25年10月10日,令和2年11月1日,令和9年10月31日
3527,東京都世田谷区玉川三丁目１７番１号,玉川高島屋ショッピングセンター本館Ｂ１,妻家房,株式会社永明,03-5491-0108,6世保生食ほ第886号,飲食店営業,令和6年9月20日,令和6年9月20日,令和13年9月30日
3528,東京都世田谷区玉川三丁目１７番１号,ＳＣ本館Ｂ１,天一,株式会社天一,03-5716-2739,6世保生食ほ第893号,飲食店営業,令和6年11月1日,令和6年11月1日,令和13年10月31日
3529,東京都世田谷区玉川三丁目１７番１号,玉川髙島屋ＳＣ　Ｂ１,焼鶏かわしょう,魚河岸川正株式会社,03-5716-2738,6世保生食ほ第945号,飲食店営業,令和6年10月1日,令和6年10月1日,令和13年9月30日
3530,東京都世田谷区玉川三丁目１７番１号,本館Ｂ１,髙島屋玉川店（ペック・フォションサンドイッチルーム）,株式会社髙島屋,3709-3111,7世保生食ほ第1040号,飲食店営業,令和7年10月23日,令和7年10月23日,令和14年10月31日
3531,東京都世田谷区玉川三丁目１７番１号,ＳＣ本館Ｂ１,柿安ダイニング,株式会社柿安本店,03-5717-3571,6世保生食ほ第857号,飲食店営業,令和6年9月30日,令和6年9月30日,令和13年9月30日
3532,東京都世田谷区玉川三丁目１７番１号,玉川髙島屋本館地下１階,みはし玉川髙島屋Ｓ・Ｃ店,有限会社みはし,03-5797-9446,31世保生食ほ第1325号,喫茶店営業,平成25年4月18日,令和元年11月1日,令和8年10月31日
3533,東京都世田谷区玉川三丁目１７番１号,玉川髙島屋本館地下１階,みはし玉川髙島屋Ｓ・Ｃ店,有限会社みはし,03-5797-9446,31世保生食ほ第1326号,菓子製造業,平成24年10月3日,令和元年11月1日,令和8年10月31日
3534,東京都世田谷区玉川三丁目１７番１号,本館Ｂ１,髙島屋玉川店（チェスコ）,株式会社髙島屋,3709-3111,5世保生食ほ第757号,乳製品製造業,令和5年8月17日,令和5年8月17日,令和12年8月31日
3535,東京都世田谷区玉川三丁目１７番１号,本館Ｂ１,髙島屋玉川店（アンティカ）,株式会社髙島屋,03-3709-3111,6世保生食ほ第204号,飲食店営業,令和6年5月9日,令和6年5月9日,令和13年5月31日
3536,東京都世田谷区玉川三丁目１７番１号,本館Ｂ１,玉川髙島屋キャピタルコーヒー,株式会社髙島屋,3709-3111,7世保生食ほ第1787号,飲食店営業,令和8年3月18日,令和8年3月18日,令和15年3月31日
3537,東京都世田谷区玉川三丁目１７番１号,本館地下１階,髙島屋玉川店（ＲＦ１融合）,株式会社髙島屋,3709-3111,7世保生食ほ第1790号,飲食店営業,令和8年3月18日,令和8年3月18日,令和15年3月31日
3538,東京都世田谷区玉川三丁目１７番１号,本館Ｂ１,玉川高島屋Ｂ１中島水産寿司厨房,株式会社髙島屋,3709-3111,31世保生食ほ第152号,飲食店営業,平成31年4月23日,平成31年4月23日,令和8年4月30日
3539,東京都世田谷区玉川三丁目１７番１号,本館Ｂ１,玉川高島屋Ｂ１中島水産寿司厨房,株式会社髙島屋,3709-3111,31世保生食ほ第153号,魚介類販売業,平成31年4月23日,平成31年4月23日,令和8年4月30日
3540,東京都世田谷区玉川三丁目１７番１号,本館Ｂ１,玉川高島屋Ｂ１中島水産寿司厨房,株式会社髙島屋,3709-3111,7世保生食ほ第1791号,飲食店営業,令和8年4月2日,令和8年4月2日,令和15年4月30日
3541,東京都世田谷区玉川三丁目１７番１号,本館Ｂ１,玉川高島屋Ｂ１中島水産寿司厨房,株式会社髙島屋,3709-3111,7世保生食ほ第1792号,魚介類販売業,令和8年4月2日,令和8年4月2日,令和15年4月30日
3542,東京都世田谷区玉川三丁目１７番１号,ＳＣ本館Ｂ１,崎陽軒　玉川髙島屋Ｓ・Ｃ店,株式会社崎陽軒,0337088677,31世保生食ほ第1076号,飲食店営業,令和元年9月17日,令和元年9月17日,令和8年9月30日
3543,東京都世田谷区玉川三丁目１７番１号,ＳＣ本館２Ｆ,３６５日とＣＯＦＦＥＥ,ウルトラキッチン株式会社,03-6805-6486,31世保生食ほ第2921号,飲食店営業,令和2年4月10日,令和2年4月10日,令和9年4月30日
3544,東京都世田谷区玉川三丁目１７番１号,ＳＣ本館２Ｆ,３６５日とＣＯＦＦＥＥ,ウルトラキッチン株式会社,03-6805-6486,31世保生食ほ第2922号,アイスクリーム類製造業,令和2年4月10日,令和2年4月10日,令和9年4月30日
3545,東京都世田谷区玉川三丁目１７番１号,玉川髙島屋南館６階Ｓ６０９区画,サロン卵と私　玉川髙島屋店,日本レストランシステム株式会社,03-6805-7705,3世保生食ほ第1220号,飲食店営業,令和3年9月28日,令和3年9月28日,令和10年9月30日
3546,東京都世田谷区玉川三丁目１７番１号,玉川高島屋南館地下２階,つばめグリルＤＥＬＩ,株式会社つばめ,3709-0117,3世保生食ほ第1313号,飲食店営業,令和3年10月7日,令和3年10月7日,令和10年10月31日
3547,東京都世田谷区玉川三丁目１７番１号,玉川髙島屋南館地下２階,うなぎ四代目菊川　玉川髙島屋Ｓ．Ｃ店,株式会社パッションギークス,03-5797-9100,3世保生食ほ第2068号,飲食店営業,令和4年3月9日,令和4年3月9日,令和11年3月31日
3548,東京都世田谷区玉川三丁目１７番１号,玉川高島屋Ｓ・Ｃ　南館地下　１Ｆ,玉川高島屋Ｓ・Ｃ店,株式会社ゴンチャジャパン,03-6805-6250,4世保生食ほ第1521号,飲食店営業,令和4年12月28日,令和4年12月28日,令和11年12月31日
3549,東京都世田谷区玉川三丁目１７番１号,本館２階,玉川髙島屋Ｓ・Ｃ　ＴＯＤＡＹ’Ｓ　ＳＰＥＣＩＡＬ　ＦＵＴＡＫＯＴＡＭＡＧＡＷＡ,株式会社ウェルカム,03-3709-2222,4世保生食ほ第1718号,飲食店営業,令和5年2月24日,令和5年2月24日,令和11年2月28日
3550,東京都世田谷区玉川三丁目１７番１号,玉川髙島屋Ｓ・Ｃ本館Ｂ１Ｆ,ＧＲＡＮＮＹ　ＳＭＩＴＨ　ＡＰＰＬＥ　ＰＩＥ　＆　ＣＯＦＦＥＥ　二子玉川店,株式会社Ｉ－ＳＴＹＬＥ,03-6447-9481,5世保生食ほ第1344号,飲食店営業,令和5年11月27日,令和5年11月27日,令和12年11月30日
3551,東京都世田谷区玉川三丁目１７番１号,玉川髙島屋ＳＣ本館Ｂ１,ジァルディーノ,株式会社天一,03-5716-2688,5世保生食ほ第1663号,飲食店営業,令和6年3月19日,令和6年3月19日,令和13年3月31日
3552,東京都世田谷区玉川三丁目１７番１号,玉川高島屋Ｓ・Ｃ　本館３階,オクシモロン,株式会社カフーツ,03-6805-7331,6世保生食ほ第1706号,飲食店営業,令和7年3月5日,令和7年3月5日,令和14年3月31日
3553,東京都世田谷区玉川三丁目１７番１号,玉川高島屋ショッピングセンター西館１Ｆ　Ｗ１０５ｃ,ＰＩＺＺＡ　ＳＬＩＣＥ,株式会社ＡＬＰＨＡＢＥＴ　ＣＩＴＹ,03-3709-2222,7世保生食ほ第57号,飲食店営業,令和7年4月16日,令和7年4月16日,令和14年4月30日
3554,東京都世田谷区玉川三丁目１７番１号,玉川高島屋ショッピングセンター西館１Ｆ　Ｗ１０５ｄ,Ｍｉｎｉ　Ｍａｓｓｉｆ,株式会社Ｔｅｒｒａｉｎ,-,7世保生食ほ第58号,飲食店営業,令和7年4月16日,令和7年4月16日,令和14年4月30日
3555,東京都世田谷区玉川三丁目１７番１号,玉川高島屋ショッピングセンター西館１Ｆ　Ｗ１０５ｅ,ａｄｉｃｕｒｒｙ,ｊｉｕｎｕ合同会社,-,7世保生食ほ第59号,飲食店営業,令和7年4月16日,令和7年4月16日,令和14年4月30日
3556,東京都世田谷区玉川三丁目１７番１号,玉川高島屋ショッピングセンター西館１Ｆ　Ｗ１０５ｆ,Ｍｉｋｋｅｌｌｅｒ　Ｂｕｒｇｅｒ,Ｍｉｋｋｅｌｌｅｒ　Ｂｅｅｒ　株式会社,-,7世保生食ほ第60号,飲食店営業,令和7年4月16日,令和7年4月16日,令和14年4月30日
3557,東京都世田谷区玉川三丁目１７番１号,高島屋本館　６Ｆ,伊達かつ　玉川高島屋Ｓ・Ｃ店,ロイヤル商事株式会社,-,7世保生食ほ第1219号,飲食店営業,令和7年12月12日,令和7年12月12日,令和14年12月31日
3558,東京都世田谷区玉川三丁目１７番１号,玉川髙島屋ショッピングセンター西館１階Ｗ１０４ｂ号,七宝麻辣湯　二子玉川店,株式会社ダイニングイノベーション,03-6431-0780,7世保生食ほ第1668号,飲食店営業,令和8年3月9日,令和8年3月9日,令和15年3月31日
3559,東京都世田谷区玉川三丁目１７番１号,玉川高島屋Ｓ．Ｃ．南館Ｓ１０１－０１区画,ＹＭＹ　ＧＹＯＫＵＲＯ　ＴＥＡＲＯＯＭ,株式会社山本山,-,7世保生食ほ第1874号,飲食店営業,令和8年3月18日,令和8年3月18日,令和15年3月31日
3560,東京都世田谷区玉川三丁目１７番１号,玉川髙島屋Ｓ・Ｃ　南館９階,赤坂ふきぬき　玉川髙島屋店,コーワフード株式会社,-,8世保生食ほ第49号,飲食店営業,令和8年4月14日,令和8年4月14日,令和15年4月30日
3561,東京都世田谷区玉川三丁目１９番３号,１階,クリスプ・サラダワークス　二子玉川店,株式会社ＣＲＩＳＰ,-,4世保生食ほ第1900号,飲食店営業,令和5年3月20日,令和5年3月20日,令和12年3月31日
3562,東京都世田谷区玉川三丁目２０番１号,２Ｆ,すみれ家　二子玉川店,有限会社すみれ家,3707-6490,4世保生食ほ第192号,飲食店営業,令和4年6月1日,令和4年6月1日,令和10年5月31日
3563,東京都世田谷区玉川三丁目２０番１号,名川ビル１Ｆ,タマクーヘン　グルテンフリーカフェ,株式会社クルヴェル・キャン,03-6805-7443,7世保生食ほ第162号,飲食店営業,令和7年4月30日,令和7年4月30日,令和14年4月30日
3564,東京都世田谷区玉川三丁目２０番１号,名川ビル１Ｆ,タマクーヘン　グルテンフリーカフェ,株式会社クルヴェル・キャン,03-6805-7443,7世保生食ほ第163号,菓子製造業,令和7年4月30日,令和7年4月30日,令和14年4月30日
3565,東京都世田谷区玉川三丁目２０番２号,マノア玉川第３Ｂ１,焼売酒場　一本堂,***,03-6431-0720,6世保生食ほ第1627号,飲食店営業,令和7年2月27日,令和7年2月27日,令和14年2月29日
3566,東京都世田谷区玉川三丁目２０番２号,マノア玉川第３　１０１号,貝出汁中華そば　くらむ,オタギラカンパニー株式会社,-,3世保生食ほ第361号,飲食店営業,令和3年5月27日,令和3年5月27日,令和10年5月31日
3567,東京都世田谷区玉川三丁目２０番５号,マノア玉川第１－１０３号,　逸喜優,有限会社荻原,03-3707-1219,5世保生食ほ第813号,飲食店営業,令和5年9月7日,令和5年9月7日,令和11年9月30日
3568,東京都世田谷区玉川三丁目２０番８号,サントピア玉川１Ｆ,Ｖｉｖｉｄ　Ａｊｉａ,株式会社ジュンバタンメラ,03-6411-7258,31世保生食ほ第614号,飲食店営業,令和元年7月1日,令和元年7月1日,令和8年6月30日
3569,東京都世田谷区玉川三丁目２０番１１号,マノア玉川第１　Ｂ１,ＧＥＭＩＮＩ　Ｔｈｅａｔｅｒ,有限会社オアシス,03-6431-0261,7世保生食ほ第652号,飲食店営業,令和7年8月27日,令和7年8月27日,令和13年8月31日
3570,東京都世田谷区玉川三丁目２１番８号,シャルダン長崎１Ｆ,邑,株式会社邑,03-3707-6355,2世保生食ほ第133号,飲食店営業,令和2年4月14日,令和2年4月14日,令和9年4月30日
3571,東京都世田谷区玉川三丁目２１番８号,シャルダン長崎１Ｆ,邑,株式会社邑,03-3707-6355,2世保生食ほ第93号,そうざい製造業,令和2年4月13日,令和2年4月13日,令和9年4月30日
3572,東京都世田谷区玉川三丁目２１番２１号,ハイムカワベ１Ｆ,酉たか,株式会社ビータス,03-3700-0403,2世保生食ほ第1192号,飲食店営業,平成25年9月27日,令和2年10月1日,令和9年9月30日
3573,東京都世田谷区玉川三丁目２１番２１号,ハイムカワベ１Ｆ,酉たか,株式会社ビータス,03-3700-0403,3世保生食ほ第332号,アイスクリーム類製造業,令和3年5月12日,令和3年5月12日,令和10年5月31日
3574,東京都世田谷区玉川三丁目２２番１０号,ＡＬＤＥＢＡＲＡＮ１階,Ａｒｃｏｎ,株式会社Ｌａｌａｐａｌｏｏｚａ,03-6431-0722,4世保生食ほ第657号,飲食店営業,令和4年7月27日,令和4年7月27日,令和11年7月31日
3575,東京都世田谷区玉川三丁目２３番１９号,ザ・シティ　二子玉川　１階,８８ａｓｉａ　二子玉川店,株式会社麺食,-,4世保生食ほ第1218号,そうざい製造業,令和4年10月25日,令和4年10月25日,令和11年10月31日
3576,東京都世田谷区玉川三丁目２３番１９号,ザ・シティ　二子玉川　１階,８８ａｓｉａ　二子玉川店,株式会社麺食,-,4世保生食ほ第68号,飲食店営業,令和4年4月25日,令和4年4月25日,令和11年4月30日
3577,東京都世田谷区玉川三丁目２３番２２号,-,ローソン世田谷玉川三丁目店,有限会社エムケイエル,03-5491-5546,4世保生食ほ第599号,飲食店営業,令和4年8月1日,令和4年8月1日,令和11年7月31日
3578,東京都世田谷区玉川三丁目２３番２４号,カーム・ヴィアマーレＢ１Ｆ,バニラビーンズ,有限会社フュゼ,3708-6773,3世保生食ほ第2241号,飲食店営業,令和4年4月1日,令和4年4月1日,令和11年3月31日
3579,東京都世田谷区玉川三丁目２３番２４号,カーム・ヴィアマーレ１０１,ＮＥＷ　ＶＡＬＬＥＹ,株式会社はらぺこカンパニー,03-6431-0132,4世保生食ほ第1117号,菓子製造業,令和4年10月7日,令和4年10月7日,令和10年10月31日
3580,東京都世田谷区玉川三丁目２３番２４号,カーム・ヴィアマーレ１０１,ＮＥＷ　ＶＡＬＬＥＹ,株式会社はらぺこカンパニー,03-6431-0132,4世保生食ほ第590号,飲食店営業,令和4年9月21日,令和4年9月21日,令和10年9月30日
3581,東京都世田谷区玉川三丁目２３番２４号,♯１０２,ＣＨＥＲＥ,***,03-6805-7925,7世保生食ほ第542号,飲食店営業,令和7年8月7日,令和7年8月7日,令和13年8月31日
3582,東京都世田谷区玉川三丁目２５番１５号,やなぎやビル２０３,玉川やなぎや,***,3700-0005,7世保生食ほ第405号,飲食店営業,令和7年7月23日,令和7年7月23日,令和14年7月31日
3583,東京都世田谷区玉川三丁目２６番６号,-,のはな,***,03-3709-4210,6世保生食ほ第1679号,飲食店営業,令和7年3月13日,令和7年3月13日,令和13年3月31日
3584,東京都世田谷区玉川三丁目２８番２号,ハイツリバーサイド１０５,ロイヤルリカープレジデント株式会社,ロイヤルリカープレジデント株式会社,-,2世保生食ほ第305号,酒類製造業,令和2年5月14日,令和2年5月14日,令和8年5月31日
3585,東京都世田谷区玉川三丁目２９番１号,-,リアンレーヴ二子玉川,株式会社ＬＥＯＣ,-,5世保生食ほ第833号,飲食店営業,令和5年9月12日,令和5年9月12日,令和12年9月30日
3586,東京都世田谷区玉川三丁目３８番１号,-,ファミリーマート玉川三丁目店,***,03-5717-9560,5世保生食ほ第458号,飲食店営業,令和5年6月29日,令和5年6月29日,令和12年6月30日
3587,東京都世田谷区玉川三丁目３８番１号,-,ファミリーマート玉川三丁目店,ＹＡＴＡＩ株式会社,03-5717-9560,7世保生食ほ第877号,飲食店営業,令和7年9月25日,令和7年9月25日,令和14年9月30日
3588,東京都世田谷区玉川三丁目３９番９号,-,株式会社清島食品ファミリーホスピス二子玉川ハウス,株式会社清島食品,03-6432-7655,5世保生食ほ第351号,飲食店営業,令和5年6月5日,令和5年6月5日,令和12年6月30日
3589,東京都世田谷区玉川三丁目３９番３０号,トライダント翠よう館,株式会社マルエツ二子玉川店,株式会社マルエツ,03-3708-1571,2世保生食ほ第1441号,飲食店営業,平成11年11月30日,令和2年12月1日,令和9年11月30日
3590,東京都世田谷区玉川三丁目３９番３０号,トライダント翠よう館,株式会社マルエツ二子玉川店,株式会社マルエツ,03-3708-1571,2世保生食ほ第1442号,飲食店営業,平成11年11月30日,令和2年12月1日,令和9年11月30日
3591,東京都世田谷区玉川三丁目３９番３０号,トライダント翠よう館,株式会社マルエツ二子玉川店,株式会社マルエツ,03-3708-1571,2世保生食ほ第1444号,食肉販売業,平成11年11月30日,令和2年12月1日,令和9年11月30日
3592,東京都世田谷区玉川三丁目３９番３０号,トライダント翠よう館,株式会社マルエツ二子玉川店,株式会社マルエツ,03-3708-1571,2世保生食ほ第1445号,魚介類販売業,平成11年11月30日,令和2年12月1日,令和9年11月30日
3593,東京都世田谷区玉川三丁目３９番３０号,トライダント翠よう館,株式会社マルエツ二子玉川店,株式会社マルエツ,03-3708-1571,3世保生食ほ第1666号,菓子製造業,令和3年12月8日,令和3年12月8日,令和10年12月31日
3594,東京都世田谷区玉川三丁目４０番５号,山福ビル一階,食事処　なべちゃん,***,03-3709-3970,6世保生食ほ第1764号,飲食店営業,令和7年3月10日,令和7年3月10日,令和14年3月31日
3595,東京都世田谷区玉川四丁目１番９号,タマリバー２４６　１Ｆ,オンワードゴルフアカデミー,株式会社オーアンドケー,03-6411-7688,5世保生食ほ第880号,飲食店営業,令和5年9月13日,令和5年9月13日,令和11年9月30日
3596,東京都世田谷区玉川四丁目１番２５号,アイビーズプレイス３Ｆ,ロンハーマン　二子玉川　ＲＨｃａｆｅ,株式会社リトルリーグ,6757-2068,2世保生食ほ第2278号,飲食店営業,平成26年2月19日,令和3年3月1日,令和10年2月29日
3597,東京都世田谷区玉川四丁目１番２５号,アイビーズプレイス３Ｆ,ロンハーマン　二子玉川　ＲＨｃａｆｅ,株式会社リトルリーグ,6757-2068,2世保生食ほ第2279号,菓子製造業,平成26年2月19日,令和3年3月1日,令和10年2月29日
3598,東京都世田谷区玉川四丁目４番７号,-,介護付有料老人ホーム　アリア二子玉川,コンパスグループ・ジャパン株式会社,5491-7581,3世保生食ほ第586号,飲食店営業,令和3年6月1日,令和3年6月1日,令和10年5月31日
3599,東京都世田谷区玉川四丁目５番６号,グリーンテラスオジマ１Ｆ,ファミレス　ｂｙ　ＮＥＷ　ＶＡＬＬＥＹ,株式会社はらぺこカンパニー,-,5世保生食ほ第1971号,飲食店営業,令和6年4月3日,令和6年4月3日,令和13年4月30日
3600,東京都世田谷区玉川四丁目６番１号,-,世田谷区立二子玉川小学校,協立給食株式会社,03-3700-5531,3世保生食ほ第46号,飲食店営業,令和3年4月26日,令和3年4月26日,令和10年4月30日
3601,東京都世田谷区玉川四丁目８番３号,-,居酒屋　のんき,***,3709-2381,6世保生食ほ第322号,飲食店営業,令和6年7月1日,令和6年7月1日,令和12年6月30日
3602,東京都世田谷区玉川四丁目８番４号,深志ビル１Ｆ,ダイニング　ゆにたま,株式会社ノコナッツ,03-6805-7108,6世保生食ほ第1774号,飲食店営業,令和7年3月13日,令和7年3月13日,令和13年3月31日
3603,東京都世田谷区玉川四丁目１０番２０号,-,炭火焼肉　スップル,***,3708-5955,3世保生食ほ第1175号,飲食店営業,令和3年9月10日,令和3年9月10日,令和9年9月30日
3604,東京都世田谷区玉川四丁目１１番１０号,-,魚石,***,03-3709-3056,2世保生食ほ第2599号,魚介類販売業,昭和54年3月13日,令和3年4月1日,令和9年3月31日
3605,東京都世田谷区玉川四丁目１２番１１号,-,セブンイレブン世田谷玉川４丁目店,エンヴァリー株式会社,3708-0404,3世保生食ほ第547号,飲食店営業,令和3年6月24日,令和3年6月24日,令和10年6月30日
3606,東京都世田谷区玉川四丁目１２番１３号,-,肉の宝屋,***,03-3700-1962,2世保生食ほ第1431号,飲食店営業,昭和47年11月7日,令和2年12月1日,令和8年11月30日
3607,東京都世田谷区玉川四丁目１２番１３号,-,肉の宝屋,***,03-3700-1962,2世保生食ほ第1432号,食肉販売業,昭和47年11月7日,令和2年12月1日,令和8年11月30日
3608,東京都世田谷区上野毛一丁目３番７号,-,ｎａｇｈｉ,***,-,4世保生食ほ第1353号,飲食店営業,令和4年11月22日,令和4年11月22日,令和10年11月30日
3609,東京都世田谷区上野毛一丁目１３番６号,-,ラ・フィエゾン,***,4296-3949,2世保生食ほ第313号,飲食店営業,平成26年5月9日,令和2年6月1日,令和8年5月31日
3610,東京都世田谷区上野毛一丁目１３番６号,-,ラ・フィエゾン,***,4296-3949,2世保生食ほ第314号,菓子製造業,平成26年5月9日,令和2年6月1日,令和8年5月31日
3611,東京都世田谷区上野毛一丁目１３番７号,-,ナチュラルローソン上野毛一丁目店,有限会社エムケイエル,03-5706-7377,5世保生食ほ第1491号,飲食店営業,令和6年2月1日,令和6年2月1日,令和13年1月31日
3612,東京都世田谷区上野毛一丁目１３番７号,上野毛１１３７ビルＢ１,焼酎酒場　いなた,***,5758-2227,5世保生食ほ第1809号,飲食店営業,令和6年4月1日,令和6年4月1日,令和13年3月31日
3613,東京都世田谷区上野毛一丁目１３番７号,-,カレーハウスＣｏＣｏ壱番屋　東急上野毛駅前店,株式会社Ｙｐｒｏｊｅｃｔ,6432-3681,31世保生食ほ第2314号,飲食店営業,令和2年2月13日,令和2年2月13日,令和9年2月28日
3614,東京都世田谷区上野毛一丁目１３番９号,-,らぁ麺みうら,株式会社トップアンドフレーバー,03-6455-9480,2世保生食ほ第513号,飲食店営業,令和2年6月19日,令和2年6月19日,令和9年6月30日
3615,東京都世田谷区上野毛一丁目１４番６号,光屋ビル１Ｆ,ＫＥＯｋｅｏ．,合同会社ｋｅｏ,03-6821-2906,3世保生食ほ第1730号,飲食店営業,令和3年12月27日,令和3年12月27日,令和10年12月31日
3616,東京都世田谷区上野毛一丁目１４番７号,-,ファミリーマート上野毛駅前店,株式会社丸ファーム,5758-1133,31世保生食ほ第2035号,飲食店営業,平成24年12月12日,令和2年1月1日,令和8年12月31日
3617,東京都世田谷区上野毛一丁目１４番８号,-,満寿多屋,***,3702-3037,3世保生食ほ第1628号,飲食店営業,令和4年1月1日,令和4年1月1日,令和9年12月31日
3618,東京都世田谷区上野毛一丁目１４番１０号,-,幸楽,株式会社　幸楽,3701-5198,2世保生食ほ第3号,飲食店営業,平成26年7月11日,令和2年8月1日,令和8年7月31日
3619,東京都世田谷区上野毛一丁目１７番６号,上野毛ショッピングセンターＢ１Ｆ,Ｓｈｏｔ　Ｂａｒ　Ｎ’ｓ,***,03-3702-2273,3世保生食ほ第1556号,飲食店営業,令和3年12月1日,令和3年12月1日,令和9年11月30日
3620,東京都世田谷区上野毛一丁目１７番６号,-,築地ダイニング　金のうなぎ　上野毛店,株式会社ケーディーエム,6432-2076,5世保生食ほ第196号,飲食店営業,令和5年6月1日,令和5年6月1日,令和12年5月31日
3621,東京都世田谷区上野毛一丁目１７番９号,-,スーパーオオゼキ上野毛店,株式会社オオゼキ,0357522101,3世保生食ほ第812号,食肉販売業,令和3年8月1日,令和3年8月1日,令和10年7月31日
3622,東京都世田谷区上野毛一丁目１７番９号,-,スーパーオオゼキ上野毛店,株式会社オオゼキ,0357522101,3世保生食ほ第813号,魚介類販売業,令和3年8月1日,令和3年8月1日,令和10年7月31日
3623,東京都世田谷区上野毛一丁目１８番１０号,上野毛マンション１階,伊仙,***,3704-3666,3世保生食ほ第118号,飲食店営業,平成19年5月23日,令和3年6月1日,令和10年5月31日
3624,東京都世田谷区上野毛一丁目１８番１０号,上野毛マンション１階,とりまさ,***,03-6432-3775,7世保生食ほ第1774号,飲食店営業,令和8年4月1日,令和8年4月1日,令和14年3月31日
3625,東京都世田谷区上野毛一丁目１８番１４号,-,ローソンストア１００　上野毛店,株式会社ローソンストア１００,0357587699,4世保生食ほ第428号,飲食店営業,令和4年7月1日,令和4年7月1日,令和10年6月30日
3626,東京都世田谷区上野毛一丁目２２番１７号,トリフローラ上野毛１階,ママタルト,***,-,2世保生食ほ第1736号,飲食店営業,平成25年12月9日,令和3年1月1日,令和9年12月31日
3627,東京都世田谷区上野毛一丁目２２番１７号,トリフローラ上野毛１階,ママタルト,***,-,2世保生食ほ第1737号,菓子製造業,平成25年12月9日,令和3年1月1日,令和9年12月31日
3628,東京都世田谷区上野毛一丁目２２番１８号,-,福助,***,6809-8967,3世保生食ほ第340号,飲食店営業,昭和63年5月24日,令和3年6月1日,令和9年5月31日
3629,東京都世田谷区上野毛一丁目２４番５号,-,酒菜屋　和味,***,3701-3763,7世保生食ほ第361号,飲食店営業,令和7年8月1日,令和7年8月1日,令和14年7月31日
3630,東京都世田谷区上野毛一丁目２５番２号,-,Ｖ?　Ｔｏｋｙｏ,株式会社川翔プログレス,03-6432-2123,3世保生食ほ第583号,飲食店営業,令和3年6月18日,令和3年6月18日,令和10年6月30日
3631,東京都世田谷区上野毛一丁目２５番２号,-,Ｖ?　Ｔｏｋｙｏ,株式会社川翔プログレス,03-6432-2123,3世保生食ほ第584号,食肉販売業,令和3年6月18日,令和3年6月18日,令和10年6月30日
3632,東京都世田谷区上野毛一丁目２５番２号,-,Ｖ?　Ｔｏｋｙｏ,株式会社川翔プログレス,03-6432-2123,3世保生食ほ第585号,漬物製造業,令和3年6月18日,令和3年6月18日,令和10年6月30日
3633,東京都世田谷区上野毛一丁目２５番３号,-,ケンタッキーフライドチキン上野毛店,株式会社明治屋フードサービス,03-6432-1961,7世保生食ほ第1321号,飲食店営業,令和7年12月17日,令和7年12月17日,令和14年12月31日
3634,東京都世田谷区上野毛一丁目２５番５号,-,野家上野毛店,株式会社野家,03-6805-9944,4世保生食ほ第1370号,飲食店営業,令和4年12月6日,令和4年12月6日,令和10年12月31日
3635,東京都世田谷区上野毛一丁目２５番５号,ＢＯＡビル１Ｆ,ａｉｋｏ,***,-,7世保生食ほ第659号,飲食店営業,令和7年8月29日,令和7年8月29日,令和14年8月31日
3636,東京都世田谷区上野毛一丁目２５番７号,カスヤビル１Ｆ,Ｔａｐｉｒ’ｓ　Ｋｉｔｃｈｅｎ,***,03-6809-7736,2世保生食ほ第1739号,飲食店営業,平成26年12月26日,令和3年1月1日,令和8年12月31日
3637,東京都世田谷区上野毛一丁目２５番８号,店舗１階,Ｂｕｏｎｏ＆Ｆｅｌｉｃｅ,株式会社Ｂｕｏｎｏ＆Ｆｅｌｉｃｅ,03-6805-9217,3世保生食ほ第784号,飲食店営業,令和3年7月7日,令和3年7月7日,令和9年7月31日
3638,東京都世田谷区上野毛一丁目２５番８号,店舗１階,Ｂｕｏｎｏ＆Ｆｅｌｉｃｅ,株式会社Ｂｕｏｎｏ＆Ｆｅｌｉｃｅ,03-6805-9217,3世保生食ほ第785号,菓子製造業,令和3年7月7日,令和3年7月7日,令和9年7月31日
3639,東京都世田谷区上野毛一丁目２５番１０号,秀明荘１Ｆ,コーヒー豆専門店　豆善,株式会社エクセルリビング,-,6世保生食ほ第799号,飲食店営業,令和6年9月18日,令和6年9月18日,令和12年9月30日
3640,東京都世田谷区上野毛一丁目２５番１０号,秀明荘１Ｆ,コーヒー豆専門店　豆善,株式会社エクセルリビング,-,6世保生食ほ第800号,菓子製造業,令和6年9月18日,令和6年9月18日,令和12年9月30日
3641,東京都世田谷区上野毛一丁目２６番１６号,-,小料理びすとろ　サリチェ,***,03-6809-8484,2世保生食ほ第485号,飲食店営業,令和2年6月22日,令和2年6月22日,令和9年6月30日
3642,東京都世田谷区上野毛一丁目２７番２号,ＫＰビルＢ１Ｆ,トワ・プティ・ルー,***,6676-5450,2世保生食ほ第331号,飲食店営業,平成25年4月8日,令和2年5月1日,令和9年4月30日
3643,東京都世田谷区上野毛一丁目２７番９号,-,陣屋,***,3703-4711,5世保生食ほ第732号,飲食店営業,令和5年9月1日,令和5年9月1日,令和11年8月31日
3644,東京都世田谷区上野毛一丁目２７番１０号,岩垂ビル１Ｆ,７４　ｃａｂｏｔｔｅ,***,03-6432-2655,6世保生食ほ第1752号,飲食店営業,令和7年4月1日,令和7年4月1日,令和13年3月31日
3645,東京都世田谷区上野毛一丁目２７番１３号,牧田ビル１Ｆ,鶏鷹,有限会社さかえ屋,3702-1129,7世保生食ほ第259号,飲食店営業,令和7年7月1日,令和7年7月1日,令和13年6月30日
3646,東京都世田谷区上野毛一丁目２８番１号,２Ｆ,Ｓｗｅｅｔ　Ｃｏｍｐａｎｙ,ｇｉｖｅｒｆｏｒｇｅｔ株式会社,-,5世保生食ほ第935号,菓子製造業,令和5年10月16日,令和5年10月16日,令和11年10月31日
3647,東京都世田谷区上野毛一丁目２８番１５号,-,中国料理鴻龍,***,3703-2397,5世保生食ほ第354号,飲食店営業,令和5年7月1日,令和5年7月1日,令和11年6月30日
3648,東京都世田谷区上野毛一丁目２９番３号,-,セブン－イレブン　世田谷上野毛,有限会社泰友,3701-0728,3世保生食ほ第2308号,飲食店営業,令和4年3月24日,令和4年3月24日,令和10年3月31日
3649,東京都世田谷区上野毛一丁目２９番７号,-,上野手,***,3705-9255,2世保生食ほ第1587号,飲食店営業,平成20年11月13日,令和2年12月1日,令和8年11月30日
3650,東京都世田谷区上野毛二丁目７番１０号,-,蕎麦　はやかわ,***,6884-4614,7世保生食ほ第1125号,飲食店営業,令和7年12月1日,令和7年12月1日,令和14年11月30日
3651,東京都世田谷区上野毛二丁目７番１５号,玉屋ビル１Ｆ,セブンイレブン世田谷上野毛駅前店,ライズ株式会社,03-3702-9022,3世保生食ほ第490号,飲食店営業,令和3年6月25日,令和3年6月25日,令和10年6月30日
3652,東京都世田谷区上野毛二丁目７番１６号,玉屋ビル１階,鳥貴族　上野毛店,株式会社鳥貴族東日本,03-6805-9044,5世保生食ほ第984号,飲食店営業,令和5年11月1日,令和5年11月1日,令和12年10月31日
3653,東京都世田谷区上野毛二丁目２０番２号,-,ファニィワン,ファニィワン株式会社,03-6337-7171,3世保生食ほ第1090号,飲食店営業,令和3年10月1日,令和3年10月1日,令和9年9月30日
3654,東京都世田谷区上野毛二丁目２４番２１号,２号館,日本菓子専門学校２号館,学校法人　日本菓子学園,3700-2615,2世保生食ほ第714号,菓子製造業,昭和48年10月31日,令和2年11月1日,令和9年10月31日
3655,東京都世田谷区上野毛二丁目２４番２１号,３号館,日本菓子専門学校３号館,学校法人　日本菓子学園,3700-2615,2世保生食ほ第715号,菓子製造業,平成18年10月25日,令和2年11月1日,令和9年10月31日
3656,東京都世田谷区上野毛二丁目２４番２１号,４号館,日本菓子専門学校４号館,学校法人　日本菓子学園,3700-2615,2世保生食ほ第716号,菓子製造業,平成18年10月25日,令和2年11月1日,令和9年10月31日
3657,東京都世田谷区上野毛二丁目２４番２１号,５号館,日本菓子専門学校５号館,学校法人　日本菓子学園,3700-2615,2世保生食ほ第717号,菓子製造業,平成18年10月25日,令和2年11月1日,令和9年10月31日
3658,東京都世田谷区上野毛二丁目２４番２１号,３Ｆ,日本菓子専門学校カフェテリア,株式会社共立フーズサービス,3708-4250,3世保生食ほ第294号,飲食店営業,平成19年5月23日,令和3年6月1日,令和10年5月31日
3659,東京都世田谷区上野毛三丁目１番３号,-,アンクルサムズサンドウィッチ,株式会社木内屋,3704-8578,4世保生食ほ第1222号,飲食店営業,令和4年12月1日,令和4年12月1日,令和10年11月30日
3660,東京都世田谷区上野毛三丁目１番１１号,上野毛ビル２Ｆ,上野毛　魚光,株式会社ＮＡＴＯＭＩＣＳ,03-6432-1965,5世保生食ほ第767号,飲食店営業,令和5年10月1日,令和5年10月1日,令和12年9月30日
3661,東京都世田谷区上野毛三丁目２番１４号,レフィナード上野毛１Ｆ,カフェバー＆美容室　ポラリス,***,03-6809-7940,7世保生食ほ第515号,飲食店営業,令和7年7月28日,令和7年7月28日,令和13年7月31日
3662,東京都世田谷区上野毛三丁目２番１５号,-,すしやの幸ちゃん,***,3701-0132,7世保生食ほ第605号,飲食店営業,令和7年9月1日,令和7年9月1日,令和13年8月31日
3663,東京都世田谷区上野毛三丁目１１番１号,-,かほる保育園,株式会社ミールケア,-,2世保生食ほ第951号,飲食店営業,令和2年8月28日,令和2年8月28日,令和9年8月31日
3664,東京都世田谷区上野毛三丁目１２番１７号,-,そんぽの家Ｓ上野毛駅前,ＳＯＭＰＯケアフーズ株式会社,03-5752-1606,3世保生食ほ第2221号,飲食店営業,令和4年4月1日,令和4年4月1日,令和11年3月31日
3665,東京都世田谷区上野毛三丁目１３番１１号,-,まえだ,***,-,2世保生食ほ第2538号,飲食店営業,平成9年4月1日,令和3年4月1日,令和9年3月31日
3666,東京都世田谷区上野毛三丁目１５番３４号,-,多摩美術大学上野毛食堂,東京学校用品株式会社,5707-2042,31世保生食ほ第2596号,飲食店営業,平成6年3月31日,令和2年4月1日,令和9年3月31日
3667,東京都世田谷区上野毛三丁目２２番５号,-,株式会社ＦＤＳ,株式会社ＦＤＳ,6325-6080,4世保生食ほ第553号,飲食店営業,令和4年7月1日,令和4年7月1日,令和10年6月30日
3668,東京都世田谷区上野毛四丁目１番２号,-,ローソン　世田谷上野毛四丁目店,有限会社アールイーアイ,03-6809-8815,5世保生食ほ第146号,飲食店営業,令和5年4月26日,令和5年4月26日,令和12年4月30日
3669,東京都世田谷区上野毛四丁目１５番１号,-,Ｐｉｚｚｅｒｉａ　ｉｌ　Ｖｅｌｉｅｒｏ,ラ・サルトテクニカ有限会社,03-4363-7793,7世保生食ほ第1155号,飲食店営業,令和7年11月10日,令和7年11月10日,令和14年11月30日
3670,東京都世田谷区上野毛四丁目２２番２号,カヤカミノゲ１Ｆ,Ｔｈｅ　Ｓｈｅｄ,Ｓｈｅｄ　Ｐｒｏｄｕｃｔｓ　株式会社,-,5世保生食ほ第1031号,飲食店営業,令和5年10月4日,令和5年10月4日,令和11年10月31日
3671,東京都世田谷区上野毛四丁目２２番２０号,-,くらら上野毛,株式会社ＬＥＯＣ,3709-3851,6世保生食ほ第104号,飲食店営業,令和6年6月1日,令和6年6月1日,令和13年5月31日
3672,東京都世田谷区上野毛四丁目２４番３号,-,たいかいや,***,3700-1173,7世保生食ほ第1330号,飲食店営業,令和8年1月1日,令和8年1月1日,令和13年12月31日
3673,東京都世田谷区上野毛四丁目３９番１２号,-,パピー　上野毛店,***,3707-6178,5世保生食ほ第1216号,飲食店営業,令和5年12月1日,令和5年12月1日,令和11年11月30日
3674,東京都世田谷区上野毛四丁目３９番１２号,１Ｆ,だし麺屋　ナミノアヤ,株式会社ＫＡＩＺＯＫＵ,03-5797-9659,3世保生食ほ第442号,飲食店営業,令和3年7月27日,令和3年7月27日,令和10年7月31日
3675,東京都世田谷区野毛一丁目３番１４号,-,池田屋酒店,***,03-3701-0846,6世保生食ほ第1083号,飲食店営業,令和6年10月30日,令和6年10月30日,令和12年10月31日
3676,東京都世田谷区野毛一丁目１７番１１号,等々力溪谷スカイマンションＢ１,リストランテ　ＯＴＴＯ,株式会社菅野秀治企画,3704-3778,31世保生食ほ第18号,飲食店営業,平成10年4月22日,令和元年5月1日,令和8年4月30日
3677,東京都世田谷区野毛一丁目１７番１１号,等々力溪谷スカイマンションＢ１,リストランテ　ＯＴＴＯ,株式会社菅野秀治企画,3704-3778,31世保生食ほ第19号,菓子製造業,平成10年4月22日,令和元年5月1日,令和8年4月30日
3678,東京都世田谷区野毛一丁目２６番１号,-,関根屋酒店,***,3701-0350,3世保生食ほ第1272号,氷雪製造業,令和3年11月1日,令和3年11月1日,令和9年10月31日
3679,東京都世田谷区野毛二丁目２８番２３号,１Ｆ,楽ちん堂,***,3702-8468,6世保生食ほ第1150号,飲食店営業,令和6年12月1日,令和6年12月1日,令和12年11月30日
3680,東京都世田谷区野毛二丁目２８番２３号,Ｂ棟,Ｓｔｕｄｉｏ　Ｇｏｒｒｏｎ,特定非営利活動法人ら・ら・ら,03-3702-8468,2世保生食ほ第2644号,飲食店営業,令和3年3月17日,令和3年3月17日,令和9年3月31日
3681,東京都世田谷区中町一丁目９番２５号,-,ａｐｐｌｅｓ　ｓｔｕｄｉｏ,株式会社グッドパフォーマンス,03-6809-7920,5世保生食ほ第649号,飲食店営業,令和5年8月25日,令和5年8月25日,令和11年8月31日
3682,東京都世田谷区中町一丁目９番２５号,-,ａｐｐｌｅｓ　ｓｔｕｄｉｏ,株式会社グッドパフォーマンス,03-6809-7920,5世保生食ほ第650号,菓子製造業,令和5年8月25日,令和5年8月25日,令和11年8月31日
3683,東京都世田谷区中町一丁目１９番１５号,-,日本料理　荏原,株式会社正,6411-6641,4世保生食ほ第92号,飲食店営業,令和4年6月1日,令和4年6月1日,令和10年5月31日
3684,東京都世田谷区中町二丁目１番１８号,三鈴ハイム１Ｆ,ＹＥＴＩ　ＲＯＡＳＴＥＲＹ．ＣＯＦＦＥＥ,ＹＥＴＩ　ＣＯＦＦＥＥ合同会社,03-6455-9494,2世保生食ほ第1489号,菓子製造業,令和2年10月30日,令和2年10月30日,令和9年10月31日
3685,東京都世田谷区中町二丁目１番１８号,三鈴ハイム１Ｆ,ＹＥＴＩ　ＲＯＡＳＴＥＲＹ．ＣＯＦＦＥＥ,ＹＥＴＩ　ＣＯＦＦＥＥ合同会社,03-6455-9494,2世保生食ほ第698号,飲食店営業,令和2年8月5日,令和2年8月5日,令和9年8月31日
3686,東京都世田谷区中町二丁目１２番１６号,-,レストラン　ヌフ,***,03-3702-7035,7世保生食ほ第492号,飲食店営業,令和7年7月11日,令和7年7月11日,令和13年7月31日
3687,東京都世田谷区中町二丁目２２番１７号,-,フォルクス上野毛店,株式会社アークミール,03-5707-0029,2世保生食ほ第204号,菓子製造業,平成20年4月25日,令和2年5月1日,令和8年4月30日
3688,東京都世田谷区中町二丁目２２番１７号,-,フォルクス上野毛店,株式会社アークミール,03-5707-0029,5世保生食ほ第1020号,飲食店営業,令和5年11月1日,令和5年11月1日,令和11年10月31日
3689,東京都世田谷区中町二丁目２９番１号,-,世田谷区立　玉川小学校,株式会社スエヒロ,-,3世保生食ほ第219号,飲食店営業,令和3年4月23日,令和3年4月23日,令和10年4月30日
3690,東京都世田谷区中町二丁目４１番９号,-,有限会社　上林業　更科,有限会社上林業　更科,3704-3611,2世保生食ほ第2039号,飲食店営業,昭和50年1月18日,令和3年2月1日,令和9年1月31日
3691,東京都世田谷区中町三丁目１番１号,-,セブン－イレブン世田谷中町３丁目店,株式会社ケイゾー,03-3705-7887,4世保生食ほ第1532号,飲食店営業,令和5年1月24日,令和5年1月24日,令和12年1月31日
3692,東京都世田谷区中町三丁目５番２３号,-,ＧＣＦ　アライブ世田谷中町,グランセスフード株式会社,03-5752-1311,2世保生食ほ第721号,飲食店営業,令和2年7月29日,令和2年7月29日,令和9年7月31日
3693,東京都世田谷区中町三丁目５番２３号,-,アライブ中町,株式会社オレンジエイト,-,7世保生食ほ第1903号,飲食店営業,令和8年3月27日,令和8年3月27日,令和15年3月31日
3694,東京都世田谷区中町三丁目２１番２１号,-,中島食品　株式会社,中島食品株式会社,3703-2333,7世保生食ほ第508号,食肉販売業,令和7年9月1日,令和7年9月1日,令和14年8月31日
3695,東京都世田谷区中町三丁目２１番２１号,-,中島食品　株式会社,中島食品株式会社,3703-2333,7世保生食ほ第509号,魚介類販売業,令和7年9月1日,令和7年9月1日,令和14年8月31日
3696,東京都世田谷区中町三丁目２５番８号,-,神戸屋レストラン上野毛店,株式会社神戸屋,5707-7066,6世保生食ほ第1175号,飲食店営業,令和6年12月1日,令和6年12月1日,令和13年11月30日
3697,東京都世田谷区中町三丁目２５番１６号,ＭＮビル１Ｆ,オーバーライス東京,株式会社クロアール,03-6809-7506,6世保生食ほ第1441号,飲食店営業,令和7年2月1日,令和7年2月1日,令和14年1月31日
3698,東京都世田谷区中町三丁目３３番１９号,-,延楽梅花堂,株式会社　延楽梅花堂,03-6672-6880,3世保生食ほ第127号,飲食店営業,令和3年4月28日,令和3年4月28日,令和9年4月30日
3699,東京都世田谷区中町三丁目３３番１９号,-,延楽梅花堂,株式会社　延楽梅花堂,03-6672-6880,4世保生食ほ第139号,菓子製造業,令和4年4月20日,令和4年4月20日,令和10年4月30日
3700,東京都世田谷区中町三丁目３３番１９号,-,延楽梅花堂,株式会社　延楽梅花堂,03-6672-6880,4世保生食ほ第8号,漬物製造業,令和4年4月14日,令和4年4月14日,令和10年4月30日
3701,東京都世田谷区中町四丁目６番８号,竹陣Ⅱ１Ｆ,Ｊ・ｓｔａｒ,***,03-6432-1933,2世保生食ほ第209号,菓子製造業,令和2年4月30日,令和2年4月30日,令和8年4月30日
3702,東京都世田谷区中町四丁目６番８号,竹陣Ⅱ１Ｆ,Ｊ・ｓｔａｒ,***,03-6432-1933,6世保生食ほ第1460号,飲食店営業,令和7年2月1日,令和7年2月1日,令和13年1月31日
3703,東京都世田谷区中町四丁目８番７号,-,キャッスル,***,3704-5756,4世保生食ほ第361号,菓子製造業,令和4年7月1日,令和4年7月1日,令和10年6月30日
3704,東京都世田谷区中町四丁目８番７号,-,メグミヤ,***,3701-0097,2世保生食ほ第1632号,飲食店営業,平成26年11月11日,令和2年12月1日,令和8年11月30日
3705,東京都世田谷区中町四丁目１３番５号,-,パブ　カリブ,有限会社アキヅキコーポレーション,3705-2356,4世保生食ほ第1676号,飲食店営業,令和5年2月1日,令和5年2月1日,令和11年1月31日
3706,東京都世田谷区中町四丁目１３番５号,ガルボ中町１０１,カフェ　オリエンターリ,***,03-6677-7238,2世保生食ほ第1771号,飲食店営業,平成25年12月18日,令和3年1月1日,令和9年12月31日
3707,東京都世田谷区中町四丁目１３番５号,ガルボ中町１０１,カフェ　オリエンターリ,***,03-6677-7238,2世保生食ほ第1772号,菓子製造業,平成26年3月17日,令和3年1月1日,令和9年12月31日
3708,東京都世田谷区中町四丁目２０番１３号,-,㈱　神田きくかわ上野毛店,株式会社神田きくかわ,3705-3737,4世保生食ほ第394号,飲食店営業,令和4年7月1日,令和4年7月1日,令和10年6月30日
3709,東京都世田谷区中町四丁目２３番１号,-,世田谷区立　中町小学校,株式会社スエヒロ,-,3世保生食ほ第218号,飲食店営業,令和3年4月23日,令和3年4月23日,令和10年4月30日
3710,東京都世田谷区中町四丁目２４番１号,-,有限会社　美味,有限会社美味,3705-2868,7世保生食ほ第1384号,菓子製造業,令和8年2月1日,令和8年2月1日,令和15年1月31日
3711,東京都世田谷区中町四丁目２４番１５号,-,小島屋菊田製菓,***,3701-1910,31世保生食ほ第2725号,菓子製造業,昭和42年5月7日,令和2年6月1日,令和8年5月31日
3712,東京都世田谷区中町四丁目２８番８号,-,地酒とうまいもん　しらいし,***,3703-5777,7世保生食ほ第1231号,飲食店営業,令和8年1月1日,令和8年1月1日,令和14年12月31日
3713,東京都世田谷区中町四丁目２８番１０号,-,いち井,***,3705-5536,7世保生食ほ第493号,飲食店営業,令和7年8月1日,令和7年8月1日,令和13年7月31日
3714,東京都世田谷区中町五丁目２番３号,-,㈲福元商店,有限会社福元商店,3701-6521,2世保生食ほ第2370号,魚介類販売業,平成3年3月5日,令和3年4月1日,令和9年3月31日
3715,東京都世田谷区中町五丁目９番５号,-,ブランズシティ世田谷中町,株式会社クオリティライフ・コンシェルジュ,03-6432-1441,6世保生食ほ第757号,飲食店営業,令和6年10月1日,令和6年10月1日,令和13年9月30日
3716,東京都世田谷区中町五丁目９番９号,-,ＨＣ世田谷中町,株式会社グリーンヘルスケアサービス,03-3701-4760,6世保生食ほ第329号,飲食店営業,令和6年7月1日,令和6年7月1日,令和13年6月30日
3717,東京都世田谷区中町五丁目１０番１７号,-,日本体育大学　和泉寮,株式会社ＬＥＯＣ,-,2世保生食ほ第648号,飲食店営業,平成25年8月21日,令和2年9月1日,令和9年8月31日
3718,東京都世田谷区中町五丁目１６番１号,サンロードビル１０１,ラール・ブルー,***,-,31世保生食ほ第2791号,飲食店営業,令和2年3月17日,令和2年3月17日,令和9年3月31日
3719,東京都世田谷区中町五丁目２１番７号,-,洋菓子喫茶の店ルモンド,***,3701-3433,2世保生食ほ第1666号,飲食店営業,平成26年12月22日,令和3年1月1日,令和8年12月31日
3720,東京都世田谷区中町五丁目２１番８号,-,やきにく　ら、ぼぅふ,有限会社おくよし,5707-0291,6世保生食ほ第1275号,飲食店営業,令和7年1月1日,令和7年1月1日,令和12年12月31日
3721,東京都世田谷区中町五丁目２１番８号,-,やきにく　ら、ぼぅふ,有限会社おくよし,5707-0291,7世保生食ほ第1885号,そうざい製造業,令和8年3月25日,令和8年3月25日,令和14年3月31日
3722,東京都世田谷区中町五丁目３０番１号,-,ヨークマート　中町店,株式会社イトーヨーカ堂,03-5760-3030,31世保生食ほ第721号,飲食店営業,令和元年7月23日,令和元年7月23日,令和8年7月31日
3723,東京都世田谷区中町五丁目３０番１号,-,ヨークマート　中町店,株式会社イトーヨーカ堂,03-5760-3030,31世保生食ほ第722号,飲食店営業,令和元年7月23日,令和元年7月23日,令和8年7月31日
3724,東京都世田谷区中町五丁目３０番１号,-,ヨークマート　中町店,株式会社イトーヨーカ堂,03-5760-3030,31世保生食ほ第723号,飲食店営業,令和元年7月23日,令和元年7月23日,令和8年7月31日
3725,東京都世田谷区中町五丁目３０番１号,-,ヨークマート　中町店,株式会社イトーヨーカ堂,03-5760-3030,31世保生食ほ第724号,菓子製造業,令和元年7月23日,令和元年7月23日,令和8年7月31日
3726,東京都世田谷区中町五丁目３０番１号,-,ヨークマート　中町店,株式会社イトーヨーカ堂,03-5760-3030,31世保生食ほ第725号,菓子製造業,令和元年7月23日,令和元年7月23日,令和8年7月31日
3727,東京都世田谷区中町五丁目３０番１号,-,ヨークマート　中町店,株式会社イトーヨーカ堂,03-5760-3030,31世保生食ほ第727号,魚介類販売業,令和元年7月23日,令和元年7月23日,令和8年7月31日
3728,東京都世田谷区中町五丁目３０番１号,-,ヨークマート　中町店,株式会社イトーヨーカ堂,03-5760-3030,6世保生食ほ第1101号,飲食店営業,令和6年12月1日,令和6年12月1日,令和13年11月30日
3729,東京都世田谷区中町五丁目３０番１号,-,ヨークマート　中町店,株式会社イトーヨーカ堂,03-5760-3030,6世保生食ほ第1102号,食肉販売業,令和6年12月1日,令和6年12月1日,令和13年11月30日
3730,東京都世田谷区中町五丁目３１番８号,-,おめし商店,***,-,2世保生食ほ第2685号,飲食店営業,令和3年3月30日,令和3年3月30日,令和9年3月31日
3731,東京都世田谷区中町五丁目３３番７号,-,中華料理　三幸,***,3702-3894,7世保生食ほ第1624号,飲食店営業,令和8年2月19日,令和8年2月19日,令和14年2月29日
3732,東京都世田谷区中町五丁目３５番７号,-,そんぽの家Ｓ　上野毛,ＳＯＭＰＯケアフーズ株式会社,5752-7771,31世保生食ほ第1999号,飲食店営業,平成24年12月21日,令和2年1月1日,令和8年12月31日
3733,東京都世田谷区中町五丁目３５番１３号,-,てんぷら　天佑,***,03-3703-5135,2世保生食ほ第2426号,飲食店営業,平成21年3月31日,令和3年4月1日,令和9年3月31日
3734,東京都世田谷区中町五丁目３８番２号,-,有限会社　おくよし,有限会社おくよし,3702-3133,3世保生食ほ第2074号,食肉処理業,令和4年4月1日,令和4年4月1日,令和11年3月31日
3735,東京都世田谷区中町五丁目３９番９号,-,Ｓｗｅｅｔｓ　Ａｔｅｌｉｅｒ　５３９９,***,-,2世保生食ほ第2853号,飲食店営業,平成27年5月1日,令和3年5月1日,令和9年4月30日
3736,東京都世田谷区中町五丁目３９番９号,-,Ｓｗｅｅｔｓ　Ａｔｅｌｉｅｒ　５３９９,***,-,2世保生食ほ第2854号,菓子製造業,平成27年5月1日,令和3年5月1日,令和9年4月30日
3737,東京都世田谷区等々力一丁目５番１２号,Ｂ１,Ｂ＆Ｉ　ＯＨ１９５２,グリーンホスピタリティフードサービス株式会社,3704-8525,5世保生食ほ第1692号,飲食店営業,令和6年4月1日,令和6年4月1日,令和13年3月31日
3738,東京都世田谷区等々力一丁目７番１８号,-,セブンイレブン世田谷等々力１丁目店,有限会社ヒデコーポレーション,03-3702-4570,31世保生食ほ第2178号,飲食店営業,平成26年2月24日,令和2年3月1日,令和9年2月28日
3739,東京都世田谷区等々力一丁目７番１８号,-,セブンイレブン世田谷等々力１丁目店,有限会社ヒデコーポレーション,03-3702-4570,31世保生食ほ第2179号,菓子製造業,平成26年2月24日,令和2年3月1日,令和9年2月28日
3740,東京都世田谷区等々力一丁目１３番７号,-,カフェ　マッシュルーム,特定非営利活動法人グラシアス,03-6555-2392,4世保生食ほ第1955号,飲食店営業,令和5年3月28日,令和5年3月28日,令和11年3月31日
3741,東京都世田谷区等々力一丁目２２番２７号,グリーンバレー等々力１Ｆ,ドミノピザ等々力不動前店,株式会社ドミノ・ピザジャパン,5758-1666,2世保生食ほ第2275号,飲食店営業,平成26年2月21日,令和3年3月1日,令和10年2月29日
3742,東京都世田谷区等々力一丁目２２番４７号,-,雪月花,満願寺,3705-8137,7世保生食ほ第750号,飲食店営業,令和7年10月1日,令和7年10月1日,令和13年9月30日
3743,東京都世田谷区等々力一丁目２２番４７号,-,四季の花,満願寺,-,2世保生食ほ第2516号,喫茶店営業,平成27年3月30日,令和3年4月1日,令和9年3月31日
3744,東京都世田谷区等々力一丁目２４番１１号,等々力共愛ホームズ１階,ＨＣ等々力共愛,株式会社グリーンヘルスケアサービス,03-5706-6588,5世保生食ほ第1828号,飲食店営業,令和6年3月13日,令和6年3月13日,令和13年3月31日
3745,東京都世田谷区等々力一丁目３０番１６号,-,らーめん陸　尾山台,***,-,2世保生食ほ第2629号,飲食店営業,平成27年3月4日,令和3年4月1日,令和9年3月31日
3746,東京都世田谷区等々力一丁目３２番１３号,-,クォリティフーズ株式会社マクドナルド環八等々力店,クォリティフーズ株式会社,03-5758-3050,2世保生食ほ第170号,飲食店営業,平成25年6月28日,令和2年7月1日,令和9年6月30日
3747,東京都世田谷区等々力一丁目３２番１３号,-,クォリティフーズ株式会社マクドナルド環八等々力店,クォリティフーズ株式会社,5758-3050,2世保生食ほ第172号,菓子製造業,平成25年6月28日,令和2年7月1日,令和9年6月30日
3748,東京都世田谷区等々力一丁目３２番１３号,-,クォリティフーズ株式会社マクドナルド環八等々力店,クォリティフーズ株式会社,5758-3050,2世保生食ほ第173号,アイスクリーム類製造業,平成25年6月28日,令和2年7月1日,令和9年6月30日
3749,東京都世田谷区等々力二丁目１番１号,アーバン尾山台１Ｆ,串カツ田中　尾山台店,株式会社串カツ田中,03-3701-3228,7世保生食ほ第1620号,飲食店営業,令和8年3月1日,令和8年3月1日,令和15年2月28日
3750,東京都世田谷区等々力二丁目１番３号,-,有限会社かわた菓子研究所　オーボンヴュータン,有限会社かわた菓子研究所,03-3703-8428,4世保生食ほ第18号,飲食店営業,令和4年5月1日,令和4年5月1日,令和11年4月30日
3751,東京都世田谷区等々力二丁目１番３号,-,有限会社かわた菓子研究所　オーボンヴュータン,有限会社かわた菓子研究所,03-3703-8428,4世保生食ほ第19号,食肉販売業,令和4年5月1日,令和4年5月1日,令和11年4月30日
3752,東京都世田谷区等々力二丁目１番３号,-,有限会社かわた菓子研究所　オーボンヴュータン,有限会社かわた菓子研究所,03-3703-8428,4世保生食ほ第20号,菓子製造業,令和4年5月1日,令和4年5月1日,令和11年4月30日
3753,東京都世田谷区等々力二丁目１番３号,-,有限会社かわた菓子研究所　オーボンヴュータン,有限会社かわた菓子研究所,03-3703-8428,4世保生食ほ第21号,アイスクリーム類製造業,令和4年5月1日,令和4年5月1日,令和11年4月30日
3754,東京都世田谷区等々力二丁目１番３号,-,有限会社かわた菓子研究所　オーボンヴュータン,有限会社かわた菓子研究所,03-3703-8428,4世保生食ほ第22号,食肉製品製造業,令和4年5月1日,令和4年5月1日,令和11年4月30日
3755,東京都世田谷区等々力二丁目１番５号,-,㈲かわた菓子研究所、オーボンヴュータン,有限会社かわた菓子研究所,3703-8428,31世保生食ほ第1722号,菓子製造業,平成17年12月20日,令和2年1月1日,令和8年12月31日
3756,東京都世田谷区等々力二丁目１番１３号,マークヒルズ尾山台１Ｆ,アジアン料理　サハラ,ＭＯＴＨＥＲＬＡＮＤ株式会社,03-5760-6644,4世保生食ほ第169号,飲食店営業,令和4年5月24日,令和4年5月24日,令和10年5月31日
3757,東京都世田谷区等々力二丁目１番１３号,八鍬ビル日本,尾山台ＳＴＡＮＤ,株式会社パッション・インサイド,03-6411-6939,6世保生食ほ第379号,飲食店営業,令和6年6月18日,令和6年6月18日,令和12年6月30日
3758,東京都世田谷区等々力二丁目１番１４号,-,トラットリア・ピッツェリア・リーノ・バンビーノ,***,5707-6161,6世保生食ほ第1773号,飲食店営業,令和7年4月1日,令和7年4月1日,令和13年3月31日
3759,東京都世田谷区等々力二丁目９番１０号,三秀ビル１０１,スナック　アンポンタン,合資会社のーぶる,3701-4929,2世保生食ほ第406号,飲食店営業,令和2年6月3日,令和2年6月3日,令和8年6月30日
3760,東京都世田谷区等々力二丁目１３番４号,-,世田谷区立玉川福祉作業所等々力分場,富士産業株式会社,5400-6111,2世保生食ほ第2656号,飲食店営業,平成27年3月20日,令和3年4月1日,令和9年3月31日
3761,東京都世田谷区等々力二丁目１６番１５号,早川電機ビル２０１号室,焼肉ゆかわ,株式会社プレイン,5758-8929,31世保生食ほ第2983号,飲食店営業,平成25年3月12日,令和2年4月1日,令和9年3月31日
3762,東京都世田谷区等々力二丁目１７番１７号,クレールＮ,リトルマーメイド尾山台店,合同会社青枝,03-3704-9187,5世保生食ほ第453号,菓子製造業,令和5年7月4日,令和5年7月4日,令和12年7月31日
3763,東京都世田谷区等々力二丁目１８番１号,-,パイ焼き茶房,社会福祉法人　はる,3703-0415,31世保生食ほ第736号,飲食店営業,平成17年7月29日,令和元年8月1日,令和8年7月31日
3764,東京都世田谷区等々力二丁目１８番１号,-,パイ焼き茶房,社会福祉法人　はる,3703-0415,5世保生食ほ第1882号,飲食店営業,令和6年5月1日,令和6年5月1日,令和13年4月30日
3765,東京都世田谷区等々力二丁目１８番１２号,-,坊っちゃん,***,3705-1289,3世保生食ほ第133号,飲食店営業,平成15年4月7日,令和3年5月1日,令和9年4月30日
3766,東京都世田谷区等々力二丁目１８番１２号,-,から揚げの天才　尾山台店,株式会社Ｂ－ｂｅ,03-6778-5326,3世保生食ほ第184号,飲食店営業,令和3年5月26日,令和3年5月26日,令和10年5月31日
3767,東京都世田谷区等々力二丁目１８番１２号,-,Ｎ,株式会社Ｎ．ｆｏｏｄ　ａｄｖｅｎｔｕｒｅ,03-5760-6177,6世保生食ほ第649号,飲食店営業,令和6年7月31日,令和6年7月31日,令和13年7月31日
3768,東京都世田谷区等々力二丁目１８番１５号,-,丸山珈琲　尾山台店,株式会社丸山珈琲,6432-2640,2世保生食ほ第309号,菓子製造業,令和2年6月3日,令和2年6月3日,令和9年6月30日
3769,東京都世田谷区等々力二丁目１８番１５号,-,丸山珈琲　尾山台店,株式会社丸山珈琲,6432-2640,6世保生食ほ第117号,飲食店営業,令和6年4月23日,令和6年4月23日,令和13年4月30日
3770,東京都世田谷区等々力二丁目１８番１５号,-,尾山台　更科,合資会社　更科,3703-3551,6世保生食ほ第1058号,飲食店営業,令和6年12月1日,令和6年12月1日,令和12年11月30日
3771,東京都世田谷区等々力二丁目１８番１５号,-,横浜家系らーめん武虎家,株式会社ニュータイプ,6805-9902,3世保生食ほ第2361号,飲食店営業,令和4年3月28日,令和4年3月28日,令和10年3月31日
3772,東京都世田谷区等々力二丁目１８番１７号,-,キッチンオリジン尾山台店,オリジン東秀株式会社,03-6432-1538,31世保生食ほ第306号,飲食店営業,令和元年6月13日,令和元年6月13日,令和8年6月30日
3773,東京都世田谷区等々力二丁目１８番１７号,-,キッチンオリジン尾山台店,オリジン東秀株式会社,03-6432-1538,31世保生食ほ第307号,菓子製造業,令和元年6月13日,令和元年6月13日,令和8年6月30日
3774,東京都世田谷区等々力二丁目１９番１２号,ＯＫビル１Ｆ,くらうど,***,5758-6977,4世保生食ほ第1879号,飲食店営業,令和5年4月1日,令和5年4月1日,令和11年3月31日
3775,東京都世田谷区等々力二丁目１９番１２号,Ｏ．Ｋビル２階２０１号フロアー,カラオケサロン　アロンゆき,***,3704-1451,2世保生食ほ第694号,飲食店営業,令和2年9月16日,令和2年9月16日,令和8年9月30日
3776,東京都世田谷区等々力二丁目１９番１５号,-,ＶＥＮＴ　ＤＥ　ＬＵＤＯ　尾山台店,株式会社東京ポンパドゥル,6809-7405,6世保生食ほ第797号,飲食店営業,令和6年10月1日,令和6年10月1日,令和13年9月30日
3777,東京都世田谷区等々力二丁目２９番４号,-,旅荘　大和,有限会社オデオン,3702-0309,31世保生食ほ第2875号,飲食店営業,昭和47年7月20日,令和2年8月1日,令和8年7月31日
3778,東京都世田谷区等々力二丁目３２番,-,セブン－イレブン　世田谷等々力駅南店,***,-,4世保生食ほ第888号,飲食店営業,令和4年9月20日,令和4年9月20日,令和10年9月30日
3779,東京都世田谷区等々力二丁目３２番５号,-,居酒屋　小川,***,5707-2367,7世保生食ほ第121号,飲食店営業,令和7年6月1日,令和7年6月1日,令和13年5月31日
3780,東京都世田谷区等々力二丁目３２番６号,鈴木マンション１Ｆ,とき,***,-,2世保生食ほ第2108号,飲食店営業,平成27年2月2日,令和3年3月1日,令和9年2月28日
3781,東京都世田谷区等々力二丁目３２番１１号,-,大吉,***,3704-5842,3世保生食ほ第1488号,飲食店営業,令和3年12月1日,令和3年12月1日,令和9年11月30日
3782,東京都世田谷区等々力二丁目３２番１１号,-,ポピー,***,3704-4998,31世保生食ほ第2520号,飲食店営業,平成26年4月9日,令和2年5月1日,令和8年4月30日
3783,東京都世田谷区等々力二丁目３２番１１号,-,つるかめ,株式会社ＥＮＭＡ,03-6432-3340,2世保生食ほ第1752号,飲食店営業,令和2年12月1日,令和2年12月1日,令和9年11月30日
3784,東京都世田谷区等々力二丁目３３番５号,-,ＧＯＮＺＯ,***,03-3702-1550,6世保生食ほ第1789号,飲食店営業,令和7年4月1日,令和7年4月1日,令和13年3月31日
3785,東京都世田谷区等々力二丁目３３番５号,-,とどろき２丁目バル,***,5758-1488,7世保生食ほ第1631号,飲食店営業,令和8年3月1日,令和8年3月1日,令和14年2月29日
3786,東京都世田谷区等々力二丁目３３番６号,-,天兼,***,3701-7940,3世保生食ほ第1307号,飲食店営業,令和3年11月1日,令和3年11月1日,令和9年10月31日
3787,東京都世田谷区等々力二丁目３３番１０号,ＳＫビル１Ｆ,ｙｕｊｉｒｏ,株式会社Ｙｏ　ｃｏｍｐａｎｙ,-,6世保生食ほ第978号,飲食店営業,令和6年10月4日,令和6年10月4日,令和12年10月31日
3788,東京都世田谷区等々力二丁目３４番５号,-,すし処　會,有限会社すし処　會,5706-3646,31世保生食ほ第2533号,飲食店営業,平成11年4月13日,令和2年5月1日,令和9年4月30日
3789,東京都世田谷区等々力二丁目３４番１２号,コンサーム等々力１０７,ＤＥＬＩＫＡ,株式会社ＳＩＧＬＥＮ,03-6809-8762,3世保生食ほ第34号,飲食店営業,令和3年4月22日,令和3年4月22日,令和10年4月30日
3790,東京都世田谷区等々力二丁目３４番１２号,コンサーム等々力１０７,ＤＥＬＩＫＡ,株式会社ＳＩＧＬＥＮ,03-6809-8762,3世保生食ほ第35号,菓子製造業,令和3年4月22日,令和3年4月22日,令和10年4月30日
3791,東京都世田谷区等々力二丁目３４番１２号,コンサーム等々力１０７,ＤＥＬＩＫＡ,株式会社ＳＩＧＬＥＮ,03-6809-8762,3世保生食ほ第36号,そうざい製造業,令和3年4月22日,令和3年4月22日,令和10年4月30日
3792,東京都世田谷区等々力二丁目３４番１２号,コンサーム等々力　１０７,ＯＲＧＡＮＩＣ　ＤＥＬＩ　ＧＡＪＹＵＭＡＡＲＵ　等々力店,株式会社Ｐｏｓｉｔｉｖｅ　Ｆｏｏｄ　Ｗｏｒｋｓ,-,4世保生食ほ第1707号,飲食店営業,令和5年3月6日,令和5年3月6日,令和12年3月31日
3793,東京都世田谷区等々力二丁目３４番１２号,コンサーム等々力Ａ１０１,熟成魚　はとや,***,-,7世保生食ほ第865号,飲食店営業,令和7年10月28日,令和7年10月28日,令和14年10月31日
3794,東京都世田谷区等々力二丁目３６番１３号,-,社会就労センター　パイ焼き窯,社会福祉法人　はる,3702-0459,2世保生食ほ第2612号,菓子製造業,平成14年3月29日,令和3年4月1日,令和9年3月31日
3795,東京都世田谷区等々力二丁目３６番１３号,-,社会就労センター　パイ焼き窯,社会福祉法人　はる,3702-0459,5世保生食ほ第42号,飲食店営業,令和5年5月1日,令和5年5月1日,令和12年4月30日
3796,東京都世田谷区等々力二丁目３８番２７号,岩田ビル２Ｆ,Ｐｅａｋ　ｂｙ　ＳＷＥＬＬ　ＣＯＦＦＥＥ　ＲＯＡＳＴＥＲＳ,株式会社スウェル・シー,-,6世保生食ほ第1336号,飲食店営業,令和6年12月24日,令和6年12月24日,令和13年12月31日
3797,東京都世田谷区等々力二丁目３９番２３号,-,地焼うなぎ　等々力ひらさわ,株式会社ワンアンドオンリージャパン,03-6805-9923,6世保生食ほ第132号,飲食店営業,令和6年6月4日,令和6年6月4日,令和13年6月30日
3798,東京都世田谷区等々力二丁目３９番２３号,-,地焼うなぎ　等々力ひらさわ,株式会社ワンアンドオンリージャパン,03-6805-9923,6世保生食ほ第133号,そうざい製造業,令和6年6月4日,令和6年6月4日,令和13年6月30日
3799,東京都世田谷区等々力二丁目３９番２３号,-,ティンバースタジオ,有限会社ティンバーライン,-,7世保生食ほ第392号,飲食店営業,令和7年6月18日,令和7年6月18日,令和14年6月30日
3800,東京都世田谷区等々力二丁目３９番２３号,-,ティンバースタジオ,有限会社ティンバーライン,-,7世保生食ほ第393号,菓子製造業,令和7年6月18日,令和7年6月18日,令和14年6月30日
3801,東京都世田谷区等々力二丁目３９番２３号,鰻ひらさわ勝手口並び,Ｋｕｕ,***,-,7世保生食ほ第546号,飲食店営業,令和7年7月25日,令和7年7月25日,令和14年7月31日
3802,東京都世田谷区等々力二丁目３９番２３号,鰻ひらさわ勝手口並び,Ｋｕｕ,***,-,7世保生食ほ第547号,菓子製造業,令和7年7月25日,令和7年7月25日,令和14年7月31日
3803,東京都世田谷区等々力二丁目３９番２４号,-,成城石井　等々力店,株式会社成城石井,03-5752-3600,6世保生食ほ第1186号,飲食店営業,令和6年12月1日,令和6年12月1日,令和13年11月30日
3804,東京都世田谷区等々力二丁目３９番２４号,-,成城石井　等々力店,株式会社成城石井,03-5752-3600,6世保生食ほ第1187号,魚介類販売業,令和6年12月1日,令和6年12月1日,令和13年11月30日
3805,東京都世田谷区等々力二丁目３９番２４号,-,成城石井　等々力店,株式会社成城石井,03-5752-3600,6世保生食ほ第1188号,食肉販売業,令和6年12月1日,令和6年12月1日,令和13年11月30日
3806,東京都世田谷区等々力二丁目３９番２４号,-,成城石井　等々力店,株式会社成城石井,03-5752-3600,6世保生食ほ第1192号,そうざい製造業,令和6年6月1日,令和6年12月1日,令和13年11月30日
3807,東京都世田谷区等々力三丁目４番１号,玉川区民会館内,カフェ　ストリーム,株式会社世田谷サービス公社,03-3702-1675,2世保生食ほ第1940号,飲食店営業,令和3年1月8日,令和3年1月8日,令和10年1月31日
3808,東京都世田谷区等々力三丁目５番３号,宮埼ＩＭビル　１．２Ｆ,ピアーズカフェ　等々力店,株式会社ピアサーティ南関東,03-6432-3970,4世保生食ほ第996号,飲食店営業,令和4年9月22日,令和4年9月22日,令和11年9月30日
3809,東京都世田谷区等々力三丁目５番５号,-,㈲吉野屋,有限会社吉野屋,3701-0249,4世保生食ほ第773号,飲食店営業,令和4年9月1日,令和4年9月1日,令和10年8月31日
3810,東京都世田谷区等々力三丁目５番５号,-,㈲吉野屋,有限会社吉野屋,3701-0249,4世保生食ほ第774号,食肉販売業,令和4年9月1日,令和4年9月1日,令和10年8月31日
3811,東京都世田谷区等々力三丁目５番７号１Ｆ,ＴＫサンパティーク,（株）サンジェルマン等々力店,株式会社サンジェルマン,0364321344,7世保生食ほ第1783号,飲食店営業,令和8年4月1日,令和8年4月1日,令和15年3月31日
3812,東京都世田谷区等々力三丁目５番７号１Ｆ,ＴＫサンパティーク,（株）サンジェルマン等々力店,株式会社サンジェルマン,0364321344,7世保生食ほ第1784号,菓子製造業,令和8年4月1日,令和8年4月1日,令和15年3月31日
3813,東京都世田谷区等々力三丁目５番７号,ＴＫサンパティーク２Ｆ,西麻布　しゅういち　等々力店,株式会社ＧＯＣ,03-4296-2744,7世保生食ほ第692号,飲食店営業,令和7年9月1日,令和7年9月1日,令和14年8月31日
3814,東京都世田谷区等々力三丁目７番８号,-,月影のｍｅｗ,***,-,2世保生食ほ第1582号,飲食店営業,平成26年11月18日,令和2年12月1日,令和8年11月30日
3815,東京都世田谷区等々力三丁目８番７号,-,スーパーバリュー等々力店,株式会社スーパーバリュー,03-6809-8336,31世保生食ほ第1846号,菓子製造業,平成24年11月22日,令和元年12月1日,令和8年11月30日
3816,東京都世田谷区等々力三丁目８番７号,-,スーパーバリュー等々力店,株式会社スーパーバリュー,03-6809-8336,6世保生食ほ第1328号,飲食店営業,令和7年1月1日,令和7年1月1日,令和13年12月31日
3817,東京都世田谷区等々力三丁目８番７号,-,スーパーバリュー等々力店,株式会社スーパーバリュー,03-6809-8336,6世保生食ほ第1329号,飲食店営業,令和7年1月1日,令和7年1月1日,令和13年12月31日
3818,東京都世田谷区等々力三丁目８番７号,-,スーパーバリュー等々力店,株式会社スーパーバリュー,03-6809-8336,6世保生食ほ第1330号,食肉販売業,令和7年1月1日,令和7年1月1日,令和13年12月31日
3819,東京都世田谷区等々力三丁目８番７号,-,スーパーバリュー等々力店,株式会社スーパーバリュー,03-6809-8336,6世保生食ほ第1331号,魚介類販売業,令和7年1月1日,令和7年1月1日,令和13年12月31日
3820,東京都世田谷区等々力三丁目９番２号,-,ほっともっと等々力店,株式会社すかいらーくレストランツ,03-5758-6279,2世保生食ほ第153号,飲食店営業,令和2年4月23日,令和2年4月23日,令和9年4月30日
3821,東京都世田谷区等々力三丁目９番６号,角金ビル１Ｆ,定食屋　石榴,株式会社ＳＥＡＳＯＮＩＮＧ,03-6432-2468,5世保生食ほ第166号,飲食店営業,令和5年5月1日,令和5年5月1日,令和11年4月30日
3822,東京都世田谷区等々力三丁目９番６号,角金ビル２Ｆ,オプティマム　イーツ　等々力店,株式会社アンセム,-,4世保生食ほ第1306号,飲食店営業,令和4年11月28日,令和4年11月28日,令和10年11月30日
3823,東京都世田谷区等々力三丁目９番６号,角金ビル２Ｆ,オプティマム　イーツ　等々力店,株式会社アンセム,-,4世保生食ほ第1307号,そうざい製造業,令和4年11月28日,令和4年11月28日,令和10年11月30日
3824,東京都世田谷区等々力三丁目９番６号,角金ビル２Ｆ,仏蘭西食堂　菊地,***,-,6世保生食ほ第1468号,飲食店営業,令和7年2月14日,令和7年2月14日,令和14年2月29日
3825,東京都世田谷区等々力三丁目９番７号,-,八洲,有限会社八洲,3702-6980,4世保生食ほ第1551号,菓子製造業,令和5年2月1日,令和5年2月1日,令和11年1月31日
3826,東京都世田谷区等々力三丁目１０番７号,１Ｆ,㈲美楽飯店,有限会社美楽飯店,3702-2504,31世保生食ほ第2838号,飲食店営業,平成18年6月9日,令和2年7月1日,令和9年6月30日
3827,東京都世田谷区等々力三丁目１２番１号,中村ビル１Ｆ,鮨　目黒,***,-,5世保生食ほ第697号,飲食店営業,令和5年8月4日,令和5年8月4日,令和11年8月31日
3828,東京都世田谷区等々力三丁目１７番４号,-,ロマン,***,3702-9314,2世保生食ほ第882号,飲食店営業,昭和62年9月26日,令和2年10月1日,令和8年9月30日
3829,東京都世田谷区等々力三丁目１７番６号,-,うおいちばん,株式会社ＮＡＴＯＭＩＣＳ,6677-0804,6世保生食ほ第471号,飲食店営業,令和6年8月1日,令和6年8月1日,令和12年7月31日
3830,東京都世田谷区等々力三丁目１８番６号,-,ピザ・セカンドハウス,***,3701-9289,31世保生食ほ第2591号,飲食店営業,平成8年4月4日,令和2年5月1日,令和8年4月30日
3831,東京都世田谷区等々力三丁目１８番６号,-,ピザ・セカンドハウス,***,3701-9289,8世保生食ほ第18号,飲食店営業,令和8年5月1日,令和8年5月1日,令和14年4月30日
3832,東京都世田谷区等々力三丁目１９番１６号,１Ｆ,ゆうゆう食堂,***,03-5760-6118,3世保生食ほ第561号,飲食店営業,令和3年6月7日,令和3年6月7日,令和9年6月30日
3833,東京都世田谷区等々力三丁目２２番４号,-,やっちゃん,***,3701-8777,2世保生食ほ第2403号,飲食店営業,平成26年3月4日,令和3年4月1日,令和10年3月31日
3834,東京都世田谷区等々力三丁目２２番５号,-,ブーランジェ　ムラカミ,***,3702-3660,7世保生食ほ第80号,飲食店営業,令和7年6月1日,令和7年6月1日,令和13年5月31日
3835,東京都世田谷区等々力三丁目２２番５号,-,ブーランジェ　ムラカミ,***,3702-3660,7世保生食ほ第81号,菓子製造業,令和7年6月1日,令和7年6月1日,令和13年5月31日
3836,東京都世田谷区等々力三丁目２２番７号,-,ピザーラ中町店,株式会社フォーシーズ,0337051600,4世保生食ほ第171号,飲食店営業,令和4年6月1日,令和4年6月1日,令和10年5月31日
3837,東京都世田谷区等々力三丁目２２番９号,-,セブンイレブン等々力駅前店,株式会社ケイゾー,03-3704-0262,3世保生食ほ第489号,飲食店営業,令和3年6月25日,令和3年6月25日,令和10年6月30日
3838,東京都世田谷区等々力三丁目３３番２４号,-,やきとり　あづま,有限会社やきとりあづま,3704-5036,6世保生食ほ第536号,飲食店営業,令和6年9月1日,令和6年9月1日,令和12年8月31日
3839,東京都世田谷区等々力四丁目１番１号,-,有限会社　魚辰,有限会社魚辰,3701-1702,31世保生食ほ第2945号,飲食店営業,平成4年6月23日,令和2年7月1日,令和8年6月30日
3840,東京都世田谷区等々力四丁目１番１号,-,有限会社　魚辰,有限会社魚辰,3701-1702,31世保生食ほ第2946号,魚介類販売業,平成4年6月23日,令和2年7月1日,令和8年6月30日
3841,東京都世田谷区等々力四丁目１番１号,-,有限会社　武田惣菜店,有限会社武田惣菜店,3702-4642,2世保生食ほ第63号,飲食店営業,平成8年6月12日,令和2年7月1日,令和8年6月30日
3842,東京都世田谷区等々力四丁目１番１号,-,有限会社　武田惣菜店,有限会社武田惣菜店,3702-4642,2世保生食ほ第64号,魚肉練り製品製造業,平成8年6月12日,令和2年7月1日,令和8年6月30日
3843,東京都世田谷区等々力四丁目１番１号,尾山台駅前ビル１階１区画,Ｍｅｍｏｒｉｅｓ　〝集〟,***,-,7世保生食ほ第658号,飲食店営業,令和7年8月29日,令和7年8月29日,令和13年8月31日
3844,東京都世田谷区等々力四丁目１番１号,尾山台駅前ビル１階,Ｖｉｖｉｄ　Ｐａｓａｒ,株式会社ジュンバタンメラ,-,7世保生食ほ第1849号,飲食店営業,令和8年4月10日,令和8年4月10日,令和14年4月30日
3845,東京都世田谷区等々力四丁目１番１号,尾山台駅前ビル１階,Ｖｉｖｉｄ　Ｐａｓａｒ,株式会社ジュンバタンメラ,-,7世保生食ほ第1850号,菓子製造業,令和8年4月10日,令和8年4月10日,令和14年4月30日
3846,東京都世田谷区等々力四丁目１番１号,尾山台駅前ビル１階,Ｖｉｖｉｄ　Ｐａｓａｒ,株式会社ジュンバタンメラ,-,7世保生食ほ第1851号,そうざい製造業,令和8年4月10日,令和8年4月10日,令和14年4月30日
3847,東京都世田谷区等々力四丁目１番１号,尾山台駅前ビル１階,Ｖｉｖｉｄ　Ｐａｓａｒ,株式会社ジュンバタンメラ,-,7世保生食ほ第1852号,漬物製造業,令和8年4月10日,令和8年4月10日,令和14年4月30日
3848,東京都世田谷区等々力四丁目１番９号,宮坂ビル１階,Ｌｅｓ　ｃｈｅｖｒｅｕｉｌｓ,***,6432-1816,6世保生食ほ第109号,飲食店営業,令和6年6月1日,令和6年6月1日,令和12年5月31日
3849,東京都世田谷区等々力四丁目１番９号,宮坂ビル１階,Ｌｅｓ　ｃｈｅｖｒｅｕｉｌｓ,***,6432-1816,6世保生食ほ第110号,食肉処理業,令和6年6月1日,令和6年6月1日,令和12年5月31日
3850,東京都世田谷区等々力四丁目１番１４号,-,ＨＡＮ　ＳＡＮＧ,株式会社ＡＰＣ,03-6809-8539,6世保生食ほ第1644号,飲食店営業,令和7年3月19日,令和7年3月19日,令和14年3月31日
3851,東京都世田谷区等々力四丁目２番１号,Ｕｌｔｉｍｏ　１Ｆ,ＡＬＰＨＡ　ＢＥＴＡ　ＣＯＦＦＥＥ　ＲＯＡＳＴＥＲＳ,株式会社デコール,6809-7270,3世保生食ほ第625号,飲食店営業,令和3年6月15日,令和3年6月15日,令和9年6月30日
3852,東京都世田谷区等々力四丁目４番５号,ブライトステージ等々力１０１,Ｐ?ＴＩＳＳＥＲＩＥ　ＡＳＡＫＯ　ＩＷＡＹＡＮＡＧＩ,株式会社ｃｒｅＡ,03-6432-3878,4世保生食ほ第1458号,飲食店営業,令和5年1月1日,令和5年1月1日,令和11年12月31日
3853,東京都世田谷区等々力四丁目４番５号,ブライトステージ等々力１０１,Ｐ?ＴＩＳＳＥＲＩＥ　ＡＳＡＫＯ　ＩＷＡＹＡＮＡＧＩ,株式会社ｃｒｅＡ,03-6432-3878,4世保生食ほ第1459号,菓子製造業,令和5年1月1日,令和5年1月1日,令和11年12月31日
3854,東京都世田谷区等々力四丁目４番５号,-,ＡＳＡＫＯ　ＩＷＡＹＡＮＡＧＩ　ＰＬＵＳ,株式会社ｃｒｅＡ,6809-8355,7世保生食ほ第823号,飲食店営業,令和7年10月1日,令和7年10月1日,令和14年9月30日
3855,東京都世田谷区等々力四丁目４番５号,-,ＡＳＡＫＯ　ＩＷＡＹＡＮＡＧＩ　ＰＬＵＳ,株式会社ｃｒｅＡ,6809-8355,7世保生食ほ第824号,菓子製造業,令和7年10月1日,令和7年10月1日,令和14年9月30日
3856,東京都世田谷区等々力四丁目４番５号,-,ＡＳＡＫＯ　ＩＷＡＹＡＮＡＧＩ　ＰＬＵＳ,株式会社ｃｒｅＡ,6809-8355,7世保生食ほ第825号,アイスクリーム類製造業,令和7年10月1日,令和7年10月1日,令和14年9月30日
3857,東京都世田谷区等々力四丁目４番９号,カウベル等々力１階,食楽酒　まさる,***,3705-6661,3世保生食ほ第316号,飲食店営業,令和3年6月1日,令和3年6月1日,令和9年5月31日
3858,東京都世田谷区等々力四丁目４番１１号,-,セブン－イレブン　世田谷等々力４丁目店,合同会社ろくちゃんマート,3705-1863,3世保生食ほ第495号,飲食店営業,令和3年6月25日,令和3年6月25日,令和10年6月30日
3859,東京都世田谷区等々力四丁目５番９号,-,上海菜館,***,3703-4524,6世保生食ほ第94号,飲食店営業,令和6年6月1日,令和6年6月1日,令和12年5月31日
3860,東京都世田谷区等々力四丁目５番９号,キラクプレイス等々力２－Ｄ,ＡＳＡＫＯ　ＩＷＡＹＡＮＡＧＩ　ＳＡＬＯＮ　ＤＥ　ＴＨ?,株式会社ｃｒｅＡ,03-6432-1158,3世保生食ほ第1391号,飲食店営業,令和3年10月18日,令和3年10月18日,令和10年10月31日
3861,東京都世田谷区等々力四丁目５番９号,Ｂ１－Ｃ,ＡＳＡＫＯ　ＩＷＡＹＡＮＡＧＩ　ＬＡＢＯ,株式会社ｃｒｅＡ,03-6432-3861,4世保生食ほ第1024号,菓子製造業,令和4年10月13日,令和4年10月13日,令和11年10月31日
3862,東京都世田谷区等々力四丁目９番３号,-,讃喫茶室,株式会社珈琲倶樂部,6809-7300,6世保生食ほ第518号,飲食店営業,令和6年8月1日,令和6年8月1日,令和12年7月31日
3863,東京都世田谷区等々力四丁目１１番２号,-,チャイニーズレストラン　あらき,有限会社たかはし,3704-9941,6世保生食ほ第1828号,飲食店営業,令和7年5月1日,令和7年5月1日,令和14年4月30日
3864,東京都世田谷区等々力四丁目１２番１３号,-,太陽食品　世田谷店,太陽食品株式会社,3703-9228,7世保生食ほ第1086号,菓子製造業,令和7年10月27日,令和7年10月27日,令和13年10月31日
3865,東京都世田谷区等々力四丁目１２番１４号,１Ｆ,尾山台　山田,株式会社２２,03-6805-9322,5世保生食ほ第23号,飲食店営業,令和5年4月10日,令和5年4月10日,令和11年4月30日
3866,東京都世田谷区等々力四丁目１３番１８号,ベルステージ尾山台１Ｆ,オステリア　ラ・ブーカ,株式会社エテルナ・ルーチェ,-,6世保生食ほ第316号,飲食店営業,令和6年6月13日,令和6年6月13日,令和13年6月30日
3867,東京都世田谷区等々力四丁目１３番２２号,-,あすなろ,***,3702-8111,3世保生食ほ第707号,飲食店営業,令和3年7月1日,令和3年7月1日,令和9年6月30日
3868,東京都世田谷区等々力四丁目２１番１３号,-,毬まる,***,03-5707-5905,6世保生食ほ第44号,飲食店営業,令和6年5月1日,令和6年5月1日,令和12年4月30日
3869,東京都世田谷区等々力四丁目２２番１３号,-,ファミリーマート等々力四丁目店,株式会社Ｓｅｖｅｎ　ｄａｙ’ｓ,5758-2888,31世保生食ほ第907号,飲食店営業,平成24年8月28日,令和元年9月1日,令和8年8月31日
3870,東京都世田谷区等々力五丁目３番６号,-,ＫＡＬＭ,株式会社Ｌｉｇｈｔｈｏｕｓｅ,-,2世保生食ほ第2613号,飲食店営業,令和3年3月17日,令和3年3月17日,令和9年3月31日
3871,東京都世田谷区等々力五丁目４番１８号,Ｗｉｎｄｗａｒｄ１階,Ｓｐａｃｅ　Ｏｗｌ,サンコンサルティング株式会社,-,7世保生食ほ第671号,飲食店営業,令和7年9月1日,令和7年9月1日,令和13年8月31日
3872,東京都世田谷区等々力五丁目５番３号,-,せたがやファーム,株式会社ＡＳファクトリー,3702-4500,3世保生食ほ第932号,飲食店営業,令和3年8月1日,令和3年8月1日,令和10年7月31日
3873,東京都世田谷区等々力五丁目５番３号,-,せたがやファーム,株式会社ＡＳファクトリー,3702-4500,3世保生食ほ第933号,菓子製造業,令和3年8月1日,令和3年8月1日,令和10年7月31日
3874,東京都世田谷区等々力五丁目５番８号,-,ペニー,有限会社エムズカンパニー,3704-2496,6世保生食ほ第243号,飲食店営業,令和6年6月1日,令和6年6月1日,令和12年5月31日
3875,東京都世田谷区等々力五丁目５番９号,高橋ビルＢ－１,Ｓｉｎｇｌｅ　Ｍａｌｔ　Ｂａｒ　ＴＩＭＥ,***,03-6411-6302,3世保生食ほ第563号,飲食店営業,令和3年6月9日,令和3年6月9日,令和9年6月30日
3876,東京都世田谷区等々力五丁目５番１０号,フィラーレ尾山台,セブンイレブン世田谷尾山台駅北店,合同会社ろくちゃんマート,03-3703-0530,4世保生食ほ第791号,飲食店営業,令和4年8月25日,令和4年8月25日,令和11年8月31日
3877,東京都世田谷区等々力五丁目５番１５号,-,オオゼキ　尾山台店,株式会社オオゼキ,0357581291,5世保生食ほ第1664号,飲食店営業,令和6年2月29日,令和6年2月29日,令和13年2月28日
3878,東京都世田谷区等々力五丁目５番１５号,-,オオゼキ　尾山台店,株式会社オオゼキ,0357581291,6世保生食ほ第177号,飲食店営業,令和6年6月1日,令和6年6月1日,令和13年5月31日
3879,東京都世田谷区等々力五丁目５番１５号,-,オオゼキ　尾山台店,株式会社オオゼキ,0357581291,6世保生食ほ第178号,食肉販売業,令和6年6月1日,令和6年6月1日,令和13年5月31日
3880,東京都世田谷区等々力五丁目５番１５号,-,オオゼキ　尾山台店,株式会社オオゼキ,0357581291,6世保生食ほ第179号,魚介類販売業,令和6年6月1日,令和6年6月1日,令和13年5月31日
3881,東京都世田谷区等々力五丁目６番１号,シャンボール尾山台８０２号,フードクリエイション,株式会社ポイントオブビュー,03-3702-6386,7世保生食ほ第1741号,飲食店営業,令和8年4月1日,令和8年4月1日,令和14年3月31日
3882,東京都世田谷区等々力五丁目６番１号,シャンボール尾山台８０２号,フードクリエイション,株式会社ポイントオブビュー,03-3702-6386,7世保生食ほ第1742号,菓子製造業,令和8年4月1日,令和8年4月1日,令和14年3月31日
3883,東京都世田谷区等々力五丁目６番３号,トリエール尾山台１階,炉端焼き　きっかけ,株式会社志緑,-,6世保生食ほ第951号,飲食店営業,令和6年10月2日,令和6年10月2日,令和13年10月31日
3884,東京都世田谷区等々力五丁目６番７号,カムラビル１階,福のから　尾山台店,株式会社シオ井,03-6432-2128,3世保生食ほ第2020号,飲食店営業,令和4年3月2日,令和4年3月2日,令和11年3月31日
3885,東京都世田谷区等々力五丁目６番８号,-,久寿屋,有限会社久寿屋,3703-4441,2世保生食ほ第1065号,飲食店営業,昭和50年10月1日,令和2年10月1日,令和9年9月30日
3886,東京都世田谷区等々力五丁目１５番１３号,-,ＦＯＯＤＲＡＮＳ　Ｓａｏｒｉ　Ｓｔｙｌｅ,***,-,4世保生食ほ第1022号,菓子製造業,令和4年10月12日,令和4年10月12日,令和10年10月31日
3887,東京都世田谷区等々力五丁目１５番１３号,-,ＦＯＯＤＲＡＮＳ　Ｓａｏｒｉ　Ｓｔｙｌｅ,***,-,4世保生食ほ第1023号,そうざい製造業,令和4年10月12日,令和4年10月12日,令和10年10月31日
3888,東京都世田谷区等々力五丁目３１番１９号,-,セブンイレブン世田谷等々力５丁目店,合同会社　ろくちゃんマート,5707-2274,7世保生食ほ第1576号,飲食店営業,令和8年3月1日,令和8年3月1日,令和15年2月28日
3889,東京都世田谷区等々力六丁目１番７号,-,ＬＡＣＡＮＮＡ,***,6432-1667,31世保生食ほ第1771号,飲食店営業,令和元年11月29日,令和元年11月29日,令和8年11月30日
3890,東京都世田谷区等々力六丁目２番３号,-,エリオント,***,03-6432-1668,2世保生食ほ第1586号,菓子製造業,令和2年11月10日,令和2年11月10日,令和8年11月30日
3891,東京都世田谷区等々力六丁目３番６号,-,お弁当のまごころ,***,3704-8265,31世保生食ほ第2574号,飲食店営業,昭和55年4月21日,令和2年5月1日,令和8年4月30日
3892,東京都世田谷区等々力六丁目４番１号,-,世田谷区立八幡中学校,協立給食株式会社,03-3701-2161,6世保生食ほ第752号,飲食店営業,令和6年9月20日,令和6年9月20日,令和13年9月30日
3893,東京都世田谷区等々力六丁目５番４号,１階,８ＹＡＲＤＳ．,有限会社ハイブリッドワークス,03-6432-1208,5世保生食ほ第1443号,飲食店営業,令和6年1月1日,令和6年1月1日,令和11年12月31日
3894,東京都世田谷区等々力六丁目２０番１号,-,ドーミー世田谷等々力,株式会社共立メンテナンス,03-5752-0680,7世保生食ほ第1766号,飲食店営業,令和8年4月1日,令和8年4月1日,令和15年3月31日
3895,東京都世田谷区等々力六丁目３８番１８号,パラスト自由が丘１Ｆ,ベーネトウキョウ,株式会社エテルナ,03-6432-1161,6世保生食ほ第851号,飲食店営業,令和6年10月1日,令和6年10月1日,令和12年9月30日
3896,東京都世田谷区等々力七丁目３番９号,-,銀屋　目黒通り店,有限会社ティンバーライン,3704-5560,6世保生食ほ第1227号,飲食店営業,令和7年1月1日,令和7年1月1日,令和12年12月31日
3897,東京都世田谷区等々力七丁目４番１９号,-,ＲＩＴＵＥＬ　等々力,株式会社ベイクルーズ,03-5752-0666,7世保生食ほ第1377号,飲食店営業,令和8年1月1日,令和8年1月1日,令和14年12月31日
3898,東京都世田谷区等々力七丁目４番１９号,-,ＲＩＴＵＥＬ　等々力,株式会社ベイクルーズ,03-5752-0666,7世保生食ほ第1378号,菓子製造業,令和8年1月1日,令和8年1月1日,令和14年12月31日
3899,東京都世田谷区等々力七丁目５番１号,-,セブンイレブン世田谷等々力７丁目店,***,03-3701-5633,3世保生食ほ第1242号,飲食店営業,令和3年11月1日,令和3年11月1日,令和10年10月31日
3900,東京都世田谷区等々力七丁目１１番８号,-,アルベラータ,***,3701-6755,7世保生食ほ第1476号,飲食店営業,令和8年2月1日,令和8年2月1日,令和14年1月31日
3901,東京都世田谷区等々力七丁目１３番２１号,-,アリア等々力,株式会社ＬＥＯＣ,3705-6266,6世保生食ほ第1701号,飲食店営業,令和7年4月1日,令和7年4月1日,令和14年3月31日
3902,東京都世田谷区等々力七丁目１８番１号,-,㈱紀ノ國屋　等々力店（催事）,株式会社紀ノ國屋,03-3704-7515,7世保生食ほ第621号,飲食店営業,令和7年9月1日,令和7年9月1日,令和14年8月31日
3903,東京都世田谷区等々力七丁目１８番１号,紀ノ国屋等々力店内１階,キャラバンコーヒー　紀ノ国屋等々力店,株式会社ユニマットキャラバン,-,6世保生食ほ第147号,飲食店営業,令和6年6月1日,令和6年6月1日,令和12年5月31日
3904,東京都世田谷区等々力七丁目１９番１７号,-,蕎麦切り　とうきょう縹,合同会社あおぼし,-,4世保生食ほ第1871号,飲食店営業,令和5年3月13日,令和5年3月13日,令和11年3月31日
3905,東京都世田谷区等々力七丁目２２番１２号,-,トラストガーデン等々力,株式会社ＬＥＯＣ,03-6388-9343,31世保生食ほ第796号,飲食店営業,令和元年7月24日,令和元年7月24日,令和8年7月31日
3906,東京都世田谷区等々力七丁目２６番１号,-,世田谷区立等々力小学校,株式会社スエヒロ,-,3世保生食ほ第217号,飲食店営業,令和3年4月28日,令和3年4月28日,令和10年4月30日
3907,東京都世田谷区等々力七丁目２７番１３号,-,セブンイレブン世田谷駒沢公園通り店,合同会社あるた屋,5706-5257,31世保生食ほ第967号,飲食店営業,平成24年8月20日,令和元年9月1日,令和8年8月31日
3908,東京都世田谷区等々力七丁目２７番１３号,-,セブンイレブン世田谷駒沢公園通り店,合同会社あるた屋,5706-5257,31世保生食ほ第968号,菓子製造業,平成24年8月20日,令和元年9月1日,令和8年8月31日
3909,東京都世田谷区等々力八丁目１０番１号,-,東京都市大学等々力中学校・高等学校キャンパス内学生食堂,株式会社フジランド,-,5世保生食ほ第1721号,飲食店営業,令和6年3月15日,令和6年3月15日,令和13年3月31日
3910,東京都世田谷区等々力八丁目１２番３号,-,ＲＯＳＥＴＩＱＵＥ　ｂｙ　Ｍｉｗａｋｏ,株式会社ＲＯＳＥＴＩＱＵＥ　ＪＡＰＡＮ,5760-6565,2世保生食ほ第2477号,飲食店営業,令和3年3月3日,令和3年3月3日,令和9年3月31日
3911,東京都世田谷区等々力八丁目１２番３号,-,ＲＯＳＥＴＩＱＵＥ　ｂｙ　Ｍｉｗａｋｏ,株式会社ＲＯＳＥＴＩＱＵＥ　ＪＡＰＡＮ,5760-6565,2世保生食ほ第2478号,菓子製造業,令和3年3月3日,令和3年3月3日,令和9年3月31日
3912,東京都世田谷区等々力八丁目１２番１３号,-,養生門薬膳レストラン,マザーロータス株式会社,3704-8100,2世保生食ほ第547号,飲食店営業,令和2年7月2日,令和2年7月2日,令和9年7月31日
3913,東京都世田谷区等々力八丁目１５番１４号,-,鮨割烹　水郷,有限会社水郷,3701-6171,31世保生食ほ第1021号,飲食店営業,平成10年9月24日,令和元年10月1日,令和8年9月30日
3914,東京都世田谷区等々力八丁目１９番６号,-,エピュイ,***,6755-6834,31世保生食ほ第2870号,菓子製造業,平成26年6月19日,令和2年7月1日,令和8年6月30日
3915,東京都世田谷区等々力八丁目２２番１号,-,元気飯－ゲンキゴハン－　玉川郵便局店,***,03-3709-8701,3世保生食ほ第935号,飲食店営業,令和3年8月2日,令和3年8月2日,令和10年8月31日
3916,東京都世田谷区等々力八丁目２４番１１号,エフワン等々力１０２号室,（株）髙堂商店,株式会社髙堂商店,-,5世保生食ほ第775号,菓子製造業,令和5年10月1日,令和5年10月1日,令和11年9月30日
3917,東京都世田谷区尾山台一丁目１番１号,-,焼肉韓国料理　木波,株式会社?ＯＨ,-,7世保生食ほ第1268号,飲食店営業,令和8年1月1日,令和8年1月1日,令和13年12月31日
3918,東京都世田谷区尾山台一丁目１番１号,-,ＺＡＭＰＡＰＡ　ザンパータ,***,03-6874-2297,7世保生食ほ第1301号,飲食店営業,令和8年1月1日,令和8年1月1日,令和13年12月31日
3919,東京都世田谷区尾山台一丁目１番１号,-,ＺＡＭＰＡＰＡ　ザンパータ,***,03-6874-2297,7世保生食ほ第1302号,菓子製造業,令和8年1月1日,令和8年1月1日,令和13年12月31日
3920,東京都世田谷区尾山台一丁目１５番１７号,-,Ｔｉｇｅｒ　ｄｏｌｃｅ,株式会社ＴＭコンサルティング,-,2世保生食ほ第2218号,飲食店営業,令和3年2月5日,令和3年2月5日,令和9年2月28日
3921,東京都世田谷区尾山台一丁目１５番１７号,-,Ｔｉｇｅｒ　ｄｏｌｃｅ,株式会社ＴＭコンサルティング,-,2世保生食ほ第2219号,菓子製造業,令和3年2月5日,令和3年2月5日,令和9年2月28日
3922,東京都世田谷区尾山台一丁目１８番１０号,-,京浜キャブシステム,三和ベンドサービス株式会社,-,5世保生食ほ第548号,調理の機能を有する自動販売機により食品を調理し、調理された食品を販売する営業,令和5年7月10日,令和5年7月10日,令和10年7月31日
3923,東京都世田谷区尾山台二丁目４番１号,-,コーヒー　ディ,***,03-3701-3427,2世保生食ほ第732号,飲食店営業,平成8年8月22日,令和2年9月1日,令和8年8月31日
3924,東京都世田谷区尾山台二丁目２５番９号,-,ロイヤルホスト尾山台店,ロイヤルフードサービス株式会社,0337023566,2世保生食ほ第14号,飲食店営業,平成6年6月24日,令和2年7月1日,令和9年6月30日
3925,東京都世田谷区尾山台二丁目２９番２０号,朝日ラ・パリオ尾山台１Ｆ,Ｂｏｙｓ　ｄｏｎ＇ｔ　Ｃｒｙ,株式会社Ｂｏｙｓ　ｄｏｎ＇ｔ　Ｃｒｙ,03-6820-0626,5世保生食ほ第807号,飲食店営業,令和5年8月29日,令和5年8月29日,令和12年8月31日
3926,東京都世田谷区尾山台二丁目２９番２０号,朝日ラ・パリオ尾山台１Ｆ,Ｂｏｙｓ　ｄｏｎ＇ｔ　Ｃｒｙ,株式会社Ｂｏｙｓ　ｄｏｎ＇ｔ　Ｃｒｙ,03-6820-0626,5世保生食ほ第808号,そうざい製造業,令和5年8月29日,令和5年8月29日,令和12年8月31日
3927,東京都世田谷区尾山台二丁目３２番１０号,アークファイブ尾山台１階,Ｃａｆｅ　８％,株式会社Ｋ２,-,5世保生食ほ第840号,飲食店営業,令和5年9月6日,令和5年9月6日,令和11年9月30日
3928,東京都世田谷区尾山台二丁目３２番１６号,-,セブンイレブン　世田谷尾山台店,有限会社佐久間商店,3702-5580,3世保生食ほ第492号,飲食店営業,令和3年6月25日,令和3年6月25日,令和9年6月30日
3929,東京都世田谷区尾山台三丁目７番４号,スカイガーデン尾山台１－Ｃ,Ｃｉａｏ！　ｏｙａｍａｄａｉ,***,03-6432-3370,7世保生食ほ第345号,飲食店営業,令和7年6月12日,令和7年6月12日,令和13年6月30日
3930,東京都世田谷区尾山台三丁目９番８号,石上ビル２０２,カラオケ　ＡＬＬ,株式会社ＯＭＧ,6432-2571,31世保生食ほ第1138号,飲食店営業,平成24年10月1日,令和元年10月1日,令和8年9月30日
3931,東京都世田谷区尾山台三丁目９番８号,ダイヤ石上ビル４０３,パイ焼き茶房（分室）,社会福祉法人はる,03-3701-0041,2世保生食ほ第782号,飲食店営業,平成26年8月5日,令和2年9月1日,令和8年8月31日
3932,東京都世田谷区尾山台三丁目９番８号,ダイヤ石上ビル４０３,パイ焼き茶房（分室）,社会福祉法人はる,03-3701-0041,2世保生食ほ第783号,菓子製造業,平成26年8月5日,令和2年9月1日,令和8年8月31日
3933,東京都世田谷区尾山台三丁目９番８号,ダイヤ石上ビル４０３,パイ焼き茶房（分室）,社会福祉法人はる,03-3701-0041,6世保生食ほ第302号,漬物製造業,令和6年5月27日,令和6年5月27日,令和12年5月31日
3934,東京都世田谷区尾山台三丁目９番１０号,-,ブリックス,腰越企画株式会社,6809-8333,2世保生食ほ第1748号,飲食店営業,令和2年12月15日,令和2年12月15日,令和8年12月31日
3935,東京都世田谷区尾山台三丁目９番１０号,ジョイ尾山台２０２,ラマージュ　ヌーヴェルヴィ,株式会社ワイエムキュー,-,5世保生食ほ第481号,飲食店営業,令和5年7月12日,令和5年7月12日,令和11年7月31日
3936,東京都世田谷区尾山台三丁目９番１０号,１階,Ｈｏｕｓｅ　ｏｆ　ｋｉｍｍｙ＇ｓ,株式会社Ｃａｌｌｅｄｇｅ,-,5世保生食ほ第709号,飲食店営業,令和5年8月10日,令和5年8月10日,令和11年8月31日
3937,東京都世田谷区尾山台三丁目９番１０号,ジョイ尾山台２０１,炭火焼肉　牛灯,株式会社Ｕｐｄｒａｆｔ,-,6世保生食ほ第1144号,飲食店営業,令和6年11月19日,令和6年11月19日,令和12年11月30日
3938,東京都世田谷区尾山台三丁目１０番５号,-,ダダチャ,有限会社ダダチャ,5707-2755,3世保生食ほ第1890号,飲食店営業,令和4年2月1日,令和4年2月1日,令和10年1月31日
3939,東京都世田谷区尾山台三丁目１０番５号,-,ダダチャ,有限会社ダダチャ,5707-2755,3世保生食ほ第1891号,食肉販売業,令和4年2月1日,令和4年2月1日,令和10年1月31日
3940,東京都世田谷区尾山台三丁目１０番５号,-,ダダチャ,有限会社ダダチャ,5707-2755,3世保生食ほ第1892号,食品の小分け業,令和4年1月14日,令和4年1月14日,令和10年1月31日
3941,東京都世田谷区尾山台三丁目１０番９号,ＮＥＸＵＳ尾山台１Ｆ,鉄板焼　未ら音,株式会社ミラネ,03-6432-3526,7世保生食ほ第675号,飲食店営業,令和7年10月1日,令和7年10月1日,令和14年9月30日
3942,東京都世田谷区尾山台三丁目１０番９号,Ｂ１,ｉ－ｋｉｔｃｈｅｎ,株式会社ＭＡＪＥＳＴＹ,03-3702-3852,4世保生食ほ第641号,飲食店営業,令和4年8月1日,令和4年8月1日,令和10年7月31日
3943,東京都世田谷区尾山台三丁目１０番１０号,-,　徳助,***,3701-2383,4世保生食ほ第984号,飲食店営業,令和4年11月1日,令和4年11月1日,令和10年10月31日
3944,東京都世田谷区尾山台三丁目１０番１０号,-,わいわい,***,03-3704-6241,31世保生食ほ第2793号,飲食店営業,平成26年4月4日,令和2年5月1日,令和8年4月30日
3945,東京都世田谷区尾山台三丁目１０番１０号,-,わいわい,***,03-3704-6241,7世保生食ほ第1908号,飲食店営業,令和8年5月1日,令和8年5月1日,令和14年4月30日
3946,東京都世田谷区尾山台三丁目１０番１０号,ＯＳビル１Ｆ,中華料理　園楽,株式会社名揚,03-3702-7878,2世保生食ほ第908号,飲食店営業,平成26年9月26日,令和2年10月1日,令和8年9月30日
3947,東京都世田谷区尾山台三丁目１１番１号,-,世田谷区立尾山台小学校,株式会社ＨＩＴＯＷＡ,3701-2183,3世保生食ほ第287号,飲食店営業,令和3年4月30日,令和3年4月30日,令和10年4月30日
3948,東京都世田谷区尾山台三丁目２１番５号,-,八幡屋蔵部,株式会社湧久屋,03-6432-2625,5世保生食ほ第407号,飲食店営業,令和5年7月1日,令和5年7月1日,令和11年6月30日
3949,東京都世田谷区尾山台三丁目２２番４号,マンヤスビル８号,のみや　一,***,-,31世保生食ほ第1255号,飲食店営業,令和元年10月3日,令和元年10月3日,令和8年10月31日
3950,東京都世田谷区尾山台三丁目２２番４号,-,中津からあげ渓,株式会社バースト,03-6809-7204,2世保生食ほ第579号,飲食店営業,令和2年7月20日,令和2年7月20日,令和9年7月31日
3951,東京都世田谷区尾山台三丁目２２番５号,谷岸ビル,松屋　尾山台店,株式会社松屋フーズ,03-5752-5753,4世保生食ほ第690号,飲食店営業,令和4年9月1日,令和4年9月1日,令和11年8月31日
3952,東京都世田谷区尾山台三丁目２２番５号,谷岸ビル,松屋　尾山台店,株式会社松屋フーズ,03-5752-5753,6世保生食ほ第422号,そうざい製造業,令和6年6月28日,令和6年6月28日,令和13年6月30日
3953,東京都世田谷区尾山台三丁目２２番５号,-,ＦＩＦＴＹ－ＦＩＶＥ　ＴＯＫＹＯ,株式会社ＧＲＩＴ,03-5752-3558,6世保生食ほ第1141号,飲食店営業,令和6年12月1日,令和6年12月1日,令和13年11月30日
3954,東京都世田谷区尾山台三丁目２２番７号,-,厨華麺飯店　北海,株式会社プレディア,3705-8255,5世保生食ほ第644号,飲食店営業,令和5年8月1日,令和5年8月1日,令和11年7月31日
3955,東京都世田谷区尾山台三丁目２２番８号,-,ＳＯ　ＴＩＲＥＤ,有限会社テーブルモダンサービス,03-6432-2835,4世保生食ほ第1516号,飲食店営業,令和4年12月28日,令和4年12月28日,令和10年12月31日
3956,東京都世田谷区尾山台三丁目２２番１３号,明治尾山台ビル,チェルシーストリートカフェ,株式会社マルソーフードプランニング,03-6432-2780,3世保生食ほ第1972号,飲食店営業,令和4年2月16日,令和4年2月16日,令和11年2月28日
3957,東京都世田谷区尾山台三丁目２２番１３号,明治尾山台ビル２０１,ＲＯＢＬＥ,***,03-6432-2772,7世保生食ほ第447号,飲食店営業,令和7年7月16日,令和7年7月16日,令和13年7月31日
3958,東京都世田谷区尾山台三丁目２２番１５号,-,養老乃瀧　尾山台店,有限会社山翔,03-3702-5522,2世保生食ほ第2530号,飲食店営業,令和3年3月3日,令和3年3月3日,令和9年3月31日
3959,東京都世田谷区尾山台三丁目２３番１２号,-,ＳＵＳＨＩ　ＩＺＡＫＡＹＡ　楽ＧＡＫＵ　ＨＡＷＡＩＩ,ＭＡＮＡ株式会社,6805-9340,2世保生食ほ第562号,飲食店営業,令和2年7月7日,令和2年7月7日,令和9年7月31日
3960,東京都世田谷区尾山台三丁目２３番１４号,-,ファミリーマート尾山台駅南店,セントラルエンジニアリング株式会社,03-5752-2584,2世保生食ほ第1934号,飲食店営業,平成27年1月19日,令和3年2月1日,令和9年1月31日
3961,東京都世田谷区尾山台三丁目２３番１７号,-,浜寿司,***,03-3702-6949,3世保生食ほ第753号,飲食店営業,令和3年7月1日,令和3年7月1日,令和9年6月30日
3962,東京都世田谷区尾山台三丁目２４番１１号,第１０大浦ビル１０５,とりひら,***,-,3世保生食ほ第2057号,飲食店営業,令和4年2月18日,令和4年2月18日,令和10年2月29日
3963,東京都世田谷区尾山台三丁目２８番２１号,３Ｆ,ＰＵＮＫ　ＤＯＩＬＹ,***,-,5世保生食ほ第1214号,飲食店営業,令和5年12月1日,令和5年12月1日,令和11年11月30日
3964,東京都世田谷区尾山台三丁目２８番２１号,-,ＰＵＮＫ　ＤＯＩＬＹ,***,-,4世保生食ほ第788号,菓子製造業,令和4年8月22日,令和4年8月22日,令和10年8月31日
3965,東京都世田谷区尾山台三丁目３４番２号,シエルデブルージュ尾山台１Ｆ,ＣＯＺＡＲＵ尾山台,株式会社Ｒｏｏｔ,5760-6353,2世保生食ほ第1300号,飲食店営業,令和2年10月19日,令和2年10月19日,令和9年10月31日
3966,東京都世田谷区尾山台三丁目３４番２号,シエルデブルージュ尾山台１Ｆ,ＣＯＺＡＲＵ尾山台,株式会社Ｒｏｏｔ,5760-6353,2世保生食ほ第1301号,菓子製造業,令和2年10月19日,令和2年10月19日,令和9年10月31日
3967,東京都世田谷区尾山台三丁目３４番２号,シエルデブルージュ尾山台１Ｆ,ＣＯＺＡＲＵ尾山台,株式会社Ｒｏｏｔ,5760-6353,2世保生食ほ第1302号,そうざい製造業,令和2年10月19日,令和2年10月19日,令和9年10月31日
3968,東京都世田谷区尾山台三丁目３４番２号,シエルデブルージュ尾山台１Ｆ,ＣＯＺＡＲＵ尾山台,株式会社Ｒｏｏｔ,5760-6353,2世保生食ほ第2306号,食肉販売業,令和3年2月25日,令和3年2月25日,令和10年2月29日
3969,東京都世田谷区尾山台三丁目３４番２号,シエルデブルージュ尾山台１Ｆ,ＣＯＺＡＲＵ尾山台,株式会社Ｒｏｏｔ,5760-6353,2世保生食ほ第2307号,魚介類販売業,令和3年2月25日,令和3年2月25日,令和10年2月29日
3970,東京都世田谷区尾山台三丁目３４番３号,ローズ尾山台１Ｆ,山本のハンバーグ尾山台研究所,株式会社ＯＲＥＳ　ＣＯＭＰＡＮＹ,03-6432-3739,3世保生食ほ第1858号,飲食店営業,令和4年1月18日,令和4年1月18日,令和11年1月31日
3971,東京都世田谷区尾山台三丁目３４番３号,ローズ尾山台１Ｆ,山本のハンバーグ尾山台研究所,株式会社ＯＲＥＳ　ＣＯＭＰＡＮＹ,03-6432-3739,3世保生食ほ第1859号,食肉販売業,令和4年1月18日,令和4年1月18日,令和11年1月31日
3972,東京都世田谷区尾山台三丁目３４番３号,ローズ尾山台１Ｆ,山本のハンバーグ尾山台研究所,株式会社ＯＲＥＳ　ＣＯＭＰＡＮＹ,03-6432-3739,3世保生食ほ第1860号,そうざい製造業,令和4年1月18日,令和4年1月18日,令和11年1月31日
3973,東京都世田谷区尾山台三丁目３４番３号,ローズ尾山台２Ｆ南,北海道海鮮問屋　根室食堂,株式会社ＴＯＫＵＣＨＩ,-,7世保生食ほ第95号,飲食店営業,令和7年4月21日,令和7年4月21日,令和13年4月30日
3974,東京都世田谷区尾山台三丁目３４番５号,-,ＳＡＬＴ／ＣＯＦＦＥＥ,***,5758-1350,3世保生食ほ第732号,飲食店営業,令和3年8月3日,令和3年8月3日,令和10年8月31日
3975,東京都世田谷区尾山台三丁目３４番７号,Ｂ１,パブ＆カフェ　茶夢,***,5706-3360,2世保生食ほ第769号,飲食店営業,令和3年11月15日,令和3年11月15日,令和9年11月30日
3976,東京都世田谷区尾山台三丁目３４番７号,福井屋ビル２階,マットカフェ,株式会社ＭＡＴＴ,-,3世保生食ほ第1015号,飲食店営業,令和3年9月28日,令和3年9月28日,令和10年9月30日
3977,東京都世田谷区尾山台三丁目３４番９号,-,とんかつ新宿さぼてん　尾山台駅店,株式会社グリーンハウスフーズ,03-5760-0093,6世保生食ほ第915号,飲食店営業,令和6年11月1日,令和6年11月1日,令和13年10月31日
3978,東京都世田谷区尾山台三丁目３４番１５号,-,鳥文,***,03-3701-1724,3世保生食ほ第1121号,飲食店営業,令和3年10月1日,令和3年10月1日,令和9年9月30日
3979,東京都世田谷区玉堤一丁目３番２号,３階,グランダ田園調布・くらら田園調布,コンパスグループ・ジャパン株式会社,3704-5289,4世保生食ほ第1642号,飲食店営業,令和5年3月1日,令和5年3月1日,令和12年2月28日
3980,東京都世田谷区玉堤一丁目４番２４号,-,荏原交通　玉川営業所,三和ベンドサービス株式会社,03-3704-2311,5世保生食ほ第547号,調理の機能を有する自動販売機により食品を調理し、調理された食品を販売する営業,令和5年7月10日,令和5年7月10日,令和10年7月31日
3981,東京都世田谷区玉堤一丁目８番３号,-,焼肉の牛太　二子玉川店,東京レストランホールディングス株式会社,5706-0505,3世保生食ほ第1497号,飲食店営業,令和3年12月1日,令和3年12月1日,令和10年11月30日
3982,東京都世田谷区玉堤一丁目１４番１９号,-,ファミリーマート世田谷玉堤店,ＹＡＴＡＩ株式会社,5758-2081,5世保生食ほ第1686号,飲食店営業,令和6年4月1日,令和6年4月1日,令和13年3月31日
3983,東京都世田谷区玉堤一丁目２０番１９号,-,株式会社シーズコア,株式会社シーズコア,03-3704-2725,5世保生食ほ第1245号,食品の小分け業,令和5年11月8日,令和5年11月8日,令和11年11月30日
3984,東京都世田谷区玉堤一丁目２１番１３号,-,Ｆｉｅｓｔａ　ｄｅｌ　ａｍｉｇｏ,株式会社フィエスタ,5707-4129,7世保生食ほ第1392号,飲食店営業,令和8年2月1日,令和8年2月1日,令和14年1月31日
3985,東京都世田谷区玉堤一丁目２４番８号,-,東急ウェリナケア尾山台事業所,株式会社ＬＥＯＣ,6679-2926,6世保生食ほ第281号,飲食店営業,令和6年7月1日,令和6年7月1日,令和13年6月30日
3986,東京都世田谷区玉堤一丁目２８番１号,-,東京都市大学　世田谷キャンパス　学生食堂,銀座スエヒロカフェテリアサービス株式会社,-,5世保生食ほ第1786号,飲食店営業,令和6年3月8日,令和6年3月8日,令和13年3月31日
3987,東京都世田谷区玉堤一丁目２８番１号,９号館　３階,東京都市大学　世田谷キャンパス　カフェ　ソラ,銀座スエヒロカフェテリアサービス株式会社,-,5世保生食ほ第1787号,飲食店営業,令和6年3月8日,令和6年3月8日,令和13年3月31日
3988,東京都世田谷区玉堤一丁目２８番１号,１号館　４階,東京都市大学　世田谷キャンパス　ラウンジオーク,銀座スエヒロカフェテリアサービス株式会社,-,5世保生食ほ第1788号,飲食店営業,令和6年3月8日,令和6年3月8日,令和13年3月31日
3989,東京都世田谷区玉堤一丁目２８番１号,７号館,東京都市大学　世田谷キャンパス　７号館　カフェ,銀座スエヒロカフェテリアサービス株式会社,-,5世保生食ほ第1789号,飲食店営業,令和6年3月8日,令和6年3月8日,令和13年3月31日
3990,東京都世田谷区玉堤一丁目２９番１２号,１Ｆ,有限会社　たまき,有限会社たまき,3701-8708,30世保生食ほ第2575号,飲食店営業,平成17年4月5日,令和元年5月1日,令和8年4月30日
3991,東京都世田谷区玉堤一丁目２９番１２号,１Ｆ,有限会社　たまき,有限会社たまき,3701-8708,7世保生食ほ第1870号,飲食店営業,令和8年5月1日,令和8年5月1日,令和15年4月30日
3992,東京都世田谷区玉堤二丁目３番１号,ボヌール玉堤地階１Ｆ,世田谷区立岡本福祉作業ホーム玉堤分場,社会福祉法人　泉会,5707-9431,3世保生食ほ第673号,菓子製造業,令和3年7月1日,令和3年7月1日,令和9年6月30日
3993,東京都世田谷区玉堤二丁目３番１号,ボヌール玉堤地下一階,世田谷区立岡本福祉作業ホーム玉堤分場,イフスコヘルスケア株式会社,03-5707-9431,3世保生食ほ第2206号,飲食店営業,令和4年3月10日,令和4年3月10日,令和11年3月31日
3994,東京都世田谷区玉堤二丁目１１番１号,-,世田谷区立玉堤小学校,協立給食株式会社,3701-1536,3世保生食ほ第55号,飲食店営業,令和3年4月26日,令和3年4月26日,令和10年4月30日
3995,東京都世田谷区玉堤二丁目１３番１１号,-,世田谷仁慈保幼園　日清医療食品事業所,日清医療食品株式会社,6432-2663,5世保生食ほ第1859号,飲食店営業,令和6年4月1日,令和6年4月1日,令和13年3月31日
3996,東京都世田谷区奥沢一丁目１番１号,-,世田谷区立東玉川小学校,株式会社ＨＩＴＯＷＡ,3720-4211,3世保生食ほ第289号,飲食店営業,令和3年4月30日,令和3年4月30日,令和10年4月30日
3997,東京都世田谷区奥沢一丁目４番４号,-,あかり（家庭料理）,***,3728-8974,4世保生食ほ第724号,飲食店営業,令和4年9月1日,令和4年9月1日,令和10年8月31日
3998,東京都世田谷区奥沢一丁目８番１号,-,ファミリーマート世田谷奥沢一丁目店,有限会社栄進,5754-1580,7世保生食ほ第727号,飲食店営業,令和7年10月1日,令和7年10月1日,令和14年9月30日
3999,東京都世田谷区奥沢一丁目３６番４号,パストラル奥沢１０２,デリハック自由が丘店,株式会社ＲＩＫＡＴＳＵ　ＬＡＢ,-,4世保生食ほ第723号,飲食店営業,令和4年8月18日,令和4年8月18日,令和10年8月31日
4000,東京都世田谷区奥沢一丁目３６番４号,パストラル奥沢１０２号室,デリハック　自由が丘店,***,-,6世保生食ほ第48号,飲食店営業,令和6年4月10日,令和6年4月10日,令和12年4月30日
4001,東京都世田谷区奥沢一丁目３７番１０号,-,ｎｅｎｏｋｏｋｕ．,***,-,6世保生食ほ第1475号,飲食店営業,令和7年1月28日,令和7年1月28日,令和13年1月31日
4002,東京都世田谷区奥沢一丁目３７番１０号,-,ｎｅｎｏｋｏｋｕ．,***,-,6世保生食ほ第1476号,菓子製造業,令和7年1月28日,令和7年1月28日,令和13年1月31日
4003,東京都世田谷区奥沢一丁目３９番１０号,須崎コーポ１階,中華料理　西遊記,株式会社一洋,5967-3733,4世保生食ほ第965号,飲食店営業,令和4年10月1日,令和4年10月1日,令和10年9月30日
4004,東京都世田谷区奥沢一丁目４０番１０号,-,奥沢　カフェ＆バー　ピッコロスタンツァ,***,5499-5887,7世保生食ほ第1326号,飲食店営業,令和7年12月22日,令和7年12月22日,令和13年12月31日
4005,東京都世田谷区奥沢一丁目４８番１号,-,美味料理研究所ぷりんやさん,***,-,5世保生食ほ第1987号,菓子製造業,令和6年5月8日,令和6年5月8日,令和12年5月31日
4006,東京都世田谷区奥沢一丁目４８番３号,-,千鳥,***,3726-2972,7世保生食ほ第1238号,飲食店営業,令和8年1月1日,令和8年1月1日,令和13年12月31日
4007,東京都世田谷区奥沢二丁目１番１４号,-,鮨処　みよし,合同会社みよし,03-6421-4280,5世保生食ほ第1781号,飲食店営業,令和6年3月5日,令和6年3月5日,令和12年3月31日
4008,東京都世田谷区奥沢二丁目２番２１号,ｃｈａｔｅａｕ　ｄｅ　ｂｌｉｓｓ　Ｎ１０２,ＣＡＦＥ　ＩＫＡＮＩＫＡ　ＰＲＩＶＥ,***,03-6411-6998,5世保生食ほ第107号,飲食店営業,令和5年4月26日,令和5年4月26日,令和11年4月30日
4009,東京都世田谷区奥沢二丁目６番９号,マンション神竹１０２,奥沢　ますぶち,***,03-5726-9944,2世保生食ほ第22号,飲食店営業,平成26年6月11日,令和2年7月1日,令和8年6月30日
4010,東京都世田谷区奥沢二丁目６番９号,-,Ｐｉｃｋｅｌ　Ｋｉｔｃｈｅｎ,***,-,3世保生食ほ第337号,飲食店営業,令和3年5月19日,令和3年5月19日,令和9年5月31日
4011,東京都世田谷区奥沢二丁目１０番３号,グレイシア自由が丘１Ｆ－Ｂ,鮨光,***,5726-8825,7世保生食ほ第1767号,飲食店営業,令和8年4月1日,令和8年4月1日,令和14年3月31日
4012,東京都世田谷区奥沢二丁目１０番７号,伊賀ビル１階,Ｙ’ｓダイナー,有限会社フロム・ザ・ガーデン,5726-8175,4世保生食ほ第1593号,飲食店営業,令和5年1月27日,令和5年1月27日,令和11年1月31日
4013,東京都世田谷区奥沢二丁目１０番７号,１Ｆ,Ｏｍｏｃｈｉ,有限会社ＤＥＥＤ,6459-5319,2世保生食ほ第1502号,飲食店営業,令和2年11月2日,令和2年11月2日,令和9年11月30日
4014,東京都世田谷区奥沢二丁目１０番７号,１Ｆ,Ｏｍｏｃｈｉ,有限会社ＤＥＥＤ,6459-5319,2世保生食ほ第636号,菓子製造業,令和2年7月22日,令和2年7月22日,令和9年7月31日
4015,東京都世田谷区奥沢二丁目１０番７号,-,アンリーヴル,株式会社アンリーヴル,3725-9145,2世保生食ほ第2678号,飲食店営業,令和3年3月16日,令和3年3月16日,令和9年3月31日
4016,東京都世田谷区奥沢二丁目１０番７号,-,中国料理　唐花,株式会社エスツーダイニング,03-6421-3368,4世保生食ほ第2005号,飲食店営業,令和5年5月1日,令和5年5月1日,令和11年4月30日
4017,東京都世田谷区奥沢二丁目１１番４号,奥沢メイゾン１階,英布　はなぶ,***,03-6459-5145,2世保生食ほ第1625号,飲食店営業,令和2年11月19日,令和2年11月19日,令和9年11月30日
4018,東京都世田谷区奥沢二丁目１１番７号,-,セブンイレブン世田谷奥沢２丁目,***,03-3723-7507,7世保生食ほ第964号,飲食店営業,令和7年10月16日,令和7年10月16日,令和14年10月31日
4019,東京都世田谷区奥沢二丁目１１番１０号,-,合資会社　薮茂,合資会社　薮茂,3718-2794,4世保生食ほ第1394号,飲食店営業,令和5年1月1日,令和5年1月1日,令和10年12月31日
4020,東京都世田谷区奥沢二丁目１１番１１号,-,奥沢病院事業所,株式会社ＬＥＯＣ,3723-1256,31世保生食ほ第2327号,飲食店営業,平成25年3月26日,令和2年4月1日,令和9年3月31日
4021,東京都世田谷区奥沢二丁目１２番６号,-,ＣｈａｎｏｋｏＣｏｆｆｅｅＲｏａｓｔｅｒｙ,クリブワークス株式会社,5726-9187,4世保生食ほ第1716号,飲食店営業,令和5年2月10日,令和5年2月10日,令和11年2月28日
4022,東京都世田谷区奥沢二丁目１２番６号,-,ＣｈａｎｏｋｏＣｏｆｆｅｅＲｏａｓｔｅｒｙ,クリブワークス株式会社,5726-9187,7世保生食ほ第1101号,菓子製造業,令和7年10月27日,令和7年10月27日,令和13年10月31日
4023,東京都世田谷区奥沢二丁目１２番６号,３－Ｂ,ＣｈａｎｏｋｏＣｏｆｆｅｅＲｏａｓｔｅｒｙ,クリブワークス株式会社,5726-9187,3世保生食ほ第2235号,菓子製造業,令和4年3月18日,令和4年3月18日,令和10年3月31日
4024,東京都世田谷区奥沢二丁目１２番１０号,田中ビル１階,上島珈琲店　奥沢店,ユーシーシーフードサービスシステムズ株式会社,03-5726-9805,31世保生食ほ第2034号,飲食店営業,令和2年1月17日,令和2年1月17日,令和9年1月31日
4025,東京都世田谷区奥沢二丁目１７番４号,-,株式会社　ロワール洋菓子店,株式会社ロワール,3718-1133,4世保生食ほ第496号,菓子製造業,令和4年8月1日,令和4年8月1日,令和10年7月31日
4026,東京都世田谷区奥沢二丁目１８番１号,２Ｆ,ＫＵＲＡＳＳＯ　Ｃａｆ,株式会社ＫＵＲＡＳＵ,5726-1105,4世保生食ほ第186号,飲食店営業,令和4年5月1日,令和4年5月1日,令和10年4月30日
4027,東京都世田谷区奥沢二丁目２３番２号,-,すし屋のつの田,有限会社つの田,03-3725-1692,2世保生食ほ第617号,飲食店営業,令和2年7月13日,令和2年7月13日,令和8年7月31日
4028,東京都世田谷区奥沢二丁目３７番９号,ニュー高見ビル１－Ａ号室,スシスミビ　自由ヶ丘,株式会社ｏｕｒｓｅｌｖｅｓ,03-6421-4010,6世保生食ほ第659号,飲食店営業,令和6年8月14日,令和6年8月14日,令和13年8月31日
4029,東京都世田谷区奥沢二丁目３７番９号,ニュー高見ビル１階Ｂ区画,ＡＲＥＵＭ　ＢＡＧＥＬ　自由ヶ丘店,株式会社ＺＥＳＴ　ＶＯＹＡＧＥ,-,7世保生食ほ第1815号,菓子製造業,令和8年3月13日,令和8年3月13日,令和14年3月31日
4030,東京都世田谷区奥沢二丁目３８番９号,-,スターバックスコーヒー奥沢２丁目店,スターバックスコーヒージャパン株式会社,03-5731-0245,3世保生食ほ第1546号,飲食店営業,令和3年11月24日,令和3年11月24日,令和9年11月30日
4031,東京都世田谷区奥沢二丁目３９番１１号,-,ｇａｌｌｅｒｙ　ｍｓ＋ｗ,***,-,7世保生食ほ第1158号,飲食店営業,令和7年11月20日,令和7年11月20日,令和13年11月30日
4032,東京都世田谷区奥沢二丁目４９番１７号,東光ハイツ１階,ＣＩＶＥＴＴＡ,株式会社ＣＩＶＥＴＴＡ,03-5726-8444,5世保生食ほ第1148号,飲食店営業,令和5年11月14日,令和5年11月14日,令和11年11月30日
4033,東京都世田谷区奥沢二丁目４９番１８号,工藤アパート４号棟１階,トンポー,有限会社トンポー,-,2世保生食ほ第2797号,飲食店営業,令和3年3月31日,令和3年3月31日,令和9年3月31日
4034,東京都世田谷区奥沢二丁目４９番１９号,１Ｆ,アマン,***,03-3723-0193,3世保生食ほ第214号,飲食店営業,令和3年4月26日,令和3年4月26日,令和10年4月30日
4035,東京都世田谷区奥沢三丁目１番１号,-,世田谷区立奥沢小学校,協立給食株式会社,03-3727-3535,3世保生食ほ第49号,飲食店営業,令和3年4月26日,令和3年4月26日,令和10年4月30日
4036,東京都世田谷区奥沢三丁目５番１号,パステール奥沢１Ｆ,銀のさら・釜寅・すし上等　田園調布店,株式会社アセゾネ,3727-4707,4世保生食ほ第842号,飲食店営業,令和4年10月1日,令和4年10月1日,令和11年9月30日
4037,東京都世田谷区奥沢三丁目５番５号,オクサワシュールメール＃２０２,世田谷トリュフ,***,-,3世保生食ほ第1688号,菓子製造業,令和3年12月8日,令和3年12月8日,令和10年12月31日
4038,東京都世田谷区奥沢三丁目５番９号,-,ミカド,***,3727-4156,4世保生食ほ第1366号,飲食店営業,令和5年1月1日,令和5年1月1日,令和10年12月31日
4039,東京都世田谷区奥沢三丁目８番１号,-,セブンイレブン　世田谷奥沢自由通り店,株式会社グローリー,03-5729-7780,5世保生食ほ第1260号,飲食店営業,令和5年11月24日,令和5年11月24日,令和12年11月30日
4040,東京都世田谷区奥沢三丁目９番８号,-,セブンイレブン世田谷奥沢３丁目店,***,3720-2239,3世保生食ほ第315号,飲食店営業,平成27年5月19日,令和3年6月1日,令和9年5月31日
4041,東京都世田谷区奥沢三丁目１２番６号,リン・アルボ奥沢１階,ｄａｌ　Ｂａｒｏｎｅ,***,03-6421-9306,2世保生食ほ第2106号,菓子製造業,令和3年1月25日,令和3年1月25日,令和10年1月31日
4042,東京都世田谷区奥沢三丁目１２番６号,リン・アルボ奥沢１階,ｄａｌ　Ｂａｒｏｎｅ,***,03-6421-9306,31世保生食ほ第538号,飲食店営業,令和元年6月28日,令和元年6月28日,令和8年6月30日
4043,東京都世田谷区奥沢三丁目２８番７号,奥沢フードセンター,有限会社　キヨハラ　ミート,有限会社キヨハラ　ミート,3728-8601,5世保生食ほ第668号,飲食店営業,令和5年9月1日,令和5年9月1日,令和11年8月31日
4044,東京都世田谷区奥沢三丁目２８番７号,奥沢フードセンター,有限会社　キヨハラ　ミート,有限会社キヨハラ　ミート,3728-8601,5世保生食ほ第669号,食肉販売業,令和5年9月1日,令和5年9月1日,令和11年8月31日
4045,東京都世田谷区奥沢三丁目３０番６号,ＫＡＫＯＩ　１０７,木曜日のやきいもとコーヒー,リーファス株式会社,03-6823-4829,4世保生食ほ第1611号,飲食店営業,令和5年1月30日,令和5年1月30日,令和12年1月31日
4046,東京都世田谷区奥沢三丁目３０番７号,-,木村屋,***,3720-4416,2世保生食ほ第2440号,飲食店営業,昭和60年3月23日,令和3年4月1日,令和9年3月31日
4047,東京都世田谷区奥沢三丁目３０番１１号,トレージャーハイツＢ１,焼鳥　うの,***,3726-4220,5世保生食ほ第337号,飲食店営業,令和5年7月1日,令和5年7月1日,令和11年6月30日
4048,東京都世田谷区奥沢三丁目３１番１０号,-,吉,***,6425-8152,31世保生食ほ第2693号,飲食店営業,平成25年5月20日,令和2年6月1日,令和9年5月31日
4049,東京都世田谷区奥沢三丁目３１番１０号,-,台所　玉ねぎ,***,03-6337-2341,2世保生食ほ第763号,飲食店営業,令和2年8月6日,令和2年8月6日,令和8年8月31日
4050,東京都世田谷区奥沢三丁目３１番１０号,-,台所　玉ねぎ,***,03-6337-2341,2世保生食ほ第764号,菓子製造業,令和2年8月6日,令和2年8月6日,令和8年8月31日
4051,東京都世田谷区奥沢三丁目３１番１０号,-,ＣＨＥＥＳＥＣＡＫＥ　ＣＬＵＢ,***,-,7世保生食ほ第364号,飲食店営業,令和7年6月24日,令和7年6月24日,令和13年6月30日
4052,東京都世田谷区奥沢三丁目３１番１０号,-,ＣＨＥＥＳＥＣＡＫＥ　ＣＬＵＢ,***,-,7世保生食ほ第365号,菓子製造業,令和7年6月24日,令和7年6月24日,令和13年6月30日
4053,東京都世田谷区奥沢三丁目３１番１１号,ＲＡＳＳＵＲＥ奥沢,Ｕ　ＢＬＥＮＤ,株式会社Ｕ,03-3748-8108,3世保生食ほ第1525号,飲食店営業,令和3年11月9日,令和3年11月9日,令和9年11月30日
4054,東京都世田谷区奥沢三丁目３２番８号,望月ビル１Ｆ,想作割烹のりすゑ,***,6421-9319,2世保生食ほ第2461号,飲食店営業,令和3年3月10日,令和3年3月10日,令和9年3月31日
4055,東京都世田谷区奥沢三丁目３３番７号,近江ビル２Ｆ,ｂａｒ　ｎａｓａ,ナーサ合同会社,6421-8113,7世保生食ほ第1811号,飲食店営業,令和8年4月1日,令和8年4月1日,令和14年3月31日
4056,東京都世田谷区奥沢三丁目３３番１３号,１０Ｆ,ＨＣ奥沢,株式会社グリーンヘルスケアサービス,3748-2656,2世保生食ほ第1014号,飲食店営業,平成25年9月9日,令和2年10月1日,令和9年9月30日
4057,東京都世田谷区奥沢三丁目３４番１２号,-,トップ奥沢店,株式会社トップ,03-3727-0908,7世保生食ほ第1288号,飲食店営業,令和7年12月11日,令和7年12月11日,令和14年12月31日
4058,東京都世田谷区奥沢三丁目３４番１２号,-,トップ奥沢店,株式会社トップ,03-3727-0908,7世保生食ほ第1289号,魚介類販売業,令和7年12月11日,令和7年12月11日,令和14年12月31日
4059,東京都世田谷区奥沢三丁目３４番１２号,-,トップ奥沢店,株式会社トップ,03-3727-0908,7世保生食ほ第1290号,飲食店営業,令和7年12月11日,令和7年12月11日,令和14年12月31日
4060,東京都世田谷区奥沢三丁目３４番１２号,-,トップ奥沢店,株式会社トップ,03-3727-0908,7世保生食ほ第1291号,食肉販売業,令和7年12月11日,令和7年12月11日,令和14年12月31日
4061,東京都世田谷区奥沢三丁目３５番１１号,-,焼鶏　申,株式会社サルーリパブリック,6425-7086,2世保生食ほ第24号,飲食店営業,令和2年4月8日,令和2年4月8日,令和9年4月30日
4062,東京都世田谷区奥沢三丁目３５番１３号,-,フランス料理　ラ・クープ,***,5754-2788,3世保生食ほ第1279号,飲食店営業,令和3年11月1日,令和3年11月1日,令和10年10月31日
4063,東京都世田谷区奥沢三丁目４５番２号,-,クピド！,株式会社ｎａｔｉｏｎａｌ　ｂｒｅａｄ,03-5499-1839,6世保生食ほ第1519号,飲食店営業,令和7年2月1日,令和7年2月1日,令和13年1月31日
4064,東京都世田谷区奥沢三丁目４５番２号,-,クピド！,株式会社ｎａｔｉｏｎａｌ　ｂｒｅａｄ,03-5499-1839,6世保生食ほ第1520号,菓子製造業,令和7年2月1日,令和7年2月1日,令和13年1月31日
4065,東京都世田谷区奥沢三丁目４６番１号,-,有限会社コモス,有限会社コモス,-,4世保生食ほ第1097号,飲食店営業,令和4年11月1日,令和4年11月1日,令和11年10月31日
4066,東京都世田谷区奥沢三丁目４６番１号,-,有限会社コモス,有限会社コモス,-,4世保生食ほ第1098号,菓子製造業,令和4年11月1日,令和4年11月1日,令和11年10月31日
4067,東京都世田谷区奥沢三丁目４６番１号,Ｐ・Ｆポイント２Ｆ,サンテボン,ナノオプテック有限会社,-,4世保生食ほ第6号,菓子製造業,令和4年4月18日,令和4年4月18日,令和11年4月30日
4068,東京都世田谷区奥沢三丁目４６番２号,Ｂ１Ｆ,パチャカフェ,有限会社インティ,3729-3615,6世保生食ほ第11号,飲食店営業,令和6年5月1日,令和6年5月1日,令和12年4月30日
4069,東京都世田谷区奥沢三丁目４７番８号,-,生活協同組合コープみらい　ミニコープ奥沢店,生活協同組合コープみらい,03-3728-3361,2世保生食ほ第2397号,飲食店営業,平成15年4月24日,令和3年4月1日,令和9年3月31日
4070,東京都世田谷区奥沢四丁目４番７号,スカイハイツ奥沢,Ｒｅｌｉｅｆ　ｃｏｆｆｅｅ　ｓｔａｎｄ,株式会社ＬＥＦ　ＴＯＫＹＯ,-,7世保生食ほ第952号,飲食店営業,令和7年10月10日,令和7年10月10日,令和13年10月31日
4071,東京都世田谷区奥沢四丁目５番４号,-,ＳＴＩＬＬＰＡＲＫ,株式会社ＢＲＩＤＧＥ,-,5世保生食ほ第945号,飲食店営業,令和5年9月19日,令和5年9月19日,令和12年9月30日
4072,東京都世田谷区奥沢四丁目９番１２号,ＹＨ奥沢ビル１Ｆ（１０１号室）,京のねぎ家,ＹＯ－ＰＬＵＳ株式会社,03-6421-9951,2世保生食ほ第1721号,飲食店営業,令和2年12月1日,令和2年12月1日,令和9年11月30日
4073,東京都世田谷区奥沢四丁目１５番１３号,ジュネス奥沢１階,ＫＵＤＺＵＮＥＲＵＹＡ,***,-,2世保生食ほ第1741号,飲食店営業,令和2年12月11日,令和2年12月11日,令和8年12月31日
4074,東京都世田谷区奥沢四丁目１５番１３号,ジュネス奥沢１階,ＫＵＤＺＵＮＥＲＵＹＡ,***,-,2世保生食ほ第1742号,菓子製造業,令和2年12月11日,令和2年12月11日,令和8年12月31日
4075,東京都世田谷区奥沢四丁目１５番１５号,パワーハウス１階,Ｅ　ｖｉｎｏ,***,03-6425-8355,7世保生食ほ第295号,飲食店営業,令和7年5月30日,令和7年5月30日,令和13年5月31日
4076,東京都世田谷区奥沢四丁目２６番７号,奥沢四丁目大久保店舗１０２,おにぎり　ころり,***,03-6425-6526,7世保生食ほ第456号,飲食店営業,令和7年7月25日,令和7年7月25日,令和13年7月31日
4077,東京都世田谷区奥沢四丁目２６番９号,-,炭火焼鳥「駅」奥沢店,有限会社鳥健,03-5499-3949,3世保生食ほ第2220号,飲食店営業,令和4年4月1日,令和4年4月1日,令和10年3月31日
4078,東京都世田谷区奥沢四丁目２６番９号,-,満る川,***,-,6世保生食ほ第664号,飲食店営業,令和6年8月15日,令和6年8月15日,令和12年8月31日
4079,東京都世田谷区奥沢四丁目２６番１０号,ドーマハイツ１０１,とんかつ鉄　奥沢店,株式会社鉄,-,4世保生食ほ第1450号,飲食店営業,令和4年12月15日,令和4年12月15日,令和11年12月31日
4080,東京都世田谷区奥沢四丁目２７番１２号,-,さいとう,***,03-3727-6233,2世保生食ほ第42号,飲食店営業,昭和62年6月19日,令和2年7月1日,令和8年6月30日
4081,東京都世田谷区奥沢四丁目２７番１２号,パトラ奥沢Ｂ１,カフェダイニング　ｌｉｔｔｌｅ＿ｍｏｕｓｅ,***,-,31世保生食ほ第2509号,飲食店営業,令和2年4月13日,令和2年4月13日,令和8年4月30日
4082,東京都世田谷区奥沢四丁目２７番１２号,パトラ奥沢Ｂ１,カフェダイニング　ｌｉｔｔｌｅ＿ｍｏｕｓｅ,***,-,7世保生食ほ第1979号,飲食店営業,令和8年5月1日,令和8年5月1日,令和14年4月30日
4083,東京都世田谷区奥沢四丁目２７番１２号,パトラ奥沢１階,いちご,株式会社イースフェイス,03-6425-8087,3世保生食ほ第1457号,飲食店営業,令和3年11月9日,令和3年11月9日,令和10年11月30日
4084,東京都世田谷区奥沢四丁目２７番１４号,ステラビル２Ｆ,レストラン＆ライブハウス　れい華,株式会社れい華オフィス,03-6459-7179,5世保生食ほ第1591号,飲食店営業,令和6年1月31日,令和6年1月31日,令和12年1月31日
4085,東京都世田谷区奥沢四丁目２７番１６号,-,いなげや　奥沢本店,株式会社Ｄｅｃｏｒａｔｉｏｎ　Ｆｏｏｄｓ,03-6421-8040,7世保生食ほ第478号,飲食店営業,令和7年8月1日,令和7年8月1日,令和13年7月31日
4086,東京都世田谷区奥沢四丁目２８番４号,丸岡ビル１階,炭火焼鳥　太美屋,***,03-5754-5570,4世保生食ほ第2033号,飲食店営業,令和5年5月1日,令和5年5月1日,令和11年4月30日
4087,東京都世田谷区奥沢四丁目２８番４号,丸岡ビル２階,ｔａｎ－ｃｏｂ,株式会社ＢｌａｖＳｔｙｌｅ,-,6世保生食ほ第836号,飲食店営業,令和6年9月10日,令和6年9月10日,令和13年9月30日
4088,東京都世田谷区奥沢四丁目２８番１１号,-,ローソン奥沢駅前店,有限会社エムケイエル,3726-5178,6世保生食ほ第1449号,飲食店営業,令和7年2月1日,令和7年2月1日,令和13年1月31日
4089,東京都世田谷区奥沢五丁目１番３号,２Ｆ,ｉｉ,***,03-6421-2582,2世保生食ほ第730号,飲食店営業,平成26年7月4日,令和2年8月1日,令和8年7月31日
4090,東京都世田谷区奥沢五丁目１番１４号,第二ビル吉澤１Ｆ,ＯＺ,株式会社ＷＡＫＵＷＡＫＵ,03-6421-3029,2世保生食ほ第2271号,飲食店営業,令和3年2月12日,令和3年2月12日,令和10年2月29日
4091,東京都世田谷区奥沢五丁目１番１４号,第二ビル吉澤１Ｆ,ＯＺ,株式会社ＷＡＫＵＷＡＫＵ,03-6421-3029,2世保生食ほ第2272号,食肉販売業,令和3年2月12日,令和3年2月12日,令和10年2月29日
4092,東京都世田谷区奥沢五丁目１番１４号,第二ビル吉澤１Ｆ,ＯＺ,株式会社ＷＡＫＵＷＡＫＵ,03-6421-3029,6世保生食ほ第812号,そうざい製造業,令和6年9月13日,令和6年9月13日,令和13年9月30日
4093,東京都世田谷区奥沢五丁目１番１６号,-,十灯虫～ＴＥＮＴＯＵＭＵＳＨＩ～,***,3724-1146,5世保生食ほ第1211号,飲食店営業,令和5年12月1日,令和5年12月1日,令和11年11月30日
4094,東京都世田谷区奥沢五丁目２番５号,-,粉と卵,有限会社粉と卵,3718-0901,6世保生食ほ第131号,菓子製造業,令和6年6月1日,令和6年6月1日,令和13年5月31日
4095,東京都世田谷区奥沢五丁目６番６号,太陽マンション１Ｆ,ジーピーケータリング株式会社,ジーピーケータリング株式会社,5726-9512,7世保生食ほ第729号,飲食店営業,令和7年10月1日,令和7年10月1日,令和13年9月30日
4096,東京都世田谷区奥沢五丁目１２番１５号,やまとビル１Ｆ,キッチンオリジン　奥沢店,オリジン東秀株式会社,03-5726-0603,2世保生食ほ第1557号,飲食店営業,平成18年11月15日,令和2年12月1日,令和9年11月30日
4097,東京都世田谷区奥沢五丁目１２番１５号,やまとビル１Ｆ,キッチンオリジン　奥沢店,オリジン東秀株式会社,03-5726-0603,2世保生食ほ第1558号,菓子製造業,平成18年11月15日,令和2年12月1日,令和9年11月30日
4098,東京都世田谷区奥沢五丁目１３番１号,奥沢ビル１Ｆ,ゾーミン,***,3723-0042,2世保生食ほ第1648号,飲食店営業,令和2年11月19日,令和2年11月19日,令和9年11月30日
4099,東京都世田谷区奥沢五丁目１３番１１号,-,たかの,***,3718-8835,2世保生食ほ第759号,飲食店営業,昭和45年8月12日,令和2年9月1日,令和8年8月31日
4100,東京都世田谷区奥沢五丁目１３番１１号,-,ＩＮＤＩＡＮ　ＲＥＳＴＵＲＥＮＴ　ＨＡＲＩＯＭ,株式会社ＬＩＬＩＳＡ,03-5701-1477,4世保生食ほ第436号,飲食店営業,令和4年7月1日,令和4年7月1日,令和10年6月30日
4101,東京都世田谷区奥沢五丁目１３番１１号,自由ヶ丘Ｓｔ．２０２,Ｒｉｃｈｅｒ,***,-,5世保生食ほ第1986号,飲食店営業,令和6年4月22日,令和6年4月22日,令和12年4月30日
4102,東京都世田谷区奥沢五丁目１３番１１号,自由ヶ丘Ｓｔ．２０２,Ｒｉｃｈｅｒ,***,-,7世保生食ほ第244号,菓子製造業,令和7年5月16日,令和7年5月16日,令和13年5月31日
4103,東京都世田谷区奥沢五丁目１３番１２号,ペルシュ奥沢,姿勢専門院ＧＯＫＡＮ＋　自由が丘院,株式会社サンライズ,-,7世保生食ほ第1628号,飲食店営業,令和8年2月17日,令和8年2月17日,令和14年2月29日
4104,東京都世田谷区奥沢五丁目１４番３１号,-,有限会社イル・ピアット,有限会社イル・ピアット,3724-8996,5世保生食ほ第1134号,飲食店営業,令和5年12月1日,令和5年12月1日,令和11年11月30日
4105,東京都世田谷区奥沢五丁目１４番３１号,クレインⅠ１０１,ＵＴＡＫＡＴＡ　ＣＯＦＦＥＥ,株式会社ＳＡｉ,-,4世保生食ほ第635号,飲食店営業,令和4年7月22日,令和4年7月22日,令和11年7月31日
4106,東京都世田谷区奥沢五丁目１９番１１号,-,すし屋の磯勢,株式会社磯勢,03-3724-2322,3世保生食ほ第1691号,飲食店営業,令和4年1月1日,令和4年1月1日,令和9年12月31日
4107,東京都世田谷区奥沢五丁目２０番１６号,-,すし仙,***,3718-6528,3世保生食ほ第142号,飲食店営業,令和3年4月21日,令和3年4月21日,令和10年4月30日
4108,東京都世田谷区奥沢五丁目２０番１７号,テラス自由が丘２Ｆ,ふたば,株式会社ＵＮＩＴＥ０９,03-6421-4234,6世保生食ほ第1125号,飲食店営業,令和6年11月1日,令和6年11月1日,令和13年10月31日
4109,東京都世田谷区奥沢五丁目２０番２３号,-,茶ノ助,株式会社タクミナフード,-,4世保生食ほ第705号,飲食店営業,令和4年7月29日,令和4年7月29日,令和10年7月31日
4110,東京都世田谷区奥沢五丁目２０番２３号,-,ＡＭＡＺＯＮ　ＰＯＬＰＡＳ　ｃａｆｅ＆ｍａｒｋｅｔ,有限会社キョウダイジャパン,-,7世保生食ほ第540号,飲食店営業,令和7年8月15日,令和7年8月15日,令和13年8月31日
4111,東京都世田谷区奥沢五丁目２４番２号,Ｂ．Ｌ　ＡＯＫＩビル　１階　１０１号室,イレールビス自由が丘,***,6421-1600,2世保生食ほ第295号,飲食店営業,令和2年5月18日,令和2年5月18日,令和8年5月31日
4112,東京都世田谷区奥沢五丁目２４番７号,-,ＣＡＲＯＮ,***,-,2世保生食ほ第2209号,飲食店営業,令和3年1月29日,令和3年1月29日,令和9年1月31日
4113,東京都世田谷区奥沢五丁目２４番７号,-,ＣＡＲＯＮ,***,-,2世保生食ほ第2210号,菓子製造業,令和3年1月29日,令和3年1月29日,令和9年1月31日
4114,東京都世田谷区奥沢五丁目２４番１０号,-,ＪＩＹＵＧＡＯＫＡ　ＰＬＵＳ　南口店,株式会社河又工務店,5726-8598,4世保生食ほ第479号,魚介類販売業,令和4年6月22日,令和4年6月22日,令和11年6月30日
4115,東京都世田谷区奥沢五丁目２４番１０号,-,ＪＩＹＵＧＡＯＫＡ　ＰＬＵＳ　南口店,株式会社河又工務店,5726-8598,6世保生食ほ第1290号,飲食店営業,令和7年1月1日,令和7年1月1日,令和13年12月31日
4116,東京都世田谷区奥沢五丁目２４番１０号,-,ＪＩＹＵＧＡＯＫＡ　ＰＬＵＳ　南口店,株式会社河又工務店,5726-8598,6世保生食ほ第1291号,菓子製造業,令和7年1月1日,令和7年1月1日,令和13年12月31日
4117,東京都世田谷区奥沢五丁目２５番１号,テラス自由が丘,二八庵　さらしん,株式会社八千代,03-3717-1097,4世保生食ほ第1622号,飲食店営業,令和5年2月3日,令和5年2月3日,令和12年2月28日
4118,東京都世田谷区奥沢五丁目２５番１２号,-,八沢川,有限会社八沢川,3717-7950,2世保生食ほ第914号,飲食店営業,令和2年9月2日,令和2年9月2日,令和9年9月30日
4119,東京都世田谷区奥沢五丁目２６番２号,クレッセントビルＢ１,チューリップ食堂,株式会社かぐれ,03-5726-8848,3世保生食ほ第496号,飲食店営業,令和3年6月7日,令和3年6月7日,令和10年6月30日
4120,東京都世田谷区奥沢五丁目２６番２号,クレッセントビルＢ１,チューリップ食堂,株式会社かぐれ,03-5726-8848,3世保生食ほ第497号,そうざい製造業,令和3年6月7日,令和3年6月7日,令和10年6月30日
4121,東京都世田谷区奥沢五丁目２７番９号,-,ＡｍｉＣｏｎｏ　ＪＩＹＵＧＡＯＫＡ　ＮＡＴＵＲＡＬ　ＧＥＬＡＴＥＲＩＡ　ＣＡＦＥ　Ｎのアトリエ,***,03-5755-5183,2世保生食ほ第750号,菓子製造業,令和2年7月31日,令和2年7月31日,令和8年7月31日
4122,東京都世田谷区奥沢五丁目２７番９号,-,ＡｍｉＣｏｎｏ　ｊｉｙｕｇａｏｋａ,株式会社Ｍａｉ　ＧＥＬＡ　ｔｏ　ＳＴＹＬＥ,-,3世保生食ほ第1920号,飲食店営業,令和4年1月19日,令和4年1月19日,令和10年1月31日
4123,東京都世田谷区奥沢五丁目２７番９号,-,ＡｍｉＣｏｎｏ　ｊｉｙｕｇａｏｋａ,株式会社Ｍａｉ　ＧＥＬＡ　ｔｏ　ＳＴＹＬＥ,-,3世保生食ほ第1921号,アイスクリーム類製造業,令和4年1月19日,令和4年1月19日,令和10年1月31日
4124,東京都世田谷区奥沢五丁目２７番１５号,-,ＳＨＵＴＴＥＲＳ（シャッターズ）,株式会社ワイエスインターナショナル,3717-0111,6世保生食ほ第1516号,飲食店営業,令和7年3月1日,令和7年3月1日,令和14年2月29日
4125,東京都世田谷区奥沢五丁目２７番１９号,-,ＭＡＮＤＡＲＩＮＥ　ＢＲＯＴＨＥＲＳ,株式会社ＣＨＯＣＯ,03-6452-5398,7世保生食ほ第77号,飲食店営業,令和7年4月30日,令和7年4月30日,令和13年4月30日
4126,東京都世田谷区奥沢五丁目２８番１５号,昇栄ビル１０１,ニショク,株式会社コローリ,03-5755-5064,2世保生食ほ第916号,飲食店営業,令和2年9月7日,令和2年9月7日,令和8年9月30日
4127,東京都世田谷区奥沢五丁目２９番１０号,自由が丘リブレビル　２Ｆ,チャイニーズダイニング　龍皇,***,6715-6097,4世保生食ほ第1989号,飲食店営業,令和5年5月1日,令和5年5月1日,令和11年4月30日
4128,東京都世田谷区奥沢五丁目３３番１３号,-,茶房　牡丹,株式会社アミエル,5726-8369,4世保生食ほ第205号,飲食店営業,令和4年5月10日,令和4年5月10日,令和10年5月31日
4129,東京都世田谷区奥沢五丁目３５番１０号,-,Ｙｏｕ　ｍｏｒｅ,***,-,5世保生食ほ第1988号,飲食店営業,令和6年9月3日,令和6年9月3日,令和12年9月30日
4130,東京都世田谷区奥沢五丁目３７番９号,-,㈱武蔵工業会館（柏クラブ）,株式会社武蔵工業会館,03-3721-1052,5世保生食ほ第1229号,飲食店営業,令和5年12月1日,令和5年12月1日,令和11年11月30日
4131,東京都世田谷区奥沢五丁目３７番９号,-,Ｔｏｋｙｏ　Ｆｒｕｉｔｓ,株式会社ビッグベイブ,03-6459-7011,3世保生食ほ第1353号,飲食店営業,令和3年10月13日,令和3年10月13日,令和10年10月31日
4132,東京都世田谷区奥沢五丁目３７番９号,-,Ｔｏｋｙｏ　Ｆｒｕｉｔｓ,株式会社ビッグベイブ,03-6459-7011,3世保生食ほ第1354号,菓子製造業,令和3年10月13日,令和3年10月13日,令和10年10月31日
4133,東京都世田谷区奥沢五丁目３８番８号,-,ＢＡＲ　ＪＩＣＯＮ　ＯＫＵＳＡＷＡ,***,5755-5150,2世保生食ほ第1930号,飲食店営業,令和2年12月25日,令和2年12月25日,令和9年12月31日
4134,東京都世田谷区奥沢五丁目３９番１号,アドレ自由が丘１０１,ショコラティエ　ヤスヒロセノ,株式会社セノ,03-6715-6989,3世保生食ほ第1702号,菓子製造業,令和3年12月9日,令和3年12月9日,令和9年12月31日
4135,東京都世田谷区奥沢五丁目３９番１号,アドレ自由が丘１０１,ショコラティエ　ヤスヒロセノ,株式会社セノ,03-6715-6989,4世保生食ほ第133号,アイスクリーム類製造業,令和4年4月22日,令和4年4月22日,令和11年4月30日
4136,東京都世田谷区奥沢五丁目４０番４号,Ｍ’ｓＧａｒｄｅｎ自由が丘アネックス３Ｆ,自由が丘　修,***,3721-1510,7世保生食ほ第430号,飲食店営業,令和7年8月1日,令和7年8月1日,令和14年7月31日
4137,東京都世田谷区奥沢五丁目４０番４号,Ｍ’ｓＧａｒｄｅｎ自由ヶ丘２Ｆ,Ｄａｄｄｙ’ｓ,***,-,6世保生食ほ第583号,飲食店営業,令和6年9月1日,令和6年9月1日,令和12年8月31日
4138,東京都世田谷区奥沢五丁目４０番１２号,-,南国飯店,有限会社南国,3722-2010,5世保生食ほ第1605号,飲食店営業,令和6年3月1日,令和6年3月1日,令和13年2月28日
4139,東京都世田谷区奥沢五丁目４１番５号,２０２,発酵温浴　ｎｉｆｕ　自由が丘,株式会社ヘアーメイツ,-,4世保生食ほ第1284号,飲食店営業,令和4年11月14日,令和4年11月14日,令和10年11月30日
4140,東京都世田谷区奥沢五丁目４１番５号,イルチェントロ自由が丘２階,パティスリーラボ　自由が丘,株式会社ランドビジネス,-,7世保生食ほ第384号,菓子製造業,令和7年7月1日,令和7年7月1日,令和14年6月30日
4141,東京都世田谷区奥沢五丁目４１番１１号,-,ローソン世田谷奥沢５丁目店,有限会社パストラル,3721-2207,5世保生食ほ第123号,飲食店営業,令和5年6月1日,令和5年6月1日,令和11年5月31日
4142,東京都世田谷区奥沢五丁目４１番１３号,サウスウイング自由ヶ丘１Ｆ,とらふぐ亭　自由ヶ丘店,株式会社東京一番フーズ,03-5483-4129,3世保生食ほ第1285号,飲食店営業,令和3年10月1日,令和3年10月1日,令和10年9月30日
4143,東京都世田谷区奥沢五丁目４１番１３号,-,自由ヶ丘　マリスコス,株式会社ＴＹＫ・インコーポレイテッド,03-6715-6228,3世保生食ほ第1221号,飲食店営業,令和3年12月1日,令和3年12月1日,令和10年11月30日
4144,東京都世田谷区奥沢五丁目４２番３号,トレインチＡ１０１,ＧＯＮＺＯ　自由が丘店,株式会社ジリオン,6715-6527,6世保生食ほ第502号,飲食店営業,令和6年8月1日,令和6年8月1日,令和13年7月31日
4145,東京都世田谷区奥沢五丁目４２番３号,トレインチ自由が丘　Ａ１０２,酒場シナトラ　自由が丘店,株式会社ジリオン,6459-7395,2世保生食ほ第2276号,飲食店営業,令和3年2月12日,令和3年2月12日,令和10年2月29日
4146,東京都世田谷区奥沢五丁目４２番３号,トレインチ２Ｆ（ｃ）,ａｍｂｅｒ,株式会社Ｓｗｉｍ,-,4世保生食ほ第968号,飲食店営業,令和4年10月28日,令和4年10月28日,令和11年10月31日
4147,東京都世田谷区奥沢五丁目４２番３号,Ｂ１０３区画,ＤＵＭＢＯ　Ｄｏｕｇｈｎｕｔｓ　ａｎｄ　Ｃｏｆｆｅｅ　自由が丘店,株式会社インセプション,-,4世保生食ほ第1072号,飲食店営業,令和4年10月21日,令和4年10月21日,令和11年10月31日
4148,東京都世田谷区奥沢五丁目４２番３号,Ｂ１０３区画,ＤＵＭＢＯ　Ｄｏｕｇｈｎｕｔｓ　ａｎｄ　Ｃｏｆｆｅｅ　自由が丘店,株式会社インセプション,-,4世保生食ほ第1073号,菓子製造業,令和4年10月21日,令和4年10月21日,令和11年10月31日
4149,東京都世田谷区奥沢五丁目４２番３号,トレインチ自由ヶ丘　Ｂ－１０１,ＩｓｌａｎｄＳｏｆｔｃｒｅａｍ,株式会社ＳＵＰＥＲＴＲＡＭＰＳ,03-6715-6796,4世保生食ほ第1162号,飲食店営業,令和4年10月24日,令和4年10月24日,令和11年10月31日
4150,東京都世田谷区奥沢五丁目４２番３号,トレインチ自由が丘Ｂ１０１,ＣＡＧＨＩＹＡ　ＰＩＺＺＡ＆ＴＡＰ,株式会社ＫＥＹ　ＣＯＲＰＯＲＡＴＩＯＮ,-,6世保生食ほ第773号,飲食店営業,令和6年8月29日,令和6年8月29日,令和13年8月31日
4151,東京都世田谷区奥沢六丁目１番２１号,奥沢ハイツ１Ｆ,３ｄｏｏ,合同会社３ｄｏｏ,-,2世保生食ほ第1801号,飲食店営業,令和2年12月11日,令和2年12月11日,令和8年12月31日
4152,東京都世田谷区奥沢六丁目４番８号,サンヒルズ田園調布１０２,さとう,***,6311-0737,6世保生食ほ第1870号,飲食店営業,令和7年5月1日,令和7年5月1日,令和13年4月30日
4153,東京都世田谷区奥沢六丁目５番１２号,-,ａｔｅｌｉｅ　ＳＣＯＮＴＥＡ,特定非営利活動法人パークカフェ,03-6822-0240,5世保生食ほ第1224号,菓子製造業,令和5年11月1日,令和5年11月1日,令和12年10月31日
4154,東京都世田谷区奥沢六丁目５番１２号,-,蕎麦　おまた,***,03-3701-5155,2世保生食ほ第483号,飲食店営業,令和2年6月17日,令和2年6月17日,令和8年6月30日
4155,東京都世田谷区奥沢六丁目１１番７号,-,ナチュラルローソン　九品仏小前店,クオール株式会社,03-3704-3968,6世保生食ほ第648号,飲食店営業,令和6年9月1日,令和6年9月1日,令和12年8月31日
4156,東京都世田谷区奥沢六丁目１１番７号,-,カフェ．メゾンドケー．,***,6432-1515,5世保生食ほ第1697号,飲食店営業,令和6年3月1日,令和6年3月1日,令和12年2月28日
4157,東京都世田谷区奥沢六丁目１１番７号,-,カフェ．メゾンドケー．,***,6432-1515,5世保生食ほ第1698号,菓子製造業,令和6年3月1日,令和6年3月1日,令和12年2月28日
4158,東京都世田谷区奥沢六丁目１１番１１号,-,ラ・ガッツァ　ラードラ,***,5670-6925,2世保生食ほ第1519号,飲食店営業,平成25年11月12日,令和2年12月1日,令和9年11月30日
4159,東京都世田谷区奥沢六丁目１２番３号,ｊｉｎｅｎ１０１,ブーランジェリーヌフ,株式会社ＫＯＳＴ,03-6432-1899,6世保生食ほ第1196号,菓子製造業,令和6年12月1日,令和6年12月1日,令和13年11月30日
4160,東京都世田谷区奥沢六丁目１２番５号,-,成城石井　九品仏店,株式会社成城石井,03-6809-7758,3世保生食ほ第2242号,飲食店営業,令和4年3月31日,令和4年3月31日,令和11年3月31日
4161,東京都世田谷区奥沢六丁目１３番５号,カーサ九品仏　１Ｆ,Ｃａｆｅ’　ｔｏｒａ,株式会社ＫＯＳＴ,3701-3003,5世保生食ほ第718号,飲食店営業,令和5年9月1日,令和5年9月1日,令和11年8月31日
4162,東京都世田谷区奥沢六丁目１３番８号,ＯＴビル２Ｆ,洋食カフェ　フライパン,有限会社オフィス・棚橋,03-6432-3866,2世保生食ほ第271号,飲食店営業,令和2年5月8日,令和2年5月8日,令和9年5月31日
4163,東京都世田谷区奥沢六丁目１３番８号,（元）城南ビル１Ｆ,楽宴,ＫＩＬＩＮ合同会社,03-3702-5975,5世保生食ほ第1360号,飲食店営業,令和5年12月5日,令和5年12月5日,令和12年12月31日
4164,東京都世田谷区奥沢六丁目１５番４号,-,株式会社あざますラボ,株式会社あざますラボ,-,3世保生食ほ第2167号,菓子製造業,令和4年3月9日,令和4年3月9日,令和10年3月31日
4165,東京都世田谷区奥沢六丁目１５番４号,-,株式会社あざますラボ,株式会社あざますラボ,-,3世保生食ほ第2362号,そうざい製造業,令和4年3月22日,令和4年3月22日,令和10年3月31日
4166,東京都世田谷区奥沢六丁目２０番２３号,フォーラム自由が丘地下１階,焼肉べこ亭　自由が丘店,株式会社ＤＲＣ,3701-0029,3世保生食ほ第80号,飲食店営業,令和3年4月21日,令和3年4月21日,令和10年4月30日
4167,東京都世田谷区奥沢六丁目２０番２３号,フォーラム自由が丘地下１階,焼肉べこ亭　自由が丘店,株式会社ＤＲＣ,3701-0029,3世保生食ほ第81号,食肉販売業,令和3年4月21日,令和3年4月21日,令和10年4月30日
4168,東京都世田谷区奥沢六丁目２０番２４号,Ｏｋｕｓａｗａ６?　２Ｆ,ＩＬ　Ｃａｍｐａｎｅｌｌｏ,***,-,2世保生食ほ第439号,飲食店営業,令和2年6月9日,令和2年6月9日,令和9年6月30日
4169,東京都世田谷区奥沢六丁目２２番１２号,Ｍ’Ｇａｒｄｅｎ自由が丘,ＵＳＨＩＯ,株式会社潮,03-6431-3056,2世保生食ほ第1913号,飲食店営業,令和3年3月8日,令和3年3月8日,令和10年3月31日
4170,東京都世田谷区奥沢六丁目２２番１３号,シャトレ自由ヶ丘,ウッチャル　コチュ,エメラルドフロウジョン株式会社,3704-9339,3世保生食ほ第1652号,飲食店営業,令和4年1月1日,令和4年1月1日,令和9年12月31日
4171,東京都世田谷区奥沢六丁目２２番１３号,シャトレ自由が丘１０３,鳥品,株式会社ＫＯＳＴ,-,5世保生食ほ第83号,飲食店営業,令和5年4月27日,令和5年4月27日,令和11年4月30日
4172,東京都世田谷区奥沢六丁目２２番１６号,ノーブル自由が丘１０１,扇　鮨,***,3725-0348,5世保生食ほ第383号,飲食店営業,令和5年6月21日,令和5年6月21日,令和12年6月30日
4173,東京都世田谷区奥沢六丁目２５番８号,-,松屋・松のや　九品仏店,株式会社松屋フーズ,-,6世保生食ほ第1078号,そうざい製造業,令和6年10月22日,令和6年10月22日,令和13年10月31日
4174,東京都世田谷区奥沢六丁目２５番８号,-,松屋・松のや　九品仏店,株式会社松屋フーズ,-,7世保生食ほ第1017号,飲食店営業,令和7年10月22日,令和7年10月22日,令和14年10月31日
4175,東京都世田谷区奥沢六丁目２８番４号,ワイズニール自由ヶ丘１０２号,雫石,***,6432-2503,31世保生食ほ第448号,飲食店営業,令和元年6月13日,令和元年6月13日,令和8年6月30日
4176,東京都世田谷区奥沢六丁目２８番６号,ＦＫハウス自由が丘１０２,ＬＥ　ＰＥＴＩＴ　ＢＯＮＨＥＵＲ,株式会社グラン・ボヌール,03-5760-6110,31世保生食ほ第1275号,喫茶店営業,令和元年10月1日,令和元年10月1日,令和8年9月30日
4177,東京都世田谷区奥沢六丁目２８番６号,ＦＫハウス自由が丘１０２,ＬＥ　ＰＥＴＩＴ　ＢＯＮＨＥＵＲ,株式会社グラン・ボヌール,03-5760-6110,31世保生食ほ第1276号,菓子製造業,令和元年10月1日,令和元年10月1日,令和8年9月30日
4178,東京都世田谷区奥沢六丁目２８番６号,-,三代目だるま鮨　自由ヶ丘店,***,5760-6720,2世保生食ほ第1969号,飲食店営業,令和3年1月7日,令和3年1月7日,令和9年1月31日
4179,東京都世田谷区奥沢六丁目２８番１０号,-,ＫＯＳＴ,株式会社ＫＯＳＴ,03-3704-4417,5世保生食ほ第712号,飲食店営業,令和5年9月1日,令和5年9月1日,令和11年8月31日
4180,東京都世田谷区奥沢六丁目２９番２号,Ｂ１,世田谷区立奥沢福祉園,イフスコヘルスケア株式会社,5758-3546,7世保生食ほ第1674号,飲食店営業,令和8年4月1日,令和8年4月1日,令和15年3月31日
4181,東京都世田谷区奥沢六丁目３１番１５号,ルシェルブルーⅡ　１階,Ｆｏｎｄａｎｃｅ　Ｔｏｋｙｏ,有限会社紀之国屋商店,03-6432-1192,7世保生食ほ第1648号,飲食店営業,令和8年2月13日,令和8年2月13日,令和14年2月29日
4182,東京都世田谷区奥沢六丁目３１番１５号,ルシェルブルーⅡ　１階,Ｆｏｎｄａｎｃｅ　Ｔｏｋｙｏ,有限会社紀之国屋商店,03-6432-1192,7世保生食ほ第1649号,菓子製造業,令和8年2月13日,令和8年2月13日,令和14年2月29日
4183,東京都世田谷区奥沢六丁目３１番１６号,-,焼肉処　漢江,有限会社スタックアップ,3703-4129,2世保生食ほ第302号,飲食店営業,令和2年5月18日,令和2年5月18日,令和8年5月31日
4184,東京都世田谷区奥沢六丁目３１番１６号,-,焼肉処　漢江,有限会社スタックアップ,3703-4129,2世保生食ほ第303号,食肉販売業,令和2年5月18日,令和2年5月18日,令和8年5月31日
4185,東京都世田谷区奥沢六丁目３１番１７号,-,株式会社　泰興楼,株式会社泰興楼,03-5706-1014,3世保生食ほ第1751号,飲食店営業,令和4年1月1日,令和4年1月1日,令和9年12月31日
4186,東京都世田谷区奥沢六丁目３１番１８号,ロカーサ自由が丘１ＦＡ号,ＳＰＩＲＩＴＯ　ＬＩＢＥＲＯ　スピリト　リベロ,カーポビアンコ株式会社,6805-9009,2世保生食ほ第1783号,飲食店営業,令和2年12月8日,令和2年12月8日,令和9年12月31日
4187,東京都世田谷区奥沢六丁目３１番１８号,ロカーサ自由が丘１ＦＡ号,ＳＰＩＲＩＴＯ　ＬＩＢＥＲＯ　スピリト　リベロ,カーポビアンコ株式会社,6805-9009,2世保生食ほ第2313号,菓子製造業,令和3年2月17日,令和3年2月17日,令和10年2月29日
4188,東京都世田谷区奥沢六丁目３１番１８号,ロ・カーサ自由が丘Ｂ１Ｆ－Ａ,ライブハウス５５自由が丘,株式会社インフォレント,03-6809-8020,7世保生食ほ第1372号,飲食店営業,令和7年12月19日,令和7年12月19日,令和13年12月31日
4189,東京都世田谷区奥沢六丁目３１番１９号,２階,いっかい食べてみ！？うまい唐っ！,株式会社ＵＭＷ,03-6661-9190,5世保生食ほ第1322号,飲食店営業,令和5年11月28日,令和5年11月28日,令和11年11月30日
4190,東京都世田谷区奥沢六丁目３３番８号,-,トラットリア・モッコ,***,3705-3710,7世保生食ほ第411号,飲食店営業,令和7年8月1日,令和7年8月1日,令和13年7月31日
4191,東京都世田谷区奥沢六丁目３３番９号,内海ビルⅠ　１階,Ｌａ　Ｓｔａｚｉｏｎｅ　ｄｅｌｌａ　Ｐｉｚｚａ,株式会社ＮＲ,-,3世保生食ほ第390号,飲食店営業,令和3年5月31日,令和3年5月31日,令和9年5月31日
4192,東京都世田谷区奥沢六丁目３３番１４号,もみの木ビル１Ｆ,まるかくさん　自由が丘,際コーポレーション株式会社,03-6432-1390,6世保生食ほ第488号,飲食店営業,令和6年8月1日,令和6年8月1日,令和13年7月31日
4193,東京都世田谷区奥沢六丁目３３番１４号,もみの木ビル１Ｆ,ＶＯＤＫＡ　ＢＡＲ　Ｔａｒｏ’ｓ　ｓｔｙｌｅ,***,3703-0299,7世保生食ほ第1111号,飲食店営業,令和7年12月1日,令和7年12月1日,令和13年11月30日
4194,東京都世田谷区奥沢六丁目３３番１４号,-,マジデュショコラ,株式会社マジデマティエール,3703-7363,5世保生食ほ第1439号,飲食店営業,令和6年1月1日,令和6年1月1日,令和12年12月31日
4195,東京都世田谷区奥沢六丁目３３番１４号,-,マジデュショコラ,株式会社マジデマティエール,3703-7363,5世保生食ほ第1440号,菓子製造業,令和6年1月1日,令和6年1月1日,令和12年12月31日
4196,東京都世田谷区奥沢六丁目３３番１４号,-,マジデュショコラ,株式会社マジデマティエール,3703-7363,5世保生食ほ第1441号,アイスクリーム類製造業,令和6年1月1日,令和6年1月1日,令和12年12月31日
4197,東京都世田谷区奥沢六丁目３３番１４号,第一大塚ビル１０２号,ＴＥＴＯ,大塚産業株式会社,03-6809-8039,5世保生食ほ第39号,飲食店営業,令和5年5月1日,令和5年5月1日,令和11年4月30日
4198,東京都世田谷区奥沢六丁目３３番１４号,もみの木ビル（１０４号テナント）,ＬＩＦＥ　ＩＳ　ＰＡＴＩＳＳＩＥＲ,***,-,31世保生食ほ第1997号,菓子製造業,令和2年1月9日,令和2年1月9日,令和9年1月31日
4199,東京都世田谷区奥沢六丁目３３番１４号,もみのきビル２０７Ａ,サンバ　パティオ,大塚産業株式会社,-,2世保生食ほ第262号,飲食店営業,令和2年5月7日,令和2年5月7日,令和8年5月31日
4200,東京都世田谷区奥沢六丁目３３番１４号,第一大塚ビル１０２号,ＴＥＴＯ,合同会社ＴＥＯ,6809-8039,2世保生食ほ第341号,飲食店営業,令和2年5月25日,令和2年5月25日,令和8年5月31日
4201,東京都世田谷区奥沢六丁目３３番１４号,第一大塚ビル１０２号,ＴＥＴＯ,合同会社ＴＥＯ,6809-8039,3世保生食ほ第421号,そうざい製造業,令和3年5月31日,令和3年5月31日,令和9年5月31日
4202,東京都世田谷区奥沢六丁目３３番１４号,第２シーランドビル地下１Ｆ,爆香房,***,03-5758-3829,2世保生食ほ第1740号,飲食店営業,令和2年11月30日,令和2年11月30日,令和9年11月30日
4203,東京都世田谷区奥沢六丁目３３番１４号,第一大塚ビル１０７,曖昧時空　ＵＲＢＡＮ　ＬＥＭＯＮＥＲＹ,***,-,5世保生食ほ第1261号,飲食店営業,令和5年11月22日,令和5年11月22日,令和11年11月30日
4204,東京都世田谷区奥沢七丁目４番１０号,-,モッコ（木瓜）,***,3702-5866,2世保生食ほ第1212号,飲食店営業,令和2年10月2日,令和2年10月2日,令和8年10月31日
4205,東京都世田谷区奥沢七丁目４番１２号,ＵＰビル１Ｆ,ＨｉＯ　ＩＣＥ　ＣＲＥＡＭ,株式会社ＨｉＯＬＩ,03-6432-1950,7世保生食ほ第1729号,飲食店営業,令和8年4月1日,令和8年4月1日,令和15年3月31日
4206,東京都世田谷区奥沢七丁目４番１２号,ＵＰビル１Ｆ,ＨｉＯ　ＩＣＥ　ＣＲＥＡＭ,株式会社ＨｉＯＬＩ,03-6432-1950,7世保生食ほ第1730号,菓子製造業,令和8年4月1日,令和8年4月1日,令和15年3月31日
4207,東京都世田谷区奥沢七丁目４番１２号,ＵＰビル１Ｆ,ＨｉＯ　ＩＣＥ　ＣＲＥＡＭ,株式会社ＨｉＯＬＩ,03-6432-1950,7世保生食ほ第1731号,アイスクリーム類製造業,令和8年4月1日,令和8年4月1日,令和15年3月31日
4208,東京都世田谷区奥沢七丁目６番１０号,-,ＣＨＩＬＴ,株式会社スプレーウィット,03-6782-8292,7世保生食ほ第1256号,飲食店営業,令和8年1月1日,令和8年1月1日,令和13年12月31日
4209,東京都世田谷区奥沢七丁目６番１０号,-,ＣＨＩＬＴ,株式会社スプレーウィット,03-6782-8292,7世保生食ほ第1257号,菓子製造業,令和8年1月1日,令和8年1月1日,令和13年12月31日
4210,東京都世田谷区奥沢七丁目１０番２号,-,ＶＴｕｂｅｒ　Ｃａｆｅ＆Ｂａｒ　本棚,株式会社ワンコネクト,-,5世保生食ほ第1531号,飲食店営業,令和6年1月16日,令和6年1月16日,令和12年1月31日
4211,東京都世田谷区奥沢七丁目１０番８号,セザール自由が丘１０２,ＣＯＯＫＥＲＳ,***,-,3世保生食ほ第110号,そうざい製造業,令和3年4月26日,令和3年4月26日,令和9年4月30日
4212,東京都世田谷区奥沢七丁目１０番８号,セザール自由が丘１０２,ＣＯＯＫＥＲＳ,***,-,6世保生食ほ第426号,飲食店営業,令和6年7月1日,令和6年7月1日,令和12年6月30日
4213,東京都世田谷区奥沢七丁目１８番３号,１Ｆ,ＩＮＦＩＮＩ,株式会社アンフィニ,-,4世保生食ほ第971号,飲食店営業,令和4年9月14日,令和4年9月14日,令和11年9月30日
4214,東京都世田谷区奥沢七丁目１８番３号,１Ｆ,ＩＮＦＩＮＩ,株式会社アンフィニ,-,4世保生食ほ第972号,菓子製造業,令和4年9月14日,令和4年9月14日,令和11年9月30日
4215,東京都世田谷区奥沢七丁目１８番５号,めぞんひろせ１Ｆ,Ｃｏｍｍｅ’Ｎ,株式会社オーリ,6432-1061,2世保生食ほ第808号,飲食店営業,令和2年8月17日,令和2年8月17日,令和9年8月31日
4216,東京都世田谷区奥沢七丁目１８番５号,めぞんひろせ１Ｆ,Ｃｏｍｍｅ’Ｎ,株式会社オーリ,6432-1061,2世保生食ほ第809号,菓子製造業,令和2年8月17日,令和2年8月17日,令和9年8月31日
4217,東京都世田谷区奥沢七丁目１９番９号,九品仏駅前　線路沿い建物２Ｆ,九品仏カフェアンドバル,アイカタ株式会社,03-6805-9371,6世保生食ほ第1897号,飲食店営業,令和7年5月13日,令和7年5月13日,令和13年5月31日
4218,東京都世田谷区奥沢七丁目２４番３号,-,パーラーローレル,株式会社ローレル,3701-2420,3世保生食ほ第1061号,菓子製造業,令和3年9月6日,令和3年9月6日,令和10年9月30日
4219,東京都世田谷区奥沢七丁目３９番１３号,-,世田谷区立九品仏生活実習所,株式会社レクトン,3703-1519,3世保生食ほ第2317号,飲食店営業,令和4年4月1日,令和4年4月1日,令和11年3月31日
4220,東京都世田谷区奥沢七丁目４９番１３号,-,日々の食堂,***,-,7世保生食ほ第778号,飲食店営業,令和7年9月17日,令和7年9月17日,令和13年9月30日
4221,東京都世田谷区奥沢七丁目５２番５号,-,ファミリーマート奥沢七丁目店,有限会社エンライト,5752-1331,7世保生食ほ第10号,飲食店営業,令和7年4月4日,令和7年4月4日,令和14年4月30日
4222,東京都世田谷区奥沢七丁目５３番２号,-,Ｐａｉｎ　ｆｅｒｍｉｅｒ　穂の香　自由ヶ丘,***,5707-0888,5世保生食ほ第1626号,飲食店営業,令和6年3月1日,令和6年3月1日,令和12年2月28日
4223,東京都世田谷区奥沢七丁目５３番２号,-,Ｐａｉｎ　ｆｅｒｍｉｅｒ　穂の香　自由ヶ丘,***,5707-0888,5世保生食ほ第1627号,菓子製造業,令和6年3月1日,令和6年3月1日,令和12年2月28日
4224,東京都世田谷区奥沢七丁目５３番２号,１０２号,梅川,***,03-5706-3660,6世保生食ほ第1159号,飲食店営業,令和6年12月1日,令和6年12月1日,令和12年11月30日
4225,東京都世田谷区奥沢七丁目５３番４号,-,ＬＡ　ＣＡＮＮＡ,***,6432-1667,31世保生食ほ第735号,飲食店営業,平成24年7月24日,令和元年8月1日,令和8年7月31日
4226,東京都世田谷区奥沢八丁目１番２０号,セレナ自由が丘１Ｆ,パティスリーサトウ,***,6432-2454,2世保生食ほ第1017号,菓子製造業,令和2年9月14日,令和2年9月14日,令和9年9月30日
4227,東京都世田谷区奥沢八丁目１番２１号,１Ｆ,福風,福風商店株式会社,03-5707-3279,2世保生食ほ第275号,飲食店営業,令和2年5月11日,令和2年5月11日,令和8年5月31日
4228,東京都世田谷区奥沢八丁目１番２１号,１Ｆ,福風,福風商店株式会社,03-5707-3279,2世保生食ほ第276号,そうざい製造業,令和2年5月11日,令和2年5月11日,令和8年5月31日
4229,東京都世田谷区奥沢八丁目１２番１号,-,世田谷区立九品仏小学校,株式会社サンユー,03-3703-0458,3世保生食ほ第178号,飲食店営業,令和3年4月26日,令和3年4月26日,令和10年4月30日
4230,東京都世田谷区奥沢八丁目１３番９号,タウンハイツⅠ　１階１０２号室,ＴＯＢＡＲＩＥＲ　ＧＡＬＬＥＲＹ＆　ＣＡＦＥ,***,3702-7325,2世保生食ほ第661号,喫茶店営業,令和2年7月14日,令和2年7月14日,令和8年7月31日
4231,東京都世田谷区奥沢八丁目１３番１０号,タウンハイツ九品仏第二１０３,掌甘堂,株式会社フェイズワン,03-5758-1042,5世保生食ほ第1596号,菓子製造業,令和6年3月1日,令和6年3月1日,令和13年2月28日
4232,東京都世田谷区奥沢八丁目１５番８号,-,魚重,有限会社魚重,3703-3865,2世保生食ほ第1285号,魚介類販売業,昭和55年10月3日,令和2年11月1日,令和8年10月31日
4233,東京都世田谷区奥沢八丁目１６番６号,-,まめっこ庵,***,-,6世保生食ほ第323号,飲食店営業,令和6年6月11日,令和6年6月11日,令和12年6月30日
4234,東京都世田谷区奥沢七丁目１９番１７号,-,大虎,***,3705-2116,2世保生食ほ第2325号,飲食店営業,昭和60年3月15日,令和3年4月1日,令和9年3月31日
4235,東京都世田谷区奥沢八丁目３１番８号,-,大和屋精肉店,有限会社中田精肉店,3702-8108,6世保生食ほ第1134号,飲食店営業,令和6年12月1日,令和6年12月1日,令和13年11月30日
4236,東京都世田谷区奥沢八丁目３１番８号,-,大和屋精肉店,有限会社中田精肉店,3702-8108,6世保生食ほ第1135号,食肉販売業,令和6年12月1日,令和6年12月1日,令和13年11月30日
4237,東京都世田谷区奥沢八丁目３２番１１号,-,有限会社　毛利豆腐店,有限会社毛利豆腐店,3701-1415,4世保生食ほ第1019号,飲食店営業,令和4年11月1日,令和4年11月1日,令和10年10月31日
4238,東京都世田谷区奥沢八丁目３２番１１号,-,有限会社　毛利豆腐店,有限会社毛利豆腐店,3701-1415,4世保生食ほ第1020号,豆腐製造業,令和4年11月1日,令和4年11月1日,令和10年10月31日
4239,東京都世田谷区奥沢八丁目３２番１１号,-,合資会社　有楽庵,合資会社　有楽庵,03-3703-3655,30世保生食ほ第2470号,飲食店営業,平成7年5月1日,令和元年5月1日,令和8年4月30日
4240,東京都世田谷区奥沢八丁目３２番１１号,-,合資会社　有楽庵,合資会社　有楽庵,03-3703-3655,7世保生食ほ第1841号,飲食店営業,令和8年5月1日,令和8年5月1日,令和15年4月30日
4241,東京都世田谷区奥沢八丁目３４番１８号,-,パティスリー　エール,株式会社ＫＯＳＴ,03-6809-8774,6世保生食ほ第601号,飲食店営業,令和6年9月1日,令和6年9月1日,令和13年8月31日
4242,東京都世田谷区奥沢八丁目３４番１８号,-,パティスリー　エール,株式会社ＫＯＳＴ,03-6809-8774,6世保生食ほ第602号,菓子製造業,令和6年9月1日,令和6年9月1日,令和13年8月31日
4243,東京都世田谷区奥沢八丁目３７番１１号,-,ローソン・スリーエフ奥沢８丁目店,***,5706-9321,6世保生食ほ第1685号,飲食店営業,令和7年4月1日,令和7年4月1日,令和14年3月31日
4244,東京都世田谷区玉川田園調布一丁目９番１０号,-,住宅型有料老人ホーム　チャームプレミア田園調布,株式会社ＬＥＯＣ,5483-0550,7世保生食ほ第943号,飲食店営業,令和7年10月1日,令和7年10月1日,令和14年9月30日
4245,東京都世田谷区玉川田園調布二丁目６番２１号,-,ナショナル田園,ナショナル麻布株式会社,03-3721-4161,4世保生食ほ第922号,飲食店営業,令和4年10月1日,令和4年10月1日,令和11年9月30日
4246,東京都世田谷区玉川田園調布二丁目６番２１号,-,ナショナル田園,ナショナル麻布株式会社,03-3721-4161,4世保生食ほ第923号,食肉販売業,令和4年10月1日,令和4年10月1日,令和11年9月30日
4247,東京都世田谷区玉川田園調布二丁目６番２１号,-,ナショナル田園,ナショナル麻布株式会社,03-3721-4161,4世保生食ほ第924号,魚介類販売業,令和4年10月1日,令和4年10月1日,令和11年9月30日
4248,東京都世田谷区玉川田園調布二丁目８番１号,-,ＳＴＩＬＬＰＡＲＫ,株式会社ＢＲＩＤＧＥ,-,2世保生食ほ第2796号,飲食店営業,令和3年4月30日,令和3年4月30日,令和9年4月30日
4249,東京都世田谷区玉川田園調布二丁目８番１号,けやきガーデン１０４,京中　田園調布店,有限会社中勢以,-,5世保生食ほ第1235号,食肉販売業,令和5年11月29日,令和5年11月29日,令和12年11月30日
4250,東京都世田谷区玉川田園調布二丁目１３番１７号,ＣＯーＨｏｕｓｉｎｇ　Ｔａｍａｄｅｎ　北棟,ＳＴＵＤＩＯ　Ａ＆ＣＯ,有限会社ＳＴＵＤＩＯ　Ａ＆ＣＯ,03-3722-7279,4世保生食ほ第1717号,飲食店営業,令和5年3月1日,令和5年3月1日,令和11年2月28日
4251,東京都世田谷区玉川田園調布二丁目１３番１７号,-,ＳＩＲＩ　ＫＩＴＣＨＥＮ,株式会社ＴｒｉｐｌｅＡ,-,6世保生食ほ第395号,飲食店営業,令和6年9月12日,令和6年9月12日,令和12年9月30日
4252,東京都世田谷区玉川田園調布二丁目１３番１８号,コハウジング玉川田園調布　南棟店舗１,ｉｌ　ＲＩＳＴＯＲＡＮＴＩＮＯ　ＥＦＦＥＴＴＯ,三共石油瓦斯株式会社,03-6715-6740,5世保生食ほ第1918号,飲食店営業,令和6年3月27日,令和6年3月27日,令和12年3月31日
4253,東京都世田谷区玉川田園調布二丁目１３番１９号,-,タマデンマルシェ,***,-,2世保生食ほ第2785号,飲食店営業,令和3年3月25日,令和3年3月25日,令和9年3月31日
4254,東京都世田谷区玉川田園調布二丁目１７番１５号,-,世田谷区立八幡小学校,株式会社東洋食品,3721-8991,3世保生食ほ第196号,飲食店営業,令和3年4月26日,令和3年4月26日,令和10年4月30日
4255,東京都世田谷区東玉川一丁目１６番１９号,-,柿家鮨田園調布店,株式会社フォーシーズ,03-5499-1621,2世保生食ほ第2194号,飲食店営業,平成26年2月25日,令和3年3月1日,令和10年2月29日
4256,東京都世田谷区東玉川一丁目３９番１３号,-,グルメコンフィチュール,***,03-3726-3222,2世保生食ほ第1863号,菓子製造業,平成21年1月9日,令和3年2月1日,令和9年1月31日
4257,東京都世田谷区東玉川一丁目４０番１号,-,こうりゅうはうす　ｌｅ　ｌｉｅｎ（るりあん）,***,6421-8940,7世保生食ほ第100号,菓子製造業,令和7年6月1日,令和7年6月1日,令和13年5月31日
4258,東京都世田谷区東玉川一丁目４０番１号,-,こうりゅうはうす　ｌｅ　ｌｉｅｎ（るりあん）,***,6421-8940,7世保生食ほ第99号,飲食店営業,令和7年6月1日,令和7年6月1日,令和13年5月31日
4259,東京都世田谷区東玉川二丁目４１番２号,-,美味料理研究所　ぷりんやさん,***,-,7世保生食ほ第1745号,菓子製造業,令和8年4月1日,令和8年4月1日,令和14年3月31日
4260,東京都世田谷区東玉川二丁目４１番２号,-,美味料理研究所　ぷりんやさん,***,-,7世保生食ほ第1746号,そうざい製造業,令和8年4月1日,令和8年4月1日,令和14年3月31日
4261,東京都世田谷区東玉川二丁目４１番６号,ＧＲＩＦＦＩＮ　ＨＯＵＳＥ　Ｂ１,ＬＩＴＴＬＥ　ＧＩＡＮＴ,***,3727-6873,31世保生食ほ第2794号,飲食店営業,平成18年4月4日,令和2年5月1日,令和9年4月30日
4262,東京都世田谷区東玉川二丁目４１番１７号,パークスワロス０１－１０１,ｍｅｄｅｌ　ｄｅｌｉ,株式会社グリーンデビジョン,03-6425-8272,5世保生食ほ第506号,飲食店営業,令和5年7月19日,令和5年7月19日,令和11年7月31日
4263,東京都世田谷区北沢一丁目８番２号,-,ＣＡＲＬＩＳＬＥ,***,03-3467-1495,2世保生食ほ第82号,飲食店営業,平成26年7月15日,令和2年8月1日,令和8年7月31日
4264,東京都世田谷区北沢一丁目８番２号,ハイホーム桐山１０３号,株式会社Ｌａｕｇｈｋｙ,株式会社Ｌａｕｇｈｋｙ,-,6世保生食ほ第794号,菓子製造業,令和6年9月2日,令和6年9月2日,令和12年9月30日
4265,東京都世田谷区北沢一丁目９番２号,-,ＲｏＪｅａｎ,株式会社カンザス,-,3世保生食ほ第1577号,飲食店営業,令和3年11月19日,令和3年11月19日,令和9年11月30日
4266,東京都世田谷区北沢一丁目２１番,東北沢駅前駐車場,ＩＪＯＯＺ自動販売機,ＩＪＯＯＺ株式会社,-,5世保生食ほ第848号,調理の機能を有する自動販売機により食品を調理し、調理された食品を販売する営業,令和5年9月8日,令和5年9月8日,令和10年9月30日
4267,東京都世田谷区北沢一丁目２３番１１号,-,Ｋｒｏｓｅ　住いるカフェ,***,3465-6785,4世保生食ほ第81号,飲食店営業,令和4年5月11日,令和4年5月11日,令和10年5月31日
4268,東京都世田谷区北沢一丁目３０番３号,ホーメンス北沢１階,ＣＯＦＦＥＥ　ＣＯＵＮＴＹ　ＴＯＫＹＯ,株式会社ＣＯＦＦＥＥ　ＣＯＵＮＴＹ,03-5790-9909,5世保生食ほ第327号,飲食店営業,令和5年6月26日,令和5年6月26日,令和12年6月30日
4269,東京都世田谷区北沢一丁目３１番２号,-,よいしょ,***,3467-8604,2世保生食ほ第1106号,飲食店営業,昭和62年9月22日,令和2年10月1日,令和8年9月30日
4270,東京都世田谷区北沢一丁目３１番３号,ルナ池の上　１階,やきとり　鳥三,***,3468-9099,2世保生食ほ第1938号,飲食店営業,平成26年1月6日,令和3年2月1日,令和10年1月31日
4271,東京都世田谷区北沢一丁目３２番１号,窪田ビル１Ｆ,佐々木家　源八,***,03-3465-9483,5世保生食ほ第1101号,飲食店営業,令和5年12月1日,令和5年12月1日,令和11年11月30日
4272,東京都世田谷区北沢一丁目３２番２号,-,三　由,有限会社三由食堂,3467-0449,31世保生食ほ第2979号,飲食店営業,平成元年6月29日,令和2年7月1日,令和9年6月30日
4273,東京都世田谷区北沢一丁目３２番３号,-,「旨いもんや」　鱒夫亭,***,3465-5222,4世保生食ほ第1266号,飲食店営業,令和4年11月7日,令和4年11月7日,令和10年11月30日
4274,東京都世田谷区北沢一丁目３２番５号,エクセル池ノ上１Ｆ,熊八,***,6325-0429,6世保生食ほ第1472号,飲食店営業,令和7年1月28日,令和7年1月28日,令和13年1月31日
4275,東京都世田谷区北沢一丁目３３番１５号,-,喜家・手作り惣菜・弁当,***,03-5454-9754,31世保生食ほ第9号,飲食店営業,平成10年4月20日,令和元年5月1日,令和8年4月30日
4276,東京都世田谷区北沢一丁目３３番１５号,-,喜家・手作り惣菜・弁当,***,03-5454-9754,8世保生食ほ第23号,飲食店営業,令和8年5月1日,令和8年5月1日,令和15年4月30日
4277,東京都世田谷区北沢一丁目３３番１６号,-,ファミリーマート　池ノ上駅北口店,有限会社テルミー,03-3468-7091,3世保生食ほ第1227号,飲食店営業,令和3年9月22日,令和3年9月22日,令和10年9月30日
4278,東京都世田谷区北沢一丁目３３番１８号,リヴェール北沢１階,痕跡,***,-,7世保生食ほ第1625号,飲食店営業,令和8年3月5日,令和8年3月5日,令和14年3月31日
4279,東京都世田谷区北沢一丁目３３番１９号,コートコスモス１０１,Ｂａｒ　Ｈｕｎｋｙ　Ｄｏｒｙ,***,-,7世保生食ほ第1869号,飲食店営業,令和8年4月1日,令和8年4月1日,令和14年3月31日
4280,東京都世田谷区北沢一丁目３３番１９号,-,カフェ・リスベット,***,5453-8139,2世保生食ほ第548号,菓子製造業,令和2年6月26日,令和2年6月26日,令和8年6月30日
4281,東京都世田谷区北沢一丁目３４番２０号,-,池の上　かきのき,***,-,6世保生食ほ第1722号,飲食店営業,令和7年3月26日,令和7年3月26日,令和13年3月31日
4282,東京都世田谷区北沢一丁目３４番２０号,-,池の上　かきのき,***,-,6世保生食ほ第1863号,菓子製造業,令和7年3月26日,令和7年3月26日,令和13年3月31日
4283,東京都世田谷区北沢一丁目３９番９号,-,メリックス㈱下北沢支店内食堂,メリックス株式会社,03-5453-0918,7世保生食ほ第1650号,飲食店営業,令和8年4月1日,令和8年4月1日,令和15年3月31日
4284,東京都世田谷区北沢一丁目４０番６号,フィルパーク下北沢１Ｆ,ＫＡＢＵＴＯ　下北沢店,株式会社フォーエバーユース,03-6407-8629,2世保生食ほ第1944号,飲食店営業,令和3年1月8日,令和3年1月8日,令和9年1月31日
4285,東京都世田谷区北沢一丁目４０番１１号,サニーハイマート１０２号,ピカイチ,***,-,6世保生食ほ第1116号,飲食店営業,令和6年11月15日,令和6年11月15日,令和12年11月30日
4286,東京都世田谷区北沢一丁目４０番１１号,サニーハイマート下北沢１０３,ＣＵＮＥ下北沢,株式会社マンモス,03-6804-8301,5世保生食ほ第1848号,飲食店営業,令和6年3月28日,令和6年3月28日,令和12年3月31日
4287,東京都世田谷区北沢一丁目４０番１５号,北沢ゴルフマンションＢ１Ｆ,ＫＥＬＩＯ,***,-,3世保生食ほ第409号,飲食店営業,令和3年5月27日,令和3年5月27日,令和9年5月31日
4288,東京都世田谷区北沢一丁目４１番２２号,-,公益財団法人　秋田県育英会　東京寮,有限会社フードスタッフサービス,3469-6268,31世保生食ほ第950号,飲食店営業,令和元年8月30日,令和元年8月30日,令和8年8月31日
4289,東京都世田谷区北沢一丁目４２番１４号,-,ラヴィール下北沢,株式会社ニッコクトラスト,03-5454-3573,2世保生食ほ第2654号,飲食店営業,令和3年3月17日,令和3年3月17日,令和10年3月31日
4290,東京都世田谷区北沢一丁目４４番１８号,益信マンション１０１号室,Ｉｋｅｎｏｕｅ　Ｐａｒａｌｌｅｌ（池ノ上パラレル）,***,-,4世保生食ほ第980号,飲食店営業,令和5年6月23日,令和5年6月23日,令和11年6月30日
4291,東京都世田谷区北沢一丁目４４番１９号,-,ｔｉｃｏ,***,-,6世保生食ほ第1541号,飲食店営業,令和7年2月7日,令和7年2月7日,令和13年2月28日
4292,東京都世田谷区北沢一丁目４４番１９号,-,酒場　晴,***,6407-1626,7世保生食ほ第1847号,飲食店営業,令和8年4月1日,令和8年4月1日,令和14年3月31日
4293,東京都世田谷区北沢一丁目４５番１５号,-,ｇｉｒａｆｆｅ,潜象合同会社,-,2世保生食ほ第952号,飲食店営業,平成20年8月21日,令和2年9月1日,令和8年8月31日
4294,東京都世田谷区北沢一丁目４５番１５号,-,かよい船,***,-,3世保生食ほ第111号,飲食店営業,昭和51年5月18日,令和3年6月1日,令和9年5月31日
4295,東京都世田谷区北沢一丁目４５番１５号,すずなり横丁,りえ,***,-,31世保生食ほ第2705号,飲食店営業,平成26年4月17日,令和2年5月1日,令和8年4月30日
4296,東京都世田谷区北沢一丁目４５番１５号,すずなり横丁,りえ,***,-,8世保生食ほ第41号,飲食店営業,令和8年5月1日,令和8年5月1日,令和14年4月30日
4297,東京都世田谷区北沢一丁目４５番１５号,-,ＢＡＲ　ロオル,***,-,2世保生食ほ第692号,飲食店営業,令和2年7月21日,令和2年7月21日,令和8年7月31日
4298,東京都世田谷区北沢一丁目４５番１５号,-,Ｈａｎａｒｅ７,株式会社Ｍ＆Ｍ,-,2世保生食ほ第1577号,飲食店営業,令和2年11月6日,令和2年11月6日,令和8年11月30日
4299,東京都世田谷区北沢一丁目４５番１５号,-,ＳＮＡＣＫ　ＬＥＥ,***,3460-6100,2世保生食ほ第2672号,飲食店営業,令和3年3月15日,令和3年3月15日,令和9年3月31日
4300,東京都世田谷区北沢一丁目４５番１５号,鈴なり横丁１Ｆ,水蓮,***,03-3469-8492,4世保生食ほ第1449号,飲食店営業,令和4年12月15日,令和4年12月15日,令和10年12月31日
4301,東京都世田谷区北沢一丁目４５番１６号,-,ＢＡＲ　みたび,***,-,7世保生食ほ第1479号,飲食店営業,令和8年2月1日,令和8年2月1日,令和14年1月31日
4302,東京都世田谷区北沢一丁目４６番１号,-,ハーフ・ムーンＯ・Ｋ,有限会社ストレイト・セイル,3468-7942,3世保生食ほ第641号,飲食店営業,令和3年6月22日,令和3年6月22日,令和9年6月30日
4303,東京都世田谷区北沢一丁目４６番１号,-,ＢＡＲ　Ｓｕｍｉｒｅ,***,3460-8701,6世保生食ほ第838号,飲食店営業,令和6年9月13日,令和6年9月13日,令和12年9月30日
4304,東京都世田谷区北沢二丁目１番１号,ツバサマンション１０１,魚真,株式会社シン,6804-7575,31世保生食ほ第2912号,飲食店営業,令和2年3月24日,令和2年3月24日,令和9年3月31日
4305,東京都世田谷区北沢二丁目１番７号,ハウジング北沢ビルⅡ６Ｆ,ｃｉｎｑ,***,03-3418-5986,5世保生食ほ第1570号,飲食店営業,令和6年3月1日,令和6年3月1日,令和13年2月28日
4306,東京都世田谷区北沢二丁目１番７号,３Ｆ,Ｗｏｎｄｅｒｓｔｏｃｋ　Ｃｏｆｆｅｅ,合同会社ワンダーストック,03-5432-9265,5世保生食ほ第762号,飲食店営業,令和5年8月25日,令和5年8月25日,令和11年8月31日
4307,東京都世田谷区北沢二丁目１番７号,３Ｆ,Ｗｏｎｄｅｒｓｔｏｃｋ　Ｃｏｆｆｅｅ,合同会社ワンダーストック,03-5432-9265,5世保生食ほ第763号,菓子製造業,令和5年8月25日,令和5年8月25日,令和11年8月31日
4308,東京都世田谷区北沢二丁目１番８号,サンコービルＢ１Ｆ,てるや,***,3418-6011,2世保生食ほ第8号,飲食店営業,平成20年6月13日,令和2年7月1日,令和8年6月30日
4309,東京都世田谷区北沢二丁目１番８号,サンクビル１Ｆ,無添加薬膳スープカレー　ＣＯＳＭＯＳ　下北沢,株式会社レインボーカンパニー,03-6804-0058,4世保生食ほ第201号,飲食店営業,令和4年4月28日,令和4年4月28日,令和10年4月30日
4310,東京都世田谷区北沢二丁目１番９号,第二熊崎ビル１Ｆ,つ串亭,株式会社喜邑,3412-0082,31世保生食ほ第1907号,飲食店営業,昭和61年12月19日,令和2年1月1日,令和8年12月31日
4311,東京都世田谷区北沢二丁目１番９号,第２熊崎ビルＢ１,ラ．カーニャ,***,3410-0505,2世保生食ほ第1242号,飲食店営業,平成6年10月13日,令和2年11月1日,令和9年10月31日
4312,東京都世田谷区北沢二丁目１番９号,ＫＩＥ下北沢１階Ａ号室,カレーハウスＣｏＣｏ壱番屋　下北沢店,株式会社壱番屋,03-5432-9005,5世保生食ほ第1493号,飲食店営業,令和6年1月16日,令和6年1月16日,令和13年1月31日
4313,東京都世田谷区北沢二丁目１番９号,ＫＩＥ下北沢１Ｂ号室,ＣＲＩＳＰＹ　ＣＨＩＣＫＥＮ　ｎ’　ＴＯＭＡＴＯ　下北沢店,株式会社ＳｕｉＳｕｉ,-,5世保生食ほ第1671号,飲食店営業,令和6年2月20日,令和6年2月20日,令和13年2月28日
4314,東京都世田谷区北沢二丁目１番９号,ＫＩＥ下北沢１Ｂ号室,小麻辣（Ｘｉａｏｍａｌａ）下北沢店,***,-,8世保生食ほ第102号,飲食店営業,令和8年4月16日,令和8年4月16日,令和15年4月30日
4315,東京都世田谷区北沢二丁目２番３号,エルサント北沢Ｂ１,ＤａｉｓｙＢａｒ,株式会社プリミティブ,03-3421-0847,6世保生食ほ第1792号,飲食店営業,令和7年3月18日,令和7年3月18日,令和13年3月31日
4316,東京都世田谷区北沢二丁目２番３号,エルサント北沢１Ｆ,Ｌａｇｕｎａ,株式会社プリミティブ,6903-4185,2世保生食ほ第629号,飲食店営業,平成20年7月11日,令和2年8月1日,令和8年7月31日
4317,東京都世田谷区北沢二丁目２番３号,１Ｆ,織部　下北沢店,株式会社織部,5432-9068,31世保生食ほ第2717号,飲食店営業,平成26年4月21日,令和2年5月1日,令和8年4月30日
4318,東京都世田谷区北沢二丁目２番３号,１Ｆ,織部　下北沢店,株式会社織部,5432-9068,7世保生食ほ第1920号,飲食店営業,令和8年5月1日,令和8年5月1日,令和14年4月30日
4319,東京都世田谷区北沢二丁目２番４号,-,ジャックポット,株式会社ジャックポットプランニング,03-3412-6900,31世保生食ほ第2817号,飲食店営業,平成18年7月27日,令和2年8月1日,令和9年7月31日
4320,東京都世田谷区北沢二丁目２番４号,-,ジャックポット,株式会社ジャックポットプランニング,03-3412-6900,31世保生食ほ第2818号,魚介類販売業,平成25年10月23日,令和2年11月1日,令和9年8月31日
4321,東京都世田谷区北沢二丁目２番１０号,-,シモキタザワテラス　ＰＡＮＥＳ　ＨＯＵＳＥ,株式会社イタリアントマト,03-5432-0509,4世保生食ほ第230号,飲食店営業,令和4年5月12日,令和4年5月12日,令和10年5月31日
4322,東京都世田谷区北沢二丁目２番１３号,藤友ビル１Ｆ,こけら,株式会社エヌケーサービス,03-3413-3231,7世保生食ほ第1539号,飲食店営業,令和8年3月6日,令和8年3月6日,令和15年3月31日
4323,東京都世田谷区北沢二丁目２番１３号,藤友ビル２Ｆ,かつ良,有限会社かつ良,3412-5990,7世保生食ほ第1909号,飲食店営業,令和8年4月3日,令和8年4月3日,令和15年4月30日
4324,東京都世田谷区北沢二丁目２番１４号,モアイ茶沢ビル１Ｆ／Ｂ１,ライブハウス　モザイク,有限会社ミュージアムコーポレーション,5787-4559,4世保生食ほ第492号,飲食店営業,令和4年8月1日,令和4年8月1日,令和10年7月31日
4325,東京都世田谷区北沢二丁目２番１４号,モアイ茶沢４Ｆ,ＡＲＥＮＡ,Ｎｏｍｏｕｚｅ－Ｇｒｏｕｐ　Ｊａｐａｎ株式会社,03-6450-7957,6世保生食ほ第953号,飲食店営業,令和6年11月1日,令和6年11月1日,令和12年10月31日
4326,東京都世田谷区北沢二丁目３番１２号,１０１,フォーエバー,***,-,6世保生食ほ第159号,飲食店営業,令和6年5月8日,令和6年5月8日,令和12年5月31日
4327,東京都世田谷区北沢二丁目４番５号,ｍｏｓｉａ　５Ｆ,快活ＣＬＵＢ　下北沢店,株式会社快活フロンティア,5431-0188,31世保生食ほ第219号,飲食店営業,令和元年5月8日,令和元年5月8日,令和8年5月31日
4328,東京都世田谷区北沢二丁目４番５号,ｍｏｓｉａ４Ｆ,ＢＥＹＢＬＡＤＥ　ＢＡＲ　ＴＯＫＹＯ,株式会社アイティープラス,-,31世保生食ほ第878号,飲食店営業,令和元年8月8日,令和元年8月8日,令和8年8月31日
4329,東京都世田谷区北沢二丁目４番５号,ｍｏｓｉａＢ１Ｆ,シャングリラ下北沢,株式会社エル・ディー・アンド・ケイ,03-6805-2381,2世保生食ほ第1810号,飲食店営業,令和2年12月15日,令和2年12月15日,令和9年12月31日
4330,東京都世田谷区北沢二丁目４番５号,ｍｏｓｉａ　２Ｆ,くら寿司　下北沢店,くら寿司株式会社,03-6453-4610,7世保生食ほ第1876号,飲食店営業,令和8年4月14日,令和8年4月14日,令和15年4月30日
4331,東京都世田谷区北沢二丁目４番６号,ＩＳＩビル２Ｆ,Ｄａｒｔｓ　Ｃａｆｅ　ＵＮＯ,***,03-6413-8235,30世保生食ほ第2443号,飲食店営業,平成31年4月8日,平成31年4月8日,令和8年4月30日
4332,東京都世田谷区北沢二丁目４番８号,ベニヤビル１階,バナナムーン,***,03-5430-8778,4世保生食ほ第1923号,飲食店営業,令和5年3月29日,令和5年3月29日,令和11年3月31日
4333,東京都世田谷区北沢二丁目４番１０号,プラザ花２ＦＡ,海鮮もんじゃ　よしだ,***,3411-8079,3世保生食ほ第1239号,飲食店営業,令和3年10月12日,令和3年10月12日,令和10年10月31日
4334,東京都世田谷区北沢二丁目５番２号,ビックベンビルＢ２,クラブ　Ｑｕｅ,株式会社ユーケープロジェクト,3412-9979,2世保生食ほ第1054号,飲食店営業,平成6年9月20日,令和2年10月1日,令和9年9月30日
4335,東京都世田谷区北沢二丁目５番２号,ビッグベンビル２Ｆ,カラオケ館下北沢２号店,株式会社Ｂ＆Ｖ,03-3795-2577,7世保生食ほ第291号,飲食店営業,令和7年6月1日,令和7年6月1日,令和14年5月31日
4336,東京都世田谷区北沢二丁目５番１０号,第５マツヤビル３Ｆ,デューク　カポ,有限会社デュークトレーディング,6450-9590,3世保生食ほ第2054号,飲食店営業,令和4年2月22日,令和4年2月22日,令和10年2月29日
4337,東京都世田谷区北沢二丁目５番１０号,-,らーめん屋　僧,***,03-3410-9996,5世保生食ほ第550号,飲食店営業,令和5年8月1日,令和5年8月1日,令和12年7月31日
4338,東京都世田谷区北沢二丁目５番１０号,２階,ぴあ＆ぴあ,合同会社Ｄｒａｇｏ’Ｈｏｌｉｃ,03-3414-7899,5世保生食ほ第1916号,飲食店営業,令和6年5月1日,令和6年5月1日,令和13年4月30日
4339,東京都世田谷区北沢二丁目５番１０号,マツヤ不動産第５マツヤビル１Ｆ,俺流餃子楼飯店　下北沢店,株式会社らーめんワールド,03-5787-6799,5世保生食ほ第560号,飲食店営業,令和5年7月11日,令和5年7月11日,令和12年7月31日
4340,東京都世田谷区北沢二丁目６番２号,ミカン下北Ｂ街区　Ｂ１０１,ＢＲＯＯＫＬＹＮ　ＲＯＡＳＴＩＮＧ　ＣＯＭＰＡＮＹ　ＳＨＩＭＯＫＩＴＡＺＡＷＡ,株式会社キヨモ,03-6450-8681,4世保生食ほ第532号,飲食店営業,令和4年7月20日,令和4年7月20日,令和11年7月31日
4341,東京都世田谷区北沢二丁目６番５号,ルイビル４Ｆ,ＲＯＣＫＡＨＯＬＩＣ,激ロックエンタテインメント株式会社,03-5738-7669,3世保生食ほ第647号,飲食店営業,令和3年7月1日,令和3年7月1日,令和9年6月30日
4342,東京都世田谷区北沢二丁目６番５号,ルイビル５Ｆ,ＬＩＶＥＨＯＬＩＣ,激ロックエンタテインメント株式会社,03-5738-7169,3世保生食ほ第783号,飲食店営業,令和3年7月1日,令和3年7月1日,令和9年6月30日
4343,東京都世田谷区北沢二丁目６番５号,ルイビル３階,下北沢ろくでもない夜,***,6804-9567,3世保生食ほ第114号,飲食店営業,平成27年6月1日,令和3年6月1日,令和9年5月31日
4344,東京都世田谷区北沢二丁目６番５号,-,新台北,株式会社ケン,3485-1626,2世保生食ほ第575号,飲食店営業,令和2年7月3日,令和2年7月3日,令和8年7月31日
4345,東京都世田谷区北沢二丁目６番６号,-,ＵＣＨＩＡＧＥ,株式会社本多企画,3466-0020,5世保生食ほ第1365号,飲食店営業,令和6年1月1日,令和6年1月1日,令和11年12月31日
4346,東京都世田谷区北沢二丁目６番６号,澤田ビル１Ｆ,港のてっぱん焼　得々,株式会社リバースコーポレーション,03-3468-5210,6世保生食ほ第1602号,飲食店営業,令和7年3月1日,令和7年3月1日,令和13年2月28日
4347,東京都世田谷区北沢二丁目６番６号,澤田ビルＢ１０１,おむすびシアターＢＡＲ　シモキタ,株式会社むすびエンタテインメント,-,4世保生食ほ第321号,飲食店営業,令和4年5月27日,令和4年5月27日,令和10年5月31日
4348,東京都世田谷区北沢二丁目６番６号,澤田ビルＢ１Ｆ　Ｂ号,焼野菜　銀河団,株式会社Ｎｕｍｂｅｒｓ,03-5790-9363,6世保生食ほ第76号,飲食店営業,令和6年4月15日,令和6年4月15日,令和12年4月30日
4349,東京都世田谷区北沢二丁目６番６号,-,ＣｈａｉＰｉｏ,株式会社ダイスキ,-,7世保生食ほ第714号,飲食店営業,令和7年8月27日,令和7年8月27日,令和13年8月31日
4350,東京都世田谷区北沢二丁目６番１０号,仙田ビル地下１階,下北沢　シェルター,有限会社ロフト,3466-7430,5世保生食ほ第950号,飲食店営業,令和5年10月1日,令和5年10月1日,令和11年9月30日
4351,東京都世田谷区北沢二丁目７番２号,-,ｓｏｕｐ＊ｓｐｏｏｎ,***,3485-1249,3世保生食ほ第72号,飲食店営業,平成21年4月10日,令和3年5月1日,令和9年4月30日
4352,東京都世田谷区北沢二丁目７番２号,１Ｆ,ＥＬ,***,-,3世保生食ほ第61号,飲食店営業,令和3年4月9日,令和3年4月9日,令和9年4月30日
4353,東京都世田谷区北沢二丁目７番２号,ＤＥＡＲ　ＨＩＬＬＳ　下北沢１階,Ｋｒｉｓｔｙ　Ｙｏｇｕｒｔ,鋒行芸術株式会社,-,7世保生食ほ第630号,飲食店営業,令和7年10月20日,令和7年10月20日,令和14年10月31日
4354,東京都世田谷区北沢二丁目７番２号,ＤＥＡＲ　ＨＩＬＬＳ　下北沢３階,Ｔｈｒｅｅｓｏｍｅ,３ｃｎｔ株式会社,-,7世保生食ほ第882号,飲食店営業,令和7年9月25日,令和7年9月25日,令和13年9月30日
4355,東京都世田谷区北沢二丁目７番３号,ハイツ北沢１－Ａ,ぐらばー亭,***,03-3481-5025,7世保生食ほ第68号,飲食店営業,令和7年5月1日,令和7年5月1日,令和13年4月30日
4356,東京都世田谷区北沢二丁目７番５号,下北沢プラッツＢ１,ｍｕｓｉｃ　ｂａｒ　ｒｐｍ,株式会社こがね丸,5454-0179,3世保生食ほ第1555号,飲食店営業,令和3年11月15日,令和3年11月15日,令和9年11月30日
4357,東京都世田谷区北沢二丁目７番５号,下北沢プラッツビル　２Ｆ,串カツ田中　下北沢店,株式会社串カツ田中,03-6804-9426,2世保生食ほ第1794号,飲食店営業,平成25年12月18日,令和3年1月1日,令和9年12月31日
4358,東京都世田谷区北沢二丁目７番５号,-,ＧＯＯＤＴＩＭＥＢＡＲ,株式会社ＳＥＰＴＥＭＢＥＲ　ＴＯＫＹＯ,03-5738-7061,4世保生食ほ第1624号,飲食店営業,令和5年2月3日,令和5年2月3日,令和11年2月28日
4359,東京都世田谷区北沢二丁目７番６号,テクノプラザ１Ｆ,カフェ・カナン,***,3467-9052,2世保生食ほ第1606号,飲食店営業,平成14年11月6日,令和2年12月1日,令和8年11月30日
4360,東京都世田谷区北沢二丁目７番７号,１Ｆ,韓国食堂　ソウルテーブル,株式会社オールディッシュ,03-6407-9729,6世保生食ほ第1865号,飲食店営業,令和7年4月1日,令和7年4月1日,令和13年3月31日
4361,東京都世田谷区北沢二丁目７番８号,山本ビル１Ｆ,下北沢　肉バル　Ｂｏｎ,株式会社オールディッシュ,03-5738-8229,4世保生食ほ第1552号,飲食店営業,令和5年1月27日,令和5年1月27日,令和11年1月31日
4362,東京都世田谷区北沢二丁目７番１０号,ウエハラビル１階,茶茶,***,3465-9311,7世保生食ほ第1469号,飲食店営業,令和8年2月1日,令和8年2月1日,令和14年1月31日
4363,東京都世田谷区北沢二丁目７番１１号,コージー下北沢２階,ｋａｔｅ　ｃｏｆｆｅｅ,株式会社ウィステリアブランチ,-,2世保生食ほ第1210号,飲食店営業,平成25年10月22日,令和2年11月1日,令和9年10月31日
4364,東京都世田谷区北沢二丁目７番１１号,コージー下北沢２階,ｋａｔｅ　ｃｏｆｆｅｅ,株式会社ウィステリアブランチ,-,2世保生食ほ第1211号,菓子製造業,平成25年10月22日,令和2年11月1日,令和9年10月31日
4365,東京都世田谷区北沢二丁目７番１４号,カワノシモキタサウス１Ｆ,ローソン下北沢店,有限会社　オージーグループ,3485-8279,31世保生食ほ第1389号,飲食店営業,令和元年10月9日,令和元年10月9日,令和8年10月31日
4366,東京都世田谷区北沢二丁目８番４号,松田ビルＢ１,のたぼうず,合同会社Ｍ－ＢＲＩＧＨＴ,03-6804-7740,4世保生食ほ第445号,飲食店営業,令和4年6月23日,令和4年6月23日,令和11年6月30日
4367,東京都世田谷区北沢二丁目８番５号,ＡＮビル１Ｆ,Ｂａｒ　ＫＯＭＰＡＬ,***,3467-0987,7世保生食ほ第1515号,飲食店営業,令和8年3月1日,令和8年3月1日,令和14年2月29日
4368,東京都世田谷区北沢二丁目８番５号,ＡＮビル２Ｆ　Ｃ号,ｓｌａｃｋ　ｂａｒ　ＬＦＳ,***,-,2世保生食ほ第1633号,飲食店営業,令和2年11月12日,令和2年11月12日,令和8年11月30日
4369,東京都世田谷区北沢二丁目８番５号,ＡＮビル２階Ｃ号,ＶＩＮＹＬ　ＨＯＵＳＥ,***,-,7世保生食ほ第1235号,飲食店営業,令和7年12月2日,令和7年12月2日,令和13年12月31日
4370,東京都世田谷区北沢二丁目８番８号,-,中国家　珉亭,有限会社珉亭,3466-7355,3世保生食ほ第1596号,飲食店営業,令和4年1月1日,令和4年1月1日,令和9年12月31日
4371,東京都世田谷区北沢二丁目８番８号,ＮＳビル２Ｆ,太樹苑,株式会社太樹苑,03-3467-0729,7世保生食ほ第1502号,飲食店営業,令和8年2月1日,令和8年2月1日,令和15年1月31日
4372,東京都世田谷区北沢二丁目８番８号,-,ｐｒｏｐａｇａｎｄａ,株式会社エル・ディー・アンド・ケイ,6407-8883,3世保生食ほ第2029号,飲食店営業,令和4年2月28日,令和4年2月28日,令和10年2月29日
4373,東京都世田谷区北沢二丁目８番８号,赤レンガ１Ｆ,ブッチャーズ　バル　下北沢,株式会社ＴＨＲＥＥ　ｐｌｕｓ,03-6407-9370,4世保生食ほ第1803号,飲食店営業,令和5年3月9日,令和5年3月9日,令和12年3月31日
4374,東京都世田谷区北沢二丁目８番１２号,３Ｆ,Ｂａｒ　ｈｏｎｕ,有限会社カムイ,03-6673-6185,6世保生食ほ第531号,飲食店営業,令和6年7月17日,令和6年7月17日,令和13年7月31日
4375,東京都世田谷区北沢二丁目９番１号,大新ビル２階,串焼　和楽互尊,有限会社和楽互尊,3468-7688,2世保生食ほ第1225号,飲食店営業,平成6年10月13日,令和2年11月1日,令和8年10月31日
4376,東京都世田谷区北沢二丁目９番２号,辻ビル１Ｆ,梅窓,***,-,2世保生食ほ第2033号,飲食店営業,平成26年1月28日,令和3年2月1日,令和10年1月31日
4377,東京都世田谷区北沢二丁目９番２号,辻ビル４階,セギュレ,***,03-6804-7288,3世保生食ほ第2437号,飲食店営業,令和4年4月8日,令和4年4月8日,令和10年4月30日
4378,東京都世田谷区北沢二丁目９番２号,辻ビルＢ１Ｆ,和みや　晃月,***,03-5465-1176,5世保生食ほ第1405号,飲食店営業,令和6年2月1日,令和6年2月1日,令和13年1月31日
4379,東京都世田谷区北沢二丁目９番２号,ＡＲＩＳＴＯ下北沢１Ｆ・２Ｆ,みんな商店,株式会社ＵＰＤＡＴＥＲ,03-5790-9799,6世保生食ほ第1566号,飲食店営業,令和7年3月21日,令和7年3月21日,令和14年3月31日
4380,東京都世田谷区北沢二丁目９番２号,ＡＲＩＳＴＯ下北沢１Ｆ・２Ｆ,みんな商店,株式会社ＵＰＤＡＴＥＲ,03-5790-9799,7世保生食ほ第1511号,菓子製造業,令和8年1月27日,令和8年1月27日,令和15年1月31日
4381,東京都世田谷区北沢二丁目９番２号,ＴＨＥ　ＣＩＴＹ　下北沢５Ｆ,ｍｕｓｅ　下北沢店,株式会社フードクリエーションズ,-,6世保生食ほ第1583号,飲食店営業,令和7年2月17日,令和7年2月17日,令和14年2月29日
4382,東京都世田谷区北沢二丁目９番２号,ＴＨＥ　ＣＩＴＹ下北沢　Ｂ１Ｆ,ＲＥＣＯＣＯ下北沢,株式会社ポム,-,6世保生食ほ第1664号,飲食店営業,令和7年3月12日,令和7年3月12日,令和13年3月31日
4383,東京都世田谷区北沢二丁目９番２号,ＴＨＥ　ＣＩＴＹ　下北沢　３Ｆ,Ｄ－ＤＲＡＧＯＮ,株式会社ジプシー　,-,7世保生食ほ第157号,飲食店営業,令和7年4月30日,令和7年4月30日,令和14年4月30日
4384,東京都世田谷区北沢二丁目９番２号,ＡＲＩＳＴＯ下北沢７階,Ｍａｉｌｌａｒｄ,Ｌ・Ｔ株式会社,03-5738-8680,7世保生食ほ第331号,飲食店営業,令和7年11月26日,令和7年11月26日,令和13年11月30日
4385,東京都世田谷区北沢二丁目９番３号,三久ビル３Ｆ　Ｉ号室,ＭＵ：,***,03-5454-1450,6世保生食ほ第525号,飲食店営業,令和6年8月1日,令和6年8月1日,令和12年7月31日
4386,東京都世田谷区北沢二丁目９番３号,下北沢藤間ビル１階,ＨＡＧＡＲＥ,株式会社オーバーシーズ,03-3460-0822,3世保生食ほ第2415号,飲食店営業,令和4年4月6日,令和4年4月6日,令和11年4月30日
4387,東京都世田谷区北沢二丁目９番３号,三久ビル１－Ｃ,まぼねん,株式会社はうてん,03-6407-8232,2世保生食ほ第431号,飲食店営業,令和2年6月4日,令和2年6月4日,令和9年6月30日
4388,東京都世田谷区北沢二丁目９番５号,-,カネ美食品㈱　　イーズデリオオゼキ下北沢店,カネ美食品株式会社,03-5465-7156,6世保生食ほ第340号,飲食店営業,令和6年6月3日,令和6年6月3日,令和13年6月30日
4389,東京都世田谷区北沢二丁目９番５号,-,㈱オオゼキ下北沢店,株式会社オオゼキ,0364072551,2世保生食ほ第2176号,食肉販売業,令和3年2月26日,令和3年2月26日,令和10年2月29日
4390,東京都世田谷区北沢二丁目９番５号,-,㈱オオゼキ下北沢店,株式会社オオゼキ,0364072551,2世保生食ほ第2177号,魚介類販売業,令和3年2月26日,令和3年2月26日,令和10年2月29日
4391,東京都世田谷区北沢二丁目９番５号,-,寿司の美登利下北沢店,株式会社梅丘寿司の美登利総本店,3485-1500,2世保生食ほ第2323号,飲食店営業,令和3年2月26日,令和3年2月26日,令和10年2月29日
4392,東京都世田谷区北沢二丁目９番１３号,岸田２号館１Ｆ,イディオ・サバン,有限会社ストレイト・セイル,3468-5504,3世保生食ほ第640号,飲食店営業,令和3年6月22日,令和3年6月22日,令和9年6月30日
4393,東京都世田谷区北沢二丁目９番１３号,４号館Ｃ,太好（タイハオ）,***,-,3世保生食ほ第173号,飲食店営業,平成21年5月25日,令和3年6月1日,令和9年5月31日
4394,東京都世田谷区北沢二丁目９番１３号,岸田４号館Ａ,Ｌｅ　Ｇｒａｎｄ　ｃａｒｔ,***,03-3465-9040,2世保生食ほ第438号,飲食店営業,令和2年6月5日,令和2年6月5日,令和8年6月30日
4395,東京都世田谷区北沢二丁目９番１７号,-,北花,***,03-5453-8889,7世保生食ほ第1182号,飲食店営業,令和7年12月1日,令和7年12月1日,令和13年11月30日
4396,東京都世田谷区北沢二丁目９番１７号,-,Ｔｈｅ　Ｔｈｉｒｄ　Ｈｏｕｓｅ,***,03-6796-2209,7世保生食ほ第400号,飲食店営業,令和7年7月1日,令和7年7月1日,令和13年6月30日
4397,東京都世田谷区北沢二丁目９番１７号,２Ｆ左,ＧＯＯＤ　ＶＩＢＥＳ　ＢＡＲ,***,5790-9206,6世保生食ほ第905号,飲食店営業,令和6年11月1日,令和6年11月1日,令和12年10月31日
4398,東京都世田谷区北沢二丁目９番１７号,-,Ｅ－ｉｔｏｕ　Ｃｕｒｒｙ　下北沢,株式会社ＤＡＩＣＨＯ　ＦＯＯＤＥＸ,03-6265-5888,7世保生食ほ第1361号,飲食店営業,令和8年1月1日,令和8年1月1日,令和13年12月31日
4399,東京都世田谷区北沢二丁目９番２０号,-,にしんば東通り店,有限会社岡崎商事,03-3465-0251,4世保生食ほ第1712号,飲食店営業,令和5年3月1日,令和5年3月1日,令和11年2月28日
4400,東京都世田谷区北沢二丁目９番２０号,佐藤店舗２階西側,ＢＡＲ　ＳＯＳＡＮＪＩ,***,03-6407-9280,6世保生食ほ第1443号,飲食店営業,令和7年1月10日,令和7年1月10日,令和13年1月31日
4401,東京都世田谷区北沢二丁目９番２０号,カ十ビル２Ｆ,もんもん　もんじゃ,株式会社リミッターカット,03-5738-8012,7世保生食ほ第1196号,飲食店営業,令和7年12月1日,令和7年12月1日,令和14年11月30日
4402,東京都世田谷区北沢二丁目９番２１号,-,キネマ倶楽部,***,-,3世保生食ほ第2169号,飲食店営業,令和4年3月4日,令和4年3月4日,令和10年3月31日
4403,東京都世田谷区北沢二丁目９番２１号,１階２階,どてのざわざわ,株式会社リバースコーポレーション,03-5366-2565,2世保生食ほ第259号,飲食店営業,令和2年5月8日,令和2年5月8日,令和8年5月31日
4404,東京都世田谷区北沢二丁目９番２１号,１階２階,どてのざわざわ,株式会社リバースコーポレーション,03-5366-2565,2世保生食ほ第260号,魚介類販売業,令和2年5月8日,令和2年5月8日,令和8年5月31日
4405,東京都世田谷区北沢二丁目９番２１号,１階２階,どてのざわざわ,株式会社リバースコーポレーション,03-5366-2565,2世保生食ほ第261号,食肉販売業,令和2年5月8日,令和2年5月8日,令和8年5月31日
4406,東京都世田谷区北沢二丁目９番２１号,１Ｆ,オオゼキ下北沢店　青果第二厨房,株式会社オオゼキ,03-6407-2468,3世保生食ほ第1565号,飲食店営業,令和3年12月1日,令和3年12月1日,令和10年11月30日
4407,東京都世田谷区北沢二丁目９番２１号,１Ｆ,オオゼキ下北沢店　青果第二厨房,株式会社オオゼキ,03-6407-2468,7世保生食ほ第1801号,そうざい製造業,令和8年3月16日,令和8年3月16日,令和15年3月31日
4408,東京都世田谷区北沢二丁目９番２２号,-,着縁,***,-,6世保生食ほ第543号,飲食店営業,令和6年9月1日,令和6年9月1日,令和12年8月31日
4409,東京都世田谷区北沢二丁目９番２２号,ＥＩＫＯ下北ビル１Ｆ,おむかい,株式会社はうてん,03-4285-7018,2世保生食ほ第519号,飲食店営業,令和2年6月19日,令和2年6月19日,令和8年6月30日
4410,東京都世田谷区北沢二丁目９番２３号,第２鈴木ビル２Ｆ,自然食レストランありしあ,***,03-3485-3681,6世保生食ほ第1245号,飲食店営業,令和7年1月1日,令和7年1月1日,令和13年12月31日
4411,東京都世田谷区北沢二丁目９番２３号,第二鈴木ビル２ＦＡ号,Ｂａｒ　ＣＨＡＳＳＹ,株式会社ＣＨＡＳＳＹ,03-3468-0406,5世保生食ほ第311号,飲食店営業,令和5年7月1日,令和5年7月1日,令和11年6月30日
4412,東京都世田谷区北沢二丁目９番２３号,友和第５ビル２Ｆ,鳥友,***,03-6451-5122,6世保生食ほ第1394号,飲食店営業,令和7年2月26日,令和7年2月26日,令和14年2月29日
4413,東京都世田谷区北沢二丁目９番２３号,４Ｆ　４Ｂ号室,イチタカ,***,-,6世保生食ほ第1530号,飲食店営業,令和7年1月28日,令和7年1月28日,令和14年1月31日
4414,東京都世田谷区北沢二丁目９番２３号,友和第５ビル４Ａ,ｉＳＥＴＡＮ下北沢本館,Ｎｏｍｏｕｚｅ－Ｇｒｏｕｐ　Ｊａｐａｎ株式会社,-,6世保生食ほ第1708号,飲食店営業,令和7年2月28日,令和7年2月28日,令和13年2月28日
4415,東京都世田谷区北沢二丁目９番２３号,友和第５ビル３Ｂ,中華そば　みつめ,株式会社ＪＡＰＡＮ　ＳＥＥＤ,-,6世保生食ほ第1809号,飲食店営業,令和7年3月14日,令和7年3月14日,令和14年3月31日
4416,東京都世田谷区北沢二丁目９番２３号,友和第５ビル１階,七宝麻辣湯　下北沢店,株式会社ダイニングイノベーション,03-5738-8789,6世保生食ほ第1836号,飲食店営業,令和7年3月24日,令和7年3月24日,令和14年3月31日
4417,東京都世田谷区北沢二丁目９番２３号,友和第５ビル５階,ソラノマ,株式会社ジェントル,-,6世保生食ほ第1919号,飲食店営業,令和7年4月3日,令和7年4月3日,令和14年4月30日
4418,東京都世田谷区北沢二丁目９番２３号,友和第５ビル３階　３－Ａ,餃子世界下北沢,密友合同会社,-,6世保生食ほ第1921号,飲食店営業,令和7年4月3日,令和7年4月3日,令和14年4月30日
4419,東京都世田谷区北沢二丁目９番２４号,博雅ビル３Ｆ,あみ　あみ,株式会社ノースタイル,03-5453-4211,5世保生食ほ第1233号,飲食店営業,令和5年12月1日,令和5年12月1日,令和11年11月30日
4420,東京都世田谷区北沢二丁目９番２４号,博雅ビル４階,ぷあかう,***,-,2世保生食ほ第69号,飲食店営業,平成20年7月8日,令和2年8月1日,令和8年7月31日
4421,東京都世田谷区北沢二丁目９番２４号,和田ビル３Ｆ,しろゴリラ,株式会社しろくま,03-5790-9515,3世保生食ほ第1991号,飲食店営業,令和4年3月1日,令和4年3月1日,令和10年2月29日
4422,東京都世田谷区北沢二丁目９番２４号,城和ビル２Ｆ,ｂａｒ　ｃｏｌｏｎｙ,株式会社松本コーポレーション,03-6407-0141,7世保生食ほ第811号,飲食店営業,令和7年10月1日,令和7年10月1日,令和13年9月30日
4423,東京都世田谷区北沢二丁目９番２４号,博雅ビル２階,晴－ｈａｒｕ－,***,03-6684-5984,5世保生食ほ第1404号,飲食店営業,令和5年12月28日,令和5年12月28日,令和11年12月31日
4424,東京都世田谷区北沢二丁目９番２４号,城和ビル４Ｆ,洋装店,***,-,7世保生食ほ第1525号,飲食店営業,令和8年1月27日,令和8年1月27日,令和14年1月31日
4425,東京都世田谷区北沢二丁目９番２５号,城和ビル２Ｆ,ＰＯＯＬ,***,-,31世保生食ほ第2747号,飲食店営業,平成26年5月19日,令和2年6月1日,令和8年5月31日
4426,東京都世田谷区北沢二丁目１０番８号,ユナイテッドビル　Ｂ１,Ｋｏｍｏｒｅｂｉ,株式会社ＨＩＮＡＴＡ,6407-8983,7世保生食ほ第535号,飲食店営業,令和7年9月1日,令和7年9月1日,令和13年8月31日
4427,東京都世田谷区北沢二丁目１０番１０号,イサミヤビル２Ｆ・３Ｆ,サンガイノリバティ,株式会社リバティフィール,3460-0592,31世保生食ほ第1679号,飲食店営業,平成24年11月21日,令和元年12月1日,令和8年11月30日
4428,東京都世田谷区北沢二丁目１０番１０号,-,群馬豚骨ら－めんだるま大使無限　下北沢駅前店,グロービート・ジャパン株式会社,-,3世保生食ほ第1722号,飲食店営業,令和3年12月17日,令和3年12月17日,令和10年12月31日
4429,東京都世田谷区北沢二丁目１０番１２号,金子ビル３Ｆ,ＣｉｅＬ,合同会社アンシェール,03-5738-8393,3世保生食ほ第1486号,飲食店営業,令和3年11月1日,令和3年11月1日,令和9年10月31日
4430,東京都世田谷区北沢二丁目１０番１２号,金子ビル４Ｆ,ＢＡＲ　ＧＥＥＫ,***,03-6804-8409,2世保生食ほ第1569号,飲食店営業,令和2年11月6日,令和2年11月6日,令和8年11月30日
4431,東京都世田谷区北沢二丁目１０番１８号,藤和下北沢ハイタウンＢ棟２０１,ＲＥＳＴＡＵＲＡＮＴ＆ＢＡＲ　ｅｓ,株式会社スクラッチスイープ,3460-0181,4世保生食ほ第1403号,飲食店営業,令和4年12月1日,令和4年12月1日,令和10年11月30日
4432,東京都世田谷区北沢二丁目１０番１８号,藤和下北沢ハイタウンＢ棟Ｃ号室,福のから　下北沢店,株式会社シオ井,03-6407-1621,7世保生食ほ第113号,飲食店営業,令和7年6月1日,令和7年6月1日,令和13年5月31日
4433,東京都世田谷区北沢二丁目１０番１８号,藤和ハイタウンＢ棟１０１,高級芋菓子　しみず　下北沢店,株式会社ＴＡＭＡＲＩＢＡ　ＥＸＰＥＲＩＥＮＣＥ,03-5738-7951,3世保生食ほ第1942号,飲食店営業,令和4年1月20日,令和4年1月20日,令和11年1月31日
4434,東京都世田谷区北沢二丁目１０番２０号,Ｄ２０２,楽観,株式会社楽観,-,3世保生食ほ第2050号,飲食店営業,令和4年3月2日,令和4年3月2日,令和11年3月31日
4435,東京都世田谷区北沢二丁目１０番２０号,ミカン下北Ｄ１０１,下北ミートスポット,株式会社誠川舎,6407-8911,3世保生食ほ第2134号,飲食店営業,令和4年3月2日,令和4年3月2日,令和11年3月31日
4436,東京都世田谷区北沢二丁目１０番２０号,Ｄ街区１０２ミカン下北,鎌倉山米店　下北沢,株式会社鎌倉山米店,03-5790-9618,5世保生食ほ第1380号,飲食店営業,令和5年12月4日,令和5年12月4日,令和12年12月31日
4437,東京都世田谷区北沢二丁目１１番２号,-,イタリアン　レストラン　ザック,有限会社ザック,3413-3991,2世保生食ほ第1028号,飲食店営業,昭和52年9月30日,令和2年10月1日,令和9年9月30日
4438,東京都世田谷区北沢二丁目１１番２号,-,イタリアン　レストラン　ザック,有限会社ザック,3413-3991,2世保生食ほ第1029号,菓子製造業,平成6年9月7日,令和2年10月1日,令和9年9月30日
4439,東京都世田谷区北沢二丁目１１番２号,パティオ下北沢２Ｆ,Ｄｏｎｄｏｋｏ　Ｓｈｉｍｏｋｉｔａｚａｗａ,株式会社ＪＩＩＯＮＥ,6805-4643,31世保生食ほ第1503号,飲食店営業,平成24年11月15日,令和元年12月1日,令和8年11月30日
4440,東京都世田谷区北沢二丁目１１番２号,パティオ下北沢３Ｆ,ＳＨＡＫＥ（シャケ）,株式会社ワイケーサポート,3413-1185,31世保生食ほ第254号,飲食店営業,令和元年5月31日,令和元年5月31日,令和8年5月31日
4441,東京都世田谷区北沢二丁目１１番３号,松居ビルＢ１Ｆ,大衆酒場晩杯屋　下北沢店,株式会社アクティブソース,03-5432-9927,6世保生食ほ第596号,飲食店営業,令和6年8月1日,令和6年8月1日,令和13年7月31日
4442,東京都世田谷区北沢二丁目１１番３号,松居ビル１Ｆ,いきなり！ステーキ下北沢店,株式会社ペッパーフードサービス,03-5787-8929,7世保生食ほ第1380号,飲食店営業,令和8年2月1日,令和8年2月1日,令和15年1月31日
4443,東京都世田谷区北沢二丁目１１番３号,いさみやビル４階,わたしの酵素,有限会社ハイライフ,-,5世保生食ほ第1192号,飲食店営業,令和5年11月9日,令和5年11月9日,令和11年11月30日
4444,東京都世田谷区北沢二丁目１１番４号,佐藤ビル地下１階１号,オレンジ／Ｖｉｎｙｌ,株式会社ＢＥＥＮＳ,-,2世保生食ほ第2368号,飲食店営業,平成27年2月27日,令和3年3月1日,令和9年2月28日
4445,東京都世田谷区北沢二丁目１１番４号,佐藤ビル３Ｆ,かめきたざわ,株式会社きたざわ,6379-8030,2世保生食ほ第1488号,飲食店営業,令和2年10月29日,令和2年10月29日,令和8年10月31日
4446,東京都世田谷区北沢二丁目１１番４号,佐藤ビル地下１階２号室,ハシャゲサカバ,***,03-5787-6108,7世保生食ほ第76号,飲食店営業,令和7年4月14日,令和7年4月14日,令和13年4月30日
4447,東京都世田谷区北沢二丁目１１番５号,月村ビル１Ｆ,楊国福　マーラータン　下北沢店,株式会社　大天元,03-5787-8811,5世保生食ほ第1896号,飲食店営業,令和6年3月22日,令和6年3月22日,令和13年3月31日
4448,東京都世田谷区北沢二丁目１１番８号,下北沢太郎ビル１Ｆ,伝説のすた丼屋　下北沢店,株式会社アントワークス,03-6450-9312,5世保生食ほ第1825号,飲食店営業,令和6年4月1日,令和6年4月1日,令和13年3月31日
4449,東京都世田谷区北沢二丁目１１番８号,下北沢太郎ビルＢ１,カラオケマック　下北沢店,株式会社Ａｉｒｓｉｄｅ,03-5431-3303,7世保生食ほ第1634号,飲食店営業,令和8年3月1日,令和8年3月1日,令和15年2月28日
4450,東京都世田谷区北沢二丁目１１番８号,太郎ビル１階,鳴門鯛焼本舗　下北沢店,ドリームアドバンス株式会社,03-6453-1955,4世保生食ほ第1491号,飲食店営業,令和5年1月25日,令和5年1月25日,令和11年1月31日
4451,東京都世田谷区北沢二丁目１１番１５号,Ａ２０２,大衆ビストロ　ハルタ,株式会社グリーンコーポレーション,03-6805-4030,3世保生食ほ第2042号,飲食店営業,令和4年3月2日,令和4年3月2日,令和11年3月31日
4452,東京都世田谷区北沢二丁目１１番１５号,「ミカン下北」Ａ街区２０５,下北六角,株式会社２ＴＡＰＳ,03-6450-9177,3世保生食ほ第2079号,飲食店営業,令和4年3月2日,令和4年3月2日,令和11年3月31日
4453,東京都世田谷区北沢二丁目１１番１５号,ミカン下北Ａ街区２０１号,ＴＨＥ　ＳＴＡＮＤＡＲＤ　ＢＡＫＥＲＳ,株式会社ｓｔａｎｄａｒｄ　ｂａｋｅｒｓ,03-6450-7590,3世保生食ほ第2082号,飲食店営業,令和4年3月2日,令和4年3月2日,令和11年3月31日
4454,東京都世田谷区北沢二丁目１１番１５号,ミカン下北Ａ街区２０１号,ＴＨＥ　ＳＴＡＮＤＡＲＤ　ＢＡＫＥＲＳ,株式会社ｓｔａｎｄａｒｄ　ｂａｋｅｒｓ,03-6450-7590,3世保生食ほ第2083号,菓子製造業,令和4年3月2日,令和4年3月2日,令和11年3月31日
4455,東京都世田谷区北沢二丁目１１番１５号,-,ＴＳＵＴＡＹＡ　ＢＯＯＫＳＴＯＲＥ下北沢,カルチュア・エクスペリエンス株式会社,03-6773-7007,3世保生食ほ第2109号,飲食店営業,令和4年3月2日,令和4年3月2日,令和11年3月31日
4456,東京都世田谷区北沢二丁目１１番１５号,ミカン下北Ａ街区,韓国食堂＆韓甘味　ハヌリ,株式会社フーズクリエイト,-,3世保生食ほ第2124号,飲食店営業,令和4年3月2日,令和4年3月2日,令和11年3月31日
4457,東京都世田谷区北沢二丁目１１番１５号,ミカン下北Ａ街区・１階,ピッツェリアエイト　下北沢,株式会社カームデザイン,03-6450-7887,3世保生食ほ第2132号,飲食店営業,令和4年3月2日,令和4年3月2日,令和11年3月31日
4458,東京都世田谷区北沢二丁目１１番１５号,ミカン下北Ａ１０２号,月島もんじゃ　たまとや下北沢,加納コーポレーション株式会社,03-6453-4949,6世保生食ほ第929号,飲食店営業,令和6年9月25日,令和6年9月25日,令和13年9月30日
4459,東京都世田谷区北沢二丁目１１番１６号,１～４Ｆ,カラオケ　アジアン　下北沢店,明成興産株式会社,5787-5600,31世保生食ほ第2907号,飲食店営業,平成25年7月17日,令和2年8月1日,令和9年7月31日
4460,東京都世田谷区北沢二丁目１１番１６号,サザンヒルズＢ１,ＭＴＲＡＬ　ａｔ　ｇａｒｄｅｎ／シモキタピンス,株式会社アルーア,03-5787-6653,4世保生食ほ第149号,飲食店営業,令和4年4月25日,令和4年4月25日,令和10年4月30日
4461,東京都世田谷区北沢二丁目１１番１７号,佐藤店舗１階,ＢＯＯＫＥＮＤＳ,***,03-3411-8885,31世保生食ほ第2617号,飲食店営業,平成26年5月1日,令和2年5月1日,令和8年4月30日
4462,東京都世田谷区北沢二丁目１１番１７号,-,炭火焼き鳥　ｗｉｎｅ　ｌａｕｎｄｒｙ,株式会社権兵衛,03-5787-6776,5世保生食ほ第375号,飲食店営業,令和5年7月4日,令和5年7月4日,令和11年7月31日
4463,東京都世田谷区北沢二丁目１１番１８号,１Ｆ,シェ・リュイ,株式会社Ｓｉｍｐｌｅ　Ｓｉｍｏｎ,3487-4870,31世保生食ほ第2768号,飲食店営業,平成元年5月30日,令和2年6月1日,令和9年5月31日
4464,東京都世田谷区北沢二丁目１１番１８号,１Ｆ,シェ・リュイ,株式会社Ｓｉｍｐｌｅ　Ｓｉｍｏｎ,3487-4870,31世保生食ほ第2769号,菓子製造業,平成元年5月30日,令和2年6月1日,令和9年5月31日
4465,東京都世田谷区北沢二丁目１１番１８号,１０１,北海道らーめん　熊源,株式会社桜月,-,2世保生食ほ第1595号,飲食店営業,令和2年11月12日,令和2年11月12日,令和9年11月30日
4466,東京都世田谷区北沢二丁目１２番２号,１・２・３Ｆ,西田屋,株式会社権兵衛,03-6450-9909,31世保生食ほ第2011号,飲食店営業,平成25年1月8日,令和2年2月1日,令和9年1月31日
4467,東京都世田谷区北沢二丁目１２番２号,-,Ｄａｍｉａｎ,株式会社Ｊｏｙｎ,03-6805-2775,6世保生食ほ第875号,飲食店営業,令和6年10月1日,令和6年10月1日,令和12年9月30日
4468,東京都世田谷区北沢二丁目１２番２号,若葉ハイツ１０３,かくれ家,***,03-5430-2122,6世保生食ほ第1005号,飲食店営業,令和6年11月1日,令和6年11月1日,令和12年10月31日
4469,東京都世田谷区北沢二丁目１２番２号,サウスウェーブ下北沢２－Ｄ,之ノ日,***,03-6453-8432,31世保生食ほ第2660号,飲食店営業,令和2年3月27日,令和2年3月27日,令和9年3月31日
4470,東京都世田谷区北沢二丁目１２番２号,サウスウェーブ下北沢２－Ａ,ａｎｄ　ｍｅｒｒｙ,株式会社リリジョン,03-6804-0220,31世保生食ほ第2813号,飲食店営業,令和2年3月27日,令和2年3月27日,令和9年3月31日
4471,東京都世田谷区北沢二丁目１２番２号,サウスウェーブ下北沢１－Ｃ,中国料理　天華,株式会社ＡＭＩＫＡ,03-5779-7878,2世保生食ほ第95号,飲食店営業,令和2年4月24日,令和2年4月24日,令和9年4月30日
4472,東京都世田谷区北沢二丁目１２番２号,サウスウェーブ下北沢２Ｂ,?ｌｅｏ,***,-,2世保生食ほ第342号,飲食店営業,令和2年5月19日,令和2年5月19日,令和9年5月31日
4473,東京都世田谷区北沢二丁目１２番２号,サウスウェーブ下北沢１Ｂ,ＢｈｅｌＰｕｒｉ,株式会社ＥＰＩＤ,-,4世保生食ほ第988号,飲食店営業,令和4年9月16日,令和4年9月16日,令和11年9月30日
4474,東京都世田谷区北沢二丁目１２番２号,サウスウェーブ下北沢１Ａ,ラーメン劇場　ｐｒｏｄｕｃｅｄ　ｂｙ　おむすびシアター,株式会社むすびエンタテインメント,-,7世保生食ほ第1434号,飲食店営業,令和8年1月9日,令和8年1月9日,令和15年1月31日
4475,東京都世田谷区北沢二丁目１２番３号,-,なんばん亭,株式会社ノアコーポレーション,3419-6938,4世保生食ほ第190号,飲食店営業,令和4年5月1日,令和4年5月1日,令和11年4月30日
4476,東京都世田谷区北沢二丁目１２番３号,石川ビル１Ｆ,大衆ホルモン　肉力屋,有限会社蓼沼商事,03-6805-2958,4世保生食ほ第761号,飲食店営業,令和4年8月19日,令和4年8月19日,令和10年8月31日
4477,東京都世田谷区北沢二丁目１２番６号,福田ビル１Ｆ,ど豚こつ翔己,株式会社ムジャキフーズ,03-5431-3181,3世保生食ほ第731号,飲食店営業,令和3年6月29日,令和3年6月29日,令和10年6月30日
4478,東京都世田谷区北沢二丁目１２番６号,リバーストーンビルＢ１Ｆ,ＳＰＲＥＡＤ,ＹＡＴＴＭＡＮ合同会社,03-6413-8550,5世保生食ほ第1039号,飲食店営業,令和5年10月4日,令和5年10月4日,令和11年10月31日
4479,東京都世田谷区北沢二丁目１２番６号,福田ビル,ＭＯＭ’Ｓ　ＴＯＵＣＨ　下北沢,株式会社ＭＯＭ’Ｓ　ＴＯＵＣＨ　ＴＯＫＹＯ,03-6450-9696,7世保生食ほ第579号,飲食店営業,令和7年10月14日,令和7年10月14日,令和14年10月31日
4480,東京都世田谷区北沢二丁目１２番７号,２階,串房醉　下北沢店,株式会社グローバルコンシューマーダイレクト,5433-4400,3世保生食ほ第1927号,飲食店営業,令和4年3月1日,令和4年3月1日,令和11年2月28日
4481,東京都世田谷区北沢二丁目１２番７号,-,俺流塩らーめん　下北沢店,株式会社らーめんワールド,03-3414-6036,4世保生食ほ第1888号,飲食店営業,令和5年4月1日,令和5年4月1日,令和12年3月31日
4482,東京都世田谷区北沢二丁目１２番７号,-,下北沢なおちゃんラーメン,株式会社凪スピリッツジャパン,03-5787-5037,4世保生食ほ第893号,飲食店営業,令和4年8月31日,令和4年8月31日,令和10年8月31日
4483,東京都世田谷区北沢二丁目１２番８号,半戸ビル１Ｆ～４Ｆ,クォリティフーズ㈱マクドナルド下北沢店,クォリティフーズ株式会社,03-5433-7041,31世保生食ほ第2806号,飲食店営業,平成25年6月27日,令和2年7月1日,令和9年6月30日
4484,東京都世田谷区北沢二丁目１２番８号,半戸ビル１Ｆ～４Ｆ,クォリティフーズ㈱マクドナルド下北沢店,クォリティフーズ株式会社,03-5433-7041,31世保生食ほ第2807号,菓子製造業,平成25年6月27日,令和2年7月1日,令和9年6月30日
4485,東京都世田谷区北沢二丁目１２番８号,半戸ビル１Ｆ～４Ｆ,クォリティフーズ㈱マクドナルド下北沢店,クォリティフーズ株式会社,03-5433-7041,31世保生食ほ第2808号,アイスクリーム類製造業,平成25年6月27日,令和2年7月1日,令和9年6月30日
4486,東京都世田谷区北沢二丁目１２番１０号,サウスサイドⅡ　２Ａ,Ｂａｒ　ｍｏｏｎｗａｌｋ　下北沢店,株式会社アンドワウ,03-5432-9229,30世保生食ほ第2594号,飲食店営業,平成31年4月11日,平成31年4月11日,令和8年4月30日
4487,東京都世田谷区北沢二丁目１２番１０号,サウスサイドⅡ　２Ａ,ＢＡＲ　Ａｌｓｔｒｏｍｅｒｉａ,株式会社Ａｌｓｔｒｏｍｅｒｉａ,-,7世保生食ほ第391号,飲食店営業,令和7年6月18日,令和7年6月18日,令和13年6月30日
4488,東京都世田谷区北沢二丁目１２番１１号,地下１階,満点酒場　下北沢店,株式会社大庄,03-3410-6257,4世保生食ほ第1813号,飲食店営業,令和5年3月7日,令和5年3月7日,令和12年3月31日
4489,東京都世田谷区北沢二丁目１２番１１号,島田ミカドビル地下１階,うまいもの　楽味,***,3410-6577,7世保生食ほ第932号,飲食店営業,令和7年11月1日,令和7年11月1日,令和13年10月31日
4490,東京都世田谷区北沢二丁目１２番１２号,桑田ビルＢ１Ｆ,星乃珈琲店　スフレ館　下北沢店,日本レストランシステム株式会社,5456-0123,31世保生食ほ第426号,飲食店営業,平成16年6月25日,令和元年7月1日,令和8年6月30日
4491,東京都世田谷区北沢二丁目１２番１２号,桑田ビル１Ｆ,?哩＆カレーパンの店　天馬屋　下北沢店,日本レストランシステム株式会社,03-5787-6810,2世保生食ほ第1548号,飲食店営業,平成25年11月21日,令和2年12月1日,令和9年11月30日
4492,東京都世田谷区北沢二丁目１２番１２号,桑田ビル１Ｆ,?哩＆カレーパンの店　天馬屋　下北沢店,日本レストランシステム株式会社,03-5787-6810,2世保生食ほ第1549号,菓子製造業,平成25年11月21日,令和2年12月1日,令和9年11月30日
4493,東京都世田谷区北沢二丁目１２番１２号,桑田ビル２階,洋麺屋　五右衛門,日本レストランシステム株式会社,5481-7776,31世保生食ほ第2726号,飲食店営業,平成11年5月28日,令和2年6月1日,令和9年5月31日
4494,東京都世田谷区北沢二丁目１２番１２号,桑田ビル４Ｆ,＆ＲＯＯＭ,株式会社アンドロール,03-6453-2423,3世保生食ほ第1415号,飲食店営業,令和3年10月22日,令和3年10月22日,令和9年10月31日
4495,東京都世田谷区北沢二丁目１２番１３号,下北沢細沢ビル１Ｆ,肉汁麺ススム,株式会社ＬＩＦＥ　Ｘ,03-6886-0037,2世保生食ほ第386号,飲食店営業,令和2年6月2日,令和2年6月2日,令和9年6月30日
4496,東京都世田谷区北沢二丁目１２番１３号,細沢ビル半地下１階,焼肉家族　下北沢店,株式会社Ｙ．Ｋ．ホールディングス,03-6450-7938,2世保生食ほ第1183号,飲食店営業,令和2年9月28日,令和2年9月28日,令和9年9月30日
4497,東京都世田谷区北沢二丁目１２番１３号,下北沢細沢ビル１Ｆ,マグロとフライ　スタンド囲グルリ,株式会社いろり東京,-,3世保生食ほ第1913号,飲食店営業,令和4年1月19日,令和4年1月19日,令和11年1月31日
4498,東京都世田谷区北沢二丁目１２番１３号,細沢ビル１Ｆ,大衆酒場　ネオトーキョー　下北沢,株式会社ＳＬＩＣＫ,03-6453-2746,4世保生食ほ第1983号,飲食店営業,令和5年3月30日,令和5年3月30日,令和11年3月31日
4499,東京都世田谷区北沢二丁目１２番１３号,下北沢細沢ビル１階,野菜巻き串　下北ホール,株式会社ベアーズコーポレーション,03-6450-7411,6世保生食ほ第1004号,飲食店営業,令和6年10月17日,令和6年10月17日,令和13年10月31日
4500,東京都世田谷区北沢二丁目１２番１５号,水内ビル２階,ヴォルール・ドゥ・フルール,有限会社花泥棒,-,31世保生食ほ第625号,飲食店営業,平成2年7月27日,令和元年8月1日,令和8年7月31日
4501,東京都世田谷区北沢二丁目１２番１５号,-,東京油組総本店　下北沢組,有限会社ビゲスト,03-6450-7383,5世保生食ほ第1271号,飲食店営業,令和6年1月1日,令和6年1月1日,令和12年12月31日
4502,東京都世田谷区北沢二丁目１２番１５号,-,台湾綺鶏　ＴＡＩＷＡＮ　ＫＩＴＣＨＥＮ,Ｅｎｒｉｃｈ株式会社,-,3世保生食ほ第1682号,飲食店営業,令和3年12月6日,令和3年12月6日,令和9年12月31日
4503,東京都世田谷区北沢二丁目１２番１５号,-,カレーパン　かさがわ,株式会社Ｋａｓａｇａｗａ　Ｃｏｒｐｏｒａｔｉｏｎ,-,3世保生食ほ第689号,飲食店営業,令和3年6月21日,令和3年6月21日,令和9年6月30日
4504,東京都世田谷区北沢二丁目１２番１５号,-,芋をかし,株式会社コズミックマーケティング,-,4世保生食ほ第735号,飲食店営業,令和4年8月16日,令和4年8月16日,令和10年8月31日
4505,東京都世田谷区北沢二丁目１２番１５号,-,ＳＴＡＢＬＥＲ　Ｓｈｉｍｏｋｉｔａｚａｗａ　Ｍｅａｔｓａｎｄ,ＳＴＡＢＬＥＲ株式会社,03-3414-8775,5世保生食ほ第169号,飲食店営業,令和5年5月12日,令和5年5月12日,令和11年5月31日
4506,東京都世田谷区北沢二丁目１２番１５号,-,Ｒａｉｎｂｏｗ　Ｄｅｓｓｅｒｔ,株式会社ＩＮＭ,03-6805-5811,6世保生食ほ第839号,飲食店営業,令和6年9月10日,令和6年9月10日,令和12年9月30日
4507,東京都世田谷区北沢二丁目１２番１５号,元木邸,Ｖｅｇｅｔａｂｌｅ　ｂａｓｅ　ＴＯＫＹＯ　Ｓｈｉｍｏｋｉｔａｚａｗａ,株式会社フードソリューションズインターナショナル,-,7世保生食ほ第61号,飲食店営業,令和7年4月28日,令和7年4月28日,令和13年4月30日
4508,東京都世田谷区北沢二丁目１３番４号,第２伊奈ビル地下１階,鳥貴族　下北沢南店,株式会社鳥貴族東日本,03-6804-0566,6世保生食ほ第412号,飲食店営業,令和6年8月1日,令和6年8月1日,令和13年7月31日
4509,東京都世田谷区北沢二丁目１３番４号,第２伊奈ビル２Ｆ,ベジテジや　下北沢店,株式会社ＡＴＣダイニング,03-6804-0665,3世保生食ほ第809号,飲食店営業,令和3年7月16日,令和3年7月16日,令和10年7月31日
4510,東京都世田谷区北沢二丁目１３番５号,１Ｆ,ザンギバード　ＢＡＲ,株式会社ｃｏｌｏｒｌｅｓｓ,-,5世保生食ほ第79号,飲食店営業,令和5年4月14日,令和5年4月14日,令和12年4月30日
4511,東京都世田谷区北沢二丁目１３番６号,-,カラオケ館　下北沢店,株式会社Ｂ＆Ｖ,03-5430-4101,6世保生食ほ第1025号,飲食店営業,令和6年11月1日,令和6年11月1日,令和13年10月31日
4512,東京都世田谷区北沢二丁目１３番７号,セガワビル,バーガーキング　下北沢南口店,株式会社ビーケー・ジャパン,03-5787-6760,31世保生食ほ第1927号,飲食店営業,令和元年12月17日,令和元年12月17日,令和8年12月31日
4513,東京都世田谷区北沢二丁目１３番７号,セガワビル,バーガーキング　下北沢南口店,株式会社ビーケー・ジャパン,03-5787-6760,31世保生食ほ第1928号,アイスクリーム類製造業,令和元年12月17日,令和元年12月17日,令和8年12月31日
4514,東京都世田谷区北沢二丁目１３番７号,セガワビル地下１階,Ｔｅｒｒａ　ｅ　ｃｉｅｌｏ,***,03-5787-6059,2世保生食ほ第749号,飲食店営業,令和2年7月29日,令和2年7月29日,令和8年7月31日
4515,東京都世田谷区北沢二丁目１３番１４号,ヴェルス下北沢２Ｆ,ＫＮＯＣＫ　ＯＮ　ＷＯＯＤ,有限会社ノックオンウッド,5430-6789,3世保生食ほ第986号,飲食店営業,令和3年8月24日,令和3年8月24日,令和9年8月31日
4516,東京都世田谷区北沢二丁目１３番１４号,ロータスハイツ１Ｆ,串焼　源八,***,5430-2343,31世保生食ほ第2210号,飲食店営業,平成25年2月15日,令和2年3月1日,令和9年2月28日
4517,東京都世田谷区北沢二丁目１３番１５号,クラディーレ太郎１Ｆ,築地すし好　下北沢店,株式会社築地すし好,03-5430-0505,7世保生食ほ第528号,飲食店営業,令和7年7月28日,令和7年7月28日,令和14年7月31日
4518,東京都世田谷区北沢二丁目１４番１号,ＯＴビル１Ｆ,ゆくてぃ家,株式会社日向,5779-8687,4世保生食ほ第1367号,飲食店営業,令和5年1月1日,令和5年1月1日,令和10年12月31日
4519,東京都世田谷区北沢二丁目１４番１号,ＯＴビル３Ｆ,３ｒｄ　ｓｔｏｎｅ　ｃａｆｅ,***,03-5481-3350,6世保生食ほ第92号,飲食店営業,令和6年6月1日,令和6年6月1日,令和12年5月31日
4520,東京都世田谷区北沢二丁目１４番１号,-,甘味処鎌倉　下北沢店　,株式会社イズムマネジメント,03-6450-7007,3世保生食ほ第70号,飲食店営業,令和3年4月14日,令和3年4月14日,令和9年4月30日
4521,東京都世田谷区北沢二丁目１４番１号,-,甘味処鎌倉　下北沢店　,株式会社イズムマネジメント,03-6450-7007,3世保生食ほ第71号,菓子製造業,令和3年4月14日,令和3年4月14日,令和9年4月30日
4522,東京都世田谷区北沢二丁目１４番１号,ＯＴビル２Ｆ,ひねり蛇口ハイ　大衆酒泉テルマエ　下北沢泉,株式会社ＢＩＲＣＨ,03-6805-2893,6世保生食ほ第1617号,飲食店営業,令和7年2月21日,令和7年2月21日,令和13年2月28日
4523,東京都世田谷区北沢二丁目１４番２号,ＪＯＷ３ビル４階,風知空知,株式会社風知空知,5433-2191,2世保生食ほ第873号,飲食店営業,平成18年8月31日,令和2年9月1日,令和9年8月31日
4524,東京都世田谷区北沢二丁目１４番２号,Ｊｏｗ３ビル３Ｆ,Ｓｅｖｅｎ　Ｃｏｌｏｒｓ,有限会社アチーブメント,3411-7557,2世保生食ほ第1803号,飲食店営業,平成25年12月6日,令和3年1月1日,令和9年12月31日
4525,東京都世田谷区北沢二丁目１４番２号,ＪＯＷ３ビル２Ｆ,ステーキ屋松　下北沢店,株式会社松屋フーズ,-,31世保生食ほ第1177号,飲食店営業,令和元年9月27日,令和元年9月27日,令和8年9月30日
4526,東京都世田谷区北沢二丁目１４番２号,Ｊｏｗ３ビルＢ１,ＬＩＶＥ　ＨＡＵＳ,株式会社ＭＳ＆Ｉ,-,31世保生食ほ第2755号,飲食店営業,令和2年4月8日,令和2年4月8日,令和8年4月30日
4527,東京都世田谷区北沢二丁目１４番２号,Ｂ１,カラオケバー　よいしょっっっ。,Ｍｕｓｕｂｉホールディングス株式会社,03-6450-8550,3世保生食ほ第11号,飲食店営業,令和3年4月23日,令和3年4月23日,令和9年4月30日
4528,東京都世田谷区北沢二丁目１４番２号,東洋興業ビル１階,ＮＡＮ　ＳＴＡＴＩＯＮ　ＣＡＦＥ＆ＴＥＲＲＡＣＥ,株式会社ティーエム・インターナショナル,-,3世保生食ほ第331号,飲食店営業,令和3年5月21日,令和3年5月21日,令和9年5月31日
4529,東京都世田谷区北沢二丁目１４番２号,第二東洋興業ビル４階,魔運天,合同会社ｊｉｚａｉ,03-3422-7488,4世保生食ほ第1032号,飲食店営業,令和4年9月30日,令和4年9月30日,令和10年9月30日
4530,東京都世田谷区北沢二丁目１４番２号,第２東洋興業ビル３階,Ｋｏｒｅａｎ　Ｄｉｎｉｎｇ　ＨＡＮ－ＣＨＥＦ,株式会社ＳＵＣｏｍｍｕｎｉｃａｔｉｏｎｓ,03-4363-6267,4世保生食ほ第1122号,飲食店営業,令和4年10月14日,令和4年10月14日,令和11年10月31日
4531,東京都世田谷区北沢二丁目１４番２号,第２東洋興業ビル３階,Ｋｏｒｅａｎ　Ｄｉｎｉｎｇ　ＨＡＮ－ＣＨＥＦ,株式会社ＳＵＣｏｍｍｕｎｉｃａｔｉｏｎｓ,03-4363-6267,5世保生食ほ第867号,そうざい製造業,令和5年9月12日,令和5年9月12日,令和12年9月30日
4532,東京都世田谷区北沢二丁目１４番２号,ＪＯＷ３ビル３Ｆ,ＺＩＮＯ下北沢店,株式会社ＺＩＮＯ,03-6823-3615,7世保生食ほ第500号,飲食店営業,令和7年7月30日,令和7年7月30日,令和14年7月31日
4533,東京都世田谷区北沢二丁目１４番２号,南口東洋興業ビルＢ１,カラオケバーよいしょっっっ。,***,03-6450-8550,7世保生食ほ第1197号,飲食店営業,令和8年3月17日,令和8年3月17日,令和14年3月31日
4534,東京都世田谷区北沢二丁目１４番２号,第２東洋興業ビル２階,たまごけん　下北沢店,株式会社ＴＧＫ,03-6413-8616,7世保生食ほ第1261号,飲食店営業,令和7年12月8日,令和7年12月8日,令和14年12月31日
4535,東京都世田谷区北沢二丁目１４番３号,ＫＤビル,だいこんまん,有限会社オーク・エイコーン,3795-0271,31世保生食ほ第1901号,飲食店営業,平成6年12月6日,令和2年1月1日,令和8年12月31日
4536,東京都世田谷区北沢二丁目１４番３号,喜多ビル１階,超餃子楼下北沢店,株式会社らーめんワールド,-,5世保生食ほ第1609号,飲食店営業,令和6年3月7日,令和6年3月7日,令和13年3月31日
4537,東京都世田谷区北沢二丁目１４番４号,下北沢ビル１Ｆ,丸亀製麺,株式会社丸亀製麺,03-3410-1780,4世保生食ほ第1794号,飲食店営業,令和5年4月1日,令和5年4月1日,令和11年3月31日
4538,東京都世田谷区北沢二丁目１４番４号,下北沢ビルＢ１階,下北商店,ＴＡＫＥＯＮＥ株式会社,-,6世保生食ほ第20号,飲食店営業,令和6年4月5日,令和6年4月5日,令和13年4月30日
4539,東京都世田谷区北沢二丁目１４番５号,イスズビル１Ｆ－Ｃ,立呑み　光の森,***,-,4世保生食ほ第293号,飲食店営業,令和4年5月31日,令和4年5月31日,令和10年5月31日
4540,東京都世田谷区北沢二丁目１４番６号,イエローボックス２Ｆ,黒川食堂,株式会社エヌイーオー,6450-8137,31世保生食ほ第3014号,飲食店営業,令和2年4月8日,令和2年4月8日,令和8年4月30日
4541,東京都世田谷区北沢二丁目１４番６号,吉田ビル２階,ビアポンバーＧＲＯＶＥ　下北沢店,株式会社ＧＬＯＢＡＬ　ＧＲＯＶＥ,03-3410-1610,6世保生食ほ第1673号,飲食店営業,令和7年2月26日,令和7年2月26日,令和13年2月28日
4542,東京都世田谷区北沢二丁目１４番７号,下北沢セントラル２階,ブリキボタン,株式会社フライングアップル,03-3424-2002,5世保生食ほ第1673号,飲食店営業,令和6年4月1日,令和6年4月1日,令和12年3月31日
4543,東京都世田谷区北沢二丁目１４番７号,第３４東京ビル地下１階,リオ,株式会社ＮＥＸＴ,5431-5903,2世保生食ほ第435号,飲食店営業,平成26年5月22日,令和2年6月1日,令和8年5月31日
4544,東京都世田谷区北沢二丁目１４番７号,セントラルビルＢ１,ＪＡＣＫ　下北沢店,株式会社ギルドー,5787-8989,4世保生食ほ第177号,飲食店営業,令和4年5月11日,令和4年5月11日,令和11年5月31日
4545,東京都世田谷区北沢二丁目１４番７号,セントラルビル２Ｆ,デューク　サルーン,***,03-3424-1219,4世保生食ほ第1769号,飲食店営業,令和5年3月9日,令和5年3月9日,令和11年3月31日
4546,東京都世田谷区北沢二丁目１４番７号,-,ＣｏＣｏ　Ｂｕｂｂｌｅ　Ｔｅａ　下北沢店,株式会社Ｔａｓｔｅａ　Ｔｒｕｓｔｅａ　Ｊａｐａｎ,03-6805-5572,6世保生食ほ第1391号,飲食店営業,令和7年2月1日,令和7年2月1日,令和14年1月31日
4547,東京都世田谷区北沢二丁目１４番７号,１階Ｂ店舗,辛麺屋　桝元　下北沢店,株式会社桝元,03-6808-2066,5世保生食ほ第1624号,飲食店営業,令和6年2月6日,令和6年2月6日,令和13年2月28日
4548,東京都世田谷区北沢二丁目１４番７号,第３４東京ビル２ＦＡ,アジアンレストラン　バビシャー,合同会社ＳＨＩＢＨＡ,03-3413-8477,6世保生食ほ第244号,飲食店営業,令和6年5月13日,令和6年5月13日,令和12年5月31日
4549,東京都世田谷区北沢二丁目１４番８号,-,ファミリーマート下北沢駅南,***,03-5431-3034,2世保生食ほ第1837号,飲食店営業,平成25年12月19日,令和3年1月1日,令和9年12月31日
4550,東京都世田谷区北沢二丁目１４番８号,南ビル地下１階,俺ん家,グラウンドゼロ・プロダクト株式会社,03-6805-5825,6世保生食ほ第192号,飲食店営業,令和6年6月1日,令和6年6月1日,令和13年5月31日
4551,東京都世田谷区北沢二丁目１４番８号,春日ビル２Ｆ,ＮＯＲＴＨ　ＶＩＬＬＡＧＥ下北沢２号店,株式会社ＮＯＲＴＨ　ＶＩＬＬＡＧＥ,5787-5592,2世保生食ほ第2084号,飲食店営業,令和3年1月21日,令和3年1月21日,令和9年1月31日
4552,東京都世田谷区北沢二丁目１４番８号,春日下北沢ミナミビル３Ｆ,ＳＯＮＡＧＩ,株式会社松本コーポレーション,03-5787-5397,2世保生食ほ第2294号,飲食店営業,令和3年3月17日,令和3年3月17日,令和10年3月31日
4553,東京都世田谷区北沢二丁目１４番８号,ミナミビル２階,それゆけ！鶏ヤロー下北沢店,株式会社ジュネストリー,03-5432-9984,2世保生食ほ第2488号,飲食店営業,令和3年3月18日,令和3年3月18日,令和9年3月31日
4554,東京都世田谷区北沢二丁目１４番１０号,こだまビル２Ｆ,牛鉄　下北沢店,有限会社山道,03-5486-4897,2世保生食ほ第363号,食肉販売業,令和2年5月26日,令和2年5月26日,令和9年5月31日
4555,東京都世田谷区北沢二丁目１４番１０号,こだまビル２Ｆ,牛鉄　下北沢店,有限会社山道,03-5486-4897,31世保生食ほ第798号,飲食店営業,平成10年7月24日,令和元年8月1日,令和8年7月31日
4556,東京都世田谷区北沢二丁目１４番１０号,阿部ビル１Ｆ,一蘭　下北沢店,株式会社一蘭,-,6世保生食ほ第1105号,飲食店営業,令和6年12月1日,令和6年12月1日,令和13年11月30日
4557,東京都世田谷区北沢二丁目１４番１０号,こだまビル２階,東京夢酒場,***,03-6874-6141,5世保生食ほ第949号,飲食店営業,令和5年10月1日,令和5年10月1日,令和11年9月30日
4558,東京都世田谷区北沢二丁目１４番１０号,阿部ビル２階,焼肉　三百屋,フーゼックス株式会社,03-6450-8529,6世保生食ほ第1660号,飲食店営業,令和7年2月26日,令和7年2月26日,令和14年2月29日
4559,東京都世田谷区北沢二丁目１４番１３号,フタバビルＢ１Ｆ,ライブハウス　下北沢ＷＡＶＥＲ,有限会社ｗａｖｅｒ,6804-0094,2世保生食ほ第817号,飲食店営業,平成26年8月19日,令和2年9月1日,令和8年8月31日
4560,東京都世田谷区北沢二丁目１４番１３号,フタバビル１階,すぱじろう下北沢,すぱじろうジャパン株式会社,03-3795-8666,5世保生食ほ第1106号,飲食店営業,令和5年11月13日,令和5年11月13日,令和12年11月30日
4561,東京都世田谷区北沢二丁目１４番１４号,ハニー下北沢２Ｆ,Ｋｅｂａｂ　Ｃｈｅｆ,***,03-3413-0822,3世保生食ほ第2号,飲食店営業,令和3年4月12日,令和3年4月12日,令和9年4月30日
4562,東京都世田谷区北沢二丁目１４番１４号,ハニー下北沢１Ｆ,隠岐の島水産　下北沢店,株式会社ＡＧＲ,03-6450-7112,4世保生食ほ第1847号,飲食店営業,令和5年3月13日,令和5年3月13日,令和12年3月31日
4563,東京都世田谷区北沢二丁目１４番１５号,-,ニックンロール,株式会社ココロザシ,-,3世保生食ほ第2340号,飲食店営業,令和4年4月15日,令和4年4月15日,令和10年4月30日
4564,東京都世田谷区北沢二丁目１４番１６号,北沢プラザＢ１,ごえん,株式会社Ｃｏｕｎｔ　Ｎｉｎｅ,03-3412-7511,2世保生食ほ第33号,飲食店営業,平成25年6月5日,令和2年7月1日,令和9年6月30日
4565,東京都世田谷区北沢二丁目１４番１６号,北沢プラザＢ１Ｆ,下北沢　近松,株式会社近松,03-3412-7373,5世保生食ほ第577号,飲食店営業,令和5年8月1日,令和5年8月1日,令和11年7月31日
4566,東京都世田谷区北沢二丁目１４番１８号,ミネット下北沢,萬波－Ｗａｎｐｏ－　下北沢店,株式会社Ｊ－ＤＥＳＩＧＮ,-,2世保生食ほ第859号,飲食店営業,令和2年8月20日,令和2年8月20日,令和8年8月31日
4567,東京都世田谷区北沢二丁目１４番１８号,-,ＢＯＮＴＥＭＰＳ　下北沢店,株式会社クリアス,03-6805-2588,6世保生食ほ第765号,飲食店営業,令和6年8月27日,令和6年8月27日,令和12年8月31日
4568,東京都世田谷区北沢二丁目１４番１８号,ミネット下北沢,下北クレープポレポレ,***,-,7世保生食ほ第1097号,飲食店営業,令和7年12月24日,令和7年12月24日,令和13年12月31日
4569,東京都世田谷区北沢二丁目１４番１９号,グラバービル,カレーの店・八月,株式会社八月,03-5787-6304,5世保生食ほ第420号,飲食店営業,令和5年6月19日,令和5年6月19日,令和11年6月30日
4570,東京都世田谷区北沢二丁目１５番１号,-,♯ｇｒａｍ,合同会社金湖,-,5世保生食ほ第18号,飲食店営業,令和5年5月1日,令和5年5月1日,令和11年4月30日
4571,東京都世田谷区北沢二丁目１５番３号,中村ビルＢ１,下北沢っ子居酒屋　とりとんくん,株式会社ファイブグループ,03-5430-5156,31世保生食ほ第2691号,飲食店営業,平成18年4月10日,令和2年5月1日,令和9年4月30日
4572,東京都世田谷区北沢二丁目１５番３号,中村ビル１Ｆ,ＪＩＪＩＭＩＧＯ　ＹＡＫＩＮＩＫＵ,ジェイアンドパートナーズ株式会社,6805-2922,31世保生食ほ第2984号,飲食店営業,令和2年4月2日,令和2年4月2日,令和9年4月30日
4573,東京都世田谷区北沢二丁目１５番３号,中村ビル１Ｆ,もつ焼き　ばん　下北沢店,株式会社ばん,6805-5526,2世保生食ほ第1156号,飲食店営業,令和2年9月18日,令和2年9月18日,令和8年9月30日
4574,東京都世田谷区北沢二丁目１５番４号,光倫ビルＢ１,こうえん,株式会社はうてん,03-5787-6366,5世保生食ほ第1871号,飲食店営業,令和6年3月18日,令和6年3月18日,令和12年3月31日
4575,東京都世田谷区北沢二丁目１５番４号,光倫ビル１Ｆ・２Ｆ,Ｗ＆Ｗ　ＣＡＦＥ＆ＢＯＯＫＳ,ウェンデイ＆ウィリー株式会社,-,7世保生食ほ第1153号,飲食店営業,令和7年11月10日,令和7年11月10日,令和14年11月30日
4576,東京都世田谷区北沢二丁目１５番５号,シモセマンション１Ｆ,とぶさかな,まるまさ水産株式会社,03-3414-6611,2世保生食ほ第1475号,飲食店営業,令和2年10月27日,令和2年10月27日,令和8年10月31日
4577,東京都世田谷区北沢二丁目１５番６号,サニーしもきた２　Ｂ１,第三新生丸,有限会社第三新生丸,6322-1933,31世保生食ほ第2012号,飲食店営業,平成25年1月25日,令和2年2月1日,令和9年1月31日
4578,東京都世田谷区北沢二丁目１５番６号,サニーしもきたⅡ　１階,３米３　下北沢店,ＣＡＹＥＥ株式会社,-,31世保生食ほ第793号,飲食店営業,令和元年7月23日,令和元年7月23日,令和8年7月31日
4579,東京都世田谷区北沢二丁目１５番１１号,Ｂ１,ＡＮＪＡＬＩ,***,03-5787-6622,2世保生食ほ第1003号,飲食店営業,平成26年9月4日,令和2年10月1日,令和8年9月30日
4580,東京都世田谷区北沢二丁目１５番１５号,２Ｆ－Ｅ号,謎解き　ｃａｆｅ　スイッチ,株式会社グリーンダイス,6453-1880,4世保生食ほ第425号,飲食店営業,令和4年6月17日,令和4年6月17日,令和11年6月30日
4581,東京都世田谷区北沢二丁目１５番１５号,末広ビル２－Ｄ,蕎麦前酒場　南口のはんさむ,株式会社Ｓｃｒａｔｃｈ　Ｋｏｎｇ,03-6450-7221,5世保生食ほ第911号,飲食店営業,令和5年9月29日,令和5年9月29日,令和12年9月30日
4582,東京都世田谷区北沢二丁目１５番１７号,下北沢コマーシャルビル地下１階,下北沢　鳥田むら,株式会社鳥田むら,03-6453-4627,3世保生食ほ第1674号,飲食店営業,令和3年12月17日,令和3年12月17日,令和10年12月31日
4583,東京都世田谷区北沢二丁目１６番２号,Ｇｒｅｅｎ　Ｒｏａｄ　ｋｉｔａｚａｗａ　１Ｆ,ＢＯＢ　ＫＩＩＴＣＨＥＮ,株式会社Ｈａｒｄａｗａｙ　Ｃｏｒｐｏｒａｔｉｏｎ,-,7世保生食ほ第1246号,飲食店営業,令和7年12月11日,令和7年12月11日,令和14年12月31日
4584,東京都世田谷区北沢二丁目１７番１号,ＫＳビル４階,ＣＬＵＢ　ＢＡＲＯＮ,株式会社Ｙ’ｓシステム,03-3411-1550,2世保生食ほ第1613号,飲食店営業,平成26年11月18日,令和2年12月1日,令和8年11月30日
4585,東京都世田谷区北沢二丁目１７番１号,ＫＳビル３階,Ｃ．ＳＴＡＮＤ　下北沢店,株式会社ＦＳ．ｓｈａｋｅ,03-6805-5766,6世保生食ほ第1145号,飲食店営業,令和6年11月21日,令和6年11月21日,令和13年11月30日
4586,東京都世田谷区北沢二丁目１７番１０号,第二滝本ビル１Ｆ,王さんの菜館,三立株式会社,5430-0351,4世保生食ほ第245号,飲食店営業,令和4年5月19日,令和4年5月19日,令和10年5月31日
4587,東京都世田谷区北沢二丁目１７番１０号,-,焼肉　ＴＯＲＥＲＯ,福島興産株式会社,03-6450-8318,31世保生食ほ第1595号,飲食店営業,令和元年10月30日,令和元年10月30日,令和8年10月31日
4588,東京都世田谷区北沢二丁目１７番１０号,滝本ビル３Ｆ,Ｌｅ　Ｃｉｅｌ,***,5787-5650,2世保生食ほ第1138号,飲食店営業,令和2年9月15日,令和2年9月15日,令和8年9月30日
4589,東京都世田谷区北沢二丁目１７番１０号,第二滝本ビル３０１号,ｂａｒ　ｎｅｕ　下北沢店,株式会社ｎｅｕ,-,3世保生食ほ第1605号,飲食店営業,令和3年11月30日,令和3年11月30日,令和9年11月30日
4590,東京都世田谷区北沢二丁目１７番１１号,パディーアンＢ１,ごち２,株式会社ｇｏｃｈｉ,03-6805-2526,3世保生食ほ第335号,飲食店営業,平成26年5月9日,令和3年6月1日,令和10年5月31日
4591,東京都世田谷区北沢二丁目１７番１１号,パディー・アン　２階－Ｂ号室,ＧｉｒｌｓＢａｒ＆Ｄａｒｔｓ　ＤＩＡＮＡ,株式会社マーキュリー,03-6450-8266,6世保生食ほ第1515号,飲食店営業,令和7年3月1日,令和7年3月1日,令和13年2月28日
4592,東京都世田谷区北沢二丁目１７番１１号,パディー・アン　２階－Ａ号室,ＬＥＩＡ,合同会社グロウ,03-6805-2760,4世保生食ほ第1528号,飲食店営業,令和4年12月28日,令和4年12月28日,令和10年12月31日
4593,東京都世田谷区北沢二丁目１７番１４号,下北沢センタービルＢ１,大衆酒場　よっちゃん,***,3424-6463,2世保生食ほ第1614号,飲食店営業,平成20年11月14日,令和2年12月1日,令和8年11月30日
4594,東京都世田谷区北沢二丁目１７番１４号,下北沢センタービル３Ｆ,ローンスラータイ１９５０’Ｓ,ＰＲＥＥＰＲＥＭ　ＢＲＯＴＨＥＲ合同会社,6450-7644,3世保生食ほ第1236号,飲食店営業,令和3年11月1日,令和3年11月1日,令和9年10月31日
4595,東京都世田谷区北沢二丁目１８番５号,ＮｅビルＢＦ,ＩＬＬＡＳ,有限会社トゥーズ,03-3422-1995,2世保生食ほ第1847号,飲食店営業,平成20年12月16日,令和3年1月1日,令和8年12月31日
4596,東京都世田谷区北沢二丁目１８番５号,北沢ビル１階,澤乃茶屋　源八,有限会社澤乃茶屋,5430-4129,6世保生食ほ第164号,飲食店営業,令和6年6月1日,令和6年6月1日,令和13年5月31日
4597,東京都世田谷区北沢二丁目１８番５号,ＮＥビル１階,ＩＬ　ｃｏｎｓｏｌａｒｅ,有限会社ＩＬ　ｃｏｎｓｏｌａｒｅ,5431-6560,3世保生食ほ第1038号,飲食店営業,令和3年10月1日,令和3年10月1日,令和9年9月30日
4598,東京都世田谷区北沢二丁目１８番５号,２Ｆ,ＮＯＲＴＨ　ＶＩＬＬＡＧＥ,株式会社ＮＯＲＴＨ　ＶＩＬＬＡＧＥ,3411-3955,4世保生食ほ第448号,飲食店営業,令和4年6月23日,令和4年6月23日,令和10年6月30日
4599,東京都世田谷区北沢二丁目１８番５号,Ｎｅビル３Ｆ,Ｎｉｎｅ９　Ｓｔｙｌｅ　ｈａｍｂｕｒｇｅｒ＆ｂａｒ,***,03-3413-0033,6世保生食ほ第1659号,飲食店営業,令和7年3月1日,令和7年3月1日,令和13年2月28日
4600,東京都世田谷区北沢二丁目１９番２号,シモキタミニ,、　－ｔｅｎ－,***,-,2世保生食ほ第2465号,飲食店営業,令和3年3月5日,令和3年3月5日,令和9年3月31日
4601,東京都世田谷区北沢二丁目１９番２号,シモキタミニ,、　－ｔｅｎ－,***,-,2世保生食ほ第2466号,菓子製造業,令和3年3月5日,令和3年3月5日,令和9年3月31日
4602,東京都世田谷区北沢二丁目１９番２号,月村光ビルＢ１階,ＮＡＮＩＣＡ,株式会社タカラッシュ,03-6805-4664,6世保生食ほ第1416号,飲食店営業,令和7年1月30日,令和7年1月30日,令和14年1月31日
4603,東京都世田谷区北沢二丁目１９番５号,大塚ビル１・２Ｆ,下北居酒屋　ひげちょうちん,株式会社プレンティフルプロジェクト,6902-0751,2世保生食ほ第493号,飲食店営業,平成20年6月17日,令和2年7月1日,令和8年6月30日
4604,東京都世田谷区北沢二丁目１９番１０号,-,元祖寿司　下北沢駅前店,サカイ総業株式会社,3411-6766,7世保生食ほ第1833号,飲食店営業,令和8年4月1日,令和8年4月1日,令和15年3月31日
4605,東京都世田谷区北沢二丁目１９番１０号,第５周和ビル地下１階,Ｓｈｏｗ　Ｔｉｍｅ,***,-,7世保生食ほ第165号,飲食店営業,令和7年4月30日,令和7年4月30日,令和13年4月30日
4606,東京都世田谷区北沢二丁目１９番１０号,シモキタビル２階,Ｂｌｕｅ　Ｍｏｎｄａｙ,***,03-3410-9980,7世保生食ほ第616号,飲食店営業,令和7年8月14日,令和7年8月14日,令和14年8月31日
4607,東京都世田谷区北沢二丁目１９番１０号,下北ビルＢ１Ｆ,ＴＨＥ　ＳＨＩＭＯＫＩＴＡ　ＨＵＢ　ＮＡＮＳＴＡＴＩＯＮ,株式会社ティーエム・インターナショナル,03-6805-5876,7世保生食ほ第983号,飲食店営業,令和7年10月21日,令和7年10月21日,令和14年10月31日
4608,東京都世田谷区北沢二丁目１９番１１号,-,しんぱち食堂　下北沢店,株式会社越後屋,-,5世保生食ほ第1783号,飲食店営業,令和6年3月7日,令和6年3月7日,令和13年3月31日
4609,東京都世田谷区北沢二丁目１９番１２号,白川ビル２階,ＭＩＮＵＳ　ＢＬＵＥ　下北沢／ＡＲＴ　ＡＮＤ　ＣＡＦＥ,ＯＵＲ　ＳＰＡＣＥ株式会社,-,3世保生食ほ第729号,飲食店営業,令和3年7月29日,令和3年7月29日,令和9年7月31日
4610,東京都世田谷区北沢二丁目１９番１２号,白川ビル２階,ＡＴＲ　ＣＡＦＥ　ＴＯＫＹＯ,ＬＡＳＴ　ＯＮＥ株式会社,-,4世保生食ほ第1374号,飲食店営業,令和4年12月1日,令和4年12月1日,令和10年11月30日
4611,東京都世田谷区北沢二丁目１９番１３号,-,雷や,株式会社ジャックポットプランニング,3413-0452,31世保生食ほ第1465号,飲食店営業,平成10年10月13日,令和元年11月1日,令和8年10月31日
4612,東京都世田谷区北沢二丁目１９番１３号,第一周和ビル３Ｆ,ドラム・ソング,***,3487-0716,31世保生食ほ第1951号,飲食店営業,平成18年1月23日,令和2年2月1日,令和9年1月31日
4613,東京都世田谷区北沢二丁目１９番１３号,松本ビル１Ｆ,松屋　下北沢店,株式会社松屋フーズ,-,31世保生食ほ第2545号,飲食店営業,令和2年3月10日,令和2年3月10日,令和9年3月31日
4614,東京都世田谷区北沢２丁目１９番１３号,丸石ビル２階,下北酒場　こいどろぼう,株式会社１ｓｔ．,03-6805-5180,3世保生食ほ第2324号,飲食店営業,令和4年3月29日,令和4年3月29日,令和10年3月31日
4615,東京都世田谷区北沢二丁目１９番１５号,松下ビル１、２Ｆ,野田岩,株式会社野田岩,03-3413-0105,6世保生食ほ第882号,飲食店営業,令和6年11月1日,令和6年11月1日,令和13年10月31日
4616,東京都世田谷区北沢二丁目１９番１５号,平和ビル４Ｆ,Ｂａｒｒａｃｋ　Ｂｌｏｃｋ　Ｃａｆｅ,***,03-5432-9684,2世保生食ほ第30号,飲食店営業,平成26年4月10日,令和2年5月1日,令和8年4月30日
4617,東京都世田谷区北沢二丁目１９番１５号,平和ビル４Ｆ,Ｂａｒｒａｃｋ　Ｂｌｏｃｋ　Ｃａｆｅ,***,03-5432-9684,7世保生食ほ第1972号,飲食店営業,令和8年5月1日,令和8年5月1日,令和14年4月30日
4618,東京都世田谷区北沢二丁目１９番１５号,平和ビルＢ１Ｆ,ａｌｔｏｔｏ,***,3421-9158,7世保生食ほ第134号,飲食店営業,令和7年6月1日,令和7年6月1日,令和13年5月31日
4619,東京都世田谷区北沢二丁目１９番１６号,亀屋ビル２階,ＣＡＦ?　ｄｕ　ＢＩＥＮ,荏原交通株式会社,-,6世保生食ほ第1266号,飲食店営業,令和6年12月10日,令和6年12月10日,令和13年12月31日
4620,東京都世田谷区北沢二丁目１９番１７号,沢田屋ビル２Ｆ,鳥貴族　下北沢店,株式会社鳥貴族東日本,03-5787-6766,5世保生食ほ第611号,飲食店営業,令和5年8月1日,令和5年8月1日,令和12年7月31日
4621,東京都世田谷区北沢二丁目１９番１７号,沢田屋ビル　Ｂ１,空飛ぶ　こぶたや,***,6751-0303,2世保生食ほ第2023号,飲食店営業,平成27年1月21日,令和3年2月1日,令和9年1月31日
4622,東京都世田谷区北沢二丁目１９番１７号,サザン石井ビルＢ１Ｆ,Ｌａｎｉ　ｃａｆｅ＆ｂａｒ,株式会社松本コーポレーション,03-6323-3124,7世保生食ほ第810号,飲食店営業,令和7年10月1日,令和7年10月1日,令和13年9月30日
4623,東京都世田谷区北沢二丁目１９番１７号,Ｓｈｉｍｏｋｉｔａ　ｂａｓｅ３Ｆ,Ｓｈｉｓｈａ　ＫＩＴＵＮＥ,ＩＯＢＴ　Ｔｒａｄｉｎｇ合同会社,03-6450-8430,2世保生食ほ第1888号,飲食店営業,令和2年12月21日,令和2年12月21日,令和8年12月31日
4624,東京都世田谷区北沢二丁目１９番１７号,サワダヤビル３Ｆ－Ｂ,＆ＲＯＬＬ,株式会社アンドロール,03-6450-8630,3世保生食ほ第1416号,飲食店営業,令和3年10月22日,令和3年10月22日,令和9年10月31日
4625,東京都世田谷区北沢二丁目２０番２号,-,さいとう　明日香,株式会社ゆうじろう,3410-3443,31世保生食ほ第2104号,飲食店営業,令和2年1月16日,令和2年1月16日,令和9年1月31日
4626,東京都世田谷区北沢二丁目２０番１４号,-,松山ビリヤード,松山商事株式会社,03-3412-2955,5世保生食ほ第1277号,飲食店営業,令和6年1月1日,令和6年1月1日,令和11年12月31日
4627,東京都世田谷区北沢二丁目２０番１７号,-,ダイエー下北沢,株式会社ダイエー,03-3413-4147,3世保生食ほ第2062号,菓子製造業,令和4年2月22日,令和4年2月22日,令和11年2月28日
4628,東京都世田谷区北沢二丁目２０番１７号,-,ダイエー下北沢,株式会社ダイエー,03-3413-4147,7世保生食ほ第702号,飲食店営業,令和7年9月1日,令和7年9月1日,令和14年8月31日
4629,東京都世田谷区北沢二丁目２０番１７号,-,ダイエー下北沢,株式会社ダイエー,03-3413-4147,7世保生食ほ第703号,飲食店営業,令和7年9月1日,令和7年9月1日,令和14年8月31日
4630,東京都世田谷区北沢二丁目２１番１２号,-,シモキタ園藝部　ののこや,一般社団法人シモキタ園藝部,-,3世保生食ほ第2260号,飲食店営業,令和4年3月31日,令和4年3月31日,令和10年3月31日
4631,東京都世田谷区北沢二丁目２１番２２号,-,ビオラル下北沢駅前店,株式会社ライフコーポレーション,03-3421-5531,3世保生食ほ第1992号,飲食店営業,令和4年2月9日,令和4年2月9日,令和11年2月28日
4632,東京都世田谷区北沢二丁目２１番２２号,-,ビオラル下北沢駅前店,株式会社ライフコーポレーション,03-3421-5531,3世保生食ほ第1993号,飲食店営業,令和4年2月9日,令和4年2月9日,令和11年2月28日
4633,東京都世田谷区北沢二丁目２１番２２号,-,ＫＩＴＡＤＥ　ＴＡＣＯＳ　下北沢,株式会社Ｂｒｏｏｋｌｙｎ　Ｂａｌｌ　Ｆａｃｔｏｒｙ　Ｊａｐａｎ,03-6805-5514,3世保生食ほ第2066号,飲食店営業,令和4年3月1日,令和4年3月1日,令和11年2月28日
4634,東京都世田谷区北沢二丁目２１番２２号,（ｔｅｆｕ）　ｌｏｕｎｇｅ　下北沢内,ＫＩＴＡＳＡＮＤＯ　ＣＯＦＦＥＥ,株式会社ｂｉｐｌａｎｅ,-,4世保生食ほ第85号,飲食店営業,令和4年4月26日,令和4年4月26日,令和11年4月30日
4635,東京都世田谷区北沢二丁目２１番２２号,２Ｆ,ｇｒａｓｓ,株式会社Ｓｗｉｍ,-,5世保生食ほ第1506号,飲食店営業,令和6年1月12日,令和6年1月12日,令和13年1月31日
4636,東京都世田谷区北沢二丁目２１番２２号,下北沢地区Ｆ－Ⅱブロック　１－１区画,札幌味噌ラーメン下北岳,グロービート・ジャパン株式会社,-,7世保生食ほ第499号,飲食店営業,令和7年7月23日,令和7年7月23日,令和14年7月31日
4637,東京都世田谷区北沢二丁目２１番２６号,ドリームズビル２Ｂ,スナック　一房,***,-,2世保生食ほ第2198号,飲食店営業,令和3年2月8日,令和3年2月8日,令和10年2月29日
4638,東京都世田谷区北沢二丁目２１番２６号,下北ドリームズビル２Ｄ,鳥金,***,03-4362-9717,2世保生食ほ第2509号,飲食店営業,令和3年4月7日,令和3年4月7日,令和9年4月30日
4639,東京都世田谷区北沢二丁目２２番３号,下北パークフロント１階・２階,Ｅｔ－ＴＨＥ　ＣＵＬＴＵＲＡＬ　ＣＯＦＦＥＥＨＯＵＳＥ－,日東興業株式会社,03-6453-0630,6世保生食ほ第1231号,飲食店営業,令和6年12月10日,令和6年12月10日,令和13年12月31日
4640,東京都世田谷区北沢二丁目２２番１０号,-,ごごチキン,株式会社３Ｋ,-,3世保生食ほ第1385号,飲食店営業,令和3年10月12日,令和3年10月12日,令和9年10月31日
4641,東京都世田谷区北沢二丁目２２番１０号,下北沢リライアンスＢｌｄｇ．１Ｆ　Ｄ区画,臺クラフトビール,荷馬株式会社,-,6世保生食ほ第1879号,飲食店営業,令和7年7月1日,令和7年7月1日,令和14年6月30日
4642,東京都世田谷区北沢二丁目２２番１３号,ＸＡビル２０３号室,ＭＯＮＯ－,***,03-6805-3399,6世保生食ほ第762号,飲食店営業,令和6年9月1日,令和6年9月1日,令和12年8月31日
4643,東京都世田谷区北沢二丁目２３番２号,ポルテ下北沢１階,Ｐｒｉｎｃｅｓｓ　Ｔａｒｔ　下北沢,株式会社Ｐｒｉｎｃｅｓｓ　Ｔａｒｔ,-,7世保生食ほ第1816号,飲食店営業,令和8年3月17日,令和8年3月17日,令和15年3月31日
4644,東京都世田谷区北沢二丁目２３番６号,すみれビル２階,東京焼き麺スタンド,東京焼き麺スタンド株式会社,-,2世保生食ほ第167号,飲食店営業,令和2年4月27日,令和2年4月27日,令和9年4月30日
4645,東京都世田谷区北沢二丁目２３番９号,-,セブンーイレブン京王下北沢駅店,株式会社京王ストア,03-5787-8070,4世保生食ほ第286号,飲食店営業,令和4年6月21日,令和4年6月21日,令和11年6月30日
4646,東京都世田谷区北沢二丁目２３番９号,ミカン下北　下北沢駅駅役務室上,四川麻辣湯　下北沢　星星倶楽部,株式会社ｏｔｔｏホールディングス,03-5738-8141,7世保生食ほ第1726号,飲食店営業,令和8年3月6日,令和8年3月6日,令和15年3月31日
4647,東京都世田谷区北沢二丁目２３番１１号,藤森ビル１Ｆ,ＭＡＲＹ　ＳＴＡＮＤ,***,03-3413-7800,2世保生食ほ第1202号,飲食店営業,令和2年9月28日,令和2年9月28日,令和9年9月30日
4648,東京都世田谷区北沢二丁目２３番１２号,Ｍビル１Ｆ,倉,***,03-6450-9735,2世保生食ほ第2639号,飲食店営業,平成21年3月27日,令和3年4月1日,令和9年3月31日
4649,東京都世田谷区北沢二丁目２３番１２号,-,Ａａｓｕ,株式会社ＳＷＩＴＣＨ,6805-5881,3世保生食ほ第1883号,飲食店営業,令和4年8月12日,令和4年8月12日,令和11年8月31日
4650,東京都世田谷区北沢二丁目２４番２号,シモキタエキウエ１階,箱根そば　下北沢店,株式会社小田急レストランシステム,03-6453-2333,31世保生食ほ第932号,飲食店営業,令和元年10月17日,令和元年10月17日,令和8年10月31日
4651,東京都世田谷区北沢二丁目２４番２号,シモキタエキウエ２階,タイ料理研究所　下北沢店,株式会社ＳＵＵ・ＳＵＵ・ＣＨＡＩＹＯＯ,03-6805-5858,31世保生食ほ第961号,飲食店営業,令和元年10月23日,令和元年10月23日,令和8年10月31日
4652,東京都世田谷区北沢二丁目２４番２号,シモキタエキウエ２階,スターバックスコーヒーシモキタエキウエ店,スターバックスコーヒージャパン株式会社,03-6453-4418,31世保生食ほ第1328号,飲食店営業,令和元年10月23日,令和元年10月23日,令和8年10月31日
4653,東京都世田谷区北沢二丁目２４番２号,シモキタエキウエ２階,極上坦々麺香家　シモキタエキウエ店,株式会社香家,03-6453-4587,31世保生食ほ第1482号,飲食店営業,令和元年10月23日,令和元年10月23日,令和8年10月31日
4654,東京都世田谷区北沢二丁目２４番２号,-,蒲田羽付餃子　歓迎　下北沢店,株式会社ヌエボ・ムンド,03-6453-1976,4世保生食ほ第1244号,飲食店営業,令和4年11月18日,令和4年11月18日,令和11年11月30日
4655,東京都世田谷区北沢二丁目２４番２号,-,おむすび権米衛　小田急下北沢駅店,株式会社イワイ,03-6453-2110,4世保生食ほ第1365号,飲食店営業,令和4年11月22日,令和4年11月22日,令和11年11月30日
4656,東京都世田谷区北沢二丁目２４番２号,シモキタエキウエ２階２０１区画,アジョシ　シモキタエキウエ店,株式会社チャングー,03-6450-8766,5世保生食ほ第665号,飲食店営業,令和5年8月18日,令和5年8月18日,令和12年8月31日
4657,東京都世田谷区北沢二丁目２４番５号,ＳＨＩＭＯＫＩＴＡ　ＦＲＯＮＴ　１階,猿田彦珈琲　下北沢店,猿田彦珈琲株式会社,6407-0085,31世保生食ほ第1840号,飲食店営業,令和元年12月6日,令和元年12月6日,令和8年12月31日
4658,東京都世田谷区北沢二丁目２４番５号,シモキタフロント２Ｆ,ＧＯＺＯ,***,5738-8875,31世保生食ほ第1930号,飲食店営業,令和元年12月18日,令和元年12月18日,令和8年12月31日
4659,東京都世田谷区北沢二丁目２４番５号,シモキタフロント４０１,Ｆｌｉｇｈｔ　Ｌｏｕｎｇｅ,株式会社シモキタ＆ナゾリプロダクション,03-6407-1996,31世保生食ほ第2060号,飲食店営業,令和2年2月14日,令和2年2月14日,令和9年2月28日
4660,東京都世田谷区北沢二丁目２４番５号,ＳＨＩＭＯＫＩＴＡ　ＦＲＯＮＴ　Ｂ１Ｆ,Ｆｌｏｗｅｒｓ　Ｌｏｆｔ,有限会社ルーフトップ,03-6407-9520,31世保生食ほ第2163号,飲食店営業,令和2年1月28日,令和2年1月28日,令和9年1月31日
4661,東京都世田谷区北沢二丁目２４番９号,野中ビル２Ｆ,カキノバル下北沢,株式会社ａｓｏｖｉｖａ,-,7世保生食ほ第300号,飲食店営業,令和7年5月30日,令和7年5月30日,令和14年5月31日
4662,東京都世田谷区北沢二丁目２４番１３号,-,ヴァベーネ　下北沢店,有限会社ソフトライン,03-5465-2131,4世保生食ほ第99号,飲食店営業,令和4年5月18日,令和4年5月18日,令和10年5月31日
4663,東京都世田谷区北沢二丁目２５番４号,１Ｆ,ＴＡＢＡＣＣＨＩ（タバッキ）,***,5453-3199,4世保生食ほ第1461号,飲食店営業,令和4年12月20日,令和4年12月20日,令和10年12月31日
4664,東京都世田谷区北沢二丁目２５番４号,-,青いレンガ,株式会社青いレンガ,5453-8711,7世保生食ほ第275号,飲食店営業,令和7年7月1日,令和7年7月1日,令和13年6月30日
4665,東京都世田谷区北沢二丁目２５番４号,-,青いレンガ,株式会社青いレンガ,5453-8711,7世保生食ほ第276号,菓子製造業,令和7年7月1日,令和7年7月1日,令和13年6月30日
4666,東京都世田谷区北沢二丁目２５番４号,-,貝麺　みかわ,株式会社テイクユー,03-6407-8038,3世保生食ほ第185号,飲食店営業,令和3年4月28日,令和3年4月28日,令和10年4月30日
4667,東京都世田谷区北沢二丁目２５番１６号,浜銀下北沢ビル２階,コメダ珈琲店　下北沢店　,東光商事株式会社,03-5738-8494,2世保生食ほ第736号,飲食店営業,令和2年8月19日,令和2年8月19日,令和9年8月31日
4668,東京都世田谷区北沢二丁目２５番１６号,浜銀下北沢ビル１階,野家　下北沢駅東口店,株式会社野家,03-5790-9058,2世保生食ほ第773号,飲食店営業,令和2年8月18日,令和2年8月18日,令和9年8月31日
4669,東京都世田谷区北沢二丁目２５番１８号,２階,Ｋ’ｓ　Ｃａｆ,***,5454-0047,2世保生食ほ第300号,飲食店営業,令和2年5月11日,令和2年5月11日,令和9年5月31日
4670,東京都世田谷区北沢二丁目２５番１８号,２階,Ｋ’ｓ　Ｃａｆ,***,5454-0047,2世保生食ほ第591号,菓子製造業,令和2年7月7日,令和2年7月7日,令和9年7月31日
4671,東京都世田谷区北沢二丁目２５番１９号,ピアザ近江屋ビルＢ１階,珈琲館　下北沢店,Ｃ－Ｕｎｉｔｅｄ株式会社,3468-2883,3世保生食ほ第671号,飲食店営業,令和3年6月25日,令和3年6月25日,令和10年6月30日
4672,東京都世田谷区北沢二丁目２５番２０号,下北沢駅前共同ビル１Ｆ,ファミリーマート下北沢駅前店,フードライフデザイン株式会社,5738-1278,4世保生食ほ第713号,飲食店営業,令和4年7月29日,令和4年7月29日,令和11年7月31日
4673,東京都世田谷区北沢二丁目２６番３号,-,ナチュラルハウス下北沢店,株式会社ナチュラルハウス,03-3465-8556,5世保生食ほ第1880号,飲食店営業,令和6年3月19日,令和6年3月19日,令和12年3月31日
4674,東京都世田谷区北沢二丁目２６番６号,モンブランビル　２Ｆ,Ｃａｔｅｒｉａｍ,有限会社ひのめ,3468-8114,2世保生食ほ第15号,飲食店営業,平成20年6月26日,令和2年7月1日,令和8年6月30日
4675,東京都世田谷区北沢二丁目２６番６号,モンブランビル１Ｆ,セブンイレブン世田谷下北沢駅前店,***,3469-3711,31世保生食ほ第700号,飲食店営業,平成24年7月14日,令和元年8月1日,令和8年7月31日
4676,東京都世田谷区北沢二丁目２６番６号,モンブランビル１Ｆ,セブンイレブン世田谷下北沢駅前店,***,3469-3711,31世保生食ほ第701号,菓子製造業,平成24年7月14日,令和元年8月1日,令和8年7月31日
4677,東京都世田谷区北沢二丁目２６番７号,テラスマティーナ別棟１階,ａｎｔｈｒｏｐ．,***,-,6世保生食ほ第720号,飲食店営業,令和6年9月1日,令和6年9月1日,令和12年8月31日
4678,東京都世田谷区北沢二丁目２６番９号,-,ｍｏｎｂｉｊｏｕ,有限会社ＫＧＣ,-,4世保生食ほ第807号,飲食店営業,令和4年8月25日,令和4年8月25日,令和11年8月31日
4679,東京都世田谷区北沢二丁目２６番９号,１Ｆ,ＲＡＤＩＯ　ＣＩＴＹ下北沢,Ｎｏｍｏｕｚｅ－Ｇｒｏｕｐ　Ｊａｐａｎ株式会社,-,5世保生食ほ第234号,飲食店営業,令和5年5月23日,令和5年5月23日,令和11年5月31日
4680,東京都世田谷区北沢二丁目２６番１０号,マサキビル１Ｆ,Ｗ／Ｏ　ｓｔａｎｄ　ＳＨＩＭＯＫＩＴＡ,株式会社Ｆ’Ｇｒｏｕｐ,-,2世保生食ほ第571号,喫茶店営業,令和2年7月7日,令和2年7月7日,令和8年7月31日
4681,東京都世田谷区北沢二丁目２６番１０号,マサキビル１階,一龍,有限会社カズマサ,3466-1671,7世保生食ほ第1007号,飲食店営業,令和7年10月28日,令和7年10月28日,令和14年10月31日
4682,東京都世田谷区北沢二丁目２６番１４号,下北沢Ｃｏｏ１階Ｂ区画,ｆｅｌｉｃｅ　ｄｏｍａｎｉ,株式会社福田工業,-,5世保生食ほ第99号,飲食店営業,令和5年4月19日,令和5年4月19日,令和12年4月30日
4683,東京都世田谷区北沢二丁目２６番１８号,アーバンプレイスビル１Ｆ,ＳＡＭＡ　下北沢店,***,03-6407-9633,2世保生食ほ第473号,飲食店営業,令和2年6月12日,令和2年6月12日,令和9年6月30日
4684,東京都世田谷区北沢二丁目２６番１８号,アーバンテラス下北沢２０１,ＣＡＰＯＯＮ抹茶製造所　下北沢店,株式会社カプーン,-,6世保生食ほ第994号,飲食店営業,令和6年10月11日,令和6年10月11日,令和12年10月31日
4685,東京都世田谷区北沢二丁目２６番２０号,月村ビル１Ｆ,ＦＬＩＰＰＥＲ’Ｓ　下北沢店,株式会社ベイクルーズ,03-5738-2141,7世保生食ほ第1191号,飲食店営業,令和7年12月1日,令和7年12月1日,令和13年11月30日
4686,東京都世田谷区北沢二丁目２６番２０号,月村ビル２Ｆ,カラオケＬＩＶＥステージ　まほろば,株式会社ライフケア・ネットワーク,03-5790-9450,2世保生食ほ第2128号,飲食店営業,令和3年2月2日,令和3年2月2日,令和9年2月28日
4687,東京都世田谷区北沢二丁目２６番２０号,月村ビル２階,ＣＡＦＥ　ＡＮＤ　ＢＡＲ　ＫＡＭＥＲＡ,***,03-3468-2189,2世保生食ほ第2540号,飲食店営業,令和3年3月4日,令和3年3月4日,令和9年3月31日
4688,東京都世田谷区北沢二丁目２６番２１号,-,にゃん＆ピース,***,03-3460-8249,4世保生食ほ第466号,飲食店営業,令和4年7月6日,令和4年7月6日,令和10年7月31日
4689,東京都世田谷区北沢二丁目２６番２１号,エルフォアシティ下北沢１Ｆ,Ｗａｆｆｌｅ　ｃａｆｅ　ＯＲＡＮＧＥ,株式会社Ｋｉｓｓａｃｏ,03-5738-5320,2世保生食ほ第2034号,飲食店営業,令和3年1月14日,令和3年1月14日,令和9年1月31日
4690,東京都世田谷区北沢二丁目２６番２１号,エルフォアシティ下北沢１Ｆ,Ｗａｆｆｌｅ　ｃａｆｅ　ＯＲＡＮＧＥ,株式会社Ｋｉｓｓａｃｏ,03-5738-5320,2世保生食ほ第2068号,菓子製造業,令和3年1月14日,令和3年1月14日,令和9年1月31日
4691,東京都世田谷区北沢二丁目２６番２３号,-,フレッシュネスバーガー　下北沢店,株式会社フレッシュネス,03-5452-1163,6世保生食ほ第736号,飲食店営業,令和6年9月1日,令和6年9月1日,令和13年8月31日
4692,東京都世田谷区北沢二丁目２６番２４号,オーブ井部１０３,パールレディ下北沢店,合同会社ＪＩＪＩＫＯ,3460-8086,2世保生食ほ第1490号,喫茶店営業,令和2年10月28日,令和2年10月28日,令和9年10月31日
4693,東京都世田谷区北沢二丁目２６番２４号,オーブ井部１０３,パールレディ下北沢店,合同会社ＪＩＪＩＫＯ,3460-8086,2世保生食ほ第1491号,菓子製造業,令和2年10月28日,令和2年10月28日,令和9年10月31日
4694,東京都世田谷区北沢二丁目２７番２号,Ｌ’ｔｉａ下北沢１Ｆ,ＭＡＫＡＰＵ’Ｕ,株式会社祐商,03-5738-8019,2世保生食ほ第1722号,飲食店営業,令和3年1月15日,令和3年1月15日,令和9年1月31日
4695,東京都世田谷区北沢二丁目２７番８号,バウハウス１０１,バインミー　バーバー　下北沢,ベトナム屋台株式会社,-,6世保生食ほ第146号,飲食店営業,令和6年6月1日,令和6年6月1日,令和12年5月31日
4696,東京都世田谷区北沢二丁目２７番１０号,クルス下北沢１階,佐助,株式会社レゴリス,-,4世保生食ほ第1668号,飲食店営業,令和5年2月17日,令和5年2月17日,令和12年2月28日
4697,東京都世田谷区北沢二丁目２７番１２号,林ビル１０２,ｔｈｅ　ｕｓｕａｌ,***,03-6416-8076,4世保生食ほ第762号,飲食店営業,令和4年8月16日,令和4年8月16日,令和10年8月31日
4698,東京都世田谷区北沢二丁目２７番１２号,林ビル１０２,ｔｈｅ　ｕｓｕａｌ,***,03-6416-8076,6世保生食ほ第1890号,菓子製造業,令和7年4月1日,令和7年4月1日,令和13年3月31日
4699,東京都世田谷区北沢二丁目２７番１２号,林ビル,ベーグル　カフェ　８８,有限会社ビゲスト,03-6407-9388,4世保生食ほ第1079号,菓子製造業,令和4年10月18日,令和4年10月18日,令和11年5月31日
4700,東京都世田谷区北沢二丁目２７番１２号,林ビル,ベーグル　カフェ　８８,有限会社ビゲスト,03-6407-9388,4世保生食ほ第63号,飲食店営業,令和4年5月2日,令和4年5月2日,令和11年5月31日
4701,東京都世田谷区北沢二丁目２８番１号,慶水ビル１Ｆ,蕎麦切り　正音,***,6804-7706,2世保生食ほ第2640号,飲食店営業,平成26年3月5日,令和3年4月1日,令和10年3月31日
4702,東京都世田谷区北沢二丁目２８番１号,慶水ビル２Ｆ,Ｖａｐｅ　Ｓｔｏｒｅ　Ｍ５＋,メタディストリビューション合同会社,-,2世保生食ほ第2485号,飲食店営業,令和3年3月4日,令和3年3月4日,令和9年3月31日
4703,東京都世田谷区北沢二丁目２８番１号,慶水ビル２Ｆ,Ｖａｐｅ　Ｓｔｏｒｅ　Ｍ５＋,メタディストリビューション合同会社,-,5世保生食ほ第811号,菓子製造業,令和5年9月1日,令和5年9月1日,令和9年3月31日
4704,東京都世田谷区北沢二丁目２８番２号,深澤ビル１Ａ,ＰｏｓｔＣｏｆｆｅｅ,ＰＯＳＴ　ＣＯＦＦＥＥ株式会社,-,5世保生食ほ第902号,飲食店営業,令和5年9月14日,令和5年9月14日,令和12年9月30日
4705,東京都世田谷区北沢二丁目２８番６号,みなとやビル　１Ｆ,六古窯,***,3467-6380,2世保生食ほ第1515号,飲食店営業,平成18年11月24日,令和2年12月1日,令和9年11月30日
4706,東京都世田谷区北沢二丁目２８番７号,エルフェアシティ下北沢Ⅱ１０２Ａ号室,ユリイカ,***,5453-3039,2世保生食ほ第141号,飲食店営業,平成26年7月17日,令和2年8月1日,令和8年7月31日
4707,東京都世田谷区北沢二丁目２８番７号,エルフェアシティ　下北沢Ⅱ,やきとり　ＭＡＳＡ,***,03-5790-9029,6世保生食ほ第1011号,飲食店営業,令和6年11月1日,令和6年11月1日,令和13年10月31日
4708,東京都世田谷区北沢二丁目２８番７号,エルフェアシティⅡ下北沢１０３,らーめん玄,株式会社ランドベル,4288-8463,2世保生食ほ第1411号,飲食店営業,令和2年10月19日,令和2年10月19日,令和8年10月31日
4709,東京都世田谷区北沢二丁目２８番７号,エルフェアシティ下北沢Ⅱ１０１号室,これこれごはん,株式会社これこれグループ,03-6451-5066,7世保生食ほ第847号,飲食店営業,令和7年10月30日,令和7年10月30日,令和14年10月31日
4710,東京都世田谷区北沢二丁目２９番２号,フェニキアビル２階,サンデーブランチＳＵＮＤＡＹＢＲＵＮＣＨ,株式会社シティ・スタジオ,03-5453-3366,6世保生食ほ第1620号,飲食店営業,令和7年3月1日,令和7年3月1日,令和14年2月29日
4711,東京都世田谷区北沢二丁目２９番３号,パルファンビル２Ｆ,有限会社　カフェ・メゾン・ド・パルファン,有限会社カフェ・メゾンド・パルファン,03-5478-1432,4世保生食ほ第1510号,飲食店営業,令和5年1月10日,令和5年1月10日,令和11年1月31日
4712,東京都世田谷区北沢二丁目２９番１４号,第１１ＭＦＧビル１Ｆ,ル・モンド,株式会社ルモンド・ジャパン,5790-9767,2世保生食ほ第1517号,飲食店営業,平成25年11月22日,令和2年12月1日,令和9年11月30日
4713,東京都世田谷区北沢二丁目２９番１６号,高木ビル１階,ｃａｆｅｇａｒａｇｅ　Ｄｏｇｂｅｒｒｙ,Ｍｕｓｕｂｉホールディングス株式会社,03-6804-9292,2世保生食ほ第437号,飲食店営業,令和2年6月3日,令和2年6月3日,令和8年6月30日
4714,東京都世田谷区北沢二丁目２９番１６号,マガザン下北沢Ｂ１Ｆ,ｃｕｒｒｙ＆ｃａｆｅ　ＳＡＭＡ下北沢店,ＯＷＬＳＯＭＥ　ＪＡＰＡＮ株式会社,03-5790-9437,4世保生食ほ第1011号,飲食店営業,令和4年9月26日,令和4年9月26日,令和11年9月30日
4715,東京都世田谷区北沢二丁目２９番１６号,マガザン下北沢２０１,呑み処　タナカたなかハナレ,合同会社ＴＲＵＮＫ　ＯＵＴ,03-5790-9026,4世保生食ほ第1183号,飲食店営業,令和4年10月25日,令和4年10月25日,令和10年10月31日
4716,東京都世田谷区北沢二丁目２９番１６号,マガザン下北沢１Ｆ,Ｔｈｅ　Ｂｅｅｔ　下北沢,合同会社ＢｒｉＬＬｉａｎｔ,-,6世保生食ほ第1496号,飲食店営業,令和7年1月21日,令和7年1月21日,令和14年1月31日
4717,東京都世田谷区北沢二丁目３０番３号,サンセルボンビル２Ｆ,タパス＆タパス　下北沢北口店,株式会社ジャパンフードシステムズ,03-3467-5555,6世保生食ほ第1035号,飲食店営業,令和6年11月1日,令和6年11月1日,令和13年10月31日
4718,東京都世田谷区北沢二丁目３０番６号,下北沢ＵＣビル　１Ｆ・Ｂ１Ｆ,スターバックスコーヒー　下北沢店,スターバックスコーヒージャパン株式会社,03-3467-0266,5世保生食ほ第1680号,飲食店営業,令和6年3月1日,令和6年3月1日,令和13年2月28日
4719,東京都世田谷区北沢二丁目３０番６号,コープＭＫ１０１,ＨＡＮＡＢＩｃａｆｅ,***,03-6874-1650,2世保生食ほ第726号,飲食店営業,平成26年7月14日,令和2年8月1日,令和8年7月31日
4720,東京都世田谷区北沢二丁目３０番１１号,北沢ビル,キッチン　ウェスト,***,3485-3693,30世保生食ほ第2588号,飲食店営業,昭和37年3月27日,令和元年5月1日,令和8年4月30日
4721,東京都世田谷区北沢二丁目３０番１３号,-,ファミリーマート　下北沢駅北店,株式会社スバル,5738-1540,3世保生食ほ第777号,飲食店営業,令和3年7月1日,令和3年7月1日,令和10年6月30日
4722,東京都世田谷区北沢二丁目３１番１号,サンローザ１０１,カフェ　マルディグラ,***,3466-1035,2世保生食ほ第2148号,飲食店営業,平成21年2月10日,令和3年3月1日,令和9年2月28日
4723,東京都世田谷区北沢二丁目３１番１号,玉井屋ビル１階,ＳＴＲＥＥＴ　ＣＨＵＲＲＯＳ　下北沢店,株式会社Ｌ．Ｂ．Ｍａｒｋｅｔ,03-4362-8801,6世保生食ほ第1389号,飲食店営業,令和6年12月19日,令和6年12月19日,令和13年12月31日
4724,東京都世田谷区北沢二丁目３１番２号,大久ビル２０３,Ｓｍｉｌｅ,***,-,31世保生食ほ第1501号,飲食店営業,平成24年11月7日,令和元年12月1日,令和8年11月30日
4725,東京都世田谷区北沢二丁目３１番２号,大久ビル１階,大阪焼肉・ホルモンふたご下北沢店,株式会社ＦＴＧ　Ｃｏｍｐａｎｙ,3465-2541,2世保生食ほ第1171号,食肉販売業,令和2年9月17日,令和2年9月17日,令和9年9月30日
4726,東京都世田谷区北沢二丁目３１番２号,大久ビル１階,大阪焼肉・ホルモンふたご下北沢店,株式会社ＦＴＧ　Ｃｏｍｐａｎｙ,3465-2541,4世保生食ほ第796号,飲食店営業,令和4年8月26日,令和4年8月26日,令和11年8月31日
4727,東京都世田谷区北沢二丁目３１番２号,大久ビル２Ｄ,アズランド,アスランド合同会社,-,7世保生食ほ第367号,飲食店営業,令和7年7月1日,令和7年7月1日,令和13年6月30日
4728,東京都世田谷区北沢二丁目３１番２号,大久ビル　１Ｆ,ＩＮＶＡＤＥＲ　ＯＮＥ　ＦＬＡＴ　ｃａｆｅ,***,5790-9862,7世保生食ほ第1348号,飲食店営業,令和8年1月1日,令和8年1月1日,令和13年12月31日
4729,東京都世田谷区北沢二丁目３１番３号,しもき・た・まり～ば　３階,はじめちゃんち,株式会社にこにこ,-,5世保生食ほ第557号,飲食店営業,令和5年7月31日,令和5年7月31日,令和11年7月31日
4730,東京都世田谷区北沢二丁目３１番５号,ＸＡ北口店舗ビル１０３号室,コンヤ　ケバブ,コンヤ株式会社,-,2世保生食ほ第2041号,飲食店営業,令和3年1月26日,令和3年1月26日,令和10年1月31日
4731,東京都世田谷区北沢二丁目３１番５号,ＸＡ北口店舗ビル１０３号,志のもと　下北沢店,株式会社Ｏａｒ,03-4400-1642,3世保生食ほ第1107号,菓子製造業,令和3年9月9日,令和3年9月9日,令和10年9月30日
4732,東京都世田谷区北沢二丁目３１番５号,ＸＡ北口店舗ビル１０３号,志のもと　下北沢店,株式会社Ｏａｒ,03-4400-1642,3世保生食ほ第1211号,飲食店営業,令和3年9月9日,令和3年9月9日,令和10年9月30日
4733,東京都世田谷区北沢二丁目３１番７号,アビティ下北沢,タリーズコーヒー下北沢店,株式会社ｂｒａｎｃａ,03-6804-8468,5世保生食ほ第5号,飲食店営業,令和5年4月19日,令和5年4月19日,令和12年4月30日
4734,東京都世田谷区北沢二丁目３１番９号,ニュービルト２Ａ,虹色ＣＵＲＲＹ食堂,株式会社レインボーカンパニー,5454-0178,4世保生食ほ第1467号,飲食店営業,令和4年12月20日,令和4年12月20日,令和10年12月31日
4735,東京都世田谷区北沢二丁目３１番１０号,-,カラオケまねきねこ　下北沢店,株式会社コシダカ,03-6407-0757,31世保生食ほ第1812号,飲食店営業,令和元年12月12日,令和元年12月12日,令和8年12月31日
4736,東京都世田谷区北沢二丁目３１番１２号,２Ｆ,Ｄｉｎｉｎｇ　Ｂａｒ　Ｕ７,***,03-6670-7187,5世保生食ほ第229号,飲食店営業,令和5年5月16日,令和5年5月16日,令和12年5月31日
4737,東京都世田谷区北沢二丁目３１番１５号,-,栄鮨,有限会社栄商事,03-3468-0009,2世保生食ほ第2860号,飲食店営業,令和3年4月2日,令和3年4月2日,令和10年4月30日
4738,東京都世田谷区北沢二丁目３２番５号,-,ＴＡＲＴＥ　＆　ＬＯＶＥ　ＣＡＦＥ,ＡＡＰＥＪＡＰＡＮ株式会社,-,4世保生食ほ第1493号,飲食店営業,令和4年12月28日,令和4年12月28日,令和11年12月31日
4739,東京都世田谷区北沢二丁目３２番６号,ビリオンビル２階,パブリオン,***,03-6416-8456,6世保生食ほ第1335号,飲食店営業,令和7年1月1日,令和7年1月1日,令和12年12月31日
4740,東京都世田谷区北沢二丁目３２番７号,青柳ビル３Ｆ,ｔｏｍｂｏｙ・・・,***,-,6世保生食ほ第686号,飲食店営業,令和6年9月1日,令和6年9月1日,令和12年8月31日
4741,東京都世田谷区北沢二丁目３２番８号,２Ｂ,ネガティブカフェ＆バー　モリオウチ,***,-,7世保生食ほ第460号,飲食店営業,令和7年8月1日,令和7年8月1日,令和13年7月31日
4742,東京都世田谷区北沢二丁目３２番８号,ＳＳビル１階,ｃｏｌｏｕｒｚ,ＵＳＵＩ　ＩＮＴＥＲＮＡＴＩＯＮＡＬ株式会社,03-5577-4130,4世保生食ほ第753号,飲食店営業,令和4年8月23日,令和4年8月23日,令和11年8月31日
4743,東京都世田谷区北沢二丁目３３番１号,１棟,プチガーデン下北沢,有限会社ピー・エフ・ケイ,03-3481-5736,6世保生食ほ第548号,飲食店営業,令和6年8月1日,令和6年8月1日,令和12年7月31日
4744,東京都世田谷区北沢二丁目３３番２号,環境ビル４Ｆ,ＬＡＳＴ　ＮＩＧＨＴ　ＭＵＳＩＣ　ＳＡＶＥＤ　ＭＹ　ＬＩＦＥ,***,03-4361-0486,2世保生食ほ第671号,飲食店営業,令和2年7月21日,令和2年7月21日,令和8年7月31日
4745,東京都世田谷区北沢二丁目３３番３号,１Ｆ,克ッ　下北沢,１５１－Ａ－ＲＣ株式会社,3468-3334,3世保生食ほ第906号,飲食店営業,令和3年7月30日,令和3年7月30日,令和9年7月31日
4746,東京都世田谷区北沢二丁目３３番５号,増山ビル１Ｆ、２Ｆ,ＲＡＩＮＢＯＷ　ｃａｆｅ　＆　ｗｉｎｅ　ｄｉｎｉｎｇ　下北沢,株式会社レインボーカンパニー,03-5790-0032,3世保生食ほ第796号,飲食店営業,令和3年7月9日,令和3年7月9日,令和10年7月31日
4747,東京都世田谷区北沢二丁目３３番６号,-,風流四季,有限会社風流四季,03-6804-8879,7世保生食ほ第85号,飲食店営業,令和7年5月1日,令和7年5月1日,令和14年4月30日
4748,東京都世田谷区北沢二丁目３３番６号,第２ミチルビル２Ｆ,かまいキッチン,***,03-6318-5323,2世保生食ほ第2464号,飲食店営業,平成21年2月18日,令和3年3月1日,令和9年2月28日
4749,東京都世田谷区北沢二丁目３３番６号,スズキビル２Ｆ,ｃａｆｅ　＆　ｂａｒ　ｍａｇａｒｉ,***,6407-0995,5世保生食ほ第440号,飲食店営業,令和5年7月1日,令和5年7月1日,令和11年6月30日
4750,東京都世田谷区北沢二丁目３３番６号,第２ミチルビル３Ｆ,ハリハラ,***,03-5454-9860,5世保生食ほ第1353号,飲食店営業,令和6年1月1日,令和6年1月1日,令和11年12月31日
4751,東京都世田谷区北沢二丁目３３番６号,谷口ビル２Ｂ,くっぴん,***,03-6874-1528,5世保生食ほ第1814号,飲食店営業,令和6年4月1日,令和6年4月1日,令和13年3月31日
4752,東京都世田谷区北沢二丁目３３番６号,飯嶋ビル１Ｆ,ＴＡＰ＆ＧＲＯＷＬＥＲ,株式会社ドミンゴ,03-6416-8767,6世保生食ほ第1758号,飲食店営業,令和7年3月14日,令和7年3月14日,令和14年3月31日
4753,東京都世田谷区北沢二丁目３３番６号,飯嶋ビル２階,肉ナリ焼クナリ,***,03-6416-8150,6世保生食ほ第235号,飲食店営業,令和6年6月1日,令和6年6月1日,令和12年5月31日
4754,東京都世田谷区北沢二丁目３３番６号,飯嶋ビル２階,肉ナリ焼クナリ,***,03-6416-8150,7世保生食ほ第146号,そうざい製造業,令和7年5月7日,令和7年5月7日,令和12年5月31日
4755,東京都世田谷区北沢二丁目３３番６号,奥田ビル２０１,大衆酒場こみじ,***,03-6407-0592,2世保生食ほ第535号,飲食店営業,令和2年7月3日,令和2年7月3日,令和8年7月31日
4756,東京都世田谷区北沢二丁目３３番６号,サンピアビル２Ｆ,Ｍｕｓｈａ　Ｍｕｓｈａ,***,03-6804-7344,2世保生食ほ第2266号,飲食店営業,令和3年2月8日,令和3年2月8日,令和10年2月29日
4757,東京都世田谷区北沢二丁目３３番６号,グリーンテラスビル１Ａ,下北沢チーズ工房,株式会社チーズ工房,03-6318-1576,3世保生食ほ第415号,飲食店営業,令和3年5月31日,令和3年5月31日,令和9年5月31日
4758,東京都世田谷区北沢二丁目３３番６号,グリーンテラスビル１Ａ,下北沢チーズ工房,株式会社チーズ工房,03-6318-1576,3世保生食ほ第416号,菓子製造業,令和3年5月31日,令和3年5月31日,令和9年5月31日
4759,東京都世田谷区北沢二丁目３３番６号,グリーンテラスビル１Ａ,下北沢チーズ工房,株式会社チーズ工房,03-6318-1576,3世保生食ほ第417号,アイスクリーム類製造業,令和3年5月31日,令和3年5月31日,令和9年5月31日
4760,東京都世田谷区北沢二丁目３３番７号,芳澤ビル２Ｆ,ハハハ,株式会社ローリング,03-6804-8987,6世保生食ほ第1807号,飲食店営業,令和7年4月1日,令和7年4月1日,令和13年3月31日
4761,東京都世田谷区北沢二丁目３３番７号,芳澤ビル１階,ソウルポチャ,株式会社グローバルディール,03-4590-6880,31世保生食ほ第2967号,飲食店営業,令和2年5月27日,令和2年5月27日,令和8年5月31日
4762,東京都世田谷区北沢二丁目３３番７号,芳澤ビル１Ｆ,横浜家系ラーメン　森家,***,-,4世保生食ほ第1425号,飲食店営業,令和4年12月8日,令和4年12月8日,令和11年12月31日
4763,東京都世田谷区北沢二丁目３３番８号,第２片柳ビル１Ｆ,ＨＯＬＬＹ,***,3466-1484,31世保生食ほ第2712号,飲食店営業,平成14年4月26日,令和2年5月1日,令和8年4月30日
4764,東京都世田谷区北沢二丁目３３番８号,第２片柳ビル１Ｆ,ＨＯＬＬＹ,***,3466-1484,8世保生食ほ第21号,飲食店営業,令和8年5月1日,令和8年5月1日,令和14年4月30日
4765,東京都世田谷区北沢二丁目３３番８号,第２片柳ビル１階Ａ号,下北すぅーさん,***,03-6804-7938,6世保生食ほ第1709号,飲食店営業,令和7年3月14日,令和7年3月14日,令和13年3月31日
4766,東京都世田谷区北沢二丁目３３番８号,第二片柳ビル２Ｆ－Ｅ,うぶ,株式会社ＢＥＧＩＮＳ,5454-5919,7世保生食ほ第1652号,飲食店営業,令和8年3月1日,令和8年3月1日,令和14年2月29日
4767,東京都世田谷区北沢二丁目３３番８号,第２片柳ビル１階,ＳＵＧＡＲ,***,03-3468-3822,3世保生食ほ第2058号,飲食店営業,令和4年3月3日,令和4年3月3日,令和10年3月31日
4768,東京都世田谷区北沢二丁目３３番８号,第二片柳ビル３Ｆ,ＴＯＳＨＩＭＡＥＮ,Ｎｏｍｏｕｚｅ－Ｇｒｏｕｐ　Ｊａｐａｎ株式会社,-,5世保生食ほ第1167号,飲食店営業,令和5年10月24日,令和5年10月24日,令和11年10月31日
4769,東京都世田谷区北沢二丁目３３番８号,第二片柳ビル３Ｆ,ＭＥＩＭＥＩ,Ｎｏｍｏｕｚｅ－Ｇｒｏｕｐ　Ｊａｐａｎ株式会社,-,5世保生食ほ第1356号,飲食店営業,令和5年11月30日,令和5年11月30日,令和11年11月30日
4770,東京都世田谷区北沢二丁目３３番８号,第２片柳ビル４Ａ号室,＆ｒｕｍｂｌｅ,株式会社アンドロール,-,5世保生食ほ第1497号,飲食店営業,令和6年1月16日,令和6年1月16日,令和12年1月31日
4771,東京都世田谷区北沢二丁目３３番１１号,-,もつや　長光,***,03-6804-8194,3世保生食ほ第626号,飲食店営業,令和3年6月21日,令和3年6月21日,令和10年6月30日
4772,東京都世田谷区北沢二丁目３３番１１号,ＳＹ－１　１階,カレーの惑星,株式会社ヒネル,03-6804-9885,6世保生食ほ第1796号,飲食店営業,令和7年4月1日,令和7年4月1日,令和14年3月31日
4773,東京都世田谷区北沢二丁目３３番１１号,ＳＹ－Ⅰ２階,ｂａｒｎｉｔａｓ,株式会社つきひかり,03-5790-7322,6世保生食ほ第89号,飲食店営業,令和6年5月1日,令和6年5月1日,令和12年4月30日
4774,東京都世田谷区北沢二丁目３３番１２号,ＭＧ－１ビル　１０２,飯田,***,3467-1442,2世保生食ほ第1290号,飲食店営業,平成20年10月14日,令和2年11月1日,令和8年10月31日
4775,東京都世田谷区北沢二丁目３３番１２号,ＭＧ１ビルＢ１,ｓｈｉｓｈａ　２,株式会社シーシャ,03-6804-9687,6世保生食ほ第743号,飲食店営業,令和6年9月1日,令和6年9月1日,令和12年8月31日
4776,東京都世田谷区北沢二丁目３３番１２号,-,九州料理と旨い酒　どんたく,合同会社ＩＸＡＳ,03-6804-9577,2世保生食ほ第2447号,食肉販売業,令和3年3月3日,令和3年3月3日,令和9年3月31日
4777,東京都世田谷区北沢二丁目３３番１２号,-,九州料理と旨い酒　どんたく,合同会社ＩＸＡＳ,03-6804-9577,7世保生食ほ第1069号,飲食店営業,令和7年11月1日,令和7年11月1日,令和13年10月31日
4778,東京都世田谷区北沢二丁目３３番１２号,２Ｆ,ＭＡＧＩ,合同会社ＩＸＡＳ,03-6407-8666,5世保生食ほ第1642号,飲食店営業,令和6年2月13日,令和6年2月13日,令和12年2月28日
4779,東京都世田谷区北沢二丁目３４番５号,プリマヴェール下北沢５階,下北沢ＵＰ,株式会社リンキィディンク,5465-6568,2世保生食ほ第1277号,飲食店営業,平成19年10月19日,令和2年11月1日,令和8年10月31日
4780,東京都世田谷区北沢二丁目３４番５号,プリマヴェール下北沢１Ｆ,ｓｈｏｃｈｕ　ＥＲＡ／日本酒や,株式会社リンキィディンク,03-5465-6568,2世保生食ほ第1118号,飲食店営業,令和2年9月18日,令和2年9月18日,令和8年9月30日
4781,東京都世田谷区北沢二丁目３４番７号,-,ＢＵＲＧＥＲＳ　ＴＯＫＹＯ　１号店,株式会社ＫＩＧホールディングス,03-6407-1720,2世保生食ほ第1996号,飲食店営業,令和3年1月12日,令和3年1月12日,令和10年1月31日
4782,東京都世田谷区北沢二丁目３４番７号,-,ＢＵＲＧＥＲＳ　ＴＯＫＹＯ　１号店,株式会社ＫＩＧホールディングス,03-6407-1720,2世保生食ほ第1998号,食肉販売業,令和3年1月12日,令和3年1月12日,令和10年1月31日
4783,東京都世田谷区北沢二丁目３４番８号,ＫＭビル１Ｆ,スープカレー　心　下北沢店,株式会社ウインドウ,03-5452-3561,7世保生食ほ第813号,飲食店営業,令和7年10月1日,令和7年10月1日,令和14年9月30日
4784,東京都世田谷区北沢二丁目３４番８号,北沢ＫＭビル３Ｆ,ラウン　ＬＯＷＮ,***,03-6407-1919,6世保生食ほ第321号,飲食店営業,令和6年7月1日,令和6年7月1日,令和12年6月30日
4785,東京都世田谷区北沢二丁目３４番８号,ＫＭビル２ＦＡ号,串焼きと煮野菜　零や,株式会社Ｎｕｍｂｅｒｓ,03-5738-8017,4世保生食ほ第173号,飲食店営業,令和4年4月28日,令和4年4月28日,令和10年4月30日
4786,東京都世田谷区北沢二丁目３４番８号,第一トキワビル２Ａ,ｍｏｎａｌｉｓａ　ｃｏｆｆｅｅ　／　ハッピーハウス,株式会社メローカナリア　,-,6世保生食ほ第83号,飲食店営業,令和6年4月30日,令和6年4月30日,令和12年4月30日
4787,東京都世田谷区北沢二丁目３４番９号,トキワビル２Ｆ,い～はと～ぼ,***,3466-1815,2世保生食ほ第1219号,飲食店営業,昭和52年10月5日,令和2年11月1日,令和8年10月31日
4788,東京都世田谷区北沢二丁目３４番１０号,-,台湾美食,天一合同会社,-,31世保生食ほ第496号,喫茶店営業,令和元年7月2日,令和元年7月2日,令和8年7月31日
4789,東京都世田谷区北沢二丁目３４番１０号,ミチルビル１,元気七輪焼肉　牛繁下北沢店,株式会社さかもとストア,03-5738-5029,31世保生食ほ第543号,飲食店営業,令和元年6月27日,令和元年6月27日,令和8年6月30日
4790,東京都世田谷区北沢二丁目３４番１０号,植木ビル２階,ＭＡＴＯＩ　ＣＯＦＦＥＥ,株式会社纒眼鏡,03-3485-5115,6世保生食ほ第1893号,飲食店営業,令和7年4月22日,令和7年4月22日,令和14年4月30日
4791,東京都世田谷区北沢二丁目３４番１０号,ピア下北沢１Ｆ,Ｂａｒ　Ｃｉｖｅｔｔａ,***,03-6262-7986,7世保生食ほ第1116号,飲食店営業,令和7年11月5日,令和7年11月5日,令和14年11月30日
4792,東京都世田谷区北沢二丁目３４番１１号,リアンビル１Ｆ,ＳＨＡＲＥ,***,03-5453-3211,6世保生食ほ第1584号,飲食店営業,令和7年2月1日,令和7年2月1日,令和13年1月31日
4793,東京都世田谷区北沢二丁目３４番１１号,リアンビル４Ｆ,ＳＯＵＮＤＳ　ＧＯＯＤ,***,-,2世保生食ほ第1909号,飲食店営業,令和2年12月23日,令和2年12月23日,令和8年12月31日
4794,東京都世田谷区北沢二丁目３４番１１号,リアンビル２Ｆ,ｃａｆｅ　＆　ｂａｒ　ＴＥＮ,株式会社Ｌｏｒｄ　ｏｆ　ｔｈｅ　Ｉｓｌｅｓ,03-6804-8157,3世保生食ほ第2306号,飲食店営業,令和4年3月17日,令和4年3月17日,令和10年3月31日
4795,東京都世田谷区北沢二丁目３５番５号,サウザンド下北沢１Ａ,こはぜ珈琲,合同会社こはぜ珈琲,-,7世保生食ほ第229号,飲食店営業,令和7年6月2日,令和7年6月2日,令和14年6月30日
4796,東京都世田谷区北沢二丁目３５番１５号,シンヤシキビル２Ｆ,ＯＪＡＧＡ,株式会社チュチュ,3460-4188,2世保生食ほ第149号,飲食店営業,平成25年8月1日,令和2年8月1日,令和9年7月31日
4797,東京都世田谷区北沢二丁目３６番１号,１Ｆ,Ｄｔｏｕｒ　　Ｂｌｅｕｅｔ　下北沢店,ブルーブルーエ　ジャパン株式会社,03-6407-8348,7世保生食ほ第1778号,飲食店営業,令和8年4月1日,令和8年4月1日,令和15年3月31日
4798,東京都世田谷区北沢二丁目３６番１２号,-,ＢＥＡＲ　ＰＯＮＤ,***,03-5454-2486,2世保生食ほ第2723号,飲食店営業,平成21年4月22日,令和3年5月1日,令和9年4月30日
4799,東京都世田谷区北沢二丁目３６番１４号,ガーデンテラス下北沢　１Ｆ,ＬＯＯＫ　ＵＰ　ＣＯＦＦＥＥ,株式会社ＬＯＯＫ　ＵＰ,03-6407-0850,2世保生食ほ第1683号,飲食店営業,令和2年12月28日,令和2年12月28日,令和8年12月31日
4800,東京都世田谷区北沢二丁目３６番１４号,ガーデンテラス下北沢Ｄ,天ノ屋　下北沢本店,株式会社レインボーカンパニー,03-5738-7872,3世保生食ほ第146号,飲食店営業,令和3年4月28日,令和3年4月28日,令和10年4月30日
4801,東京都世田谷区北沢二丁目３７番３号,下北沢振効舎ビル２Ａ,キャンドルカフェ「１２」,***,5790-9255,3世保生食ほ第1029号,飲食店営業,令和3年9月10日,令和3年9月10日,令和9年9月30日
4802,東京都世田谷区北沢二丁目３７番１６号,林ビル３Ｆ,ＢＡＲ　Ｋａｐｐａ－ｉｓｍ,***,03-6407-8800,5世保生食ほ第157号,飲食店営業,令和5年6月1日,令和5年6月1日,令和11年5月31日
4803,東京都世田谷区北沢二丁目３７番１６号,-,とよんちのたまご下北沢店,株式会社Ｈｏｕｗａ　ｐｏｕｌｔｒｙ　ｆａｒｍ＆Ｔ．Ｔ,03-5790-9385,2世保生食ほ第709号,飲食店営業,令和2年7月31日,令和2年7月31日,令和9年7月31日
4804,東京都世田谷区北沢二丁目３７番１６号,-,とよんちのたまご下北沢店,株式会社Ｈｏｕｗａ　ｐｏｕｌｔｒｙ　ｆａｒｍ＆Ｔ．Ｔ,03-5790-9385,2世保生食ほ第710号,菓子製造業,令和2年7月31日,令和2年7月31日,令和9年7月31日
4805,東京都世田谷区北沢二丁目３７番１７号,林ビル２Ｆ,ＳＷＡＭＰ　ｆａｍｉｌｙ　ＭＯＮＳＴＥＲ,***,-,7世保生食ほ第501号,飲食店営業,令和7年8月1日,令和7年8月1日,令和13年7月31日
4806,東京都世田谷区北沢二丁目３７番１７号,-,シモキタ　オープンイノベーション,下北沢一番街商店街振興組合,03-3468-2933,5世保生食ほ第680号,飲食店営業,令和5年9月1日,令和5年9月1日,令和11年8月31日
4807,東京都世田谷区北沢二丁目３７番１７号,ピエノ北沢１階,８　ｊｏｕｒｓ,株式会社８ｊｏｕｒｓ　ｐａｒｃ,6804-9192,7世保生食ほ第296号,飲食店営業,令和7年7月1日,令和7年7月1日,令和13年6月30日
4808,東京都世田谷区北沢二丁目３８番４号,Ｄ・Ｏ・Ｇスペース１０２,Ｇ?ｒａｓｏｌｅ,合同会社ｙａｄｏｒｉｇｉ,-,6世保生食ほ第305号,飲食店営業,令和6年6月11日,令和6年6月11日,令和13年6月30日
4809,東京都世田谷区北沢二丁目丁?３８番９号,アキモトビル,ドミノ・ピザ　下北沢店,株式会社ドミノ・ピザジャパン,-,4世保生食ほ第145号,飲食店営業,令和4年5月2日,令和4年5月2日,令和11年5月31日
4810,東京都世田谷区北沢二丁目３８番１０号,-,駅下北沢店,有限会社越川商事,03-3466-9336,5世保生食ほ第170号,飲食店営業,令和5年6月1日,令和5年6月1日,令和11年5月31日
4811,東京都世田谷区北沢二丁目３９番６号,ＣＯＳ下北沢１０３,ＣＯＳＦＡ　Ｃａｆｅ,特定非営利活動法人コスファＣＯＳＦＡ,3481-5340,4世保生食ほ第410号,飲食店営業,令和4年6月15日,令和4年6月15日,令和10年6月30日
4812,東京都世田谷区北沢二丁目３９番６号,ＣＯＳ下北沢２Ｆ,かっちんこっちんくっきい,***,03-3468-0408,2世保生食ほ第1119号,菓子製造業,令和2年9月17日,令和2年9月17日,令和8年9月30日
4813,東京都世田谷区北沢二丁目３９番１３号,田丸ビル２階,ｔｉｍｂｒｅ,***,0334688140,7世保生食ほ第1743号,飲食店営業,令和8年4月1日,令和8年4月1日,令和15年3月31日
4814,東京都世田谷区北沢二丁目３９番１３号,-,もり蕎麦　太田,***,-,31世保生食ほ第277号,飲食店営業,令和元年5月28日,令和元年5月28日,令和8年5月31日
4815,東京都世田谷区北沢二丁目３９番１６号,-,酒処　島路,***,3468-2887,3世保生食ほ第1438号,飲食店営業,令和3年12月1日,令和3年12月1日,令和9年11月30日
4816,東京都世田谷区北沢二丁目４０番１５号,芦田ビル１Ｆ,Ｂａｒ　ｌｏａｄｅｄ,***,6663-8844,31世保生食ほ第2638号,飲食店営業,平成20年4月22日,令和2年5月1日,令和8年4月30日
4817,東京都世田谷区北沢二丁目４０番１５号,-,とんかつ　とん水,***,03-3468-3621,5世保生食ほ第1645号,飲食店営業,令和6年3月1日,令和6年3月1日,令和12年2月28日
4818,東京都世田谷区北沢二丁目４０番１６号,１階,Ｙｏｎｅｃｕｒｒｙ＆Ｃｏ．／ＢＢＳ,***,-,7世保生食ほ第644号,飲食店営業,令和7年8月14日,令和7年8月14日,令和13年8月31日
4819,東京都世田谷区北沢二丁目４０番１８号,-,有限会社　荒木氷室,有限会社荒木氷室,3468-2958,4世保生食ほ第1485号,飲食店営業,令和5年1月11日,令和5年1月11日,令和11年1月31日
4820,東京都世田谷区北沢三丁目１番４号,小田急東北沢駅構内,ＳＴＲＥＡＭＥＲ　ＣＯＦＦＥＥ　ＣＯＭＰＡＮＹ　東北沢駅店,株式会社スプレンダー,03-6416-8202,6世保生食ほ第247号,飲食店営業,令和6年5月21日,令和6年5月21日,令和13年5月31日
4821,東京都世田谷区北沢三丁目１番１０号,ニューアイランド東北沢２Ｆ,ＣＡＳＵＡＬ　ＤＩＮＩＮＧ　Ｏ’ｃｌｏｃｋ,***,3466-4065,6世保生食ほ第1440号,飲食店営業,令和7年1月10日,令和7年1月10日,令和13年1月31日
4822,東京都世田谷区北沢三丁目１番１０号,ニューアイランド東北沢２０５,向陽亭,株式会社バンブーリング,03-6407-8012,6世保生食ほ第1578号,飲食店営業,令和7年2月10日,令和7年2月10日,令和14年2月29日
4823,東京都世田谷区北沢三丁目１番１５号,プレジオ北沢１Ｆ,モロッコ料理の台所　エンリケ　マルエコス,***,3467-1106,30世保生食ほ第2516号,飲食店営業,平成24年4月27日,令和元年5月1日,令和8年4月30日
4824,東京都世田谷区北沢三丁目１番２０号,ＶＯＥＲＥ東北沢４階,北沢　Ｓａｌｏｏｎ,株式会社三茶創業,-,3世保生食ほ第1183号,飲食店営業,令和3年9月17日,令和3年9月17日,令和9年9月30日
4825,東京都世田谷区北沢三丁目１番２０号,４Ｆ,ＲＯＭＡＮＴＩＱＵＥ,***,-,6世保生食ほ第614号,飲食店営業,令和6年8月7日,令和6年8月7日,令和12年8月31日
4826,東京都世田谷区北沢三丁目２番９号,-,酒を焼肉で　いちわ　東北沢店,株式会社Ｅｓｓｅｎｃｅ　Ｏｆ　Ｌｉｆｅ　,-,5世保生食ほ第1589号,飲食店営業,令和6年2月20日,令和6年2月20日,令和12年2月28日
4827,東京都世田谷区北沢三丁目２番１０号,Ｂ１,てっちょこ,***,03-3466-0551,31世保生食ほ第1032号,飲食店営業,平成24年8月29日,令和元年9月1日,令和8年8月31日
4828,東京都世田谷区北沢三丁目７番１号,宇治川ビル１階,イル・トラメッツィーノ,有限会社ヴィネリアＳ．Ｒ．Ｌ,6407-1461,31世保生食ほ第301号,飲食店営業,平成24年6月1日,令和元年6月1日,令和8年5月31日
4829,東京都世田谷区北沢三丁目９番１９号,マスタードホテル１Ｆ,ＳＩＤＥＷＡＬＫ　ＣＯＦＦＥＥ　ＲＯＡＳＴＥＲＳ,株式会社ｖｅｎｄｏｒ,03-6277-5714,3世保生食ほ第212号,飲食店営業,令和3年4月26日,令和3年4月26日,令和10年4月30日
4830,東京都世田谷区北沢三丁目９番１９号,マスタードホテル１Ｆ,ＳＩＤＥＷＡＬＫ　ＣＯＦＦＥＥ　ＲＯＡＳＴＥＲＳ,株式会社ｖｅｎｄｏｒ,03-6277-5714,3世保生食ほ第213号,菓子製造業,令和3年4月26日,令和3年4月26日,令和10年4月30日
4831,東京都世田谷区北沢三丁目９番２３号,-,ＡＤＲＩＦＴ,株式会社ＧＲＥＥＮＩＮＧ,-,3世保生食ほ第1208号,飲食店営業,令和3年9月10日,令和3年9月10日,令和10年9月30日
4832,東京都世田谷区北沢三丁目９番２３号,-,ＡＤＲＩＦＴ,株式会社ＧＲＥＥＮＩＮＧ,-,5世保生食ほ第1629号,菓子製造業,令和6年2月6日,令和6年2月6日,令和13年2月28日
4833,東京都世田谷区北沢三丁目１１番２号,コーポいづみ２０２,ＵＲＵＲＵ　Ｌａｂ,***,-,2世保生食ほ第2746号,菓子製造業,令和3年3月23日,令和3年3月23日,令和9年3月31日
4834,東京都世田谷区北沢三丁目１４番１５号,-,弘清庵,***,3460-6587,2世保生食ほ第1032号,飲食店営業,昭和49年9月27日,令和2年10月1日,令和8年9月30日
4835,東京都世田谷区北沢三丁目１６番８号,すずハイツ１Ｆ店舗部,青,***,-,6世保生食ほ第665号,飲食店営業,令和6年9月18日,令和6年9月18日,令和12年9月30日
4836,東京都世田谷区北沢三丁目１６番８号,すずハイツ１Ｆ店舗部,麟,***,-,6世保生食ほ第902号,飲食店営業,令和6年9月18日,令和6年9月18日,令和12年9月30日
4837,東京都世田谷区北沢三丁目１７番１０号,-,ゴキゲン　セントラル,株式会社ゴキゲンファミリー,03-5784-3666,31世保生食ほ第812号,飲食店営業,令和元年7月19日,令和元年7月19日,令和8年7月31日
4838,東京都世田谷区北沢三丁目１８番３号,-,ファミリーマート世田谷北沢三丁目店,株式会社丸徳ファーム,03-5738-9336,3世保生食ほ第1718号,飲食店営業,令和3年12月7日,令和3年12月7日,令和10年12月31日
4839,東京都世田谷区北沢三丁目１８番５号,伊東ビル１階,ｌｕｍｉｅｌｕｎｅ,株式会社ベストマイト,3465-0573,3世保生食ほ第87号,飲食店営業,平成26年5月20日,令和3年6月1日,令和10年4月30日
4840,東京都世田谷区北沢三丁目１８番５号,伊東ビル１階,ｌｕｍｉｅｌｕｎｅ,株式会社ベストマイト,3465-0573,3世保生食ほ第88号,菓子製造業,令和3年4月14日,令和3年4月14日,令和10年4月30日
4841,東京都世田谷区北沢三丁目１９番３号,岩野ハイツ２Ａ,まる,***,5454-3139,7世保生食ほ第200号,飲食店営業,令和7年6月1日,令和7年6月1日,令和13年5月31日
4842,東京都世田谷区北沢三丁目１９番３号,岩野ハイツ２Ｆ,Ｎｅｖｅｒ　Ｎｅｖｅｒ　Ｌａｎｄ,***,3465-0737,2世保生食ほ第229号,飲食店営業,令和2年4月30日,令和2年4月30日,令和8年4月30日
4843,東京都世田谷区北沢三丁目１９番７号,パラッツオ下北沢１―Ａ,小料理　夕の華,***,3485-5790,31世保生食ほ第2986号,飲食店営業,平成20年10月31日,令和2年11月1日,令和8年10月31日
4844,東京都世田谷区北沢三丁目１９番９号,-,テピート,***,03-3460-1077,3世保生食ほ第1369号,飲食店営業,令和3年10月25日,令和3年10月25日,令和9年10月31日
4845,東京都世田谷区北沢三丁目１９番２０号,ｒｅｌｏａｄ　Ｄ棟２－７区画,ＦＬＵＸ　ＣＡＦＥ,株式会社ＦＬＵＸ,03-6407-1758,3世保生食ほ第430号,飲食店営業,令和3年6月3日,令和3年6月3日,令和10年6月30日
4846,東京都世田谷区北沢三丁目１９番２０号,ｒｅｌｏａｄ１－７,ＳＡＮＺＯＵ　ＴＯＫＹＯ,株式会社クローバー,03-5738-7744,3世保生食ほ第441号,飲食店営業,令和3年6月14日,令和3年6月14日,令和10年6月30日
4847,東京都世田谷区北沢三丁目１９番２０号,ｒｅｌｏａｄ２－９,立てば天国,株式会社ヒネル,-,3世保生食ほ第601号,飲食店営業,令和3年6月8日,令和3年6月8日,令和10年6月30日
4848,東京都世田谷区北沢三丁目１９番２０号,ｒｅｌｏａｄ１－１,ＯＧＡＷＡ　ＣＯＦＦＥＥ　ＬＡＢＯＲＡＴＯＲＹ下北沢店,株式会社小川珈琲クリエイツ,0364070194,3世保生食ほ第749号,飲食店営業,令和3年7月19日,令和3年7月19日,令和10年7月31日
4849,東京都世田谷区北沢三丁目１９番２０号,１―１１,しもきた茶苑大山,有限会社しもきた茶苑大山,03-3466-5588,3世保生食ほ第946号,飲食店営業,令和3年9月22日,令和3年9月22日,令和10年9月30日
4850,東京都世田谷区北沢三丁目１９番２０号,ｒｅｌｏａｄ下北沢２－１０,Ｕｎｉｖｅｒｓａｌ　Ｂａｋｅｓ　Ｎｉｃｏｍｅ,株式会社さいころ食堂,03-6407-1021,3世保生食ほ第1506号,飲食店営業,令和3年12月13日,令和3年12月13日,令和10年12月31日
4851,東京都世田谷区北沢三丁目１９番２０号,ｒｅｌｏａｄ下北沢２－１０,Ｕｎｉｖｅｒｓａｌ　Ｂａｋｅｓ　Ｎｉｃｏｍｅ,株式会社さいころ食堂,03-6407-1021,3世保生食ほ第1507号,菓子製造業,令和3年12月13日,令和3年12月13日,令和10年12月31日
4852,東京都世田谷区北沢三丁目１９番２０号,下北沢ｒｅｌｏａｄ（１－１４区画）,明天好好,株式会社バードフェザーノブ,03-6452-3102,3世保生食ほ第2030号,飲食店営業,令和4年2月22日,令和4年2月22日,令和11年2月28日
4853,東京都世田谷区北沢三丁目１９番２０号,リロード内１－６区画,はしり,合同会社ＭＰホールディングス,03-6407-1233,4世保生食ほ第375号,飲食店営業,令和4年6月22日,令和4年6月22日,令和11年6月30日
4854,東京都世田谷区北沢三丁目１９番２０号,ｒｅｌｏａｄ２－８,ＳＴＡＢＬＥＲ　Ｓｈｉｍｏｋｉｔａｚａｗａ　Ｍｅａｔｓａｎｄ　２ｎｄ,ＳＴＡＢＬＥＲ株式会社,03-5738-8633,5世保生食ほ第168号,飲食店営業,令和5年5月12日,令和5年5月12日,令和11年5月31日
4855,東京都世田谷区北沢三丁目１９番２０号,ｒｅｌｏａｄ内２階１０区画,Ｔｏｋｙｏ　Ｖｅｇａｎ　Ｂａｋｅｓ,株式会社Ｎ　Ｖｅｃ,03-6417-1208,7世保生食ほ第704号,飲食店営業,令和7年8月27日,令和7年8月27日,令和14年8月31日
4856,東京都世田谷区北沢三丁目１９番２０号,ｒｅｌｏａｄ内２階１０区画,Ｔｏｋｙｏ　Ｖｅｇａｎ　Ｂａｋｅｓ,株式会社Ｎ　Ｖｅｃ,03-6417-1208,7世保生食ほ第705号,菓子製造業,令和7年8月27日,令和7年8月27日,令和14年8月31日
4857,東京都世田谷区北沢三丁目２０番１号,-,今成,有限会社グローバル・クリエイション,5465-1117,3世保生食ほ第1977号,飲食店営業,令和4年2月1日,令和4年2月1日,令和11年1月31日
4858,東京都世田谷区北沢三丁目２０番１号,-,Ｒｏｌｌ　Ｓｌｏｔｈ,ミスタッキーマクドナッテリア株式会社,-,5世保生食ほ第1472号,飲食店営業,令和5年12月21日,令和5年12月21日,令和11年12月31日
4859,東京都世田谷区北沢三丁目２０番２号,大成ビルＢ１,Ｆｅｇａｔｏ　Ｆｏｒｔｅ,株式会社Ｇａｃｃｉｏ,6796-3240,6世保生食ほ第1692号,飲食店営業,令和7年3月6日,令和7年3月6日,令和13年3月31日
4860,東京都世田谷区北沢三丁目２０番１８号,宝ビルＢ１Ｆ,酔いどれ天使,***,03-3467-7486,7世保生食ほ第65号,飲食店営業,令和7年5月1日,令和7年5月1日,令和14年4月30日
4861,東京都世田谷区北沢三丁目２０番１８号,宝ビルＢ１Ｆ,Ｓｎａｃｋ　Ｅｍｍａ,株式会社松本コーポレーション,03-3460-3313,7世保生食ほ第809号,飲食店営業,令和7年10月1日,令和7年10月1日,令和13年9月30日
4862,東京都世田谷区北沢三丁目２０番１８号,宝ビル,ＩＪＯＯＺ自動販売機　宝ビル,ＩＪＯＯＺ株式会社,-,6世保生食ほ第324号,調理の機能を有する自動販売機により食品を調理し、調理された食品を販売する営業,令和6年6月7日,令和6年6月7日,令和11年6月30日
4863,東京都世田谷区北沢三丁目２１番１号,-,広栄屋,***,3466-5958,7世保生食ほ第1667号,飲食店営業,令和8年4月1日,令和8年4月1日,令和14年3月31日
4864,東京都世田谷区北沢三丁目２２番４号,-,ｔＡｏ,株式会社ｔＡｏ,03-5790-9325,7世保生食ほ第1272号,飲食店営業,令和7年12月19日,令和7年12月19日,令和14年12月31日
4865,東京都世田谷区北沢三丁目２３番２１号,クラウンズコート成和１Ｆ,Ｄｉａｌｏｇｕｅ,株式会社ｙｏｓｈｉｍｏ,6804-8820,7世保生食ほ第148号,飲食店営業,令和7年6月1日,令和7年6月1日,令和13年5月31日
4866,東京都世田谷区北沢三丁目２５番１号,シャトルヒエイ　２Ｆ,居酒屋　アーチスト,***,5478-9989,7世保生食ほ第1829号,飲食店営業,令和8年4月1日,令和8年4月1日,令和14年3月31日
4867,東京都世田谷区北沢三丁目２５番１号,ＭＴビル３０２,アークボックス,***,6804-9507,7世保生食ほ第543号,飲食店営業,令和7年8月1日,令和7年8月1日,令和13年7月31日
4868,東京都世田谷区北沢三丁目２５番１号,シャトルヒエイ３０１,ＢＡＴＨＴＵＢ　ＧＩＮ,***,03-6804-9766,3世保生食ほ第300号,飲食店営業,平成27年5月22日,令和3年6月1日,令和9年5月31日
4869,東京都世田谷区北沢三丁目２５番１号,ＭＴビル１階,納豆工房　せんだい屋　下北沢店,株式会社　せんだい,03-5431-3935,4世保生食ほ第1287号,飲食店営業,令和4年11月15日,令和4年11月15日,令和11年11月30日
4870,東京都世田谷区北沢三丁目２５番１号,ＭＴビル１０２号,蕎麦と鶏　はんさむ,株式会社Ｓｃｒａｔｃｈ　Ｋｏｎｇ,03-5738-7619,5世保生食ほ第559号,飲食店営業,令和5年7月10日,令和5年7月10日,令和12年7月31日
4871,東京都世田谷区北沢三丁目２６番１号,北側　ハイムフランス　１Ｆ,ＹＵＵＫＯＫＵ,***,-,5世保生食ほ第1532号,飲食店営業,令和6年2月1日,令和6年2月1日,令和12年1月31日
4872,東京都世田谷区北沢三丁目２６番１号,-,ｈｉｓｉｍｏ（ヒシモ）,株式会社楽人,03-6324-5077,2世保生食ほ第851号,飲食店営業,令和2年8月18日,令和2年8月18日,令和8年8月31日
4873,東京都世田谷区北沢三丁目２６番４号,栃倉ビル１Ｆ,椿,***,03-6804-8897,6世保生食ほ第1785号,飲食店営業,令和7年3月12日,令和7年3月12日,令和13年3月31日
4874,東京都世田谷区北沢三丁目２７番１号,ＹＳビル１Ｆ,Ｎ．Ｙ．Ｃｕｐｃａｋｅｓ,***,3465-4262,2世保生食ほ第1980号,飲食店営業,平成26年1月8日,令和3年2月1日,令和10年1月31日
4875,東京都世田谷区北沢三丁目２７番１号,ＹＳビル１Ｆ,Ｎ．Ｙ．Ｃｕｐｃａｋｅｓ,***,3465-4262,2世保生食ほ第1981号,菓子製造業,平成26年1月8日,令和3年2月1日,令和10年1月31日
4876,東京都世田谷区北沢三丁目２７番１号,ＹＳビル２階,Ｕｐｓｔａｉｒｓ,***,03-6754-1052,5世保生食ほ第751号,飲食店営業,令和5年9月1日,令和5年9月1日,令和11年8月31日
4877,東京都世田谷区北沢三丁目３０番２号,１Ｆ,下北グレイヴィ餃子,株式会社ＡＳＩＡＵＮＬＩＭＩＴＥＤ,3466-1422,6世保生食ほ第1929号,飲食店営業,令和7年5月1日,令和7年5月1日,令和13年4月30日
4878,東京都世田谷区北沢三丁目３０番３号,下北沢シャモット１Ｆ,ｍｅｓｏ,株式会社シェフズバンク,03-6407-0369,2世保生食ほ第283号,菓子製造業,令和2年5月13日,令和2年5月13日,令和8年5月31日
4879,東京都世田谷区北沢三丁目３０番３号,下北沢シャモット１Ｆ,ｍｅｓｏ,株式会社シェフズバンク,03-6407-0369,2世保生食ほ第311号,食肉販売業,令和2年5月13日,令和2年5月13日,令和8年5月31日
4880,東京都世田谷区北沢三丁目３０番３号,下北沢シャモット１Ｆ,ｍｅｓｏ,株式会社シェフズバンク,03-6407-0369,4世保生食ほ第1928号,そうざい製造業,令和5年3月29日,令和5年3月29日,令和11年3月31日
4881,東京都世田谷区北沢三丁目３０番３号,下北沢シャモット１Ｆ,ｍｅｓｏ,株式会社シェフズバンク,03-6407-0369,5世保生食ほ第1137号,飲食店営業,令和5年11月1日,令和5年11月1日,令和11年10月31日
4882,東京都世田谷区北沢三丁目３０番３号,北沢Ｔ・Ｔビル２０１,Ｆａｖｏｒｉｔａ　ｄａ　Ｖｅｒｏｎｉｃａ,***,5738-2092,2世保生食ほ第6号,飲食店営業,平成25年6月5日,令和2年7月1日,令和9年6月30日
4883,東京都世田谷区北沢三丁目３０番３号,-,ｓｈｉｓｈａ　１,株式会社シーシャ,03-3468-0601,6世保生食ほ第1580号,飲食店営業,令和7年2月1日,令和7年2月1日,令和13年1月31日
4884,東京都世田谷区北沢三丁目３０番２３号,Ｂａｓｅｍｅｎｔ　Ｂ,ｃａｆｅ　１ｏｒ８,***,-,7世保生食ほ第1117号,飲食店営業,令和7年11月11日,令和7年11月11日,令和13年11月30日
4885,東京都世田谷区北沢三丁目３１番３号,コジマアネックス一階,筋金珈琲焙煎所,有限会社オールド・マーケット,3466-5058,3世保生食ほ第1837号,飲食店営業,令和4年1月12日,令和4年1月12日,令和10年1月31日
4886,東京都世田谷区北沢三丁目３１番５号,-,ＧＲＡＳＴＡ,株式会社ものがたり,03-3468-1955,4世保生食ほ第1906号,飲食店営業,令和5年3月27日,令和5年3月27日,令和11年3月31日
4887,東京都世田谷区北沢三丁目３１番１４号,関口ビル１Ｆ,Ｒｏｊｉｕｒａ　Ｃｕｒｒｙ　ＳＡＭＵＲＡＩ．　下北沢店,株式会社ソウルフラワー,03-5453-6494,7世保生食ほ第1695号,飲食店営業,令和8年3月1日,令和8年3月1日,令和14年2月29日
4888,東京都世田谷区北沢三丁目３１番１５号,ＮＨ下北沢ビル１Ｆ、Ｂ１Ｆ,近道（Ｂ１Ｆ）、おてまえ（１Ｆ）,株式会社近松,-,4世保生食ほ第1643号,飲食店営業,令和5年1月27日,令和5年1月27日,令和11年1月31日
4889,東京都世田谷区北沢三丁目３４番２号,-,スパイスラーメン　点と線．,株式会社ソウルフラワー,03-6407-1080,5世保生食ほ第1296号,飲食店営業,令和6年1月1日,令和6年1月1日,令和11年12月31日
4890,東京都世田谷区北沢三丁目３４番３号,-,ＣＵＲＲＹ　ＳＨＯＰ　エイリアンズ,株式会社ヒネル,6407-9220,6世保生食ほ第271号,飲食店営業,令和6年6月1日,令和6年6月1日,令和12年5月31日
4891,東京都世田谷区北沢三丁目３４番３号,下北沢スクエアビル　１Ｆ,ＴＨＥ　ＣＡＭＰＩＮＧ　ＬＯＵＮＧＥ　ＷＡＩＴＥＲ－Ｕ,株式会社ルーフェイト清水屋,03-5738-8249,6世保生食ほ第1099号,飲食店営業,令和6年11月21日,令和6年11月21日,令和12年11月30日
4892,東京都世田谷区北沢三丁目３４番４号,佐藤店舗１０１,ラ・ピーニャ,株式会社ＧＯＯＤ　ＣＡＦＥ,03-6339-8018,3世保生食ほ第68号,飲食店営業,令和3年4月19日,令和3年4月19日,令和9年4月30日
4893,東京都世田谷区北沢三丁目３４番４号,佐藤店舗１０１,ラ・ピーニャ,株式会社ＧＯＯＤ　ＣＡＦＥ,03-6339-8018,3世保生食ほ第69号,菓子製造業,令和3年4月19日,令和3年4月19日,令和9年4月30日
4894,東京都世田谷区北沢三丁目３４番４号,下北沢スクエア４Ｆ,一粒万倍,***,-,6世保生食ほ第419号,飲食店営業,令和6年8月14日,令和6年8月14日,令和12年8月31日
4895,東京都世田谷区北沢三丁目３４番４号,スクエアビル２階,Ｙｉｎ　Ｙａｎｇ,Ｔｕｊｉ　Ｔｕｍａ合同会社,-,6世保生食ほ第690号,飲食店営業,令和6年8月13日,令和6年8月13日,令和12年8月31日
4896,東京都世田谷区北沢三丁目３４番６号,-,ＴａｕＬａ,***,03-5738-8534,31世保生食ほ第2276号,飲食店営業,令和2年2月6日,令和2年2月6日,令和9年2月28日
4897,東京都世田谷区北沢四丁目１番３号,-,ほさか,***,3467-0960,7世保生食ほ第1304号,菓子製造業,令和8年1月1日,令和8年1月1日,令和13年12月31日
4898,東京都世田谷区北沢四丁目５番３号,１Ｆ,元麻布マルシェ,株式会社グラファイト,03-6435-2672,7世保生食ほ第1873号,飲食店営業,令和8年4月1日,令和8年4月1日,令和14年3月31日
4899,東京都世田谷区北沢四丁目５番３号,北沢ビル１０３,ＳＵＮＮＹ　ＨＯＰ,ＣＲＵＤＥ株式会社,03-6407-9537,5世保生食ほ第869号,飲食店営業,令和5年9月25日,令和5年9月25日,令和11年9月30日
4900,東京都世田谷区北沢四丁目５番３号,北沢ビル１０３,ＳＵＮＮＹ　ＨＯＰ,ＣＲＵＤＥ株式会社,03-6407-9537,5世保生食ほ第870号,食肉販売業,令和5年9月25日,令和5年9月25日,令和11年9月30日
4901,東京都世田谷区北沢四丁目１５番１３号,-,ハニージェイプロジェクト株式会社,ハニージェイプロジェクト株式会社,-,3世保生食ほ第2051号,菓子製造業,令和4年3月3日,令和4年3月3日,令和10年3月31日
4902,東京都世田谷区北沢四丁目１５番１３号,-,ハニージェイプロジェクト株式会社,ハニージェイプロジェクト株式会社,-,3世保生食ほ第2052号,そうざい製造業,令和4年3月3日,令和4年3月3日,令和10年3月31日
4903,東京都世田谷区北沢四丁目１５番２９号,-,ＣＨＩＬＬ,***,-,2世保生食ほ第2189号,飲食店営業,令和3年2月2日,令和3年2月2日,令和9年2月28日
4904,東京都世田谷区北沢四丁目１６番１０号,-,くりはら,***,3466-7980,7世保生食ほ第1099号,飲食店営業,令和7年12月1日,令和7年12月1日,令和13年11月30日
4905,東京都世田谷区北沢四丁目１６番２６号,３０７,アンドキッチン,***,-,3世保生食ほ第3号,飲食店営業,令和3年4月9日,令和3年4月9日,令和9年4月30日
4906,東京都世田谷区北沢四丁目２４番１５号,-,森商,***,-,6世保生食ほ第952号,飲食店営業,令和6年9月27日,令和6年9月27日,令和12年9月30日
4907,東京都世田谷区北沢四丁目３２番２６号,-,オステリア　ベオーネ,***,-,2世保生食ほ第1333号,飲食店営業,令和2年10月13日,令和2年10月13日,令和9年10月31日
4908,東京都世田谷区北沢四丁目３３番２号,北沢ＯＫマンションＡ,Ｂａｒ　枕,***,-,7世保生食ほ第402号,飲食店営業,令和7年7月1日,令和7年7月1日,令和13年6月30日
4909,東京都世田谷区北沢四丁目３３番４号,-,ファミリーマート世田谷北沢四丁目店,株式会社春日屋,03-5738-0200,2世保生食ほ第514号,飲食店営業,令和2年7月1日,令和2年7月1日,令和9年6月30日
4910,東京都世田谷区北沢四丁目３３番４号,-,ファミリーマート世田谷北沢四丁目店,株式会社春日屋,03-5738-0200,2世保生食ほ第515号,菓子製造業,令和2年7月1日,令和2年7月1日,令和9年6月30日
4911,東京都世田谷区北沢五丁目９番４号,-,ｄａｕｇｈｔｅｒ,株式会社ＬＶＴＮ,-,6世保生食ほ第1645号,飲食店営業,令和7年3月24日,令和7年3月24日,令和13年3月31日
4912,東京都世田谷区北沢五丁目１２番３号,-,世田谷区立北沢中学校,株式会社東洋食品,-,3世保生食ほ第201号,飲食店営業,令和3年4月23日,令和3年4月23日,令和10年4月30日
4913,東京都世田谷区北沢五丁目１４番１４号,１Ｆ,Ｂｏｕｌａｎｇｅｒｉｅ　Ｃｏｎｖｉｖｉａｌｉｔｅ,***,5453-0665,2世保生食ほ第890号,飲食店営業,平成25年9月11日,令和2年10月1日,令和9年9月30日
4914,東京都世田谷区北沢五丁目１４番１４号,１Ｆ,Ｂｏｕｌａｎｇｅｒｉｅ　Ｃｏｎｖｉｖｉａｌｉｔｅ,***,5453-0665,2世保生食ほ第891号,菓子製造業,平成25年9月11日,令和2年10月1日,令和9年9月30日
4915,東京都世田谷区北沢五丁目１９番１５号,-,ｋｉｔａ５　ホイホイ,***,-,6世保生食ほ第526号,飲食店営業,令和6年7月18日,令和6年7月18日,令和12年7月31日
4916,東京都世田谷区北沢五丁目２１番１０号,ヴィレッジ五月１ＦＢ号室,うさぎ小屋,***,-,5世保生食ほ第1832号,飲食店営業,令和6年3月15日,令和6年3月15日,令和12年3月31日
4917,東京都世田谷区北沢五丁目２４番２７号,-,ローソン　北沢五丁目店,有限会社友好,03-3460-9310,7世保生食ほ第1053号,飲食店営業,令和7年10月22日,令和7年10月22日,令和14年10月31日
4918,東京都世田谷区北沢五丁目３４番１１号,-,焼鳥小屋　どろまみれ　笹塚店,株式会社どろまみれ,6407-9947,2世保生食ほ第1511号,飲食店営業,平成26年12月1日,令和2年12月1日,令和8年11月30日
4919,東京都世田谷区北沢五丁目３５番２１号,-,東京　世田谷　升本屋,***,03-6904-6331,4世保生食ほ第324号,食品の小分け業,令和4年5月25日,令和4年5月25日,令和10年5月31日
4920,東京都世田谷区北沢五丁目３６番１号,-,升本屋,***,3466-8735,7世保生食ほ第506号,飲食店営業,令和7年8月1日,令和7年8月1日,令和13年7月31日
4921,東京都世田谷区北沢五丁目３７番１１号,-,メノティス　トウキョウ,***,-,3世保生食ほ第312号,飲食店営業,令和3年5月13日,令和3年5月13日,令和9年5月31日
4922,東京都世田谷区北沢五丁目３７番１１号,-,メノティス　トウキョウ,***,-,3世保生食ほ第313号,菓子製造業,令和3年5月13日,令和3年5月13日,令和9年5月31日
4923,東京都世田谷区北沢五丁目４３番７号,-,セブンイレブン世田谷北沢店,有限会社エス・ケイ・エスワタナベ,3485-2177,2世保生食ほ第1693号,飲食店営業,平成4年11月20日,令和2年12月1日,令和8年11月30日
4924,東京都世田谷区代沢一丁目２番１号,-,早川町　おむすびころりん,Ｗｏｎｄｅｒ株式会社,03-5432-9079,6世保生食ほ第1274号,飲食店営業,令和7年1月10日,令和7年1月10日,令和13年1月31日
4925,東京都世田谷区代沢一丁目７番６号,-,ＩＮＮ　ｔｈｅ　ｐｅｏｐｌｅ,株式会社Ａ　ｔｈｅ　ｗｏｎｄｅｒ,-,4世保生食ほ第1182号,飲食店営業,令和4年11月10日,令和4年11月10日,令和10年11月30日
4926,東京都世田谷区代沢一丁目２３番８号,-,駒場学園高等学校,学校法人駒場学園,03-3413-5561,4世保生食ほ第1896号,飲食店営業,令和5年3月16日,令和5年3月16日,令和12年3月31日
4927,東京都世田谷区代沢一丁目２３番８号,-,駒場学園高等学校,学校法人駒場学園,03-3413-5561,4世保生食ほ第1897号,菓子製造業,令和5年3月16日,令和5年3月16日,令和12年3月31日
4928,東京都世田谷区代沢一丁目２６番３号,-,小料理あつこ,日本酒アカデミー株式会社,-,3世保生食ほ第1721号,飲食店営業,令和3年12月14日,令和3年12月14日,令和9年12月31日
4929,東京都世田谷区代沢二丁目６番９号,-,Ｐ?ｔｉｓｓｅｒｉｅ　Ｐｌａｉｓｉｒａｉｌｅ,合同会社サヴァアレ,-,7世保生食ほ第1373号,飲食店営業,令和7年12月22日,令和7年12月22日,令和14年12月31日
4930,東京都世田谷区代沢二丁目６番９号,-,Ｐ?ｔｉｓｓｅｒｉｅ　Ｐｌａｉｓｉｒａｉｌｅ,合同会社サヴァアレ,-,7世保生食ほ第1374号,菓子製造業,令和7年12月22日,令和7年12月22日,令和14年12月31日
4931,東京都世田谷区代沢二丁目７番９号,-,トネリコ,有限会社イーエフピー,03-6453-2579,4世保生食ほ第1844号,飲食店営業,令和5年4月1日,令和5年4月1日,令和11年3月31日
4932,東京都世田谷区代沢二丁目７番１３号,フォーライフ下北沢,ｏｔｔｏ,***,03-5432-9582,7世保生食ほ第549号,飲食店営業,令和7年8月1日,令和7年8月1日,令和13年7月31日
4933,東京都世田谷区代沢二丁目２８番９号,１Ｆ,玄蕎麦　路庵,***,03-3421-3033,7世保生食ほ第326号,飲食店営業,令和7年7月1日,令和7年7月1日,令和14年6月30日
4934,東京都世田谷区代沢二丁目２９番１号,ＭＡＲＴ下北沢Ⅱ２階,Ｂａｒ　ｃａｊｉｃａ,***,-,7世保生食ほ第358号,飲食店営業,令和7年7月1日,令和7年7月1日,令和13年6月30日
4935,東京都世田谷区代沢二丁目２９番２号,ＭＡＲＴ下北沢　１Ｆ,ダ・オッジ,株式会社ダ・オッジ,5779-8577,6世保生食ほ第388号,飲食店営業,令和6年6月14日,令和6年6月14日,令和12年6月30日
4936,東京都世田谷区代沢二丁目２９番４号,ＡＮビル１Ｆ,彰　ａｋｉｒａ,***,3795-1558,7世保生食ほ第325号,飲食店営業,令和7年7月1日,令和7年7月1日,令和14年6月30日
4937,東京都世田谷区代沢二丁目２９番９号,-,サウナ＆カプセルホテル　ミナミ,株式会社ミナミ,5481-3731,5世保生食ほ第1062号,飲食店営業,令和5年10月12日,令和5年10月12日,令和11年10月31日
4938,東京都世田谷区代沢二丁目２９番１１号,パークアクシス下北沢１階,カフェラボエム　下北沢,株式会社グローバルダイニング,-,7世保生食ほ第803号,飲食店営業,令和7年9月25日,令和7年9月25日,令和14年9月30日
4939,東京都世田谷区代沢二丁目２９番１４号,宮川ビル２Ｆ,ｃａｆｅ　Ｓｔａｙ　Ｈａｐｐｙ,***,3410-5959,4世保生食ほ第1341号,飲食店営業,令和5年1月1日,令和5年1月1日,令和10年12月31日
4940,東京都世田谷区代沢二丁目２９番１４号,１Ｆ　宮川ビル,えにし,***,03-5432-9669,7世保生食ほ第918号,飲食店営業,令和7年11月1日,令和7年11月1日,令和13年10月31日
4941,東京都世田谷区代沢二丁目２９番１４号,宮川ビル１０３,カレーハウスハタ,***,03-5432-9669,2世保生食ほ第1168号,飲食店営業,令和2年9月18日,令和2年9月18日,令和8年9月30日
4942,東京都世田谷区代沢二丁目３０番１４号,-,マジックスパイス　下北沢店,有限会社マジックスパイス,03-6413-8898,5世保生食ほ第1572号,飲食店営業,令和6年1月24日,令和6年1月24日,令和13年1月31日
4943,東京都世田谷区代沢二丁目３１番１７号,１Ｆ,ＮＵＭＢＥＲ　ＴＨＲＥＥ,***,-,7世保生食ほ第1977号,飲食店営業,令和8年4月1日,令和8年4月1日,令和14年3月31日
4944,東京都世田谷区代沢二丁目３３番２号,-,スイート・スタジオ,***,3419-1130,2世保生食ほ第2114号,菓子製造業,平成21年2月3日,令和3年3月1日,令和9年2月28日
4945,東京都世田谷区代沢二丁目３６番２１号,ＢＵＺＺＹ代沢１Ｆ,鮨なか尾,株式会社ミドレスト,03-3410-7778,7世保生食ほ第1193号,飲食店営業,令和8年1月1日,令和8年1月1日,令和13年12月31日
4946,東京都世田谷区代沢二丁目３６番２３号,２Ｆ,ＢＡＲ　ＦＡＢＲＥ,***,03-6805-3893,7世保生食ほ第1312号,飲食店営業,令和8年1月1日,令和8年1月1日,令和13年12月31日
4947,東京都世田谷区代沢二丁目３６番２３号,パルティール楠本１０４,ペキーノ．イ．アミーゴ,***,3414-1236,5世保生食ほ第1366号,飲食店営業,令和5年12月14日,令和5年12月14日,令和11年12月31日
4948,東京都世田谷区代沢二丁目３６番２４号,みのり荘　１Ｆ店舗,のみもの,株式会社マンモス,-,4世保生食ほ第577号,飲食店営業,令和4年7月13日,令和4年7月13日,令和11年7月31日
4949,東京都世田谷区代沢二丁目３６番２９号,-,レストラン　ボンジョリーナ,株式会社フードカスタマイズ,03-5787-8987,2世保生食ほ第1509号,飲食店営業,平成26年10月31日,令和2年11月1日,令和8年10月31日
4950,東京都世田谷区代沢二丁目３６番３０号,-,あさ家,***,-,2世保生食ほ第2211号,食肉販売業,令和3年1月29日,令和3年1月29日,令和8年5月31日
4951,東京都世田谷区代沢二丁目３６番３０号,-,あさ家,***,-,2世保生食ほ第2212号,魚介類販売業,令和3年1月29日,令和3年1月29日,令和8年5月31日
4952,東京都世田谷区代沢二丁目３６番３０号,-,あさ家,***,-,2世保生食ほ第388号,飲食店営業,令和2年5月22日,令和2年5月22日,令和8年5月31日
4953,東京都世田谷区代沢二丁目３７番１５号,三益ビル１階,とんかつ棟田,株式会社棟田フーズ,3424-8411,4世保生食ほ第1614号,飲食店営業,令和5年2月8日,令和5年2月8日,令和12年2月28日
4954,東京都世田谷区代沢二丁目４２番６号,-,ＳＡＢＲＯ,***,-,2世保生食ほ第1714号,飲食店営業,令和2年11月24日,令和2年11月24日,令和8年11月30日
4955,東京都世田谷区代沢二丁目４２番７号,-,ｅｔｅｃｏ　ｂｒｅａｄ　　,ｅｔｅｃｏ株式会社,03-6877-0433,2世保生食ほ第2165号,飲食店営業,令和3年1月27日,令和3年1月27日,令和10年1月31日
4956,東京都世田谷区代沢二丁目４２番７号,-,ｅｔｅｃｏ　ｂｒｅａｄ　　,ｅｔｅｃｏ株式会社,03-6877-0433,2世保生食ほ第2166号,菓子製造業,令和3年1月27日,令和3年1月27日,令和10年1月31日
4957,東京都世田谷区代沢二丁目４２番７号,-,ｅｔｅｃｏ　ｂｒｅａｄ　　,ｅｔｅｃｏ株式会社,03-6877-0433,6世保生食ほ第475号,飲食店営業,令和6年7月3日,令和6年7月3日,令和13年7月31日
4958,東京都世田谷区代沢二丁目４２番７号,-,ｅｔｅｃｏ　ｂｒｅａｄ　　,ｅｔｅｃｏ株式会社,03-6877-0433,6世保生食ほ第476号,菓子製造業,令和6年7月3日,令和6年7月3日,令和13年7月31日
4959,東京都世田谷区代沢二丁目４２番８号,-,ＤＡＳ　ＣＵＲＲＹ　ＫＩＭＵＲＡ　ＲＥＳＴＡＵＲＡＮＴ,***,03-3411-1009,5世保生食ほ第192号,飲食店営業,令和5年5月16日,令和5年5月16日,令和11年5月31日
4960,東京都世田谷区代沢二丁目４２番１０号,ＵＣＭ　ＳＨＩＭＯＫＩＴＡＺＡＷＡ　１Ｆ　ａｒｖｏ　ｃｏｆｆｅｅ,ａｒｖｏ　ｃｏｆｆｅｅ,株式会社ａｒｖｏ,03-6673-4885,7世保生食ほ第1026号,飲食店営業,令和7年10月29日,令和7年10月29日,令和14年10月31日
4961,東京都世田谷区代沢二丁目４２番１１号,-,三友軒,***,3419-6766,2世保生食ほ第2353号,飲食店営業,平成26年4月1日,令和3年4月1日,令和10年3月31日
4962,東京都世田谷区代沢二丁目４２番１５号,-,世田谷区立池之上小学校内給食室,株式会社レパスト,-,6世保生食ほ第759号,飲食店営業,令和6年8月27日,令和6年8月27日,令和13年8月31日
4963,東京都世田谷区代沢二丁目４３番８号,-,スリーコンカフェ　池ノ上店,***,5430-9640,2世保生食ほ第879号,飲食店営業,平成14年9月30日,令和2年10月1日,令和8年9月30日
4964,東京都世田谷区代沢二丁目４４番１５号,暫ビル２０１,酒処　五郎,***,-,2世保生食ほ第2857号,飲食店営業,平成21年4月7日,令和3年5月1日,令和9年4月30日
4965,東京都世田谷区代沢二丁目４４番１５号,暫ビル１Ｆ,鎌倉ハム　池ノ上駅前店,***,3424-3986,3世保生食ほ第920号,飲食店営業,令和3年8月1日,令和3年8月1日,令和9年7月31日
4966,東京都世田谷区代沢二丁目４５番９号,飛田ビル１Ｆ,台湾料理　光春,株式会社光春,3465-0749,5世保生食ほ第478号,飲食店営業,令和5年6月30日,令和5年6月30日,令和12年6月30日
4967,東京都世田谷区代沢二丁目４５番９号,-,ｌａ　ｔｏｉｌｅ,***,03-5453-3707,2世保生食ほ第139号,飲食店営業,平成26年7月23日,令和2年8月1日,令和8年7月31日
4968,東京都世田谷区代沢二丁目４５番９号,飛田ビルＡ－１,菜,***,03-5738-8775,7世保生食ほ第1914号,飲食店営業,令和8年3月25日,令和8年3月25日,令和15年3月31日
4969,東京都世田谷区代沢二丁目４６番７号,-,ペペロッソ,三田ばさら株式会社,03-6407-8998,5世保生食ほ第350号,飲食店営業,令和5年6月9日,令和5年6月9日,令和12年6月30日
4970,東京都世田谷区代沢三丁目１番１５号,-,農楽ねこ食堂,株式会社農楽ねこ食堂,6453-2420,2世保生食ほ第751号,飲食店営業,令和2年8月4日,令和2年8月4日,令和8年8月31日
4971,東京都世田谷区代沢三丁目１番１５号,マンション竜宮　１階,Ｂｉｓｔｒｏ　Ａｏｉ,株式会社ブレイブ,03-5787-8723,4世保生食ほ第1383号,飲食店営業,令和4年12月19日,令和4年12月19日,令和11年12月31日
4972,東京都世田谷区代沢三丁目４番８号,ＲＡＩＲＯＡ　１Ｆ,ブーランジュリー　ラニス,***,03-6450-8868,31世保生食ほ第1957号,飲食店営業,令和元年12月24日,令和元年12月24日,令和8年12月31日
4973,東京都世田谷区代沢三丁目４番８号,ＲＡＩＲＯＡ　１Ｆ,ブーランジュリー　ラニス,***,03-6450-8868,31世保生食ほ第1958号,菓子製造業,令和元年12月24日,令和元年12月24日,令和8年12月31日
4974,東京都世田谷区代沢三丁目７番１４号,-,打心蕎庵,株式会社松ケ根,03-5431-0141,2世保生食ほ第1652号,飲食店営業,平成18年11月14日,令和2年12月1日,令和9年11月30日
4975,東京都世田谷区代沢三丁目７番１４号,-,打心蕎庵,株式会社松ケ根,03-5431-0141,2世保生食ほ第1653号,魚介類販売業,平成18年11月14日,令和2年12月1日,令和9年11月30日
4976,東京都世田谷区代沢三丁目１２番２０号,-,パンとごはん,***,6450-9818,6世保生食ほ第544号,飲食店営業,令和6年7月18日,令和6年7月18日,令和12年7月31日
4977,東京都世田谷区代沢三丁目１２番２１号,-,セブンイレブン世田谷代沢３丁目店,***,03-3419-2618,3世保生食ほ第552号,飲食店営業,令和3年6月15日,令和3年6月15日,令和10年6月30日
4978,東京都世田谷区代沢三丁目１２番２６号,-,韓てら,有限会社万寿,03-3421-1788,2世保生食ほ第188号,食肉販売業,令和2年4月24日,令和2年4月24日,令和9年4月30日
4979,東京都世田谷区代沢三丁目１２番２６号,-,韓てら,有限会社万寿,03-3421-1788,2世保生食ほ第2180号,飲食店営業,平成19年1月30日,令和3年2月1日,令和9年4月30日
4980,東京都世田谷区代沢三丁目１２番２６号,-,韓てら,有限会社万寿,03-3421-1788,2世保生食ほ第2227号,そうざい製造業,令和3年1月29日,令和3年1月29日,令和9年4月30日
4981,東京都世田谷区代沢三丁目１４番２号,-,とんかつつるや,***,3419-7422,2世保生食ほ第1761号,飲食店営業,昭和50年12月17日,令和3年1月1日,令和8年12月31日
4982,東京都世田谷区代沢三丁目１４番３号,-,パティスリー　アグレアブル,***,3424-4115,5世保生食ほ第37号,菓子製造業,令和5年4月28日,令和5年4月28日,令和12年4月30日
4983,東京都世田谷区代沢三丁目１４番４号,ＣＯＭＳＤＡＩＺＡＷＡ２階,鳥山居,***,03-3419-5755,6世保生食ほ第152号,飲食店営業,令和6年5月14日,令和6年5月14日,令和12年5月31日
4984,東京都世田谷区代沢三丁目１４番４号,ＣＯＭＳ　ＤＡＩＺＡＷＡ　１－Ｅ,風花雪月　代沢　金威,株式会社ＫＡＭＵＩ,03-6450-9540,3世保生食ほ第85号,飲食店営業,令和3年4月30日,令和3年4月30日,令和10年4月30日
4985,東京都世田谷区代沢三丁目１４番４号,ＣＯＭＳ　ＤＡＩＺＡＷＡ　１－Ｅ,風花雪月　代沢　金威,株式会社ＫＡＭＵＩ,03-6450-9540,7世保生食ほ第1456号,そうざい製造業,令和8年1月6日,令和8年1月6日,令和15年1月31日
4986,東京都世田谷区代沢三丁目１４番４号,ＣＯＭＳ　ＤＡＩＺＡＷＡ　３Ｗ,ｂ＆ｃｏ,株式会社ｆｉｆＴＹ,03-5787-8069,4世保生食ほ第495号,飲食店営業,令和4年6月23日,令和4年6月23日,令和10年6月30日
4987,東京都世田谷区代沢四丁目２番１号,１Ｆ,ＲＥＢＩＲＴＨＤＡＹ,***,03-3414-7614,2世保生食ほ第501号,飲食店営業,令和2年6月26日,令和2年6月26日,令和9年6月30日
4988,東京都世田谷区代沢四丁目４番３号,-,ＳＨＥＲＰＡ,フラグマン株式会社,-,2世保生食ほ第2722号,飲食店営業,令和3年3月17日,令和3年3月17日,令和9年3月31日
4989,東京都世田谷区代沢四丁目４番３号,-,ＴＩＭＥ，ＴＩＭＥ，ＴＩＭＥ．,株式会社ＦＩＬＬ　ＬＩＧＨＴ,-,5世保生食ほ第117号,飲食店営業,令和5年4月21日,令和5年4月21日,令和11年4月30日
4990,東京都世田谷区代沢四丁目５番４号,-,十勝うまいもんバル　ＴＯＮＯＴＯ,***,03-6805-4135,5世保生食ほ第1182号,飲食店営業,令和5年10月27日,令和5年10月27日,令和11年10月31日
4991,東京都世田谷区代沢四丁目７番２号,萩原ビル１階,ＲＩＶＩＥＲＡ,***,03-5787-8667,7世保生食ほ第450号,飲食店営業,令和7年7月11日,令和7年7月11日,令和14年7月31日
4992,東京都世田谷区代沢四丁目１５番２号,-,シモキタシマイ,***,3487-3422,2世保生食ほ第604号,飲食店営業,令和2年7月15日,令和2年7月15日,令和8年7月31日
4993,東京都世田谷区代沢四丁目１５番２号,-,シモキタシマイ,***,3487-3422,2世保生食ほ第605号,菓子製造業,令和2年7月15日,令和2年7月15日,令和8年7月31日
4994,東京都世田谷区代沢四丁目１５番２号,-,シモキタシマイ,株式会社２ｒｉｃｈ,-,3世保生食ほ第871号,飲食店営業,令和3年7月28日,令和3年7月28日,令和9年7月31日
4995,東京都世田谷区代沢四丁目１５番２号,-,シモキタシマイ,株式会社２ｒｉｃｈ,-,3世保生食ほ第872号,菓子製造業,令和3年7月28日,令和3年7月28日,令和9年7月31日
4996,東京都世田谷区代沢四丁目１６番６号,-,４５°（４５度）,***,3412-6755,2世保生食ほ第893号,飲食店営業,昭和53年9月12日,令和2年10月1日,令和8年9月30日
4997,東京都世田谷区代沢四丁目１７番２号,-,オハナカフェ,北沢興業有限会社,03-6805-4103,3世保生食ほ第345号,飲食店営業,平成26年5月16日,令和3年6月1日,令和10年5月31日
4998,東京都世田谷区代沢四丁目１７番２号,-,オハナカフェ,北沢興業有限会社,03-6805-4103,3世保生食ほ第346号,菓子製造業,平成26年5月15日,令和3年6月1日,令和10年5月31日
4999,東京都世田谷区代沢四丁目１７番１８号,-,ＮＡＢＡ,***,03-3414-7859,2世保生食ほ第1198号,飲食店営業,令和2年10月1日,令和2年10月1日,令和9年9月30日
5000,東京都世田谷区代沢四丁目２６番９号,代沢テラス１Ｆ,Ｄａｉｚａｗａ　Ｔｅｒｒａｃｃｅ,株式会社Ｓｔｉｌｌ,-,6世保生食ほ第1036号,飲食店営業,令和6年11月22日,令和6年11月22日,令和12年11月30日
5001,東京都世田谷区代沢四丁目２７番９号,-,ガネーシャガル代沢,ガンガサガル株式会社,03-3413-5552,4世保生食ほ第1700号,飲食店営業,令和5年2月13日,令和5年2月13日,令和11年2月28日
5002,東京都世田谷区代沢四丁目２８番９号,ハビティション淀川１Ｆ,さくら,***,3795-0058,6世保生食ほ第121号,飲食店営業,令和6年6月1日,令和6年6月1日,令和12年5月31日
5003,東京都世田谷区代沢四丁目２８番９号,ハビテイション淀川１Ｆ,ｔｅｎｔ,***,03-3410-1707,7世保生食ほ第1439号,飲食店営業,令和8年2月1日,令和8年2月1日,令和14年1月31日
5004,東京都世田谷区代沢四丁目２９番１０号,ＤＲホームズ　１Ｆ,ＭＡＮＧＯＳＴＥＥＮ,***,5779-0737,6世保生食ほ第553号,飲食店営業,令和6年8月1日,令和6年8月1日,令和12年7月31日
5005,東京都世田谷区代沢四丁目２９番１０号,ＤＲホームズ　１Ｆ,ＭＡＮＧＯＳＴＥＥＮ,***,5779-0737,6世保生食ほ第554号,菓子製造業,令和6年8月1日,令和6年8月1日,令和12年7月31日
5006,東京都世田谷区代沢四丁目２９番１０号,ＤＲホームズ下北沢１階,ＢＥＮＴＯ　ＳＥＴＡＧＡＹＡ,株式会社キュー,03-6413-9566,2世保生食ほ第1384号,飲食店営業,令和2年10月20日,令和2年10月20日,令和9年10月31日
5007,東京都世田谷区代沢四丁目２９番１０号,ＤＲホームズ下北沢１階,ＢＥＮＴＯ　ＳＥＴＡＧＡＹＡ,株式会社キュー,03-6413-9566,2世保生食ほ第2721号,そうざい製造業,令和3年3月19日,令和3年3月19日,令和9年10月31日
5008,東京都世田谷区代沢四丁目２９番１０号,-,ＳＵＮＮＹＢＡＳＥ,***,-,7世保生食ほ第564号,飲食店営業,令和7年9月18日,令和7年9月18日,令和14年9月30日
5009,東京都世田谷区代沢四丁目３０番１１号,グロージェン代沢　１Ｆ,ピザハット　下北沢店,日本ピザハット株式会社,03-5481-4000,3世保生食ほ第66号,飲食店営業,平成4年4月13日,令和3年5月1日,令和9年4月30日
5010,東京都世田谷区代沢四丁目３０番１１号,グロージェン代沢　１Ｆ,ピザハット　下北沢店,日本ピザハット株式会社,03-5481-4000,3世保生食ほ第67号,菓子製造業,平成17年8月22日,令和3年5月1日,令和9年4月30日
5011,東京都世田谷区代沢四丁目３１番１５号,ＤＯＲＰ　１Ｃ,ＹＵＭＥ　ＮＯ　ＯＫＡＳＨＩ,株式会社Ｄ＆Ｙ,-,6世保生食ほ第876号,菓子製造業,令和6年9月11日,令和6年9月11日,令和12年9月30日
5012,東京都世田谷区代沢四丁目３４番１０号,ＹＫビル　１Ｆ,ＤＡＮ,***,-,5世保生食ほ第959号,飲食店営業,令和5年10月10日,令和5年10月10日,令和12年10月31日
5013,東京都世田谷区代沢四丁目３４番１２号,-,スナックＭｙ,***,03-3412-4993,2世保生食ほ第2199号,飲食店営業,昭和54年2月22日,令和3年3月1日,令和9年2月28日
5014,東京都世田谷区代沢四丁目３４番１３号,-,淡島宝屋,有限会社淡島宝屋,3414-3729,7世保生食ほ第436号,飲食店営業,令和7年8月1日,令和7年8月1日,令和14年7月31日
5015,東京都世田谷区代沢四丁目３４番１３号,-,淡島宝屋,有限会社淡島宝屋,3414-3729,7世保生食ほ第437号,食肉販売業,令和7年8月1日,令和7年8月1日,令和14年7月31日
5016,東京都世田谷区代沢四丁目３４番１６号,キャトル代沢１階,トラットリア　アメノ,***,5787-8803,6世保生食ほ第732号,飲食店営業,令和6年10月1日,令和6年10月1日,令和13年9月30日
5017,東京都世田谷区代沢四丁目３８番３号,-,四季音,有限会社四季音,-,4世保生食ほ第589号,飲食店営業,令和4年8月2日,令和4年8月2日,令和11年8月31日
5018,東京都世田谷区代沢四丁目３８番４号,-,ＹＯＵＲ　ＤＡＩＬＹ　ＣＯＦＦＥＥ,株式会社社ＹＯＵＲ　ＤＡＩＬＹ　ＣＯＦＦＥＥ,-,4世保生食ほ第1329号,飲食店営業,令和4年11月30日,令和4年11月30日,令和10年11月30日
5019,東京都世田谷区代沢四丁目３９番４号,１Ｆ,ＳｈａｒｅＳｐａｃｅ　コトノバ,有限会社ミューズワークス,-,6世保生食ほ第1007号,飲食店営業,令和6年10月22日,令和6年10月22日,令和12年10月31日
5020,東京都世田谷区代沢四丁目３９番７号,-,Ｖｉｎ　Ｓａｎｔｅ,株式会社ｓａｎｔｅ,3419-2520,4世保生食ほ第1758号,飲食店営業,令和5年3月2日,令和5年3月2日,令和12年3月31日
5021,東京都世田谷区代沢四丁目４１番７号,綱野ビル１０１,ワインカフェ　タンブラン,***,5430-1266,31世保生食ほ第1041号,飲食店営業,平成17年9月1日,令和元年10月1日,令和8年9月30日
5022,東京都世田谷区代沢四丁目４１番８号,竹ビルⅠ　１Ｆ,ＢＡＲ　ＬＡＳＴ　ＣＨＡＮＣＥ,株式会社ブラン・エ・ノワール,03-3795-5292,4世保生食ほ第833号,飲食店営業,令和4年8月30日,令和4年8月30日,令和10年8月31日
5023,東京都世田谷区代沢四丁目４２番８号,-,七つ海堂,***,3795-7726,5世保生食ほ第1564号,飲食店営業,令和6年3月1日,令和6年3月1日,令和13年2月28日
5024,東京都世田谷区代沢四丁目４４番１号,十字荘,ＴＨＥ　ＴＡＫＥ　ＴＯＫＹＯ,株式会社Ｄ＆Ｙ,03-6805-2604,6世保生食ほ第1753号,飲食店営業,令和7年4月24日,令和7年4月24日,令和14年4月30日
5025,東京都世田谷区代沢四丁目４４番４号,-,やおやネッスー／ネッスーこども食堂,ネッスー株式会社,03-6453-2777,5世保生食ほ第1611号,飲食店営業,令和6年2月2日,令和6年2月2日,令和12年2月28日
5026,東京都世田谷区代沢四丁目４４番４号,-,やおやネッスー／ネッスーこども食堂,ネッスー株式会社,03-6453-2777,5世保生食ほ第1612号,そうざい製造業,令和6年2月2日,令和6年2月2日,令和12年2月28日
5027,東京都世田谷区代沢五丁目１番１０号,-,世田谷区立代沢小学校,株式会社藤江,3413-4551,3世保生食ほ第383号,飲食店営業,令和3年5月17日,令和3年5月17日,令和10年5月31日
5028,東京都世田谷区代沢五丁目６番１４号,-,アルゴンキンズバー,***,3412-6942,4世保生食ほ第580号,飲食店営業,令和4年7月22日,令和4年7月22日,令和10年7月31日
5029,東京都世田谷区代沢五丁目６番１４号,前田ビル地下１階Ｂ－Ｂ,ボデギータ,有限会社ボデギータ,03-5432-9785,5世保生食ほ第1266号,飲食店営業,令和5年11月24日,令和5年11月24日,令和11年11月30日
5030,東京都世田谷区代沢五丁目６番１４号,前田ビル２Ｆ,ＢＩＧ　ＭＯＵＴＨ,***,-,2世保生食ほ第2745号,飲食店営業,平成12年3月9日,令和3年4月1日,令和10年3月31日
5031,東京都世田谷区代沢五丁目６番１４号,岩本荘２０２,及川洋菓子店,***,-,7世保生食ほ第1558号,菓子製造業,令和8年3月1日,令和8年3月1日,令和14年2月29日
5032,東京都世田谷区代沢五丁目６番１４号,前田ビル１Ｆ,ｔｅｎｔ,合同会社ＣＡＭＰ,-,5世保生食ほ第553号,飲食店営業,令和5年8月18日,令和5年8月18日,令和11年8月31日
5033,東京都世田谷区代沢五丁目６番１５号,-,鉄板焼　さわ,***,3418-9700,2世保生食ほ第1870号,飲食店営業,平成27年1月23日,令和3年2月1日,令和9年1月31日
5034,東京都世田谷区代沢五丁目７番１０号,-,バーミヤン　下北沢南店,株式会社すかいらーくレストランツ,03-5779-6040,2世保生食ほ第1725号,飲食店営業,平成17年12月2日,令和3年1月1日,令和9年12月31日
5035,東京都世田谷区代沢五丁目８番１０号,Ｆａｃｔｏｒｙ－Ｅ,ＫＵＲＯＦＵＮＥ　ＢＵＲＧＥＲ,***,-,2世保生食ほ第2203号,飲食店営業,令和3年2月15日,令和3年2月15日,令和10年2月29日
5036,東京都世田谷区代沢五丁目８番１０号,Ｆａｃｔｏｒｙ－Ｅ,ＫＵＲＯＦＵＮＥ　ＢＵＲＧＥＲ,***,-,3世保生食ほ第257号,菓子製造業,令和3年5月31日,令和3年5月31日,令和10年5月31日
5037,東京都世田谷区代沢五丁目８番１０号,ＤＥＬＩＣＩＯＵＳ　ＦＡＣＴＯＲＹ内　Ａ区画,Ｄｅｌｉ　ｔａｋｅ　茶沢通り店,有限会社魚竹,-,2世保生食ほ第2222号,飲食店営業,令和3年2月9日,令和3年2月9日,令和10年2月29日
5038,東京都世田谷区代沢五丁目８番１０号,１階Ｂ区画,Ｓｏｕｐ　Ｃｕｒｒｙ１０５,合同会社ＣＡＮＮＡ,-,2世保生食ほ第2328号,飲食店営業,令和3年2月18日,令和3年2月18日,令和10年2月29日
5039,東京都世田谷区代沢五丁目８番１０号,クアルツ代沢１Ｆ,ＤＥＬＩＣＩＯＵＳ　ＦＡＣＴＯＲＹ　Ｆ区画,株式会社ＤＡＮＸ,-,2世保生食ほ第2344号,飲食店営業,令和3年2月18日,令和3年2月18日,令和10年2月29日
5040,東京都世田谷区代沢五丁目８番１０号,クアルツ代沢１Ｆ　Ｃ区画,ＤＥＬＩＣＩＯＵＳ　ＦＡＣＴＯＲＹ　下北沢,株式会社フードテラス,03-5787-5915,3世保生食ほ第418号,飲食店営業,令和3年5月31日,令和3年5月31日,令和10年5月31日
5041,東京都世田谷区代沢五丁目８番１０号,区画６,ミリオンプレイス・下北沢,株式会社ミリオンプレート,-,3世保生食ほ第767号,飲食店営業,令和3年7月5日,令和3年7月5日,令和10年7月31日
5042,東京都世田谷区代沢五丁目８番１０号,Ｂ区画,Ｍｒ．ハリウッド／カレーハウス　スパイスと米／和どんぶり　なつめ食堂／肉汁ハンバーグ専門店　バーグオンザライス,ｚｉｘｙｇｕｌ合同会社,-,3世保生食ほ第1797号,飲食店営業,令和3年12月17日,令和3年12月17日,令和10年12月31日
5043,東京都世田谷区代沢五丁目８番１０号,Ｂ区画,Ｍｒ．ハリウッド／カレーハウス　スパイスと米／和どんぶり　なつめ食堂／肉汁ハンバーグ専門店　バーグオンザライス,ｚｉｘｙｇｕｌ合同会社,-,3世保生食ほ第2133号,そうざい製造業,令和4年3月2日,令和4年3月2日,令和11年3月31日
5044,東京都世田谷区代沢五丁目８番１０号,-,ラザニ屋,ヒューリング株式会社,03-5787-5915,4世保生食ほ第613号,飲食店営業,令和4年7月13日,令和4年7月13日,令和11年7月31日
5045,東京都世田谷区代沢五丁目８番１０号,ＤＥＬＩＣＩＯＵＳ　ＦＡＣＴＯＲＹ内　Ｅ区画,Ｌａｚｙ　Ｂｕｄｄｈａ,***,03-5787-5915,4世保生食ほ第745号,飲食店営業,令和4年8月9日,令和4年8月9日,令和11年8月31日
5046,東京都世田谷区代沢五丁目８番１０号,ＤＥＬＩＣＩＯＵＳ　ＦＡＣＴＯＲＹ内　Ｅ区画,Ｌａｚｙ　Ｂｕｄｄｈａ,***,03-5787-5915,4世保生食ほ第746号,そうざい製造業,令和4年8月9日,令和4年8月9日,令和11年8月31日
5047,東京都世田谷区代沢五丁目８番１０号,クアルツ代沢１ＦーＢ,デリシャスファクトリー下北沢　極みからあげ匠,Ｃｏｎｎｅｃｔ株式会社,03-5537-6806,4世保生食ほ第864号,飲食店営業,令和4年8月30日,令和4年8月30日,令和11年8月31日
5048,東京都世田谷区代沢五丁目８番１０号,ＤＥＬＩＣＩＯＵＳ　ＦＡＣＴＯＲＹ内　Ａ区画,Ｄｅｌｉｔａｋｅ　下北沢店,株式会社フードテラス,5787-5915,4世保生食ほ第1976号,飲食店営業,令和5年3月28日,令和5年3月28日,令和12年3月31日
5049,東京都世田谷区代沢五丁目８番１０号,ＤＥＬＩＣＩＯＵＳ　ＦＡＣＴＯＲＹ　下北沢　１Ｆ　Ｄ区画,シンジョントッポキ,シンジョントッポキ合同会社,-,5世保生食ほ第443号,飲食店営業,令和5年6月28日,令和5年6月28日,令和12年6月30日
5050,東京都世田谷区代沢五丁目８番１０号,Ｄｅｌｉｃｉｏｕｓ　Ｆａｃｔｏｒｙ　Ｂ区画,和食　悊,***,-,5世保生食ほ第1965号,飲食店営業,令和6年4月5日,令和6年4月5日,令和13年4月30日
5051,東京都世田谷区代沢五丁目８番１０号,クアルツ代沢Ｎｏ３．Ｃ,富士林檎,株式会社　Ｃａｓｃａｄｅ　ＳＩＸ,-,6世保生食ほ第49号,飲食店営業,令和6年4月11日,令和6年4月11日,令和13年4月30日
5052,東京都世田谷区代沢五丁目８番１０号,クアルツ代沢Ｎｏ３．Ｃ,富士林檎,株式会社　Ｃａｓｃａｄｅ　ＳＩＸ,-,6世保生食ほ第50号,菓子製造業,令和6年4月11日,令和6年4月11日,令和13年4月30日
5053,東京都世田谷区代沢五丁目８番１０号,クアルツ代沢１階　Ａ区画　Ｄ区画,ＤＥＬＩＣＩＯＵＳ　ＦＡＣＴＯＲＹ　下北沢,株式会社ＪＫＲ,-,6世保生食ほ第1339号,飲食店営業,令和6年12月9日,令和6年12月9日,令和13年12月31日
5054,東京都世田谷区代沢五丁目８番１０号,クアルツ代沢区画５,ヘルシイズキッチン,株式会社ヘルシイズ,-,7世保生食ほ第1793号,飲食店営業,令和8年3月12日,令和8年3月12日,令和15年3月31日
5055,東京都世田谷区代沢五丁目８番１１号,ニューハイム福島１０１号,ウィスキーキャット,***,5430-6278,6世保生食ほ第985号,飲食店営業,令和6年11月1日,令和6年11月1日,令和12年10月31日
5056,東京都世田谷区代沢五丁目８番１１号,ニューハイム福島１Ｆ,酒肴みうら　及び　三浦鮮魚店,株式会社櫻豊企画,6805-2177,7世保生食ほ第1867号,飲食店営業,令和8年4月1日,令和8年4月1日,令和15年3月31日
5057,東京都世田谷区代沢五丁目８番１１号,ニューハイム福島１Ｆ,酒肴みうら　及び　三浦鮮魚店,株式会社櫻豊企画,6805-2177,7世保生食ほ第1868号,魚介類販売業,令和8年4月1日,令和8年4月1日,令和15年3月31日
5058,東京都世田谷区代沢五丁目８番１２号,-,ＢＯＲＤＥＲＳ,***,6805-3982,7世保生食ほ第1806号,飲食店営業,令和8年4月1日,令和8年4月1日,令和14年3月31日
5059,東京都世田谷区代沢五丁目８番１３号,１Ｆ,スターバックスコーヒー代沢５丁目店,スターバックスコーヒージャパン株式会社,03-5431-5250,7世保生食ほ第1120号,飲食店営業,令和7年12月1日,令和7年12月1日,令和13年11月30日
5060,東京都世田谷区代沢五丁目８番１６号,-,ＣＯＦＦＥＡ　ＥＸＬＩＢＲＩＳ,株式会社ＣＯＦＦＥＡ　ＥＸＬＩＢＲＩＳ,-,3世保生食ほ第1357号,飲食店営業,令和3年10月20日,令和3年10月20日,令和9年10月31日
5061,東京都世田谷区代沢五丁目８番１８号,ＡＰＴ．Ｄ　１Ｆ,ｐａｔｉｓｓｅｒｉｅ　ＫＯＺＵ,株式会社東京理財事務所,6796-2455,2世保生食ほ第1349号,飲食店営業,平成25年10月24日,令和2年11月1日,令和9年10月31日
5062,東京都世田谷区代沢五丁目８番１８号,ＡＰＴ．Ｄ　１Ｆ,ｐａｔｉｓｓｅｒｉｅ　ＫＯＺＵ,株式会社東京理財事務所,6796-2455,2世保生食ほ第1350号,菓子製造業,平成25年10月24日,令和2年11月1日,令和9年10月31日
5063,東京都世田谷区代沢五丁目８番１８号,ＡＰＴ．Ｄ　１Ｆ,ｐａｔｉｓｓｅｒｉｅ　ＫＯＺＵ,株式会社東京理財事務所,6796-2455,2世保生食ほ第1351号,アイスクリーム類製造業,平成25年10月24日,令和2年11月1日,令和9年10月31日
5064,東京都世田谷区代沢五丁目９番１‐１０１号,-,ジュウゴノニク／令和の牛合同会社,令和の牛合同会社,-,6世保生食ほ第1201号,飲食店営業,令和6年11月25日,令和6年11月25日,令和13年11月30日
5065,東京都世田谷区代沢五丁目９番１‐１０１号,-,ジュウゴノニク／令和の牛合同会社,令和の牛合同会社,-,6世保生食ほ第1202号,食肉販売業,令和6年11月25日,令和6年11月25日,令和13年11月30日
5066,東京都世田谷区代沢五丁目９番１２号,-,有限会社坂忠商店,有限会社坂忠商店,03-3414-7024,5世保生食ほ第1008号,魚介類販売業,令和5年10月5日,令和5年10月5日,令和11年10月31日
5067,東京都世田谷区代沢五丁目１７番６号,ハナブビルＢ１,鮨福元,有限会社福元,03-3481-9537,7世保生食ほ第1862号,飲食店営業,令和8年4月1日,令和8年4月1日,令和15年3月31日
5068,東京都世田谷区代沢五丁目１８番１号,カラバッシュビル　Ｂ１,ＢＡＳＥＭＥＮＴ　ＢＡＲ,有限会社トゥーズ,5481-6366,7世保生食ほ第1104号,飲食店営業,令和7年11月1日,令和7年11月1日,令和13年10月31日
5069,東京都世田谷区代沢五丁目１８番１号,-,ｓｈｉｍｏｋｉｔａｚａｗａ　ＴＨＲＥＥ,有限会社トゥーズ,03-5486-8804,7世保生食ほ第994号,飲食店営業,令和7年11月1日,令和7年11月1日,令和13年10月31日
5070,東京都世田谷区代沢五丁目１９番１３号,-,ＣＯＡＳＴＥＲ,ＣＯＡＳＴＥＲ株式会社,5787-6397,7世保生食ほ第1547号,飲食店営業,令和8年2月1日,令和8年2月1日,令和15年1月31日
5071,東京都世田谷区代沢五丁目１９番１３号,-,ＹＥＴＩ　ＣＯＦＦＥＥ,ＹＥＴＩ　ＣＯＦＦＥＥ合同会社,5787-6397,31世保生食ほ第1090号,飲食店営業,令和元年9月4日,令和元年9月4日,令和8年9月30日
5072,東京都世田谷区代沢五丁目２８番１号,-,ｍｏｉ！,株式会社ＭＯＩＳＴＵＲＥ,-,4世保生食ほ第1214号,飲食店営業,令和4年10月27日,令和4年10月27日,令和10年10月31日
5073,東京都世田谷区代沢五丁目２８番１４号,-,ＴＨＥ　ＰＩＺＺＡ　ＳＨＩＭＯＫＩＴＡＺＡＷＡ　,ビーポップダイニング株式会社,03-5787-5200,3世保生食ほ第37号,飲食店営業,令和3年4月30日,令和3年4月30日,令和10年4月30日
5074,東京都世田谷区代沢五丁目２８番１６号,１Ｆ,つきまさ　下北沢店,***,3410-5943,5世保生食ほ第777号,飲食店営業,令和5年9月12日,令和5年9月12日,令和11年9月30日
5075,東京都世田谷区代沢五丁目２８番１７号,ｚｅｅｂｏｐ下北沢１０２,フツウニフルウツ,株式会社パンとエスプレッソと東京,-,3世保生食ほ第1053号,飲食店営業,令和3年8月30日,令和3年8月30日,令和10年8月31日
5076,東京都世田谷区代沢五丁目２８番１７号,ｚｅｅｂｏｐ下北沢１０２,フツウニフルウツ,株式会社パンとエスプレッソと東京,-,3世保生食ほ第1054号,菓子製造業,令和3年8月30日,令和3年8月30日,令和10年8月31日
5077,東京都世田谷区代沢五丁目２８番１７号,Ｚｅｅｂｏｐ下北沢１０２,ｋａｋｙｏ,***,-,7世保生食ほ第530号,飲食店営業,令和7年8月13日,令和7年8月13日,令和14年8月31日
5078,東京都世田谷区代沢五丁目２８番１７号,Ｚｅｅｂｏｐ下北沢１０２,ｋａｋｙｏ,***,-,7世保生食ほ第531号,菓子製造業,令和7年8月13日,令和7年8月13日,令和14年8月31日
5079,東京都世田谷区代沢五丁目２９番９号,ナイスビル２階,ステージ・カフェ「下北沢亭」,有限会社ラグタイム,-,7世保生食ほ第297号,飲食店営業,令和7年7月1日,令和7年7月1日,令和13年6月30日
5080,東京都世田谷区代沢五丁目２９番９号,ナイスビル１Ｆ,旧ヤム邸　シモキタ荘,株式会社ｍｅ,03-6450-8986,4世保生食ほ第1529号,飲食店営業,令和5年1月11日,令和5年1月11日,令和12年1月31日
5081,東京都世田谷区代沢五丁目２９番１４号,-,ファミリーマート　代沢五丁目店,***,5431-3618,7世保生食ほ第607号,飲食店営業,令和7年9月1日,令和7年9月1日,令和14年8月31日
5082,東京都世田谷区代沢五丁目２９番１４号,アーバン・キャッスルＫ・Ａ　地下１階,飲み食い処　とんかつ甲斐路,株式会社ケー・エー,5430-0115,7世保生食ほ第1001号,飲食店営業,令和7年12月1日,令和7年12月1日,令和14年11月30日
5083,東京都世田谷区代沢五丁目２９番１５号,-,４４０（ｆｏｕｒ　ｆｏｒｔｙ）,ＣＯＴＯＣ株式会社,03-3422-9440,31世保生食ほ第920号,飲食店営業,令和元年8月8日,令和元年8月8日,令和8年8月31日
5084,東京都世田谷区代沢五丁目２９番１５号,ＳＹビルＢ１Ｆ,ＣＬＵＢ２５１,ＣＯＴＯＣ株式会社,03-5481-4141,7世保生食ほ第808号,飲食店営業,令和7年10月1日,令和7年10月1日,令和13年9月30日
5085,東京都世田谷区代沢五丁目２９番１５号,ＳＹビル２Ｆ,ＣＯＵＮＴＥＲ　ＣＬＵＢ,有限会社トゥー・ファイブ・ワン,03-5432-9550,7世保生食ほ第949号,飲食店営業,令和7年11月1日,令和7年11月1日,令和13年10月31日
5086,東京都世田谷区代沢五丁目２９番１６号,サトウビル１Ｆ,サザンウィンドウ,有限会社レストランシステムズ,3412-8200,31世保生食ほ第745号,飲食店営業,平成17年7月6日,令和元年8月1日,令和8年7月31日
5087,東京都世田谷区代沢五丁目２９番１６号,-,都夏　都夏の焼トリ丼／ごまやの極上甘だれかつ丼,株式会社ジャックポットプランニング,3410-8237,2世保生食ほ第296号,そうざい製造業,令和2年5月14日,令和2年5月14日,令和8年5月31日
5088,東京都世田谷区代沢五丁目２９番１６号,-,都夏　都夏の焼トリ丼／ごまやの極上甘だれかつ丼,株式会社ジャックポットプランニング,3410-8237,3世保生食ほ第1070号,飲食店営業,令和3年10月1日,令和3年10月1日,令和9年9月30日
5089,東京都世田谷区代沢五丁目２９番１６号,佐藤ビル１Ｆ,ラムだ！,株式会社ジャックポットプランニング,03-6450-8145,2世保生食ほ第2013号,飲食店営業,令和3年2月3日,令和3年2月3日,令和10年2月29日
5090,東京都世田谷区代沢五丁目２９番１６号,佐藤ビル１Ｆ,釜焼鳥本舗おやひなや下北沢店,株式会社フード＆ムーヴメント,03-5787-6400,6世保生食ほ第1711号,飲食店営業,令和7年4月2日,令和7年4月2日,令和14年4月30日
5091,東京都世田谷区代沢五丁目３０番３号,川上ビル１０１,キッチン　たくあん,***,3795-3795,31世保生食ほ第2525号,飲食店営業,平成26年4月30日,令和2年5月1日,令和8年4月30日
5092,東京都世田谷区代沢五丁目３０番１０号,アール下北沢　Ｂ１Ｆ、１Ｆ,下北沢レッグ,有限会社アールトゥーディメンション,03-6450-9346,3世保生食ほ第2004号,飲食店営業,令和4年3月1日,令和4年3月1日,令和10年2月29日
5093,東京都世田谷区代沢五丁目３０番１０号,アール下北沢２Ｆ,ａｒｔ　ＲＧ　ｃａｆ,有限会社アールトゥーディメンション,6413-8588,7世保生食ほ第533号,飲食店営業,令和7年8月1日,令和7年8月1日,令和14年7月31日
5094,東京都世田谷区代沢五丁目３２番２号,Ｄホーム１０１,Ｓｃａｒｅｃｒｏｗ,***,-,6世保生食ほ第1452号,飲食店営業,令和7年2月1日,令和7年2月1日,令和13年1月31日
5095,東京都世田谷区代沢五丁目３２番３号,下北フレーム１０１,ミルヴァン　フィオーリ,***,03-6826-2753,5世保生食ほ第1922号,飲食店営業,令和6年4月22日,令和6年4月22日,令和13年4月30日
5096,東京都世田谷区代沢五丁目３２番５号,シェルボ下北沢２Ｆ,ＧＯＯＤ　ＨＥＡＶＥＮＳ！,***,03-3411-6774,7世保生食ほ第520号,飲食店営業,令和7年8月1日,令和7年8月1日,令和13年7月31日
5097,東京都世田谷区代沢五丁目３２番５号,シェルボ下北沢２０Ａ,炭火焼鳥や　三日月ロック,株式会社クレッセントＲ,03-6805-3585,7世保生食ほ第7号,飲食店営業,令和7年5月1日,令和7年5月1日,令和13年4月30日
5098,東京都世田谷区代沢五丁目３２番７号,八千代ビル１０１,千禧茶,安吉商事株式会社,03-6884-6311,2世保生食ほ第464号,喫茶店営業,令和2年6月9日,令和2年6月9日,令和8年6月30日
5099,東京都世田谷区代沢五丁目３２番７号,-,大衆食堂ニューヘイロー,株式会社ａｓｏｖｉｖａ,03-6450-9888,7世保生食ほ第1543号,飲食店営業,令和8年1月28日,令和8年1月28日,令和15年1月31日
5100,東京都世田谷区代沢五丁目３２番８号,膳場ビル１Ｆ,Ｔｈｒｉｆｔｙ　Ｃｏｆｆｅｅ,株式会社　ＴＡＲＯＣＫ,03-5432-9146,4世保生食ほ第831号,飲食店営業,令和4年9月14日,令和4年9月14日,令和10年9月30日
5101,東京都世田谷区代沢五丁目３２番１０号,ラパシオン下北沢Ｂ１Ｆ,ＢＡＲ？　ＣＣＯ,ＣＯＴＯＣ株式会社,3414-2444,31世保生食ほ第919号,飲食店営業,令和元年8月8日,令和元年8月8日,令和8年8月31日
5102,東京都世田谷区代沢五丁目３２番１０号,ラパシオン下北沢１Ｆ,トモスダイニング（アジアン　レストラン）,ＭＯＵＮＴＡＩＮ合同会社,03-6674-6838,7世保生食ほ第1560号,飲食店営業,令和8年2月2日,令和8年2月2日,令和15年2月28日
5103,東京都世田谷区代沢五丁目３２番１１号,寺崎ビル１Ｆ,下北沢　焼とり　ダービー,株式会社Ｄ＆Ｂ,-,4世保生食ほ第1519号,飲食店営業,令和5年3月15日,令和5年3月15日,令和12年3月31日
5104,東京都世田谷区代沢五丁目３２番１３号,露崎商店ビル１階　Ａ区画,俊,***,6804-0128,7世保生食ほ第1171号,飲食店営業,令和7年12月1日,令和7年12月1日,令和13年11月30日
5105,東京都世田谷区代沢五丁目３２番１３号,１Ｆ,つゆ艸,***,-,6世保生食ほ第913号,飲食店営業,令和6年10月17日,令和6年10月17日,令和12年10月31日
5106,東京都世田谷区代沢五丁目３２番１３号,２階,バーペラペラ,株式会社ウェイド,-,7世保生食ほ第1165号,飲食店営業,令和7年12月1日,令和7年12月1日,令和13年11月30日
5107,東京都世田谷区代沢五丁目３３番３号,ボート代沢１Ａ,ｃａｆｅ／ｆｉｅｌｄ,合同会社ＺＥＮＤ,03-3410-3488,2世保生食ほ第1926号,飲食店営業,平成25年12月13日,令和3年1月1日,令和9年12月31日
5108,東京都世田谷区代沢五丁目３３番３号,ボート代沢Ｃ２０１,ＵＲＡＫＩＴＡ,株式会社愛鷹製作所,6311-1397,2世保生食ほ第1743号,飲食店営業,平成26年12月8日,令和3年1月1日,令和8年12月31日
5109,東京都世田谷区代沢五丁目３３番３号,ボート代沢１Ｆ１０２,ホルモン稲田屋,***,-,5世保生食ほ第1752号,飲食店営業,令和6年3月8日,令和6年3月8日,令和12年3月31日
5110,東京都世田谷区代沢五丁目３３番７号,ＢＥＥ　ＦＩＶＥ　ＳＨＩＭＯＫＩＴＡＺＡＷＡ　１Ｆ,ＳＵＰＥＲＩＯＲＩＴＹ　ＢＵＲＧＥＲ,株式会社　ＳＵＰＥＲＩＯＲＩＴＹ　ＢＵＲＧＥＲ　ＪＡＰＡＮ,03-6432-9360,3世保生食ほ第1420号,飲食店営業,令和3年10月20日,令和3年10月20日,令和10年10月31日
5111,東京都世田谷区代沢五丁目３３番７号,-,ＳＵＰＥＲＩＯＲＩＴＹ　ＢＵＲＧＥＲ,株式会社バードフェザーノブ,03-6432-9360,5世保生食ほ第12号,菓子製造業,令和5年4月13日,令和5年4月13日,令和12年4月30日
5112,東京都世田谷区代沢五丁目３３番７号,-,ＳＵＰＥＲＩＯＲＩＴＹ　ＢＵＲＧＥＲ,株式会社バードフェザーノブ,03-6432-9360,5世保生食ほ第13号,そうざい製造業,令和5年4月13日,令和5年4月13日,令和12年4月30日
5113,東京都世田谷区代沢五丁目３４番１９号,-,ＣＡＬ　ＣＯＦＦＥＥ　ＣＬＵＢ,株式会社土井商店,03-3418-0775,3世保生食ほ第2410号,飲食店営業,令和4年3月30日,令和4年3月30日,令和11年3月31日
5114,東京都世田谷区代沢五丁目３６番８号,アルファビル１Ｆ,茄子おやじ,株式会社ＴＯＫＹＯ　ＣＵＬＴＵＲＥ　ＣＬＵＢ,3411-7035,6世保生食ほ第885号,飲食店営業,令和6年9月30日,令和6年9月30日,令和12年9月30日
5115,東京都世田谷区代沢五丁目３６番９号,第３月村光ビル１階,大衆酒場スシスミビ　下北沢店,株式会社ｏｕｒｓｅｌｖｅｓ,03-6453-1900,2世保生食ほ第1751号,飲食店営業,令和2年12月1日,令和2年12月1日,令和9年11月30日
5116,東京都世田谷区代沢五丁目３６番１３号,-,牛タン　夏火鉢,株式会社ジャックポットプランニング,3414-5206,6世保生食ほ第231号,飲食店営業,令和6年5月14日,令和6年5月14日,令和12年5月31日
5117,東京都世田谷区代沢五丁目３６番１４号,-,カフェ・トロワ・シャンブル,***,3419-6943,2世保生食ほ第690号,飲食店営業,昭和55年8月7日,令和2年9月1日,令和8年8月31日
5118,東京都世田谷区代沢五丁目３６番１４号,湯浅ビル１Ｆ,マザー,有限会社マザーシップ,3421-9519,4世保生食ほ第512号,飲食店営業,令和4年7月15日,令和4年7月15日,令和10年7月31日
5119,東京都世田谷区代沢五丁目３６番１４号,-,さかえ,有限会社湯浅商事,3414-5366,31世保生食ほ第2187号,飲食店営業,昭和60年3月23日,令和2年4月1日,令和9年3月31日
5120,東京都世田谷区代沢五丁目３６番１４号,ｓａｎｓａｔｏ３Ｆ,ｒｏｏｍ３１０,***,03-3419-2305,2世保生食ほ第278号,飲食店営業,令和2年6月19日,令和2年6月19日,令和8年6月30日
5121,東京都世田谷区代沢五丁目３６番１４号,湯浅ビル２Ｆ,バー浮島,***,03-3413-3693,2世保生食ほ第1911号,飲食店営業,令和2年12月23日,令和2年12月23日,令和8年12月31日
5122,東京都世田谷区代沢五丁目３６番１６号,井上ビル１Ｆ,Ｎａｔｕｒａｌ　Ｃｒｅｐｅ　下北沢店,株式会社ジザイ,03-6450-7523,4世保生食ほ第50号,飲食店営業,令和4年5月1日,令和4年5月1日,令和11年4月30日
5123,東京都世田谷区代沢五丁目３６番１７号,膳場ビル１階,ＴＨＥ　ＭＡＬＡＳＡＤＡ　ＴＯＫＹＯ,株式会社　ヴィガーアンドルックス,03-6453-2276,4世保生食ほ第1494号,菓子製造業,令和4年12月23日,令和4年12月23日,令和11年12月31日
5124,東京都世田谷区代田一丁目８番７号,-,ガスト　世田谷代田店,株式会社すかいらーくレストランツ,03-5486-7237,6世保生食ほ第154号,飲食店営業,令和6年6月1日,令和6年6月1日,令和13年5月31日
5125,東京都世田谷区代田一丁目９番１０号,-,フォルクス世田谷代田,株式会社アークミール,3412-0744,5世保生食ほ第1772号,飲食店営業,令和6年3月1日,令和6年3月1日,令和12年2月28日
5126,東京都世田谷区代田一丁目３０番１２号,-,Ｈｉ　Ｍｏｎｓｉｅｕｒ,株式会社トイア,5787-6989,6世保生食ほ第118号,飲食店営業,令和6年6月1日,令和6年6月1日,令和12年5月31日
5127,東京都世田谷区代田一丁目３１番１号,-,邪宗門,***,03-3410-7850,3世保生食ほ第1792号,飲食店営業,令和4年1月1日,令和4年1月1日,令和9年12月31日
5128,東京都世田谷区代田一丁目３１番１０号,-,ｄｉｎｉｎｇｒｏｏｍ　花満開,株式会社ｎｉｎｅ　ｓｔｏｎｅｓ,-,4世保生食ほ第46号,飲食店営業,令和4年5月1日,令和4年5月1日,令和11年4月30日
5129,東京都世田谷区代田一丁目３３番１２号,-,ＭａＲｕ,***,3413-7716,4世保生食ほ第878号,飲食店営業,令和4年9月15日,令和4年9月15日,令和10年9月30日
5130,東京都世田谷区代田一丁目３３番１５号,-,ナワシロスタンド,有限会社トノコーポレーション,03-6805-5224,3世保生食ほ第824号,飲食店営業,令和3年7月20日,令和3年7月20日,令和9年7月31日
5131,東京都世田谷区代田一丁目３３番１５号,-,ナワシロスタンド,有限会社トノコーポレーション,03-6805-5224,4世保生食ほ第1522号,菓子製造業,令和5年1月18日,令和5年1月18日,令和11年1月31日
5132,東京都世田谷区代田一丁目３４番１１号,１０１,エンバン　タコス,***,-,6世保生食ほ第1378号,飲食店営業,令和6年12月27日,令和6年12月27日,令和12年12月31日
5133,東京都世田谷区代田一丁目３４番１３号,-,株式会社信濃屋食品　食品館,株式会社信濃屋食品,03-3412-2448,4世保生食ほ第1670号,そうざい製造業,令和5年2月9日,令和5年2月9日,令和12年2月28日
5134,東京都世田谷区代田一丁目３４番１３号,-,株式会社信濃屋食品　食品館,株式会社信濃屋食品,03-3412-2448,4世保生食ほ第682号,菓子製造業,令和4年8月2日,令和4年8月2日,令和11年8月31日
5135,東京都世田谷区代田一丁目３４番１３号,-,株式会社信濃屋食品　食品館,株式会社信濃屋食品,03-3412-2448,4世保生食ほ第683号,そうざい製造業,令和4年8月2日,令和4年8月2日,令和11年8月31日
5136,東京都世田谷区代田一丁目３４番１３号,-,株式会社信濃屋食品　食品館,株式会社信濃屋食品,03-3412-2448,4世保生食ほ第684号,そうざい製造業,令和4年8月2日,令和4年8月2日,令和11年8月31日
5137,東京都世田谷区代田一丁目３４番１３号,-,株式会社信濃屋食品　食品館,株式会社信濃屋食品,03-3412-2448,5世保生食ほ第1718号,食品の小分け業,令和6年3月7日,令和6年3月7日,令和13年3月31日
5138,東京都世田谷区代田一丁目３４番１３号,-,株式会社信濃屋食品　食品館,株式会社信濃屋食品,03-3412-2448,6世保生食ほ第222号,飲食店営業,令和6年6月1日,令和6年6月1日,令和13年5月31日
5139,東京都世田谷区代田一丁目３４番１３号,-,株式会社信濃屋食品　食品館,株式会社信濃屋食品,03-3412-2448,6世保生食ほ第223号,魚介類販売業,令和6年6月1日,令和6年6月1日,令和13年5月31日
5140,東京都世田谷区代田一丁目３４番１３号,-,株式会社信濃屋食品　食品館,株式会社信濃屋食品,03-3412-2448,6世保生食ほ第755号,飲食店営業,令和6年10月1日,令和6年10月1日,令和13年5月31日
5141,東京都世田谷区代田一丁目３４番１３号,-,株式会社信濃屋食品　食品館,株式会社信濃屋食品,03-3412-2448,6世保生食ほ第756号,菓子製造業,令和6年10月1日,令和6年10月1日,令和13年5月31日
5142,東京都世田谷区代田一丁目３４番１３号,-,株式会社信濃屋食品　食品館,株式会社信濃屋食品,03-3412-2448,7世保生食ほ第555号,食肉販売業,令和7年9月1日,令和7年9月1日,令和14年8月31日
5143,東京都世田谷区代田一丁目３５番１２号,日新ビル１階,風雲クレ～プべほいみ,株式会社ｍｕｔｅｓ,-,7世保生食ほ第292号,飲食店営業,令和7年5月30日,令和7年5月30日,令和14年5月31日
5144,東京都世田谷区代田一丁目３５番１３号,-,十字屋製ぱん所,株式会社Ｐｌｅａｓｕｒｅ　Ｐａｒｔｙ,3414-8555,31世保生食ほ第1704号,飲食店営業,令和元年11月13日,令和元年11月13日,令和8年11月30日
5145,東京都世田谷区代田一丁目３５番１３号,-,十字屋製ぱん所,株式会社Ｐｌｅａｓｕｒｅ　Ｐａｒｔｙ,3414-8555,31世保生食ほ第1705号,菓子製造業,令和元年11月13日,令和元年11月13日,令和8年11月30日
5146,東京都世田谷区代田一丁目３９番９号,-,お休み処　せせらぎ茶屋,***,3414-6788,7世保生食ほ第920号,飲食店営業,令和7年11月1日,令和7年11月1日,令和13年10月31日
5147,東京都世田谷区代田一丁目４０番１号,カーサ水島１Ｆ,Ｐｅｌｔｒｅ　ｙ　Ｂａｒｒｏ,***,6450-7452,7世保生食ほ第774号,飲食店営業,令和7年10月1日,令和7年10月1日,令和13年9月30日
5148,東京都世田谷区代田一丁目４０番２号,-,テイクアウト八百輝,***,5787-8751,2世保生食ほ第1371号,飲食店営業,令和2年10月20日,令和2年10月20日,令和8年10月31日
5149,東京都世田谷区代田一丁目４０番６号,-,ｏｔｏｔｏ　ＤＥＬＩ,株式会社ＴＯＭＯＲＲＯＷ,03-6763-0594,5世保生食ほ第143号,菓子製造業,令和5年5月16日,令和5年5月16日,令和12年5月31日
5150,東京都世田谷区代田一丁目４０番６号,-,ｏｔｏｔｏ　ＤＥＬＩ,株式会社ＴＯＭＯＲＲＯＷ,03-6763-0594,5世保生食ほ第144号,そうざい製造業,令和5年5月16日,令和5年5月16日,令和12年5月31日
5151,東京都世田谷区代田一丁目４１番４号,１Ｆ,ビストロ　フィグ,***,-,6世保生食ほ第1418号,飲食店営業,令和7年2月27日,令和7年2月27日,令和13年2月28日
5152,東京都世田谷区代田一丁目４２番１号,秋本第一ビル,信濃屋ワイン館,株式会社信濃屋食品,03-3412-2418,5世保生食ほ第396号,飲食店営業,令和5年7月14日,令和5年7月14日,令和11年7月31日
5153,東京都世田谷区代田二丁目１８番８号,１Ｆ,カフェカルディーノ　世田谷代田店,株式会社キャメルキッチン,6450-7605,3世保生食ほ第567号,飲食店営業,令和3年6月7日,令和3年6月7日,令和9年6月30日
5154,東京都世田谷区代田二丁目１８番１０号,ＮビルＢ１Ｆ,ＳＮＡＣＫ　ＬＡＵＧＨ,***,03-5787-5439,6世保生食ほ第1283号,飲食店営業,令和7年1月1日,令和7年1月1日,令和12年12月31日
5155,東京都世田谷区代田二丁目１８番１３号,１Ｆ,Ｌａｂｏｒａｔｏｒｉｏ,***,5432-9260,5世保生食ほ第1237号,飲食店営業,令和5年11月27日,令和5年11月27日,令和12年11月30日
5156,東京都世田谷区代田二丁目２０番５号,-,Ｃａｆｆｅ　ＭＡＭＥＳＴ,***,03-6805-5800,7世保生食ほ第1785号,飲食店営業,令和8年4月1日,令和8年4月1日,令和14年3月31日
5157,東京都世田谷区代田二丁目２０番５号,-,Ｃａｆｆｅ　ＭＡＭＥＳＴ,***,03-6805-5800,7世保生食ほ第1786号,菓子製造業,令和8年4月1日,令和8年4月1日,令和14年3月31日
5158,東京都世田谷区代田二丁目２６番８号,-,アライブ世田谷代田,株式会社オレンジエイト,03-6805-5994,31世保生食ほ第2493号,飲食店営業,令和2年2月25日,令和2年2月25日,令和9年2月28日
5159,東京都世田谷区代田二丁目２９番１２号,-,ＬＩＧＨＴ　ＵＰ　ＣＯＦＦＥＥ,株式会社ライトアップコーヒー,6450-9044,5世保生食ほ第46号,飲食店営業,令和5年4月20日,令和5年4月20日,令和11年4月30日
5160,東京都世田谷区代田二丁目３１番２６号,-,由縁別邸　代田　　割烹　月かげ,ＵＤＳ株式会社,5431-3101,2世保生食ほ第848号,飲食店営業,令和2年8月28日,令和2年8月28日,令和9年8月31日
5161,東京都世田谷区代田二丁目３２番１６号,-,世田谷代田仁慈保幼園,日清医療食品株式会社,03-6805-5644,31世保生食ほ第2849号,飲食店営業,令和2年3月23日,令和2年3月23日,令和9年3月31日
5162,東京都世田谷区代田二丁目３６番３号,-,Ａ・Ｐｉａｃｅｒｅ,株式会社Ａ・Ｐｉａｃｅｒｅ,-,5世保生食ほ第1550号,飲食店営業,令和6年1月29日,令和6年1月29日,令和13年1月31日
5163,東京都世田谷区代田二丁目３６番１２号,ＢＯＮＵＳ　ＴＲＡＣＫ　ＳＯＨＯ８,お粥とお酒　ＡＮＤＯＮ,合同会社ＡＮＤＯＮ,03-5787-8559,7世保生食ほ第1842号,飲食店営業,令和8年4月1日,令和8年4月1日,令和14年3月31日
5164,東京都世田谷区代田二丁目３６番１２号,ＢＯＮＵＳ　ＴＲＡＣＫ　ＳＯＨＯ８,お粥とお酒　ＡＮＤＯＮ,合同会社ＡＮＤＯＮ,03-5787-8559,7世保生食ほ第1843号,菓子製造業,令和8年4月1日,令和8年4月1日,令和14年3月31日
5165,東京都世田谷区代田二丁目３６番１２号,ＢＯＮＵＳ　ＴＲＡＣＫ　ＳＯＨＯ７,Ｗｈｙ＿？下北沢店,株式会社彩香,03-6805-5380,7世保生食ほ第1658号,飲食店営業,令和8年4月1日,令和8年4月1日,令和14年3月31日
5166,東京都世田谷区代田二丁目３６番１２号,ＢＯＮＵＳ　ＴＲＡＣＫ　ＳＯＨＯ１０,ｏｍｕｓｕｂｉ不動産　下北沢　ＢＯＮＵＳ　ＴＲＡＣＫ店,有限会社トノコーポレーション,03-6805-5224,2世保生食ほ第1873号,飲食店営業,令和2年12月22日,令和2年12月22日,令和8年12月31日
5167,東京都世田谷区代田二丁目３６番１３号,ＢＯＮＵＳ　ＴＲＡＣＫ　ＳＯＨＯ３,ＹＯＹＯ,株式会社ヒネル,-,31世保生食ほ第2898号,飲食店営業,令和2年3月26日,令和2年3月26日,令和8年3月31日
5168,東京都世田谷区代田二丁目３６番１３号,ＢＯＮＵＳ　ＴＲＡＣＫ　ＳＯＨＯ３,ＹＯＹＯ,株式会社ヒネル,-,31世保生食ほ第2899号,菓子製造業,令和2年3月26日,令和2年3月26日,令和8年3月31日
5169,東京都世田谷区代田二丁目３６番１３号,ＢＯＮＵＳ　ＴＲＡＣＫ　ＳＯＨＯ３,ＹＯＹＯ,株式会社ヒネル,-,7世保生食ほ第1956号,飲食店営業,令和8年4月1日,令和8年4月1日,令和14年3月31日
5170,東京都世田谷区代田二丁目３６番１３号,ＢＯＮＵＳ　ＴＲＡＣＫ　ＳＯＨＯ３,ＹＯＹＯ,株式会社ヒネル,-,7世保生食ほ第1957号,菓子製造業,令和8年4月1日,令和8年4月1日,令和14年3月31日
5171,東京都世田谷区代田二丁目３６番１３号,ｓｏｈｏ１　ＢＯＮＵＳ　ＴＲＡＣＫ,下北現像所,株式会社ＭｏｔｉｏｎＧａｌｌｅｒｙ,-,6世保生食ほ第1075号,飲食店営業,令和6年11月1日,令和6年11月1日,令和12年10月31日
5172,東京都世田谷区代田二丁目３６番１４号,ＢＯＮＵＳ　ＴＲＡＣＫ　ＳＯＨＯ５,大浪漫商店,株式会社ムーンロマンティックス,-,2世保生食ほ第577号,飲食店営業,令和2年7月22日,令和2年7月22日,令和8年7月31日
5173,東京都世田谷区代田二丁目３６番１４号,ＢＯＮＵＳ　ＴＲＡＣＫ　ＳＯＨＯ４,ＡＤＤＡ,株式会社ｉｔｄｆ,-,4世保生食ほ第881号,飲食店営業,令和4年11月15日,令和4年11月15日,令和10年11月30日
5174,東京都世田谷区代田二丁目３６番１５号,ＢＯＮＵＳ　ＴＲＡＣＫ　中央棟テナント１,発酵デパートメント,発酵デザインラボ株式会社,03-6413-8525,3世保生食ほ第579号,飲食店営業,令和3年7月9日,令和3年7月9日,令和9年7月31日
5175,東京都世田谷区代田二丁目３６番１５号,ＢＯＮＵＳ　ＴＲＡＣＫ　中央棟テナント３,本屋　Ｂ＆Ｂ,株式会社ＮＵＭＡＢＯＯＫＳ,03-6450-8272,7世保生食ほ第1840号,飲食店営業,令和8年4月1日,令和8年4月1日,令和15年3月31日
5176,東京都世田谷区代田三丁目１７番５号,-,ＯＦＦＩＣＥ・Ｍ,***,3414-1507,4世保生食ほ第638号,飲食店営業,令和4年8月25日,令和4年8月25日,令和10年8月31日
5177,東京都世田谷区代田三丁目１７番５号,-,ＯＦＦＩＣＥ・Ｍ,***,3414-1507,4世保生食ほ第639号,菓子製造業,令和4年8月25日,令和4年8月25日,令和10年8月31日
5178,東京都世田谷区代田三丁目４７番１２号,-,㈱マルコシ世田谷店,株式会社マルコシ,3412-4188,2世保生食ほ第807号,飲食店営業,昭和58年4月6日,令和2年9月1日,令和8年8月31日
5179,東京都世田谷区代田三丁目５２番１１号,シャトルヒエイⅢ１０１号室,ＩＬ　ＭＡＲＥ　ＡＺＺＵＲＲＯ　（イル　マーレ　アッズーロ）,***,03-6805-3953,5世保生食ほ第936号,飲食店営業,令和5年9月19日,令和5年9月19日,令和12年9月30日
5180,東京都世田谷区代田三丁目５８番７号,世田谷代田キャンパス１階　１０２区画,ＶＥＲＡＣＥ,有限会社ＫＵＲＡＮＯ　ＤＥＳＩＧＮ　ＣＯＮＳＵＬＴＡＮＴ,03-3411-8877,6世保生食ほ第1138号,菓子製造業,令和6年11月11日,令和6年11月11日,令和13年11月30日
5181,東京都世田谷区代田三丁目５８番７号,世田谷代田キャンパス１階　１０２区画,ＶＥＲＡＣＥ,有限会社ＫＵＲＡＮＯ　ＤＥＳＩＧＮ　ＣＯＮＳＵＬＴＡＮＴ,03-3411-8877,7世保生食ほ第1708号,飲食店営業,令和8年4月1日,令和8年4月1日,令和15年3月31日
5182,東京都世田谷区代田三丁目５８番７号,世田谷代田キャンパス２階,農大アンテナショップ「農」の蔵,株式会社農大サポート,03-6450-9156,3世保生食ほ第1811号,飲食店営業,令和3年12月24日,令和3年12月24日,令和10年12月31日
5183,東京都世田谷区代田四丁目１番１８号,ハヤマビル１Ｆ,キッチンオリジン　世田谷代田店,オリジン東秀株式会社,03-6265-7631,2世保生食ほ第564号,飲食店営業,平成25年7月16日,令和2年8月1日,令和9年7月31日
5184,東京都世田谷区代田四丁目１番１８号,ハヤマビル１Ｆ,キッチンオリジン　世田谷代田店,オリジン東秀株式会社,03-6265-7631,2世保生食ほ第565号,菓子製造業,平成25年7月16日,令和2年8月1日,令和9年7月31日
5185,東京都世田谷区代田四丁目２番３号,-,世田谷区立　代田小学校,株式会社スエヒロ,-,3世保生食ほ第224号,飲食店営業,令和3年4月27日,令和3年4月27日,令和10年4月30日
5186,東京都世田谷区代田四丁目４番２号,-,風の丘めぐみ保育園　風棟,シダックスフードサービス株式会社,03-6265-7411,7世保生食ほ第1866号,飲食店営業,令和8年3月19日,令和8年3月19日,令和15年3月31日
5187,東京都世田谷区代田四丁目５番１１号,-,ポプラ代田店,有限会社桝本商店,3321-1063,7世保生食ほ第700号,飲食店営業,令和7年10月1日,令和7年10月1日,令和14年9月30日
5188,東京都世田谷区代田四丁目５番１２号,ベルメゾンⅡ１Ｆ北側,酒好厨房　しも庵,***,6751-1278,2世保生食ほ第777号,飲食店営業,平成25年7月2日,令和2年8月1日,令和9年7月31日
5189,東京都世田谷区代田四丁目６番１９号,１階，２階,魂麺,株式会社まるきん,3327-6219,4世保生食ほ第1270号,そうざい製造業,令和4年11月15日,令和4年11月15日,令和11年11月30日
5190,東京都世田谷区代田四丁目６番１９号,１階，２階,魂麺,株式会社まるきん,3327-6219,4世保生食ほ第1271号,食品の小分け業,令和4年11月15日,令和4年11月15日,令和11年11月30日
5191,東京都世田谷区代田四丁目６番１９号,１階，２階,魂麺,株式会社まるきん,3327-6219,4世保生食ほ第994号,飲食店営業,令和4年10月4日,令和4年10月4日,令和11年10月31日
5192,東京都世田谷区代田四丁目７番１６号,-,白髭のシュークリーム工房,株式会社パフ,03-5787-6221,6世保生食ほ第1211号,菓子製造業,令和6年12月1日,令和6年12月1日,令和12年11月30日
5193,東京都世田谷区代田四丁目７番１９号,-,林檎の木,***,3325-0209,7世保生食ほ第1355号,飲食店営業,令和8年1月1日,令和8年1月1日,令和13年12月31日
5194,東京都世田谷区代田四丁目７番１９号,メゾンフクダ１０２号,ＳＰＥＡＫ　ＥＡＳＹ　ＣＨＡＲＵ,有限会社須永商店,03-6379-3820,4世保生食ほ第1203号,飲食店営業,令和4年10月28日,令和4年10月28日,令和11年10月31日
5195,東京都世田谷区代田四丁目１０番２０号,エムバンブー新代田駅前店舗,ＲＲ,株式会社ビルド,-,7世保生食ほ第807号,飲食店営業,令和7年10月1日,令和7年10月1日,令和13年9月30日
5196,東京都世田谷区代田四丁目１０番２３号,-,ファミリーマート新代田駅前店,有限会社いざわ,3327-2916,7世保生食ほ第366号,飲食店営業,令和7年7月1日,令和7年7月1日,令和14年6月30日
5197,東京都世田谷区代田四丁目１０番２３号,メゾンドール新代田Ｂ１－Ｃ号室,ｃａｆｅ　２ｓｔ,有限会社セカンドドリップ,6411-0923,7世保生食ほ第982号,飲食店営業,令和7年11月1日,令和7年11月1日,令和13年10月31日
5198,東京都世田谷区代田四丁目１０番２４号,１０１,大人の?哩,株式会社８ｃ,6318-5884,2世保生食ほ第1668号,飲食店営業,令和2年11月17日,令和2年11月17日,令和8年11月30日
5199,東京都世田谷区代田四丁目１０番２４号,フロント新代田１０２号室,ＢＯＴＡＮＩＣＡＬ　ＢＡＳＥ　ＢＡＲ,株式会社　無限庭,-,2世保生食ほ第2259号,飲食店営業,令和3年2月15日,令和3年2月15日,令和9年2月28日
5200,東京都世田谷区代田四丁目１０番２４号,フロント新代田１０１,てげてげ,***,-,6世保生食ほ第125号,飲食店営業,令和6年4月25日,令和6年4月25日,令和12年4月30日
5201,東京都世田谷区代田四丁目３２番１９号,-,風の丘めぐみ保育園　森棟,シダックスフードサービス株式会社,03-6265-7411,7世保生食ほ第1865号,飲食店営業,令和8年3月19日,令和8年3月19日,令和15年3月31日
5202,東京都世田谷区代田四丁目３６番１４号,水巻ビル１Ｆ,ＦＵＧＬＥＮ　ＨＡＮＥＧＩ　Ｋ?ＥＮ　,株式会社フグレン東京,-,3世保生食ほ第1156号,飲食店営業,令和3年9月15日,令和3年9月15日,令和10年9月30日
5203,東京都世田谷区代田四丁目３８番１０号,梅丘図書館内,サンドイッチとコーヒー　ａｍｐｅｒｅ梅丘,株式会社ＷＡＴ,03-6304-3639,7世保生食ほ第1531号,飲食店営業,令和8年2月3日,令和8年2月3日,令和15年2月28日
5204,東京都世田谷区代田五丁目１番１６号,-,ＹＯＵＮＧ,株式会社ＨＡＯ．ＨＡＯ．,-,2世保生食ほ第51号,飲食店営業,令和2年4月8日,令和2年4月8日,令和9年4月30日
5205,東京都世田谷区代田五丁目３番１号,-,ＴｏＬｏ　ＣＯＦＦＥＥ＆ＢＡＫＥＲＹ,株式会社ｃｕｐ　ｂｅａｒｅｒ,5787-6732,2世保生食ほ第192号,麺類製造業,令和2年4月28日,令和2年4月28日,令和8年4月30日
5206,東京都世田谷区代田五丁目３番１号,-,ＴｏＬｏ　ＣＯＦＦＥＥ＆ＢＡＫＥＲＹ,株式会社ｃｕｐ　ｂｅａｒｅｒ,5787-6732,3世保生食ほ第1765号,飲食店営業,令和3年12月16日,令和3年12月16日,令和9年12月31日
5207,東京都世田谷区代田五丁目３番１号,-,白髭のシュークリーム工房,株式会社パフ,5787-6221,7世保生食ほ第935号,菓子製造業,令和7年11月1日,令和7年11月1日,令和13年10月31日
5208,東京都世田谷区代田五丁目８番１３号,-,居酒屋ぐすく,***,3324-8792,2世保生食ほ第850号,飲食店営業,昭和59年8月16日,令和2年9月1日,令和8年8月31日
5209,東京都世田谷区代田五丁目９番５号,クラウンコート下北沢　１階－Ａ,Ｋｉ／マメトラ菓子店,***,3413-4678,31世保生食ほ第1266号,飲食店営業,平成25年10月7日,令和元年11月1日,令和8年10月31日
5210,東京都世田谷区代田五丁目９番５号,クラウンコート下北沢　１階－Ａ,Ｋｉ／マメトラ菓子店,***,3413-4678,31世保生食ほ第1267号,菓子製造業,平成24年10月25日,令和元年11月1日,令和8年10月31日
5211,東京都世田谷区代田五丁目９番５号,クラウンコート下北沢１Ａ,そばきち,株式会社ストロボライツ,03-6453-2422,6世保生食ほ第572号,飲食店営業,令和6年7月24日,令和6年7月24日,令和13年7月31日
5212,東京都世田谷区代田五丁目９番１５号,-,ユニバーサル　ベーカリー,***,-,2世保生食ほ第266号,飲食店営業,令和2年5月8日,令和2年5月8日,令和8年5月31日
5213,東京都世田谷区代田五丁目９番１５号,-,ユニバーサル　ベーカリー,***,-,2世保生食ほ第267号,菓子製造業,令和2年5月8日,令和2年5月8日,令和8年5月31日
5214,東京都世田谷区代田五丁目１０番７号,ｎａｋａｈａｒａ－ｓｏｕ　１Ｆ,ｓｏｎｇｂｏｏｋ,株式会社イートクリエーター,03-6453-1982,4世保生食ほ第1078号,飲食店営業,令和4年10月17日,令和4年10月17日,令和11年10月31日
5215,東京都世田谷区代田五丁目１０番７号,ｎａｋａｈａｒａ－ｓｏｕＢ１Ｆ,Ｂａｒ　ＱＵＡＴＥＲ　ＲＯＯＭ,合同会社　土海空,-,4世保生食ほ第1468号,飲食店営業,令和4年12月22日,令和4年12月22日,令和11年12月31日
5216,東京都世田谷区代田五丁目１０番８号,-,くらしの友　Ａｄａｇｉｏ　世田谷代田,株式会社くらしの友,5779-3950,6世保生食ほ第1925号,飲食店営業,令和7年4月1日,令和7年4月1日,令和14年3月31日
5217,東京都世田谷区代田五丁目１１番１１号,シティ代田１Ｆ,カレーｅｎ,***,-,2世保生食ほ第2750号,飲食店営業,平成26年4月16日,令和3年5月1日,令和10年4月30日
5218,東京都世田谷区代田五丁目１３番１０号,-,麺　通,株式会社　麺通,3418-0397,2世保生食ほ第2805号,飲食店営業,平成27年3月18日,令和3年4月1日,令和9年3月31日
5219,東京都世田谷区代田五丁目１９番４号,-,下北沢ＶＯＩＣＥ　ＦＡＣＴＯＲＹ,ＭＡＴＥＲＩＡＬ　ＡＲＴ合同会社,-,2世保生食ほ第2047号,飲食店営業,令和3年1月21日,令和3年1月21日,令和9年1月31日
5220,東京都世田谷区代田五丁目２８番３号,Ｓ．Ｉビル３階,ｃｒｏｓｓｉｎｇ,有限会社セカンドドリップ,03-6316-5259,4世保生食ほ第857号,飲食店営業,令和4年8月29日,令和4年8月29日,令和10年8月31日
5221,東京都世田谷区代田五丁目２８番３号,Ｓ．Ｉビル２Ｆ,マーカスの街,有限会社セカンドドリップ,-,7世保生食ほ第1189号,飲食店営業,令和7年12月1日,令和7年12月1日,令和13年11月30日
5222,東京都世田谷区代田五丁目２８番３号,Ｓ．Ｉビル２Ｆ,マーカスの街,有限会社セカンドドリップ,-,7世保生食ほ第1190号,菓子製造業,令和7年12月1日,令和7年12月1日,令和13年11月30日
5223,東京都世田谷区代田五丁目２８番４号,第２代田ニューハイツ１０１,くし蔵　新代田店,株式会社リミット,03-5432-9280,4世保生食ほ第341号,飲食店営業,令和4年6月8日,令和4年6月8日,令和11年6月30日
5224,東京都世田谷区代田五丁目２９番５号,桜井ビル１０１,ラーメン二郎　環七新代田店,***,-,31世保生食ほ第2552号,飲食店営業,平成26年5月14日,令和2年6月1日,令和8年5月31日
5225,東京都世田谷区代田五丁目２９番５号,-,中原珈琲店,***,-,4世保生食ほ第1627号,飲食店営業,令和5年2月7日,令和5年2月7日,令和12年2月28日
5226,東京都世田谷区代田五丁目２９番６号,-,香家　新代田店,株式会社香家,5787-5880,2世保生食ほ第841号,飲食店営業,平成25年8月27日,令和2年9月1日,令和9年8月31日
5227,東京都世田谷区代田五丁目３１番１号,ダノイシモキタザワ２　１Ｆ,夢月,***,3413-0414,2世保生食ほ第923号,飲食店営業,平成18年9月22日,令和2年10月1日,令和9年9月30日
5228,東京都世田谷区代田五丁目３１番３号,１Ｆ、２Ｆ,ラ．ベファーナ,株式会社ジャックポットプランニング,3411-9500,4世保生食ほ第1002号,飲食店営業,令和4年10月11日,令和4年10月11日,令和10年10月31日
5229,東京都世田谷区代田五丁目３３番１５号,エミネンスフラット２０１,Ｐｉｌｏｔ　ｂｉｒｄ,ゴールデンバード株式会社,6310-2506,3世保生食ほ第241号,飲食店営業,平成27年5月12日,令和3年6月1日,令和9年5月31日
5230,東京都世田谷区代田五丁目３４番１９号,美保ビル１Ｆ,ＪＩＲＡＩＹＡ,有限会社じらい屋,3424-8896,3世保生食ほ第2159号,飲食店営業,令和4年3月9日,令和4年3月9日,令和10年3月31日
5231,東京都世田谷区代田五丁目３４番２１号,ハイランド２０２,ｗｅｓｔｓｉｄｅ　ｃａｆｅ,Ｗｅｓｔｓｉｄｅ合同会社,03-5712-3588,2世保生食ほ第2282号,飲食店営業,令和3年2月12日,令和3年2月12日,令和9年2月28日
5232,東京都世田谷区代田五丁目３４番２１号,ハイランド２０２,ｗｅｓｔｓｉｄｅ　ｃａｆｅ,Ｗｅｓｔｓｉｄｅ合同会社,03-5712-3588,2世保生食ほ第2283号,菓子製造業,令和3年2月12日,令和3年2月12日,令和9年2月28日
5233,東京都世田谷区代田五丁目３４番２１号,ハイランド２０２,２０２カリー堂,株式会社カリー堂,03-6413-8857,3世保生食ほ第1544号,飲食店営業,令和3年11月10日,令和3年11月10日,令和10年11月30日
5234,東京都世田谷区代田五丁目３４番２１号,ハイランド２０２,２０２カリー堂,株式会社カリー堂,03-6413-8857,7世保生食ほ第914号,そうざい製造業,令和7年10月2日,令和7年10月2日,令和14年10月31日
5235,東京都世田谷区代田五丁目３５番２５号,ダノイ下北沢１Ｆ,ｂｉｏ　ｏｊｉｙａｎ　ｃａｆｅ　下北沢店,有限会社マン・フュージョン・システム,03-5486-6997,4世保生食ほ第1343号,飲食店営業,令和4年11月29日,令和4年11月29日,令和11年11月30日
5236,東京都世田谷区代田六丁目１番１７号,-,湘南倶楽部,有限会社エスケイフロンティア,03-3466-2336,2世保生食ほ第322号,飲食店営業,令和2年5月15日,令和2年5月15日,令和8年5月31日
5237,東京都世田谷区代田六丁目１番１８号,代田ハイツ１Ｆ,ＰＥＲＲＹ’Ｓ　ＢＡＲ,***,-,7世保生食ほ第1586号,飲食店営業,令和8年3月1日,令和8年3月1日,令和14年2月29日
5238,東京都世田谷区代田六丁目１番２３号,１０１,セコンドタバッキ,***,-,2世保生食ほ第2241号,飲食店営業,令和3年2月5日,令和3年2月5日,令和9年2月28日
5239,東京都世田谷区代田六丁目３番１号,リバブル下北沢Ｂ１Ｆ,ヴィレッジヴァンガード　ダイナー下北沢店,エステールホールディングス株式会社,03-3481-5620,31世保生食ほ第33号,飲食店営業,平成17年4月8日,令和元年5月1日,令和8年4月30日
5240,東京都世田谷区代田六丁目３番１号,リバブル下北沢Ｂ１Ｆ,ヴィレッジヴァンガード　ダイナー下北沢店,エステールホールディングス株式会社,03-3481-5620,8世保生食ほ第82号,飲食店営業,令和8年5月1日,令和8年5月1日,令和15年4月30日
5241,東京都世田谷区代田六丁目３番２６号,-,尚点,株式会社湘美,-,2世保生食ほ第159号,飲食店営業,令和2年4月24日,令和2年4月24日,令和8年4月30日
5242,東京都世田谷区代田六丁目３番２６号,-,尚点,株式会社湘美,-,2世保生食ほ第160号,菓子製造業,令和2年4月24日,令和2年4月24日,令和8年4月30日
5243,東京都世田谷区代田六丁目３番２６号,-,尚点,株式会社湘美,-,7世保生食ほ第1844号,飲食店営業,令和8年5月1日,令和8年5月1日,令和14年4月30日
5244,東京都世田谷区代田六丁目５番８号,-,ＡＺＵＲＥ　ステンドグラスステューデオギャラリーアンドカフェ,***,3468-1705,2世保生食ほ第1255号,飲食店営業,平成26年10月8日,令和2年11月1日,令和8年10月31日
5245,東京都世田谷区代田六丁目５番２５号,-,宮田屋精肉店,有限会社宮田屋精肉店,3466-9165,4世保生食ほ第508号,食肉販売業,令和4年7月11日,令和4年7月11日,令和10年7月31日
5246,東京都世田谷区代田六丁目７番２４号,ルミナス２４Ｂ１Ｆ,カフェダイニング　オーバーテイク,***,3467-5919,31世保生食ほ第2515号,飲食店営業,平成18年3月22日,令和2年4月1日,令和9年3月31日
5247,東京都世田谷区代田六丁目７番２４号,ルミナス２４　１Ａ号室,下北酒場　ヤングチャチャ,株式会社１ｓｔ．,03-6427-8222,5世保生食ほ第128号,飲食店営業,令和5年4月28日,令和5年4月28日,令和12年4月30日
5248,東京都世田谷区代田六丁目７番２４号,ルミナス２４地下１号室,ｃｏｃｏｔｅｒｏ　下北沢店,株式会社ＬＥＥＰＳ,03-6804-8500,7世保生食ほ第733号,飲食店営業,令和7年10月3日,令和7年10月3日,令和14年10月31日
5249,東京都世田谷区代田六丁目１２番３６号,下北沢三河屋１Ｆ,中華そばマルキ食堂,***,-,31世保生食ほ第2685号,飲食店営業,令和2年3月27日,令和2年3月27日,令和9年3月31日
5250,東京都世田谷区代田六丁目１３番１０号,下北沢ハイム１０１号室,Ｔａｒｏ,***,-,7世保生食ほ第75号,飲食店営業,令和7年5月1日,令和7年5月1日,令和13年4月30日
5251,東京都世田谷区代田六丁目１６番２０号,近野荘　１Ｆ,薬膳食堂ちゃぶ膳,***,-,2世保生食ほ第1662号,飲食店営業,令和2年11月16日,令和2年11月16日,令和8年11月30日
5252,東京都世田谷区代田六丁目２１番５号,まもりやまテラス３Ｆ,まもりやま工房,社会福祉法人せたがや樫の木会,03-3460-9019,7世保生食ほ第54号,飲食店営業,令和7年5月1日,令和7年5月1日,令和13年4月30日
5253,東京都世田谷区代田六丁目２１番５号,まもりやまテラス３Ｆ,まもりやま工房,社会福祉法人せたがや樫の木会,03-3460-9019,7世保生食ほ第55号,菓子製造業,令和7年5月1日,令和7年5月1日,令和13年4月30日
5254,東京都世田谷区代田六丁目２２番６号,-,セレモニーホール　シオン,株式会社杉田フューネス,5478-8588,31世保生食ほ第2965号,飲食店営業,平成18年7月19日,令和2年8月1日,令和9年7月31日
5255,東京都世田谷区代田六丁目２９番６号,ハイム池田１Ｆ,ダイタストア　ＤＡＩＴＡ　ＳＴＯＲＥ,ｏｒｃｈａｒｄ株式会社,-,2世保生食ほ第1144号,飲食店営業,令和2年9月15日,令和2年9月15日,令和8年9月30日
5256,東京都世田谷区代田六丁目２９番６号,ハイム池田１Ｆ,ダイタストア　ＤＡＩＴＡ　ＳＴＯＲＥ,ｏｒｃｈａｒｄ株式会社,-,2世保生食ほ第2764号,菓子製造業,令和3年3月25日,令和3年3月25日,令和9年3月31日
5257,東京都世田谷区代田六丁目２９番７号,-,吉田屋,***,3460-9036,4世保生食ほ第1178号,飲食店営業,令和4年11月14日,令和4年11月14日,令和10年11月30日
5258,東京都世田谷区代田六丁目２９番８号,-,玄鮨,***,5453-7789,7世保生食ほ第709号,飲食店営業,令和7年9月1日,令和7年9月1日,令和14年8月31日
5259,東京都世田谷区代田六丁目３４番１８号,プラザＵＳＡ下北沢１Ｆ,Ｄｏｇ　Ｃａｆｅ　ＡＢＣ,株式会社ベテリナリクス,03-6407-1044,3世保生食ほ第2295号,飲食店営業,令和4年3月30日,令和4年3月30日,令和11年3月31日
5260,東京都世田谷区梅丘一丁目２番１０号,-,ファミリーマート小浦世田谷梅丘店,小浦石油株式会社,03-5426-3368,3世保生食ほ第822号,飲食店営業,令和3年7月9日,令和3年7月9日,令和10年7月31日
5261,東京都世田谷区梅丘一丁目４番１３号,-,アートスクウェア　観,有限会社アート・スクウェア,03-5477-6511,4世保生食ほ第1817号,飲食店営業,令和5年3月9日,令和5年3月9日,令和11年3月31日
5262,東京都世田谷区梅丘一丁目９番１１号,梅丘コーポ１Ｆ　１０１号,世田谷磯野,***,5799-7866,31世保生食ほ第2256号,飲食店営業,令和2年2月5日,令和2年2月5日,令和9年2月28日
5263,東京都世田谷区梅丘一丁目９番１１号,梅丘コーポ１０２,大衆酒場ボビオ,ローカルフォーカス合同会社,03-6413-7883,4世保生食ほ第1462号,飲食店営業,令和5年2月22日,令和5年2月22日,令和11年2月28日
5264,東京都世田谷区梅丘一丁目１４番５号,水巻コーポ１階,ＯＮＪ弥栄,株式会社Ｔｏｋｙｏ＆Ｉｎｔｅｒｎａｔｉｏｎａｌ,-,7世保生食ほ第1538号,飲食店営業,令和8年1月26日,令和8年1月26日,令和14年1月31日
5265,東京都世田谷区梅丘一丁目１５番９号,１Ｆ,魚定梅丘売場,***,3428-9940,7世保生食ほ第793号,魚介類販売業,令和7年10月1日,令和7年10月1日,令和14年9月30日
5266,東京都世田谷区梅丘一丁目１５番９号,スペース８８　１Ｆ,串カツ田中　梅ヶ丘店,株式会社ギャラックス,6413-7702,2世保生食ほ第551号,飲食店営業,平成25年6月3日,令和2年7月1日,令和9年6月30日
5267,東京都世田谷区梅丘一丁目１５番１１号,ＴＯＭＯビルＢ１,ｂａｒ　ａｌａ,***,3425-2828,6世保生食ほ第1902号,飲食店営業,令和7年5月1日,令和7年5月1日,令和13年4月30日
5268,東京都世田谷区梅丘一丁目１５番１３号,-,Ｂａｒ　珍品堂＆Ｃｈｉｎｐｉｎ　Ｈｏｕｓｅ,***,03-3420-0039,6世保生食ほ第551号,飲食店営業,令和6年8月1日,令和6年8月1日,令和12年7月31日
5269,東京都世田谷区梅丘一丁目１５番１３号,キクコーポ１０１,十月十日,株式会社トツキトオカ,03-5799-6389,3世保生食ほ第2039号,飲食店営業,令和4年3月14日,令和4年3月14日,令和11年3月31日
5270,東京都世田谷区梅丘一丁目１５番１４号,本通りビルＢ１Ｆ,ｈｍｃ　ｃｏｆｆｅｅ＆ｓａｋｅ,***,-,3世保生食ほ第169号,飲食店営業,令和3年5月7日,令和3年5月7日,令和9年5月31日
5271,東京都世田谷区梅丘一丁目１５番１４号,本通りビルＢ１Ｆ,ｈｍｃ　ｃｏｆｆｅｅ＆ｓａｋｅ,***,-,3世保生食ほ第170号,菓子製造業,令和3年5月7日,令和3年5月7日,令和9年5月31日
5272,東京都世田谷区梅丘一丁目１６番４号,ビバタウンユザワＢ－１,居酒屋　とんぼ,***,-,6世保生食ほ第764号,飲食店営業,令和6年10月1日,令和6年10月1日,令和12年9月30日
5273,東京都世田谷区梅丘一丁目１６番４号,ビバタウン湯沢Ｂ１,ああ星菫派,***,3439-0902,3世保生食ほ第1842号,飲食店営業,令和4年1月1日,令和4年1月1日,令和9年12月31日
5274,東京都世田谷区梅丘一丁目１６番４号,-,クレープ　街の灯,***,03-3439-0902,7世保生食ほ第1722号,飲食店営業,令和8年3月1日,令和8年3月1日,令和14年2月29日
5275,東京都世田谷区梅丘一丁目１６番４号,八木ビル１Ｆ,ｃａｆｅ　ｇｈａｒｂ,***,-,6世保生食ほ第209号,飲食店営業,令和6年6月1日,令和6年6月1日,令和12年5月31日
5276,東京都世田谷区梅丘一丁目１６番６号,１Ｆ,ピッツェリアトニーノ　梅ヶ丘店,株式会社キャメルキッチン,03-6432-6464,5世保生食ほ第1805号,飲食店営業,令和6年3月26日,令和6年3月26日,令和12年3月31日
5277,東京都世田谷区梅丘一丁目１６番６号,１Ｆ,ピッツェリアトニーノ　梅ヶ丘店,株式会社キャメルキッチン,03-6432-6464,5世保生食ほ第1806号,そうざい製造業,令和6年3月26日,令和6年3月26日,令和12年3月31日
5278,東京都世田谷区梅丘一丁目１９番５号,大和ビル１階,燻製工房　ＰＥＲＴＩＣＡ,合同会社ＰＥＲＴＩＣＡ,5799-7285,2世保生食ほ第1881号,飲食店営業,令和2年12月22日,令和2年12月22日,令和9年12月31日
5279,東京都世田谷区梅丘一丁目１９番５号,大和ビル１階,燻製工房　ＰＥＲＴＩＣＡ,合同会社ＰＥＲＴＩＣＡ,5799-7285,2世保生食ほ第1882号,菓子製造業,令和2年12月22日,令和2年12月22日,令和9年12月31日
5280,東京都世田谷区梅丘一丁目１９番５号,大和ビル１階,燻製工房　ＰＥＲＴＩＣＡ,合同会社ＰＥＲＴＩＣＡ,5799-7285,2世保生食ほ第1883号,そうざい製造業,令和2年12月22日,令和2年12月22日,令和9年12月31日
5281,東京都世田谷区梅丘一丁目１９番５号,大和ビル１階,燻製工房　ＰＥＲＴＩＣＡ,合同会社ＰＥＲＴＩＣＡ,5799-7285,2世保生食ほ第2129号,食肉製品製造業,令和3年1月21日,令和3年1月21日,令和9年12月31日
5282,東京都世田谷区梅丘一丁目１９番５号,大和ビル１Ｆ,株式会社Ａ．Ｏ．Ｋ,株式会社Ａ．Ｏ．Ｋ,-,6世保生食ほ第273号,乳製品製造業,令和6年5月21日,令和6年5月21日,令和12年5月31日
5283,東京都世田谷区梅丘一丁目１９番５号,大和ビル１Ｆ,株式会社Ａ．Ｏ．Ｋ,株式会社Ａ．Ｏ．Ｋ,-,6世保生食ほ第276号,菓子製造業,令和6年5月21日,令和6年5月21日,令和12年5月31日
5284,東京都世田谷区梅丘一丁目１９番５号,大和ビル１Ｆ,株式会社Ａ．Ｏ．Ｋ,株式会社Ａ．Ｏ．Ｋ,-,6世保生食ほ第277号,水産製品製造業,令和6年5月21日,令和6年5月21日,令和12年5月31日
5285,東京都世田谷区梅丘一丁目１９番５号,大和ビル１Ｆ,株式会社Ａ．Ｏ．Ｋ,株式会社Ａ．Ｏ．Ｋ,-,6世保生食ほ第278号,そうざい製造業,令和6年5月21日,令和6年5月21日,令和12年5月31日
5286,東京都世田谷区梅丘一丁目１９番６号,Ｋ＆Ｋビル１Ｆ,天冨良かんの,***,3425-2460,7世保生食ほ第668号,飲食店営業,令和7年9月1日,令和7年9月1日,令和14年8月31日
5287,東京都世田谷区梅丘一丁目２０番４号,-,バー　一三,***,3429-7445,4世保生食ほ第1797号,飲食店営業,令和5年4月1日,令和5年4月1日,令和12年3月31日
5288,東京都世田谷区梅丘一丁目２０番７号,-,寿司の美登利総本店,株式会社梅丘寿司の美登利総本店,3429-0066,31世保生食ほ第1633号,飲食店営業,令和元年11月14日,令和元年11月14日,令和8年11月30日
5289,東京都世田谷区梅丘一丁目２０番７号,-,寿司の美登利総本店,株式会社梅丘寿司の美登利総本店,3429-0066,31世保生食ほ第1634号,魚介類販売業,令和元年11月14日,令和元年11月14日,令和8年11月30日
5290,東京都世田谷区梅丘一丁目２１番２号,-,鮨　くぼた,***,-,7世保生食ほ第171号,飲食店営業,令和7年6月1日,令和7年6月1日,令和14年5月31日
5291,東京都世田谷区梅丘一丁目２１番２号,サンクレール的場２階,株式会社クマソバ,株式会社クマソバ,03-5799-4433,3世保生食ほ第939号,そうざい製造業,令和3年8月11日,令和3年8月11日,令和9年8月31日
5292,東京都世田谷区梅丘一丁目２１番２号,サンクレール的場２階,株式会社クマソバ,株式会社クマソバ,03-5799-4433,4世保生食ほ第152号,菓子製造業,令和4年6月16日,令和4年6月16日,令和10年6月30日
5293,東京都世田谷区梅丘一丁目２１番４号,采田ビル１Ｆ,炭火焼肉酒家　牛角　梅ヶ丘店,株式会社ヨナハ,5426-3129,2世保生食ほ第673号,食肉販売業,令和2年7月16日,令和2年7月16日,令和9年7月31日
5294,東京都世田谷区梅丘一丁目２１番４号,采田ビル１Ｆ,炭火焼肉酒家　牛角　梅ヶ丘店,株式会社ヨナハ,5426-3129,5世保生食ほ第1300号,飲食店営業,令和5年12月4日,令和5年12月4日,令和12年12月31日
5295,東京都世田谷区梅丘一丁目２１番７号,地下１階,ロクネコ,***,3439-9939,3世保生食ほ第293号,飲食店営業,平成21年5月1日,令和3年5月1日,令和9年4月30日
5296,東京都世田谷区梅丘一丁目２１番７号,梅丘駅前ビルＢ１－Ａ,スタンドかげん,株式会社ＭＳ＆Ｉ,-,7世保生食ほ第1738号,飲食店営業,令和8年4月1日,令和8年4月1日,令和14年3月31日
5297,東京都世田谷区梅丘一丁目２１番７号,梅ヶ丘駅前ビルＢ１　０６号室,ふじ野,***,-,2世保生食ほ第1015号,飲食店営業,令和2年9月4日,令和2年9月4日,令和8年9月30日
5298,東京都世田谷区梅丘一丁目２１番７号,梅丘駅前ビル地下１階１号,創作中華バル　ＡＲＵ,***,-,3世保生食ほ第231号,飲食店営業,令和3年4月26日,令和3年4月26日,令和9年4月30日
5299,東京都世田谷区梅丘一丁目２１番７号,梅ヶ丘駅前ビル地下１階Ｂ号室,もつ焼き　チェリー,***,03-6432-6565,6世保生食ほ第1750号,飲食店営業,令和7年3月10日,令和7年3月10日,令和13年3月31日
5300,東京都世田谷区梅丘一丁目２１番９号,-,世田谷珈琲游梅ヶ丘店,有限会社明康,3439-6215,4世保生食ほ第976号,飲食店営業,令和4年11月1日,令和4年11月1日,令和10年10月31日
5301,東京都世田谷区梅丘一丁目２１番１１号,-,洒落亭,***,3428-6248,2世保生食ほ第1298号,飲食店営業,昭和45年10月1日,令和2年11月1日,令和8年10月31日
5302,東京都世田谷区梅丘一丁目２２番４号,グローリア初穂梅ヶ丘Ｂ１０２号・右,居酒屋　しみ亭,***,03-5799-6147,7世保生食ほ第245号,飲食店営業,令和7年7月1日,令和7年7月1日,令和13年6月30日
5303,東京都世田谷区梅丘一丁目２２番５号,ナビ梅丘２Ａ,梅ヶ丘ビストロ　くるみ,***,6413-6963,2世保生食ほ第2623号,菓子製造業,令和3年3月19日,令和3年3月19日,令和9年3月31日
5304,東京都世田谷区梅丘一丁目２２番５号,ナビ梅丘２Ａ,梅ヶ丘ビストロ　くるみ,***,6413-6963,2世保生食ほ第2624号,そうざい製造業,令和3年3月19日,令和3年3月19日,令和9年3月31日
5305,東京都世田谷区梅丘一丁目２２番５号,ナビ梅丘２Ａ,梅ヶ丘ビストロ　くるみ,***,6413-6963,6世保生食ほ第867号,飲食店営業,令和6年10月1日,令和6年10月1日,令和12年9月30日
5306,東京都世田谷区梅丘一丁目２２番５号,Ｎａｖｉ２Ｆ－Ｂ,テラス苑,株式会社Ｓｗｅｅｎｙ,-,3世保生食ほ第1088号,飲食店営業,令和3年9月1日,令和3年9月1日,令和10年8月31日
5307,東京都世田谷区梅丘一丁目２２番６号,-,セブンイレブン世田谷梅ヶ丘駅前店,株式会社Ｋ・Ｍ・Ｙ,03-3427-6231,3世保生食ほ第451号,飲食店営業,令和3年6月18日,令和3年6月18日,令和10年6月30日
5308,東京都世田谷区梅丘一丁目２２番７号,-,アルパジョン,株式会社ル・サントノーレ,3439-6226,31世保生食ほ第2499号,菓子製造業,平成25年2月4日,令和2年3月1日,令和9年2月28日
5309,東京都世田谷区梅丘一丁目２２番１０号,-,うなぎ大和田,***,3429-4389,5世保生食ほ第1945号,飲食店営業,令和6年4月15日,令和6年4月15日,令和12年4月30日
5310,東京都世田谷区梅丘一丁目２２番１２号,-,キッチン　南海,***,3425-4022,2世保生食ほ第780号,飲食店営業,平成2年8月14日,令和2年9月1日,令和8年8月31日
5311,東京都世田谷区梅丘一丁目２２番１２号,小泉ビル１Ｆ,ラーメン「ボノボ」,株式会社ＴｈａｎｋｓＷｅｌｌ,03-3428-8837,7世保生食ほ第1465号,飲食店営業,令和8年2月1日,令和8年2月1日,令和15年1月31日
5312,東京都世田谷区梅丘一丁目２２番１２号,Ｂ１Ｆ,ムムム,***,-,7世保生食ほ第1141号,飲食店営業,令和7年12月12日,令和7年12月12日,令和14年12月31日
5313,東京都世田谷区梅丘一丁目２３番４号,一可瀬ビル１Ｆ,Ｉｎｄｉａｎ＆Ｔｈａｉ　Ｆｏｏｄｓ　Ｒｅｓｔａｕｒａｎｔ　ＰＲＡＢＥＳＨ,***,3439-6110,4世保生食ほ第1373号,飲食店営業,令和4年12月1日,令和4年12月1日,令和10年11月30日
5314,東京都世田谷区梅丘一丁目２３番６号,-,そば処　寿美,有限会社寿美,03-3429-3431,4世保生食ほ第1918号,飲食店営業,令和5年3月22日,令和5年3月22日,令和11年3月31日
5315,東京都世田谷区梅丘一丁目２３番７号,-,中升酒店,***,3420-5506,4世保生食ほ第389号,飲食店営業,令和4年7月1日,令和4年7月1日,令和10年6月30日
5316,東京都世田谷区梅丘一丁目２３番７号,広田ビル１Ｆ,萬馬軒　梅ヶ丘店,株式会社ガーデン,6413-7069,31世保生食ほ第2869号,飲食店営業,令和2年3月25日,令和2年3月25日,令和9年3月31日
5317,東京都世田谷区梅丘一丁目２４番４号,車ビル１Ｆ,酒場　とり己,***,03-6413-0333,5世保生食ほ第251号,飲食店営業,令和5年5月23日,令和5年5月23日,令和11年5月31日
5318,東京都世田谷区梅丘一丁目２４番５号,-,ブーランジェリータムラ,株式会社田村洋菓子店,3426-3661,5世保生食ほ第1528号,菓子製造業,令和6年2月1日,令和6年2月1日,令和12年1月31日
5319,東京都世田谷区梅丘一丁目２４番１０号,-,マクドナルド梅ヶ丘駅前店,クォリティフーズ株式会社,5451-7740,31世保生食ほ第2776号,飲食店営業,令和2年3月18日,令和2年3月18日,令和9年3月31日
5320,東京都世田谷区梅丘一丁目２４番１０号,-,マクドナルド梅ヶ丘駅前店,クォリティフーズ株式会社,5451-7740,31世保生食ほ第2777号,菓子製造業,令和2年3月18日,令和2年3月18日,令和9年3月31日
5321,東京都世田谷区梅丘一丁目２４番１０号,-,マクドナルド梅ヶ丘駅前店,クォリティフーズ株式会社,5451-7740,31世保生食ほ第2778号,アイスクリーム類製造業,令和2年3月18日,令和2年3月18日,令和9年3月31日
5322,東京都世田谷区梅丘一丁目２４番１３号,Ｂ１,ｃｏｃｏスタジオ５,***,3428-1787,3世保生食ほ第878号,飲食店営業,令和3年8月20日,令和3年8月20日,令和9年8月31日
5323,東京都世田谷区梅丘一丁目２４番１３号,サンライズ小池１Ｆ,洋風料理店　ＴＡＮＡＫＡ,***,03-6413-0560,4世保生食ほ第914号,飲食店営業,令和4年10月1日,令和4年10月1日,令和10年9月30日
5324,東京都世田谷区梅丘一丁目２４番１３号,アーバン梅丘１Ｆ,から揚げの藤崎商店,株式会社平成ダイニング,03-6413-0232,3世保生食ほ第1695号,飲食店営業,令和3年12月10日,令和3年12月10日,令和9年12月31日
5325,東京都世田谷区梅丘一丁目２４番１４号,フリート梅丘１Ｆ,やきとりの扇屋　世田谷梅丘店,株式会社扇屋東日本,5799-3456,6世保生食ほ第255号,飲食店営業,令和6年6月1日,令和6年6月1日,令和12年5月31日
5326,東京都世田谷区梅丘一丁目２５番２号,-,覚王山フルーツ大福　弁才天　梅ヶ丘店,株式会社ＫＩＮＧＹＯ,6804-2665,2世保生食ほ第2683号,菓子製造業,令和3年3月26日,令和3年3月26日,令和9年3月31日
5327,東京都世田谷区梅丘一丁目２５番２号,-,宝石のようなフルーツタルト　ｔａｒｔｏｔｔｅ梅ヶ丘店,ＢＷコンサルティング株式会社,03-5450-3160,4世保生食ほ第1750号,菓子製造業,令和5年2月22日,令和5年2月22日,令和11年2月28日
5328,東京都世田谷区梅丘一丁目２５番２号,-,宝石のようなフルーツタルト　ｔａｒｔｏｔｔｅ梅ヶ丘店,ＢＷコンサルティング株式会社,03-5450-3160,5世保生食ほ第804号,飲食店営業,令和5年8月28日,令和5年8月28日,令和11年2月28日
5329,東京都世田谷区梅丘一丁目２５番２号,坂田店舗１階,バーカロ　ルーポ,ＨＩＮ株式会社,03-6413-1160,6世保生食ほ第385号,飲食店営業,令和6年6月24日,令和6年6月24日,令和12年6月30日
5330,東京都世田谷区梅丘一丁目２５番３号,ＭＩＮＯビル２０１,Ｂａｒ　Ｇａｒｒｉｓｏｎ,***,6432-6530,2世保生食ほ第760号,飲食店営業,令和2年7月30日,令和2年7月30日,令和8年7月31日
5331,東京都世田谷区梅丘一丁目２５番１４号,コリン・デ・ビョー１Ｆ,中国料理　梅江飯店,株式会社新梅江,3427-7926,4世保生食ほ第797号,飲食店営業,令和4年10月1日,令和4年10月1日,令和10年9月30日
5332,東京都世田谷区梅丘一丁目２５番１４号,コリン・デ・ビューＢ１,カラオケ　ボサノバ,有限会社スタジオディンプ,03-5799-6837,4世保生食ほ第1221号,飲食店営業,令和4年12月1日,令和4年12月1日,令和10年11月30日
5333,東京都世田谷区梅丘一丁目２６番４号,-,勘,***,-,3世保生食ほ第481号,飲食店営業,令和3年6月10日,令和3年6月10日,令和10年6月30日
5334,東京都世田谷区梅丘一丁目２６番４号,原マンション１Ｆ,Ｓｐｉｃｅ　Ｊｈｕｐａｄｉ,ＴＤＳＬ株式会社,03-3425-3434,2世保生食ほ第1856号,飲食店営業,令和2年12月16日,令和2年12月16日,令和8年12月31日
5335,東京都世田谷区梅丘一丁目２６番４号,Ａハウス梅丘,焼鳥酒場鳥久,***,-,4世保生食ほ第1170号,飲食店営業,令和4年10月18日,令和4年10月18日,令和10年10月31日
5336,東京都世田谷区梅丘一丁目２６番４号,原マンション１階北側,ｎｅａＲ食堂,株式会社５０ＦＡＣＴＯＲＹ,03-6413-9696,4世保生食ほ第1730号,飲食店営業,令和5年2月20日,令和5年2月20日,令和12年2月28日
5337,東京都世田谷区梅丘一丁目２６番５号,-,東京餃子楼梅丘店,信徳株式会社,6450-9368,2世保生食ほ第1505号,飲食店営業,令和2年10月30日,令和2年10月30日,令和9年10月31日
5338,東京都世田谷区梅丘一丁目２６番７号,梅ヶ丘プラザビル,もつ焼き　かる小屋　梅ヶ丘店,地域開発ジャパン株式会社,03-6413-1835,6世保生食ほ第1022号,飲食店営業,令和6年11月1日,令和6年11月1日,令和13年10月31日
5339,東京都世田谷区梅丘一丁目２７番９号,-,ラッパルタメント,株式会社アコーダイニング,03-3439-0532,4世保生食ほ第726号,菓子製造業,令和4年8月9日,令和4年8月9日,令和10年8月31日
5340,東京都世田谷区梅丘一丁目２７番９号,-,ラッパルタメント,株式会社アコーダイニング,03-3439-0532,4世保生食ほ第727号,アイスクリーム類製造業,令和4年8月9日,令和4年8月9日,令和10年8月31日
5341,東京都世田谷区梅丘一丁目２７番９号,-,ラッパルタメント,株式会社アコーダイニング,03-3439-0532,4世保生食ほ第728号,そうざい製造業,令和4年8月9日,令和4年8月9日,令和10年8月31日
5342,東京都世田谷区梅丘一丁目２８番５号,１Ｆ,ペ－パ－ム－ン,***,3427-1345,3世保生食ほ第1373号,飲食店営業,令和3年10月13日,令和3年10月13日,令和9年10月31日
5343,東京都世田谷区梅丘一丁目２８番５号,森ビル１Ｆ,ＩＬ　ＭＯＳＴＲＯ,***,03-6413-1202,31世保生食ほ第2209号,飲食店営業,令和2年2月12日,令和2年2月12日,令和9年2月28日
5344,東京都世田谷区梅丘一丁目３１番６号,-,タピオカ　シャンシャン,豊恵株式会社,-,31世保生食ほ第1183号,喫茶店営業,令和元年9月19日,令和元年9月19日,令和8年9月30日
5345,東京都世田谷区梅丘一丁目３１番２１号,-,スターバックスコーヒー　梅ヶ丘駅店,株式会社小田急レストランシステム,03-5799-6875,4世保生食ほ第1979号,飲食店営業,令和5年5月9日,令和5年5月9日,令和12年5月31日
5346,東京都世田谷区梅丘一丁目３１番３１号,-,Ｏｄａｋｙｕ　ＯＸ　梅ヶ丘店,小田急商事株式会社,03-5451-3505,7世保生食ほ第1282号,飲食店営業,令和8年1月1日,令和8年1月1日,令和14年12月31日
5347,東京都世田谷区梅丘一丁目３１番３１号,-,Ｏｄａｋｙｕ　ＯＸ　梅ヶ丘店,小田急商事株式会社,03-5451-3505,7世保生食ほ第1283号,飲食店営業,令和8年1月1日,令和8年1月1日,令和14年12月31日
5348,東京都世田谷区梅丘一丁目３１番３１号,-,Ｏｄａｋｙｕ　ＯＸ　梅ヶ丘店,小田急商事株式会社,03-5451-3505,7世保生食ほ第1284号,食肉販売業,令和8年1月1日,令和8年1月1日,令和14年12月31日
5349,東京都世田谷区梅丘一丁目３１番３１号,-,Ｏｄａｋｙｕ　ＯＸ　梅ヶ丘店,小田急商事株式会社,03-5451-3505,7世保生食ほ第1285号,魚介類販売業,令和8年1月1日,令和8年1月1日,令和14年12月31日
5350,東京都世田谷区梅丘一丁目３３番８号,エクセナーリオ梅ヶ丘００２,ＵＭＥＧＡＯＫＡ　Ｃｏｕｎｔｒｙ　Ｃｌｕｂ　－Ｇｏｌｆ　＆　ＢＡＲ－,合同会社Ｋ１０,-,7世保生食ほ第271号,飲食店営業,令和7年5月27日,令和7年5月27日,令和13年5月31日
5351,東京都世田谷区梅丘一丁目３３番９号,シェ・モア梅ヶ丘１階,松屋　梅ヶ丘店,株式会社松屋フーズ,-,6世保生食ほ第542号,飲食店営業,令和6年8月1日,令和6年8月1日,令和13年7月31日
5352,東京都世田谷区梅丘一丁目３３番１１号,-,ファミリーマート梅ヶ丘駅前店,株式会社春日屋,-,3世保生食ほ第862号,飲食店営業,令和3年7月30日,令和3年7月30日,令和10年7月31日
5353,東京都世田谷区梅丘一丁目３４番１号,-,れんげ食堂Ｔｏｓｈｕ　梅ヶ丘店,オリジン東秀株式会社,03-3426-7381,2世保生食ほ第897号,飲食店営業,平成25年8月14日,令和2年9月1日,令和9年8月31日
5354,東京都世田谷区梅丘一丁目４１番１号,-,サミットストア梅ヶ丘店,サミット株式会社,03-5426-3125,3世保生食ほ第1514号,飲食店営業,令和3年11月15日,令和3年11月15日,令和10年11月30日
5355,東京都世田谷区梅丘一丁目４１番１号,-,サミットストア梅ヶ丘店,サミット株式会社,03-5426-3125,3世保生食ほ第1515号,飲食店営業,令和3年11月15日,令和3年11月15日,令和10年11月30日
5356,東京都世田谷区梅丘一丁目４１番１号,-,サミットストア梅ヶ丘店,サミット株式会社,03-5426-3125,3世保生食ほ第1516号,飲食店営業,令和3年11月15日,令和3年11月15日,令和10年11月30日
5357,東京都世田谷区梅丘一丁目４１番１号,-,サミットストア梅ヶ丘店,サミット株式会社,03-5426-3125,3世保生食ほ第1517号,食肉販売業,令和3年11月15日,令和3年11月15日,令和10年11月30日
5358,東京都世田谷区梅丘一丁目４１番１号,-,サミットストア梅ヶ丘店,サミット株式会社,03-5426-3125,3世保生食ほ第1518号,魚介類販売業,令和3年11月15日,令和3年11月15日,令和10年11月30日
5359,東京都世田谷区梅丘一丁目４１番１号,-,サミットストア梅ヶ丘店,サミット株式会社,03-5426-3125,3世保生食ほ第1519号,魚介類販売業,令和3年11月15日,令和3年11月15日,令和10年11月30日
5360,東京都世田谷区梅丘一丁目４１番１号,-,サミットストア梅ヶ丘店,サミット株式会社,03-5426-3125,3世保生食ほ第1520号,菓子製造業,令和3年11月15日,令和3年11月15日,令和10年11月30日
5361,東京都世田谷区梅丘一丁目４３番３７号,-,ＩＪＯＯＺ自動販売機,ＩＪＯＯＺ株式会社,-,5世保生食ほ第1180号,調理の機能を有する自動販売機により食品を調理し、調理された食品を販売する営業,令和5年10月27日,令和5年10月27日,令和10年10月31日
5362,東京都世田谷区梅丘一丁目４８番２号,-,キッズスマイル世田谷梅丘,株式会社ＬＥＯＣ,03-6413-0642,2世保生食ほ第2682号,飲食店営業,令和3年3月23日,令和3年3月23日,令和10年3月31日
5363,東京都世田谷区梅丘一丁目５９番１３号,シーズ梅ヶ丘地下１階,Ｈｉｂｏｕ,***,-,7世保生食ほ第536号,飲食店営業,令和7年7月25日,令和7年7月25日,令和14年7月31日
5364,東京都世田谷区梅丘一丁目６２番３号,-,大原製麺所,株式会社大原製麺所,3429-5513,3世保生食ほ第846号,麺類製造業,令和3年8月2日,令和3年8月2日,令和9年8月31日
5365,東京都世田谷区梅丘二丁目１番１１号,-,世田谷区立城山小学校内給食室,メリックス株式会社,03-5450-6377,3世保生食ほ第397号,飲食店営業,令和3年5月21日,令和3年5月21日,令和10年5月31日
5366,東京都世田谷区梅丘二丁目８番１３号,１階,Ｆ★Ｅ★Ｐ,合同会社Ｆ．Ｅ．Ｐ,-,7世保生食ほ第600号,飲食店営業,令和7年9月1日,令和7年9月1日,令和13年8月31日
5367,東京都世田谷区梅丘二丁目９番１号,国士舘大学３４号館Ｂ１Ｆ学生食堂,ＥＶＥＲＹＦＯＯＤ（１６０４）事業所,株式会社ＥＶＥＲＹＦＯＯＤ,-,31世保生食ほ第2518号,飲食店営業,令和2年3月2日,令和2年3月2日,令和9年3月31日
5368,東京都世田谷区梅丘二丁目９番１号,３４号館　１０Ｆ,スカイラウンジ　Ｓｔａｒｌｉｇｈｔ,株式会社クラウンスター,-,6世保生食ほ第138号,飲食店営業,令和6年4月30日,令和6年4月30日,令和13年4月30日
5369,東京都世田谷区梅丘二丁目１１番３号,-,ローソン・スリーエフ梅丘ニ丁目店,***,03-5431-1261,6世保生食ほ第599号,飲食店営業,令和6年8月1日,令和6年8月1日,令和13年7月31日
5370,東京都世田谷区梅丘三丁目８番１号,-,世田谷区立世田谷中学校,株式会社東京天竜,03-3420-7173,5世保生食ほ第1976号,飲食店営業,令和6年4月4日,令和6年4月4日,令和13年4月30日
5371,東京都世田谷区梅丘三丁目９番１号,-,世田谷区立山崎小学校,株式会社東洋食品,3420-7341,3世保生食ほ第202号,飲食店営業,令和3年4月26日,令和3年4月26日,令和10年4月30日
5372,東京都世田谷区梅丘三丁目１４番１４号,１Ｆ,ｈｎｎ,***,-,5世保生食ほ第1173号,菓子製造業,令和5年11月14日,令和5年11月14日,令和11年11月30日
5373,東京都世田谷区豪徳寺一丁目１番２号,フキネコテラス,Ｃａｆｅ　こんちぇる,特定非営利活動法人コンチェルティーノ,-,7世保生食ほ第192号,菓子製造業,令和7年5月8日,令和7年5月8日,令和13年5月31日
5374,東京都世田谷区豪徳寺一丁目１番２号,フキネコテラス,Ｃａｆｅ　こんちぇる,特定非営利活動法人コンチェルティーノ,-,7世保生食ほ第442号,飲食店営業,令和7年6月26日,令和7年6月26日,令和14年6月30日
5375,東京都世田谷区豪徳寺一丁目６番３号,スバルハイツ１－Ｂ,豪徳寺　０３,***,-,6世保生食ほ第549号,飲食店営業,令和6年7月25日,令和6年7月25日,令和12年7月31日
5376,東京都世田谷区豪徳寺一丁目７番１２号,-,のんの,***,3420-0390,2世保生食ほ第2786号,飲食店営業,平成21年4月15日,令和3年5月1日,令和9年4月30日
5377,東京都世田谷区豪徳寺一丁目７番１２号,-,佐竜,***,3420-8617,2世保生食ほ第2093号,飲食店営業,令和3年1月19日,令和3年1月19日,令和9年1月31日
5378,東京都世田谷区豪徳寺一丁目８番５号,-,ＲＡＲＡＳＡＮＤ,株式会社アスタラ,-,2世保生食ほ第1778号,飲食店営業,令和2年12月25日,令和2年12月25日,令和9年12月31日
5379,東京都世田谷区豪徳寺一丁目８番５号,-,ＲＡＲＡＳＡＮＤ,株式会社アスタラ,-,2世保生食ほ第1779号,菓子製造業,令和2年12月25日,令和2年12月25日,令和9年12月31日
5380,東京都世田谷区豪徳寺一丁目１３番１５号,ツノダビル１階,三輪亭,株式会社三輪,03-3428-0522,6世保生食ほ第1841号,飲食店営業,令和7年5月1日,令和7年5月1日,令和14年4月30日
5381,東京都世田谷区豪徳寺一丁目１３番１５号,ツノダビル１階,三輪亭,株式会社三輪,03-3428-0522,6世保生食ほ第1842号,食肉販売業,令和7年5月1日,令和7年5月1日,令和14年4月30日
5382,東京都世田谷区豪徳寺一丁目１３番１５号,ツノダビル１階,三輪亭,株式会社三輪,03-3428-0522,6世保生食ほ第1843号,菓子製造業,令和7年5月1日,令和7年5月1日,令和14年4月30日
5383,東京都世田谷区豪徳寺一丁目１３番１５号,ツノダビル１階,三輪亭,株式会社三輪,03-3428-0522,6世保生食ほ第1844号,乳製品製造業,令和7年5月1日,令和7年5月1日,令和14年4月30日
5384,東京都世田谷区豪徳寺一丁目１３番１５号,ツノダビル１階,三輪亭,株式会社三輪,03-3428-0522,6世保生食ほ第1845号,食肉製品製造業,令和7年5月1日,令和7年5月1日,令和14年4月30日
5385,東京都世田谷区豪徳寺一丁目１３番１５号,ツノダビル１階,三輪亭,株式会社三輪,03-3428-0522,6世保生食ほ第1846号,麺類製造業,令和7年5月1日,令和7年5月1日,令和14年4月30日
5386,東京都世田谷区豪徳寺一丁目１３番１５号,ツノダビル１階,三輪亭,株式会社三輪,03-3428-0522,6世保生食ほ第1847号,冷凍食品製造業,令和7年5月1日,令和7年5月1日,令和14年4月30日
5387,東京都世田谷区豪徳寺一丁目１９番４号,-,セブンイレブン世田谷豪徳寺一丁目店,***,03-3420-0611,31世保生食ほ第351号,飲食店営業,令和元年5月22日,令和元年5月22日,令和8年5月31日
5388,東京都世田谷区豪徳寺一丁目１９番４号,-,セブンイレブン世田谷豪徳寺一丁目店,***,03-3420-0611,31世保生食ほ第352号,菓子製造業,令和元年5月22日,令和元年5月22日,令和8年5月31日
5389,東京都世田谷区豪徳寺一丁目２１番５号,ヴィラ・ゴートク１－Ｅ,さくら,***,3439-3977,5世保生食ほ第410号,飲食店営業,令和5年7月1日,令和5年7月1日,令和11年6月30日
5390,東京都世田谷区豪徳寺一丁目２２番２号,サカイビル１階,ラーメン車屋,***,6751-3333,7世保生食ほ第670号,飲食店営業,令和7年9月1日,令和7年9月1日,令和14年8月31日
5391,東京都世田谷区豪徳寺一丁目２２番３号,-,ＦＩＫＡＦＡＢＲＩＫＥＮ,株式会社シャーリック,-,5世保生食ほ第413号,菓子製造業,令和5年8月1日,令和5年8月1日,令和11年7月31日
5392,東京都世田谷区豪徳寺一丁目２２番３号,-,ＦＩＫＡＦＡＢＲＩＫＥＮ,株式会社シャーリック,-,5世保生食ほ第414号,飲食店営業,令和5年8月1日,令和5年8月1日,令和11年7月31日
5393,東京都世田谷区豪徳寺一丁目２２番５号,-,ＡＳＩＡＮ　ＲＥＳＴＡＵＲＡＮＴ　ＢＵＤＤＨＡ,ＴＡＲＡ合同会社,3420-8918,4世保生食ほ第1402号,飲食店営業,令和4年12月1日,令和4年12月1日,令和11年11月30日
5394,東京都世田谷区豪徳寺一丁目２２番５号,１Ｆ,ＢＵＤＤＨＡ　ＦＯＯＤ,ＴＡＲＡ合同会社,3420-8918,4世保生食ほ第1511号,飲食店営業,令和5年1月4日,令和5年1月4日,令和11年1月31日
5395,東京都世田谷区豪徳寺一丁目２２番５号,豪徳寺市場５号室,ＨＯＬＩＣ　ＣＯＬＯＲ　ＤＲＩＮＫＳ,合同会社ＧＡ,03-6804-4695,6世保生食ほ第805号,飲食店営業,令和6年10月1日,令和6年10月1日,令和13年9月30日
5396,東京都世田谷区豪徳寺一丁目２２番５号,-,トラットリア　カインド,***,03-6413-5308,7世保生食ほ第761号,飲食店営業,令和7年10月1日,令和7年10月1日,令和14年9月30日
5397,東京都世田谷区豪徳寺一丁目２２番５号,豪徳寺市場６号,ＨＯＬＩＣ　ＦＯＯＤ　ＬＡＢ,合同会社ＧＡ,03-6804-4695,3世保生食ほ第2428号,菓子製造業,令和4年4月4日,令和4年4月4日,令和11年4月30日
5398,東京都世田谷区豪徳寺一丁目２２番５号,豪徳寺市場６号,ＨＯＬＩＣ　ＦＯＯＤ　ＬＡＢ,合同会社ＧＡ,03-6804-4695,3世保生食ほ第2429号,そうざい製造業,令和4年4月4日,令和4年4月4日,令和11年4月30日
5399,東京都世田谷区豪徳寺一丁目２２番５号,豪徳寺市場６号,ＨＯＬＩＣ　ＦＯＯＤ　ＬＡＢ,合同会社ＧＡ,03-6804-4695,3世保生食ほ第2430号,漬物製造業,令和4年4月4日,令和4年4月4日,令和11年4月30日
5400,東京都世田谷区豪徳寺一丁目２２番６号,村田ビル１Ｆ,墨繪　豪徳寺店,櫻製菓株式会社,6413-9993,2世保生食ほ第1343号,飲食店営業,平成25年10月16日,令和2年11月1日,令和9年10月31日
5401,東京都世田谷区豪徳寺一丁目２２番６号,村田ビル１Ｆ,墨繪　豪徳寺店,櫻製菓株式会社,6413-9993,2世保生食ほ第1344号,菓子製造業,平成25年10月16日,令和2年11月1日,令和9年10月31日
5402,東京都世田谷区豪徳寺一丁目２２番１４号,-,ソラナカ,***,03-5477-6558,31世保生食ほ第2675号,飲食店営業,平成14年4月3日,令和2年5月1日,令和8年4月30日
5403,東京都世田谷区豪徳寺一丁目２２番１４号,-,ソラナカ,***,03-5477-6558,7世保生食ほ第1984号,飲食店営業,令和8年5月1日,令和8年5月1日,令和14年4月30日
5404,東京都世田谷区豪徳寺一丁目２２番１４号,-,鮨　さ々しま,株式会社Ｍｏａｃ,03-6804-4117,5世保生食ほ第1364号,飲食店営業,令和5年12月1日,令和5年12月1日,令和11年11月30日
5405,東京都世田谷区豪徳寺一丁目２３番１２号,見知ビル１Ｆ,ダイニング　然,***,03-3426-3828,2世保生食ほ第2490号,飲食店営業,平成26年3月27日,令和3年4月1日,令和10年3月31日
5406,東京都世田谷区豪徳寺一丁目２３番１２号,ささビル１階,イル　キャンティ　フィレンツェ,株式会社ＦＤＭ,-,6世保生食ほ第1028号,飲食店営業,令和6年11月5日,令和6年11月5日,令和12年11月30日
5407,東京都世田谷区豪徳寺一丁目２３番１６号,-,トップ豪徳寺店,株式会社トップ,3429-4365,7世保生食ほ第1185号,飲食店営業,令和7年12月1日,令和7年12月1日,令和14年8月31日
5408,東京都世田谷区豪徳寺一丁目２３番１６号,-,トップ豪徳寺店,株式会社トップ,3429-4365,7世保生食ほ第1186号,菓子製造業,令和7年12月1日,令和7年12月1日,令和14年8月31日
5409,東京都世田谷区豪徳寺一丁目２３番１６号,-,トップ豪徳寺店,株式会社トップ,3429-4365,7世保生食ほ第1187号,菓子製造業,令和7年12月1日,令和7年12月1日,令和14年8月31日
5410,東京都世田谷区豪徳寺一丁目２３番１６号,-,トップ豪徳寺店,株式会社トップ,3429-4365,7世保生食ほ第673号,飲食店営業,令和7年9月1日,令和7年9月1日,令和14年8月31日
5411,東京都世田谷区豪徳寺一丁目２３番１６号,-,トップ豪徳寺店,株式会社トップ,3429-4365,7世保生食ほ第674号,魚介類販売業,令和7年9月1日,令和7年9月1日,令和14年8月31日
5412,東京都世田谷区豪徳寺一丁目２３番１６号,-,トップ豪徳寺店,株式会社トップ,3706-2129,7世保生食ほ第1188号,食肉販売業,令和7年12月1日,令和7年12月1日,令和14年8月31日
5413,東京都世田谷区豪徳寺一丁目２３番１８号,-,肉のおがわ,有限会社まるとし商店,3425-0298,7世保生食ほ第1962号,飲食店営業,令和8年5月1日,令和8年5月1日,令和14年4月30日
5414,東京都世田谷区豪徳寺一丁目２３番１８号,-,肉のおがわ,有限会社まるとし商店,3425-0298,7世保生食ほ第1963号,食肉販売業,令和8年5月1日,令和8年5月1日,令和14年4月30日
5415,東京都世田谷区豪徳寺一丁目２３番１８号,-,農家レストラン旬世,合同会社ＫＡＫＵＭＥＩ,-,2世保生食ほ第1186号,飲食店営業,令和2年10月9日,令和2年10月9日,令和8年10月31日
5416,東京都世田谷区豪徳寺一丁目２３番２３号,ｃｌｏｃｈｅ豪徳寺１０１,ＦＵＪＩＩ　ＬＡＢＥＬ,***,-,2世保生食ほ第510号,飲食店営業,令和2年8月5日,令和2年8月5日,令和8年8月31日
5417,東京都世田谷区豪徳寺一丁目２３番２３号,ｃｌｏｃｈｅ豪徳寺１０２,Ｗｏｒｋｉｎｇ　ｃａｆｅ　ｈａｌｏ,株式会社ＬＬ　ＭＡＲＫＥＴ,03-6379-1067,2世保生食ほ第1037号,飲食店営業,令和2年9月23日,令和2年9月23日,令和8年9月30日
5418,東京都世田谷区豪徳寺一丁目２３番２３号,ｃｌｏｃｈｅ豪徳寺１０２,Ｗｏｒｋｉｎｇ　ｃａｆｅ　ｈａｌｏ,株式会社ＬＬ　ＭＡＲＫＥＴ,03-6379-1067,2世保生食ほ第1038号,菓子製造業,令和2年9月23日,令和2年9月23日,令和8年9月30日
5419,東京都世田谷区豪徳寺一丁目２３番２４号,上保ビル１階,とん・てん・かん,株式会社うさぎ商店,03-6413-5301,6世保生食ほ第1218号,飲食店営業,令和6年11月22日,令和6年11月22日,令和12年11月30日
5420,東京都世田谷区豪徳寺一丁目２５番６号,-,味膳　麺飯坊,信一株式会社,-,3世保生食ほ第1505号,飲食店営業,令和3年11月15日,令和3年11月15日,令和9年11月30日
5421,東京都世田谷区豪徳寺一丁目３６番３号,-,とんとん,***,5450-1141,2世保生食ほ第555号,飲食店営業,平成14年7月22日,令和2年8月1日,令和8年7月31日
5422,東京都世田谷区豪徳寺一丁目３６番３号,-,ダイヤモンド,***,3420-9499,31世保生食ほ第2884号,飲食店営業,平成26年7月1日,令和2年7月1日,令和8年6月30日
5423,東京都世田谷区豪徳寺一丁目３８番７号,-,東　肥　軒,***,3420-1925,2世保生食ほ第2100号,菓子製造業,平成27年2月12日,令和3年3月1日,令和9年2月28日
5424,東京都世田谷区豪徳寺一丁目３８番９号,大町ビル２Ｆ,ｎｅｕ,株式会社ｎｅｕ,6413-9322,2世保生食ほ第19号,飲食店営業,令和2年4月3日,令和2年4月3日,令和8年4月30日
5425,東京都世田谷区豪徳寺一丁目４１番５号,-,鳥武,***,03-3420-9289,2世保生食ほ第718号,飲食店営業,昭和41年8月17日,令和2年9月1日,令和8年8月31日
5426,東京都世田谷区豪徳寺一丁目４１番５号,-,鳥武,***,03-3420-9289,2世保生食ほ第719号,食肉販売業,昭和50年9月1日,令和2年9月1日,令和8年8月31日
5427,東京都世田谷区豪徳寺一丁目４１番５号,-,煙力　豪徳寺店,株式会社ＶＩＳＩＯＮ　ＭＥＡＴ　ＷＯＲＫＳ,03-6413-5751,4世保生食ほ第1999号,飲食店営業,令和5年4月7日,令和5年4月7日,令和11年4月30日
5428,東京都世田谷区豪徳寺一丁目４２番８号,-,七厘いちわ豪徳寺店,株式会社ＡＮＬＯＯＰ,6413-1110,2世保生食ほ第2677号,飲食店営業,令和3年3月22日,令和3年3月22日,令和9年3月31日
5429,東京都世田谷区豪徳寺一丁目４２番９号,-,石田屋,***,5426-2032,7世保生食ほ第370号,飲食店営業,令和7年8月1日,令和7年8月1日,令和13年7月31日
5430,東京都世田谷区豪徳寺一丁目４２番９号,-,焼とり　焼とん　四文屋,株式会社四文屋城南,03-5799-6667,2世保生食ほ第823号,飲食店営業,平成26年8月27日,令和2年9月1日,令和8年8月31日
5431,東京都世田谷区豪徳寺一丁目４２番１０号,-,日本そば店　近江家,***,03-3429-2606,3世保生食ほ第1536号,飲食店営業,令和3年11月11日,令和3年11月11日,令和9年11月30日
5432,東京都世田谷区豪徳寺一丁目４３番１号,-,とんかつ　国一,***,03-3429-4102,7世保生食ほ第1864号,飲食店営業,令和8年5月1日,令和8年5月1日,令和15年4月30日
5433,東京都世田谷区豪徳寺一丁目４３番２号,-,甘味　おじか,***,3426-7527,31世保生食ほ第2328号,飲食店営業,平成18年3月6日,令和2年4月1日,令和9年3月31日
5434,東京都世田谷区豪徳寺一丁目４３番４号,-,サンマルクカフェ　小田急豪徳寺駅店,株式会社サンマルクカフェ,03-5426-4309,6世保生食ほ第675号,飲食店営業,令和6年9月1日,令和6年9月1日,令和13年8月31日
5435,東京都世田谷区豪徳寺一丁目４３番４号,-,セブンーイレブン小田急豪徳寺店,小田急商事株式会社,0334294411,7世保生食ほ第1537号,飲食店営業,令和8年3月1日,令和8年3月1日,令和15年2月28日
5436,東京都世田谷区豪徳寺一丁目４３番７号,-,ハッケン酒場　豪徳寺駅前店,マルシェ株式会社,5426-2936,5世保生食ほ第576号,飲食店営業,令和5年8月1日,令和5年8月1日,令和12年7月31日
5437,東京都世田谷区豪徳寺一丁目４４番１号,-,日高屋　豪徳寺駅前店,株式会社ハイデイ日高,03-5477-1366,4世保生食ほ第1891号,飲食店営業,令和5年4月1日,令和5年4月1日,令和12年3月31日
5438,東京都世田谷区豪徳寺一丁目４４番５号,-,たまでんカフェ山下,特定非営利活動法人まちこらぼ,5426-3737,4世保生食ほ第759号,飲食店営業,令和4年9月1日,令和4年9月1日,令和10年8月31日
5439,東京都世田谷区豪徳寺一丁目４４番１１号,小田急マルシェ豪徳寺,デニーズ豪徳寺店,株式会社デニーズジャパン,-,31世保生食ほ第2439号,飲食店営業,平成18年3月16日,令和2年4月1日,令和9年3月31日
5440,東京都世田谷区豪徳寺一丁目４４番１１号,高架下１７ブロック,ケンタッキーフライドチキン小田急マルシェ豪徳寺店,日本ケンタッキー・フライド・チキン株式会社,-,7世保生食ほ第1251号,飲食店営業,令和7年12月5日,令和7年12月5日,令和14年12月31日
5441,東京都世田谷区豪徳寺一丁目４５番１号,-,元祖　からあげ天,Ｆ・Ｋ・Ｓカンパニー株式会社,3420-1555,6世保生食ほ第493号,飲食店営業,令和6年8月1日,令和6年8月1日,令和12年7月31日
5442,東京都世田谷区豪徳寺一丁目４５番２号,１Ｆ,さんが,***,3425-6716,4世保生食ほ第1545号,飲食店営業,令和5年2月1日,令和5年2月1日,令和11年1月31日
5443,東京都世田谷区豪徳寺一丁目４５番２号,-,浜口水産　豪徳寺店,株式会社浜口水産,03-6751-2171,3世保生食ほ第743号,水産製品製造業,令和3年7月1日,令和3年7月1日,令和9年6月30日
5444,東京都世田谷区豪徳寺一丁目４５番２号,２Ｆ,Ｋｏｕｓｈｉｎ　Ｆｉｒｍ～茶ＴＥＡ庵～,株式会社Ｙｏｕ　ＲｅａＬ,03-5799-4469,2世保生食ほ第2132号,飲食店営業,令和3年1月28日,令和3年1月28日,令和9年1月31日
5445,東京都世田谷区豪徳寺一丁目４５番３号,２Ｆ,どうしようもない恋の唄,***,-,4世保生食ほ第1644号,飲食店営業,令和5年1月25日,令和5年1月25日,令和11年1月31日
5446,東京都世田谷区豪徳寺一丁目４５番９号,-,㈱室まち,株式会社室まち,3420-7832,31世保生食ほ第2934号,菓子製造業,昭和47年7月22日,令和2年8月1日,令和8年7月31日
5447,東京都世田谷区豪徳寺一丁目４５番９号,-,Ａｔｅｌｉｅｒ　ｄｅ　ｔｅｒｒｉｎｅ　ｍａｉｓｏｎ　ｏｋｅｉ,株式会社ｏｋｅｙ,03-6413-0112,3世保生食ほ第885号,飲食店営業,令和3年8月4日,令和3年8月4日,令和9年8月31日
5448,東京都世田谷区豪徳寺一丁目４５番９号,-,Ａｔｅｌｉｅｒ　ｄｅ　ｔｅｒｒｉｎｅ　ｍａｉｓｏｎ　ｏｋｅｉ,株式会社ｏｋｅｙ,03-6413-0112,3世保生食ほ第886号,そうざい製造業,令和3年8月4日,令和3年8月4日,令和9年8月31日
5449,東京都世田谷区豪徳寺一丁目４５番１０号,１Ｆ,スタジオ豪徳寺,***,-,7世保生食ほ第1262号,飲食店営業,令和8年1月1日,令和8年1月1日,令和13年12月31日
5450,東京都世田谷区豪徳寺一丁目４５番１０号,富士ビル２０３,きたの,株式会社北野,6324-7843,7世保生食ほ第1037号,飲食店営業,令和7年11月1日,令和7年11月1日,令和13年10月31日
5451,東京都世田谷区豪徳寺一丁目４５番１０号,富士ビル１Ｆ,太勇,有限会社陽山,3425-3624,2世保生食ほ第2688号,飲食店営業,令和3年3月18日,令和3年3月18日,令和9年3月31日
5452,東京都世田谷区豪徳寺一丁目４５番１０号,冨士ビル２Ｆ,郷味　豪徳寺店,福源株式会社,03-5799-7041,3世保生食ほ第473号,飲食店営業,令和3年6月9日,令和3年6月9日,令和9年6月30日
5453,東京都世田谷区豪徳寺一丁目４５番１０号,冨士ビル１階,ファミリーマート世田谷山下店,***,5426-2006,6世保生食ほ第707号,飲食店営業,令和6年9月1日,令和6年9月1日,令和13年8月31日
5454,東京都世田谷区豪徳寺一丁目４６番１４号,-,タコスター,***,5477-5311,2世保生食ほ第905号,飲食店営業,平成14年8月28日,令和2年9月1日,令和8年8月31日
5455,東京都世田谷区豪徳寺一丁目４６番１４号,佐久間ビルＢ１,スナック戀,***,03-6432-6316,7世保生食ほ第575号,飲食店営業,令和7年9月1日,令和7年9月1日,令和13年8月31日
5456,東京都世田谷区豪徳寺一丁目４６番１４号,海倖マンション１Ｆ,しおて,***,-,7世保生食ほ第694号,飲食店営業,令和7年10月1日,令和7年10月1日,令和13年9月30日
5457,東京都世田谷区豪徳寺一丁目４６番１５号,豪徳寺レーベル２Ｆ,ＥＱＵＡＬＬＹ,株式会社ＥＱＮＯＴＡ,-,5世保生食ほ第1888号,飲食店営業,令和6年4月8日,令和6年4月8日,令和13年4月30日
5458,東京都世田谷区豪徳寺一丁目４６番１５号,豪徳寺レーベル２Ｆ,ＥＱＵＡＬＬＹ,株式会社ＥＱＮＯＴＡ,-,5世保生食ほ第1889号,菓子製造業,令和6年4月8日,令和6年4月8日,令和13年4月30日
5459,東京都世田谷区豪徳寺一丁目４６番１７号,-,コトリ　ベーカリー,***,-,6世保生食ほ第1388号,飲食店営業,令和7年1月1日,令和7年1月1日,令和12年12月31日
5460,東京都世田谷区豪徳寺一丁目４６番１９号,ビオーレ田中１Ｆ,やきとん　ひなた　豪徳寺店,ひなた株式会社,03-5477-8910,2世保生食ほ第1982号,飲食店営業,令和3年1月19日,令和3年1月19日,令和10年1月31日
5461,東京都世田谷区豪徳寺一丁目４７番８号,-,旬菜魚　いなだ,***,3428-4235,31世保生食ほ第2890号,飲食店営業,平成14年6月6日,令和2年7月1日,令和8年6月30日
5462,東京都世田谷区豪徳寺一丁目５０番１２号,-,ＫＯＢＵ　マルシェ,株式会社ＢＪ２１,-,5世保生食ほ第1279号,飲食店営業,令和5年11月21日,令和5年11月21日,令和11年11月30日
5463,東京都世田谷区豪徳寺一丁目５０番１２号,-,きまかせ,***,-,6世保生食ほ第1325号,飲食店営業,令和6年12月18日,令和6年12月18日,令和12年12月31日
5464,東京都世田谷区豪徳寺一丁目５０番１８号,-,有限会社　冨永精肉店,有限会社冨永精肉店,3420-0973,3世保生食ほ第2136号,飲食店営業,令和4年4月1日,令和4年4月1日,令和10年3月31日
5465,東京都世田谷区豪徳寺一丁目５０番１８号,-,有限会社　冨永精肉店,有限会社冨永精肉店,3420-0973,3世保生食ほ第2137号,食肉販売業,令和4年4月1日,令和4年4月1日,令和10年3月31日
5466,東京都世田谷区豪徳寺一丁目５０番１８号,-,有限会社　冨永精肉店,有限会社冨永精肉店,3420-0973,7世保生食ほ第1080号,食肉製品製造業,令和7年11月20日,令和7年11月20日,令和13年11月30日
5467,東京都世田谷区豪徳寺二丁目１番１０号,-,ｂａｒ＆ｄｉｎｉｎｇ　ｅｍｕ,株式会社創作工房タミール,3420-3022,31世保生食ほ第2213号,飲食店営業,平成25年2月20日,令和2年3月1日,令和9年2月28日
5468,東京都世田谷区豪徳寺二丁目１番１０号,-,ｂａｒ＆ｄｉｎｉｎｇ　ｅｍｕ,株式会社創作工房タミール,3420-3022,31世保生食ほ第2214号,菓子製造業,平成25年2月20日,令和2年3月1日,令和9年2月28日
5469,東京都世田谷区豪徳寺二丁目１８番６号,-,ａｍａｎｅ,株式会社ＡＭＡＮＥ,03-6413-9962,5世保生食ほ第895号,飲食店営業,令和5年10月3日,令和5年10月3日,令和11年10月31日
5470,東京都世田谷区豪徳寺二丁目１８番６号,-,ａｍａｎｅ,株式会社ＡＭＡＮＥ,03-6413-9962,5世保生食ほ第896号,そうざい製造業,令和5年10月3日,令和5年10月3日,令和11年10月31日
5471,東京都世田谷区豪徳寺二丁目２７番８号,-,沖縄県学生寮　沖英寮,有限会社フードスタッフサービス,-,6世保生食ほ第1681号,飲食店営業,令和7年4月1日,令和7年4月1日,令和13年3月31日
5472,東京都世田谷区豪徳寺二丁目２８番３号,-,チャームスイート豪徳寺,エクセル・サポート・サービス株式会社,-,7世保生食ほ第1437号,飲食店営業,令和8年1月6日,令和8年1月6日,令和15年1月31日
5473,東京都世田谷区豪徳寺二丁目２８番１５号,Ｇ－Ｔｏｗｅｒ１Ｆ,ｇ．,大曽根工業株式会社,-,6世保生食ほ第1497号,飲食店営業,令和7年2月3日,令和7年2月3日,令和13年2月28日
5474,東京都世田谷区豪徳寺二丁目３０番１６号,-,旧尾崎テオドラ邸,一般社団法人旧尾崎邸保存プロジェクト,-,5世保生食ほ第1533号,飲食店営業,令和6年1月29日,令和6年1月29日,令和12年1月31日
5475,東京都世田谷区豪徳寺二丁目３１番１０号,アネックス和泉１Ｆ,ローソンストア１００　世田谷豪徳寺店,株式会社ローソンストア１００,0354260199,5世保生食ほ第126号,飲食店営業,令和5年4月26日,令和5年4月26日,令和11年4月30日
5476,東京都世田谷区豪徳寺二丁目３１番１１号,-,丸長中華そば店,***,03-3420-7789,3世保生食ほ第325号,飲食店営業,昭和56年5月7日,令和3年6月1日,令和9年5月31日
5477,東京都世田谷区大原一丁目３番２号,-,珈琲屋　うず,***,-,6世保生食ほ第721号,飲食店営業,令和6年9月12日,令和6年9月12日,令和12年9月30日
5478,東京都世田谷区大原一丁目４番６号,-,世田谷区立下北沢小学校,日本国民食株式会社,03-6872-6300,3世保生食ほ第138号,飲食店営業,令和3年4月27日,令和3年4月27日,令和10年4月30日
5479,東京都世田谷区大原一丁目１７番１２号,-,平野屋ホール,有限会社平野屋葬祭,03-3468-2028,2世保生食ほ第2747号,飲食店営業,平成27年3月30日,令和3年4月1日,令和9年3月31日
5480,東京都世田谷区大原一丁目２４番７号,萩原ビル１Ｆ,Ｒｅｓｔａｕｒａｎｔ　Ｏｓａｍｉ,***,03-6804-7203,2世保生食ほ第659号,飲食店営業,平成26年7月15日,令和2年8月1日,令和8年7月31日
5481,東京都世田谷区大原一丁目２５番４号,エタニティ大原１Ｆ－Ｂ１Ｆ,Ｃａｎｎａ　ｃａｆｅ,株式会社Ｅｆｆｅｃｔｅｒｓ,-,6世保生食ほ第1148号,飲食店営業,令和7年1月1日,令和7年1月1日,令和12年12月31日
5482,東京都世田谷区大原一丁目２７番５号,代田ニューハイツ１Ｆ,ＳｏｕｌＢａｒ　ＤＥＬＩＧＨＴ／ＤＥＬＩＧＨＴ３０００,***,5454-0666,3世保生食ほ第1766号,飲食店営業,令和4年1月1日,令和4年1月1日,令和9年12月31日
5483,東京都世田谷区大原一丁目３４番１８号,大原ＫＹハイツ　３０２,ＳＴＵＤＩＯ　ＴＲＹＢＥＣＣＡ,***,-,6世保生食ほ第1423号,菓子製造業,令和7年1月7日,令和7年1月7日,令和13年1月31日
5484,東京都世田谷区大原一丁目４７番６号,１階,おうちカフェ　南天,***,-,7世保生食ほ第1322号,飲食店営業,令和7年12月11日,令和7年12月11日,令和14年12月31日
5485,東京都世田谷区大原一丁目５９番７号,-,おうちホルモン　かみふく,***,03-4455-7385,4世保生食ほ第456号,飲食店営業,令和4年6月24日,令和4年6月24日,令和10年6月30日
5486,東京都世田谷区大原一丁目５９番７号,-,おうちホルモン　かみふく,***,03-4455-7385,4世保生食ほ第457号,食肉販売業,令和4年6月24日,令和4年6月24日,令和10年6月30日
5487,東京都世田谷区大原二丁目９番１１号,タームハウス１階,ＣＩＧＯＧＮＥ,株式会社トイズ,3328-3545,7世保生食ほ第1089号,飲食店営業,令和7年11月1日,令和7年11月1日,令和13年10月31日
5488,東京都世田谷区大原二丁目９番１１号,タームハウス１階,ＣＩＧＯＧＮＥ,株式会社トイズ,3328-3545,7世保生食ほ第1090号,菓子製造業,令和7年11月1日,令和7年11月1日,令和13年10月31日
5489,東京都世田谷区大原二丁目１３番１６号,-,有限会社　萬来軒製麺工場,有限会社萬来軒製?工場,3321-4548,2世保生食ほ第1105号,麺類製造業,平成2年9月25日,令和2年10月1日,令和8年9月30日
5490,東京都世田谷区大原二丁目１５番１５号,-,茶茶,***,3327-3579,2世保生食ほ第1221号,飲食店営業,平成20年10月31日,令和2年11月1日,令和8年10月31日
5491,東京都世田谷区大原二丁目１７番１１号,-,コント　代田橋店,***,3327-6140,7世保生食ほ第1241号,飲食店営業,令和8年1月1日,令和8年1月1日,令和13年12月31日
5492,東京都世田谷区大原二丁目１７番１２号,-,セブンイレブン世田谷代田橋駅前,***,03-3324-7725,3世保生食ほ第462号,飲食店営業,令和3年6月16日,令和3年6月16日,令和10年6月30日
5493,東京都世田谷区大原二丁目１７番１６号,佐久間店舗１０１,さくら,***,3328-7866,3世保生食ほ第152号,飲食店営業,平成27年5月27日,令和3年6月1日,令和9年5月31日
5494,東京都世田谷区大原二丁目１８番３号,-,炙り＆酒菜　鶏々舎　代田橋店,株式会社ＥＮＳ,3324-5888,7世保生食ほ第350号,飲食店営業,令和7年7月1日,令和7年7月1日,令和13年6月30日
5495,東京都世田谷区大原二丁目２３番１３号,-,キッチン　こあっと,***,3324-8753,7世保生食ほ第816号,飲食店営業,令和7年10月1日,令和7年10月1日,令和13年9月30日
5496,東京都世田谷区大原二丁目２４番２２号,ビューハイツ竹内１－Ａ号,となりのキッチン市原亭,***,5300-1110,2世保生食ほ第1262号,飲食店営業,平成26年10月22日,令和2年11月1日,令和8年10月31日
5497,東京都世田谷区大原二丁目２４番２３号,金子ビル１Ｆ,太陽食堂,株式会社太陽食堂,5376-4650,5世保生食ほ第212号,飲食店営業,令和5年5月24日,令和5年5月24日,令和11年5月31日
5498,東京都世田谷区大原二丁目２６番５号,-,金星,***,3321-2811,3世保生食ほ第1282号,飲食店営業,令和3年11月1日,令和3年11月1日,令和9年10月31日
5499,東京都世田谷区大原二丁目２６番５号,-,ときそば,有限会社エクサ,3321-4866,3世保生食ほ第435号,飲食店営業,令和3年6月4日,令和3年6月4日,令和9年6月30日
5500,東京都世田谷区大原二丁目２６番５号,-,焼き鳥　あづま屋,株式会社Ｃｏｃｏｋａｒａグループ,03-6750-1129,3世保生食ほ第993号,飲食店営業,令和3年9月1日,令和3年9月1日,令和9年8月31日
5501,東京都世田谷区大原二丁目２６番５号,-,串カツ　ジェット,***,-,4世保生食ほ第1143号,飲食店営業,令和4年11月7日,令和4年11月7日,令和10年11月30日
5502,東京都世田谷区大原二丁目２６番５号,-,まんまる食堂,***,-,4世保生食ほ第915号,飲食店営業,令和4年9月1日,令和4年9月1日,令和10年8月31日
5503,東京都世田谷区大原二丁目２６番１０号,-,ローソン代田橋駅北口店,***,3325-3212,4世保生食ほ第1861号,飲食店営業,令和5年3月9日,令和5年3月9日,令和12年3月31日
5504,東京都世田谷区大原二丁目２６番１２号,-,京王ストア代田橋店,株式会社京王ストア,03-3323-3531,7世保生食ほ第1637号,食肉販売業,令和8年3月1日,令和8年3月1日,令和15年2月28日
5505,東京都世田谷区大原二丁目２６番１２号,-,京王ストア代田橋店,株式会社京王ストア,03-3323-3531,7世保生食ほ第1638号,魚介類販売業,令和8年3月1日,令和8年3月1日,令和15年2月28日
5506,東京都世田谷区大原二丁目２６番１２号,-,楽だ。,株式会社ｎｈｍ,3327-8410,5世保生食ほ第1242号,飲食店営業,令和5年11月30日,令和5年11月30日,令和12年11月30日
5507,東京都世田谷区大原二丁目２６番１２号,２Ｆ,㈱京王ストア代田橋店,株式会社京王ストア,03-3323-3531,3世保生食ほ第2154号,飲食店営業,令和4年3月22日,令和4年3月22日,令和11年3月31日
5508,東京都世田谷区大原二丁目２６番１２号,ロイヤルパレス喜正堂Ｂ１,遊び場　ＯＮ　ＴＨＥ　ＳＥＣＯＮＤ,株式会社カジオリジナル,03-6316-6845,2世保生食ほ第2072号,飲食店営業,令和3年1月22日,令和3年1月22日,令和9年1月31日
5509,東京都世田谷区大原二丁目２７番９号,-,ＣＨＵＢＢＹ,ＦＲＡＮＸ有限会社,3324-6684,2世保生食ほ第894号,飲食店営業,平成20年8月15日,令和2年9月1日,令和8年8月31日
5510,東京都世田谷区大原二丁目２７番２９号,メゾン代田橋１Ｆ,スリーコンカフェ　代田橋店,ヒカリフードサービス有限会社,3328-4211,7世保生食ほ第1590号,飲食店営業,令和8年3月1日,令和8年3月1日,令和15年2月28日
5511,東京都世田谷区大原二丁目２７番２９号,メゾン代田橋１Ｆ,スリーコンカフェ　代田橋店,ヒカリフードサービス有限会社,3328-4211,7世保生食ほ第1591号,菓子製造業,令和8年3月1日,令和8年3月1日,令和15年2月28日
5512,東京都世田谷区大原二丁目２７番２９号,メゾン代田橋２０１,アジアン屋台　チャオサイゴン　パリバール,ＢＯＨＯＲＡ合同会社,03-5329-2925,3世保生食ほ第2438号,飲食店営業,令和4年3月31日,令和4年3月31日,令和10年3月31日
5513,東京都世田谷区大原二丁目２７番３０号,ルビコンビル１Ｆ,ＭｉＣＡＲＯ,株式会社ＰＳＩ,-,4世保生食ほ第564号,飲食店営業,令和4年7月13日,令和4年7月13日,令和11年7月31日
5514,東京都世田谷区大原二丁目２７番３１号,-,キッチンオリジン　代田橋店,オリジン東秀株式会社,03-6304-7506,7世保生食ほ第1562号,飲食店営業,令和8年3月1日,令和8年3月1日,令和15年2月28日
5515,東京都世田谷区大原二丁目２７番３２号,メゾンシリウス１Ｆ,みつぼ　代田橋店,有限会社みつぼフーズ,03-4334-7665,5世保生食ほ第1381号,飲食店営業,令和5年12月4日,令和5年12月4日,令和12年12月31日
5516,東京都世田谷区羽根木一丁目１番１４号,-,フィーバー,株式会社ビルド,6304-7899,2世保生食ほ第2710号,飲食店営業,平成21年3月10日,令和3年4月1日,令和9年3月31日
5517,東京都世田谷区羽根木一丁目１番１４号,新代田ビル１Ｆ,ＰＯＯＴＬＥ,株式会社ビルド,6304-7899,3世保生食ほ第1782号,飲食店営業,令和4年1月25日,令和4年1月25日,令和10年1月31日
5518,東京都世田谷区羽根木一丁目２番９号,-,瀧伊,１５１－Ａ－ＲＣ株式会社,3321-1009,3世保生食ほ第821号,飲食店営業,令和3年8月1日,令和3年8月1日,令和9年7月31日
5519,東京都世田谷区羽根木一丁目３番１４号,ウィルテラス新代田,セブンイレブン世田谷新代田駅前店,***,03-5300-5075,3世保生食ほ第484号,飲食店営業,令和3年6月16日,令和3年6月16日,令和10年6月30日
5520,東京都世田谷区羽根木一丁目４番１８号,-,Ｄａｉｔａｌｉａ,Ａｅｒｏｐｏｒｔｏ株式会社,03-6897-2939,6世保生食ほ第1654号,飲食店営業,令和7年4月1日,令和7年4月1日,令和13年3月31日
5521,東京都世田谷区羽根木一丁目６番１４号,-,環七バー,***,3327-0579,5世保生食ほ第1424号,飲食店営業,令和6年1月1日,令和6年1月1日,令和11年12月31日
5522,東京都世田谷区羽根木一丁目１０番１０号,-,寿屋豆富店,***,3328-4318,7世保生食ほ第1819号,豆腐製造業,令和8年4月1日,令和8年4月1日,令和15年3月31日
5523,東京都世田谷区羽根木一丁目１９番１９号,羽根木インターナショナルガーデンハウスＣ棟,ディア・ドーナツ,合同会社ディア・ドーナツ,03-6265-7608,31世保生食ほ第2811号,菓子製造業,令和2年4月6日,令和2年4月6日,令和8年4月30日
5524,東京都世田谷区羽根木一丁目１９番１９号,羽根木インターナショナルガーデンハウスＣ棟,ディア・ドーナツ,合同会社ディア・ドーナツ,03-6265-7608,31世保生食ほ第2812号,喫茶店営業,令和2年4月6日,令和2年4月6日,令和8年4月30日
5525,東京都世田谷区羽根木一丁目１９番２０号,Ａ０１棟,羽根木　Ａ?ｒｉａｎ　,***,-,4世保生食ほ第146号,飲食店営業,令和4年7月8日,令和4年7月8日,令和10年7月31日
5526,東京都世田谷区羽根木一丁目１９番２０号,Ａ０１棟,羽根木　Ａ?ｒｉａｎ　,***,-,4世保生食ほ第147号,菓子製造業,令和4年7月8日,令和4年7月8日,令和10年7月31日
5527,東京都世田谷区羽根木一丁目２１番２４号,亀甲新い５２,ｋｉｔｃｈｅｎ　ａｎｄ　ＣＵＲＲＹ,合同会社ａｎｄ　ＣＵＲＲＹ,03-6304-7784,4世保生食ほ第1811号,飲食店営業,令和5年3月2日,令和5年3月2日,令和11年3月31日
5528,東京都世田谷区羽根木一丁目２１番２４号,亀甲新い５２,ｋｉｔｃｈｅｎ　ａｎｄ　ＣＵＲＲＹ,合同会社ａｎｄ　ＣＵＲＲＹ,03-6304-7784,5世保生食ほ第466号,そうざい製造業,令和5年6月26日,令和5年6月26日,令和11年6月30日
5529,東京都世田谷区羽根木一丁目３１番１８号,１階,ｅｍｐｏｒｔｅｒ（アンポルテ）,***,6413-0207,2世保生食ほ第1823号,飲食店営業,平成25年12月26日,令和3年1月1日,令和9年12月31日
5530,東京都世田谷区羽根木一丁目３１番１８号,１階,ｅｍｐｏｒｔｅｒ（アンポルテ）,***,6413-0207,2世保生食ほ第1824号,菓子製造業,平成25年12月26日,令和3年1月1日,令和9年12月31日
5531,東京都世田谷区羽根木二丁目４番１５号,-,セブンーイレブン羽根木２丁目店,有限会社中野屋,-,31世保生食ほ第748号,飲食店営業,平成17年7月22日,令和元年8月1日,令和8年7月31日
5532,東京都世田谷区羽根木二丁目５番１３号,-,ガラード,スタークルー有限会社,03-5355-1330,2世保生食ほ第422号,飲食店営業,令和2年6月22日,令和2年6月22日,令和9年6月30日
5533,東京都世田谷区羽根木二丁目５番１３号,-,ガラード,スタークルー有限会社,03-5355-1330,2世保生食ほ第423号,菓子製造業,令和2年6月22日,令和2年6月22日,令和9年6月30日
5534,東京都世田谷区羽根木二丁目５番１６号,-,サブリ,プレック株式会社,03-5432-9820,5世保生食ほ第898号,飲食店営業,令和5年9月20日,令和5年9月20日,令和11年9月30日
5535,東京都世田谷区羽根木二丁目５番１６号,-,サブリ,プレック株式会社,03-5432-9820,5世保生食ほ第899号,菓子製造業,令和5年9月20日,令和5年9月20日,令和11年9月30日
5536,東京都世田谷区羽根木二丁目５番１６号,-,サブリ,プレック株式会社,03-5432-9820,5世保生食ほ第900号,そうざい製造業,令和5年9月20日,令和5年9月20日,令和11年9月30日
5537,東京都世田谷区羽根木二丁目５番２４号,アーバン羽根木１Ｆ,Ｌｉｔｔｌｅ　Ｓｔｏｒｅｈｏｕｓｅ,***,-,5世保生食ほ第634号,飲食店営業,令和5年7月27日,令和5年7月27日,令和11年7月31日
5538,東京都世田谷区羽根木二丁目１９番８号,-,代田橋　魚,***,3328-0227,2世保生食ほ第1983号,魚介類販売業,平成19年1月19日,令和3年2月1日,令和10年1月31日
5539,東京都世田谷区羽根木二丁目３３番１５号,-,セブンイレブン　世田谷羽根木店,株式会社福寿,03-5376-2207,3世保生食ほ第455号,飲食店営業,令和3年6月16日,令和3年6月16日,令和10年6月30日
5540,東京都世田谷区羽根木二丁目３５番１号,-,千寿,***,3322-1199,4世保生食ほ第1581号,飲食店営業,令和5年1月25日,令和5年1月25日,令和12年1月31日
5541,東京都世田谷区松原一丁目３２番１０号,-,Ｐｅｔｉｔｅ　Ｐａｔｉｓｓｅｒｉｅ　ＹＵＫＩ,有限会社五十嵐商店,03-3321-3549,4世保生食ほ第1041号,飲食店営業,令和4年10月21日,令和4年10月21日,令和11年10月31日
5542,東京都世田谷区松原一丁目３２番１０号,-,Ｐｅｔｉｔｅ　Ｐａｔｉｓｓｅｒｉｅ　ＹＵＫＩ,有限会社五十嵐商店,03-3321-3549,4世保生食ほ第1042号,菓子製造業,令和4年10月21日,令和4年10月21日,令和11年10月31日
5543,東京都世田谷区松原一丁目３２番１１号,-,くろかん,株式会社くろかん,03-6379-3033,2世保生食ほ第23号,飲食店営業,令和2年4月7日,令和2年4月7日,令和8年4月30日
5544,東京都世田谷区松原一丁目３２番１１号,-,くろかん,株式会社くろかん,03-6379-3033,7世保生食ほ第1978号,飲食店営業,令和8年5月1日,令和8年5月1日,令和14年4月30日
5545,東京都世田谷区松原一丁目３６番７号,２Ｆ,ＳＡＮＤＹ　Ｂｅｅｔ,城西土地建物株式会社,3323-8151,2世保生食ほ第1958号,飲食店営業,昭和49年12月17日,令和3年1月1日,令和8年12月31日
5546,東京都世田谷区松原一丁目３６番７号,２Ｆ,ＳＡＮＤＹ　Ｂｅｅｔ,城西土地建物株式会社,3323-8151,3世保生食ほ第280号,菓子製造業,平成27年4月3日,令和3年5月1日,令和8年12月31日
5547,東京都世田谷区松原一丁目３６番７号,明大前ビル２階,香港亭　明大前店,興帆合同会社,5355-1787,31世保生食ほ第807号,飲食店営業,平成24年8月27日,令和元年9月1日,令和8年8月31日
5548,東京都世田谷区松原一丁目３６番７号,東京日石オートガス明大前ビル３階,ＳｈｉｓｈａＣａｆｅ＆Ｂａｒ　ＧＯＯＮｉｅｓ,株式会社Ｕｎｂｉｒｔｈｄａｙ,-,3世保生食ほ第790号,飲食店営業,令和3年7月5日,令和3年7月5日,令和9年7月31日
5549,東京都世田谷区松原一丁目３６番７号,ＴＲＮ明大前１階,松屋・松のや・マイカリー食堂　明大前店,株式会社松屋フーズ,-,5世保生食ほ第477号,飲食店営業,令和5年7月31日,令和5年7月31日,令和12年7月31日
5550,東京都世田谷区松原一丁目３６番８号,鈴木ビル１Ｆ,油そば春日亭,株式会社春日グループ,5376-4655,5世保生食ほ第1518号,飲食店営業,令和6年2月1日,令和6年2月1日,令和12年1月31日
5551,東京都世田谷区松原一丁目３６番８号,ＳＨビル１階,田中そば店　明大前店,株式会社ＧＭＳ,03-6379-5220,30世保生食ほ第2484号,飲食店営業,令和元年5月22日,令和元年5月22日,令和8年5月31日
5552,東京都世田谷区松原一丁目３６番８号,ＳＨビル１階,背脂醤油ラーメン　京都　左京,株式会社堀本商事,6304-7370,2世保生食ほ第1364号,飲食店営業,令和2年10月13日,令和2年10月13日,令和9年10月31日
5553,東京都世田谷区松原一丁目３６番８号,ＳＨビル１階,辛麺屋　桝元　明大前駅店,株式会社桝元,03-6265-8577,6世保生食ほ第189号,飲食店営業,令和6年5月13日,令和6年5月13日,令和13年5月31日
5554,東京都世田谷区松原一丁目３６番９号,白川ビル２階,明大前　もつ焼きパラダイス富士,株式会社Ｍｏｕｎｔａｉｎ　Ｂｕｌｌ,03-3327-0030,3世保生食ほ第387号,飲食店営業,平成26年5月9日,令和3年6月1日,令和10年5月31日
5555,東京都世田谷区松原一丁目３６番９号,第２ＭＫビルＢ１Ｆ,牛角　明大前店,株式会社ヨナハ,03-3324-4129,2世保生食ほ第672号,食肉販売業,令和2年7月20日,令和2年7月20日,令和8年7月31日
5556,東京都世田谷区松原一丁目３６番９号,第２ＭＫビルＢ１Ｆ,牛角　明大前店,株式会社ヨナハ,03-3324-4129,4世保生食ほ第1506号,飲食店営業,令和5年1月1日,令和5年1月1日,令和10年12月31日
5557,東京都世田谷区松原一丁目３６番１０号,-,明大前肉流通センター,株式会社ＴＷＥＮＴＹ　ＮＩＮＥ,03-6379-2989,31世保生食ほ第664号,飲食店営業,令和元年7月3日,令和元年7月3日,令和8年7月31日
5558,東京都世田谷区松原一丁目３６番１１号,-,マーメイド　コーヒー,株式会社ア・グッド・ダイナー,-,3世保生食ほ第1634号,飲食店営業,令和3年11月30日,令和3年11月30日,令和9年11月30日
5559,東京都世田谷区松原一丁目３７番１３号,竹内ビル,焼肉ユーミン,株式会社ア・グッド・ダイナー,-,6世保生食ほ第1241号,飲食店営業,令和6年12月2日,令和6年12月2日,令和13年12月31日
5560,東京都世田谷区松原一丁目３７番１４号,-,ＭＯＤＥＲＮ　ＪＡＺＺ茶房　マイルス,***,-,7世保生食ほ第142号,飲食店営業,令和7年6月1日,令和7年6月1日,令和13年5月31日
5561,東京都世田谷区松原一丁目３７番１６号,-,カラオケ　バンバン　明大前店,株式会社シン・コーポレーション,-,3世保生食ほ第83号,飲食店営業,平成21年5月19日,令和3年6月1日,令和9年5月31日
5562,東京都世田谷区松原一丁目３７番１６号,-,８ＰＬＡＣＥ　Ｔｈｅ　Ｋｉｔｃｈｅｎ＆Ｂａｒ明大前,***,6379-2260,31世保生食ほ第2970号,飲食店営業,令和2年4月16日,令和2年4月16日,令和8年4月30日
5563,東京都世田谷区松原一丁目３７番１７号,米沢ビル,大福寿司,有限会社ダイフク・フーズ,03-5300-1841,31世保生食ほ第2930号,飲食店営業,平成14年5月29日,令和2年6月1日,令和8年5月31日
5564,東京都世田谷区松原一丁目３７番１７号,米沢ビル２階,ほっとステーション明大前店,***,03-5301-8844,6世保生食ほ第552号,飲食店営業,令和6年8月1日,令和6年8月1日,令和12年7月31日
5565,東京都世田谷区松原一丁目３７番１７号,-,ＴＨＡＩ　ＡＮＤ　ＩＮＤＩＡＮ　ＲＥＳＴＡＵＲＡＮＴ　ＫＯＨＩＮＯＯＲ,ＧＡＵＲＩ　ＳＨＡＮＫＥＲ　ＴＲＡＤＩＮＧ　ＣＯ株式会社,03-3327-6826,31世保生食ほ第2720号,飲食店営業,令和2年3月24日,令和2年3月24日,令和9年3月31日
5566,東京都世田谷区松原一丁目３７番１７号,米沢ビル１０１,ハイチャイナセカンド,株式会社うおんちゅう,03-6687-5601,5世保生食ほ第946号,飲食店営業,令和5年9月28日,令和5年9月28日,令和12年9月30日
5567,東京都世田谷区松原一丁目３７番１７号,米沢ビル２０１,かくれ華,有限会社四季の串揚げかくれん坊,-,7世保生食ほ第1457号,飲食店営業,令和8年1月14日,令和8年1月14日,令和14年1月31日
5568,東京都世田谷区松原一丁目３７番１８号,装和ビル１Ｆ２Ｆ,がブリチキン。　明大前店,有限会社サンビシット,03-5329-2129,5世保生食ほ第679号,飲食店営業,令和5年9月1日,令和5年9月1日,令和12年8月31日
5569,東京都世田谷区松原一丁目３７番１９号,-,セブンイレブン明大前すずらん通り店,***,3321-3015,3世保生食ほ第458号,飲食店営業,令和3年6月17日,令和3年6月17日,令和10年6月30日
5570,東京都世田谷区松原一丁目３７番２０号,会田ビル　１Ｆ,伝説のすた丼屋　明大前店,株式会社アントワークス,3327-8339,3世保生食ほ第1114号,飲食店営業,令和3年10月1日,令和3年10月1日,令和10年9月30日
5571,東京都世田谷区松原一丁目３７番２０号,会田ビル２Ｆ,やきとり　すみれ明大前,株式会社エムリー,5355-6272,7世保生食ほ第917号,飲食店営業,令和7年10月1日,令和7年10月1日,令和14年9月30日
5572,東京都世田谷区松原一丁目３７番２０号,川久保ビル１階,鉄板焼どらきち,株式会社Ｂｃｒａｚｙ,03-6304-3912,5世保生食ほ第325号,飲食店営業,令和5年5月31日,令和5年5月31日,令和12年5月31日
5573,東京都世田谷区松原一丁目３７番２０号,川久保ビル１階,鉄板焼どらきち,株式会社いちえもん,03-6304-3912,5世保生食ほ第1301号,飲食店営業,令和5年11月16日,令和5年11月16日,令和12年11月30日
5574,東京都世田谷区松原一丁目３７番２０号,川久保ビル１階,カレーハウスＣＯＣＯ壱番屋　京王明大前店,株式会社壱番屋,-,7世保生食ほ第104号,飲食店営業,令和7年5月26日,令和7年5月26日,令和14年5月31日
5575,東京都世田谷区松原一丁目３７番２０号,会田ビル１階,伝説のすた丼屋　明大前店,***,03-3327-8339,7世保生食ほ第1707号,飲食店営業,令和8年2月26日,令和8年2月26日,令和15年2月28日
5576,東京都世田谷区松原一丁目３８番３号,山本ビル２０１,インドレストラン　コーヒヌール,ＧＡＵＲＩ　ＳＨＡＮＫＥＲ　ＴＲＡＤＩＮＧ　ＣＯ株式会社,3327-6826,2世保生食ほ第1469号,飲食店営業,平成25年10月23日,令和2年11月1日,令和9年10月31日
5577,東京都世田谷区松原一丁目３８番３号,戸谷ビル１Ｆ,ｖｉｖｏ　ｄａｉｌｙ　ｓｔａｎｄ　明大前店,ＶＩＶＯ　ＰＲＯＤＵＣＴＩＯＮ　ＴＯＫＹＯ株式会社,-,3世保生食ほ第1374号,飲食店営業,令和3年10月26日,令和3年10月26日,令和10年10月31日
5578,東京都世田谷区松原一丁目３８番３号,山本ビル１０２号,台湾まぜそば　麺屋こころ　明大前店,株式会社大谷建装,03-6379-1030,7世保生食ほ第849号,飲食店営業,令和7年10月6日,令和7年10月6日,令和14年10月31日
5579,東京都世田谷区松原一丁目３８番４号,第５６東京ビル１Ｆ,野家　明大前店,株式会社野家,5355-3912,31世保生食ほ第1686号,飲食店営業,平成24年11月27日,令和元年12月1日,令和8年11月30日
5580,東京都世田谷区松原一丁目３８番４号,第５６東京ビルＢ１Ｆ,とり鉄　明大前店,アスラポート株式会社,03-6379-0505,6世保生食ほ第36号,飲食店営業,令和6年4月17日,令和6年4月17日,令和13年4月30日
5581,東京都世田谷区松原一丁目３８番８号,-,極味家,株式会社ジョイフード,-,5世保生食ほ第1038号,飲食店営業,令和5年10月5日,令和5年10月5日,令和12年10月31日
5582,東京都世田谷区松原一丁目３８番９号,-,相州屋,***,3328-2456,6世保生食ほ第761号,飲食店営業,令和6年10月1日,令和6年10月1日,令和12年9月30日
5583,東京都世田谷区松原一丁目３８番９号,-,明大前　Ｂｕｔｔｏｂｉ,株式会社眞見便利軒,-,7世保生食ほ第468号,飲食店営業,令和7年7月9日,令和7年7月9日,令和13年7月31日
5584,東京都世田谷区松原一丁目３８番１０号,アリエスカネコビルＢ１Ｆ,炭火焼肉酒房　あぶり,***,6379-5597,6世保生食ほ第1876号,飲食店営業,令和7年4月1日,令和7年4月1日,令和13年3月31日
5585,東京都世田谷区松原一丁目３８番１０号,-,ガスト　明大前北口店,株式会社すかいらーくレストランツ,03-5355-0616,6世保生食ほ第590号,飲食店営業,令和6年9月1日,令和6年9月1日,令和13年8月31日
5586,東京都世田谷区松原一丁目３８番１０号,アリエスカネコ２階２Ａ号,バー　クニ,***,3324-2004,7世保生食ほ第1000号,飲食店営業,令和7年12月1日,令和7年12月1日,令和13年11月30日
5587,東京都世田谷区松原一丁目３８番１５号,竹内ビル１Ｆ,盛華ら～めん,***,3324-6009,31世保生食ほ第2168号,飲食店営業,平成18年3月1日,令和2年3月1日,令和9年2月28日
5588,東京都世田谷区松原一丁目３８番１５号,竹内ビル１Ｆ,祭り茶屋　ゆうやけ　こやけ,***,3324-9187,2世保生食ほ第1446号,飲食店営業,平成4年11月25日,令和2年12月1日,令和8年11月30日
5589,東京都世田谷区松原一丁目３８番１６号,-,ファミリーマート明大前店,株式会社春日屋,5329-5477,4世保生食ほ第1995号,飲食店営業,令和5年5月1日,令和5年5月1日,令和12年4月30日
5590,東京都世田谷区松原一丁目３８番１９号,-,つけ大王,***,3325-1565,3世保生食ほ第761号,飲食店営業,令和3年7月7日,令和3年7月7日,令和9年7月31日
5591,東京都世田谷区松原一丁目４０番４号,-,ウコン・オアシス・２,***,3328-2240,3世保生食ほ第1981号,飲食店営業,令和4年2月1日,令和4年2月1日,令和10年1月31日
5592,東京都世田谷区松原一丁目４５番１０号,７ｂ,リノスペｋｉｔｃｈｅｎ明大前,リノスぺ株式会社,-,6世保生食ほ第1204号,飲食店営業,令和6年11月20日,令和6年11月20日,令和12年11月30日
5593,東京都世田谷区松原一丁目４５番１０号,７ｂ,リノスペｋｉｔｃｈｅｎ明大前,リノスぺ株式会社,-,6世保生食ほ第1205号,菓子製造業,令和6年11月20日,令和6年11月20日,令和12年11月30日
5594,東京都世田谷区松原一丁目４５番１０号,７ｂ,リノスペｋｉｔｃｈｅｎ明大前,リノスぺ株式会社,-,6世保生食ほ第1206号,そうざい製造業,令和6年11月20日,令和6年11月20日,令和12年11月30日
5595,東京都世田谷区松原一丁目４７番８号,-,ＦＯＯＤ＆ＢＡＲ　おおつか,***,3322-5927,31世保生食ほ第2796号,飲食店営業,平成14年5月7日,令和2年6月1日,令和8年5月31日
5596,東京都世田谷区松原一丁目５６番２６号,タウンハイツ松原１０２,アボカド屋マドッシュゴー明大前,株式会社ＡＶＯＣＡＤＯ　ＰＯＷＥＲ　ＣＯＭＰＡＮＹ,-,2世保生食ほ第1991号,飲食店営業,令和3年1月12日,令和3年1月12日,令和9年1月31日
5597,東京都世田谷区松原二丁目５番３号,-,有限会社　キッチンスタジオ　タイム,有限会社キッチンスタジオ　タイム,03-3327-8528,3世保生食ほ第2116号,飲食店営業,令和4年3月8日,令和4年3月8日,令和10年3月31日
5598,東京都世田谷区松原二丁目７番３４号,-,学校法人日本学園　日本学園中学校・高等学校,ジャパンウェルネス株式会社,-,7世保生食ほ第689号,飲食店営業,令和7年8月20日,令和7年8月20日,令和14年8月31日
5599,東京都世田谷区松原二丁目１３番１０号,松原ビル１０１、１０２,かさねや　梅ヶ丘店／肉メシドットコム　梅ヶ丘店,株式会社ＳＢＩＣ,03-6379-0520,3世保生食ほ第98号,飲食店営業,令和3年5月6日,令和3年5月6日,令和10年5月31日
5600,東京都世田谷区松原二丁目２２番１３号,山晴第２ビル１Ｆ,ローソン明大前駅南店,***,03-5376-8333,6世保生食ほ第1803号,飲食店営業,令和7年4月1日,令和7年4月1日,令和14年3月31日
5601,東京都世田谷区松原二丁目２７番１４号,-,ガスト　明大前店,株式会社すかいらーくレストランツ,03-5355-6791,2世保生食ほ第1328号,飲食店営業,平成11年11月1日,令和2年11月1日,令和9年10月31日
5602,東京都世田谷区松原二丁目２７番１４号,山晴ビル１階・Ｂ１,はなの舞　明大前店,株式会社ドンキー,5355-3656,31世保生食ほ第2713号,飲食店営業,平成25年5月31日,令和2年6月1日,令和9年5月31日
5603,東京都世田谷区松原二丁目２８番１８号,カームマツバラ１０２号,ＧＯＨＡＣＨＩ,***,3324-9407,2世保生食ほ第1388号,飲食店営業,令和2年11月10日,令和2年11月10日,令和8年11月30日
5604,東京都世田谷区松原二丁目２８番２０号,地下１階東部分,酒兎,株式会社ＣＩＥ研究所,-,2世保生食ほ第1483号,飲食店営業,令和2年12月3日,令和2年12月3日,令和9年12月31日
5605,東京都世田谷区松原二丁目２９番１７号,ルミナス松原１０２,バッカス,***,03-3325-3090,7世保生食ほ第707号,飲食店営業,令和7年9月19日,令和7年9月19日,令和13年9月30日
5606,東京都世田谷区松原二丁目３５番１２号,ユニーブル明大前１０１,セブンイレブン世田谷松原店,***,3321-5818,3世保生食ほ第544号,飲食店営業,令和3年6月17日,令和3年6月17日,令和10年6月30日
5607,東京都世田谷区松原二丁目３５番１５号,-,スーパーバリューロピア松原店,株式会社スーパーバリュー,03-6304-7352,31世保生食ほ第517号,飲食店営業,令和元年7月3日,令和元年7月3日,令和8年7月31日
5608,東京都世田谷区松原二丁目３５番１５号,-,スーパーバリューロピア松原店,株式会社スーパーバリュー,03-6304-7352,31世保生食ほ第518号,飲食店営業,令和元年7月3日,令和元年7月3日,令和8年7月31日
5609,東京都世田谷区松原二丁目３５番１５号,-,スーパーバリューロピア松原店,株式会社スーパーバリュー,03-6304-7352,31世保生食ほ第519号,飲食店営業,令和元年7月3日,令和元年7月3日,令和8年7月31日
5610,東京都世田谷区松原二丁目３５番１５号,-,スーパーバリューロピア松原店,株式会社スーパーバリュー,03-6304-7352,31世保生食ほ第520号,飲食店営業,令和元年7月3日,令和元年7月3日,令和8年7月31日
5611,東京都世田谷区松原二丁目３５番１５号,-,スーパーバリューロピア松原店,株式会社スーパーバリュー,03-6304-7352,31世保生食ほ第521号,菓子製造業,令和元年7月3日,令和元年7月3日,令和8年7月31日
5612,東京都世田谷区松原二丁目３５番１５号,-,スーパーバリューロピア松原店,株式会社スーパーバリュー,03-6304-7352,31世保生食ほ第522号,菓子製造業,令和元年7月3日,令和元年7月3日,令和8年7月31日
5613,東京都世田谷区松原二丁目３５番１５号,-,スーパーバリューロピア松原店,株式会社スーパーバリュー,03-6304-7352,31世保生食ほ第524号,食肉販売業,令和元年7月3日,令和元年7月3日,令和8年7月31日
5614,東京都世田谷区松原二丁目３５番１５号,-,スーパーバリューロピア松原店,株式会社スーパーバリュー,03-6304-7352,31世保生食ほ第525号,魚介類販売業,令和元年7月3日,令和元年7月3日,令和8年7月31日
5615,東京都世田谷区松原二丁目３９番１２号,明大前林屋ビルディングＢ１Ｆ,ｈｉｃｏｔｔｏ,***,6379-2277,5世保生食ほ第1088号,飲食店営業,令和5年11月1日,令和5年11月1日,令和11年10月31日
5616,東京都世田谷区松原二丁目３９番１４号,-,花見煎餅　吾妻屋,***,3328-8888,7世保生食ほ第625号,菓子製造業,令和7年9月1日,令和7年9月1日,令和13年8月31日
5617,東京都世田谷区松原二丁目３９番１５号,-,ＫＩＧＡＲＵ,株式会社ＫＩＧＡＲＵ,6326-8173,6世保生食ほ第1684号,飲食店営業,令和7年3月1日,令和7年3月1日,令和13年2月28日
5618,東京都世田谷区松原二丁目３９番１５号,ライオンズプラザ１Ｆ,鶏唐専門　とりねこ,***,-,4世保生食ほ第810号,飲食店営業,令和4年8月18日,令和4年8月18日,令和10年8月31日
5619,東京都世田谷区松原二丁目４１番５号,-,宮古,***,03-3325-9735,2世保生食ほ第2823号,飲食店営業,平成6年4月8日,令和3年5月1日,令和9年4月30日
5620,東京都世田谷区松原二丁目４２番１号,-,川島屋宝寿司,有限会社小山商事,3322-0581,3世保生食ほ第1641号,飲食店営業,令和4年1月1日,令和4年1月1日,令和9年12月31日
5621,東京都世田谷区松原二丁目４２番２号,-,スナック　Ｘ,***,-,2世保生食ほ第1447号,飲食店営業,令和2年11月4日,令和2年11月4日,令和8年11月30日
5622,東京都世田谷区松原二丁目４２番５号,明大前フラワーハイホーム２０２,マイスペース,***,-,7世保生食ほ第328号,飲食店営業,令和7年7月1日,令和7年7月1日,令和13年6月30日
5623,東京都世田谷区松原二丁目４２番５号,明大前フラワーハイホーム２０１,猫次郎,株式会社シティーズ・バー,6379-2223,5世保生食ほ第595号,飲食店営業,令和5年8月1日,令和5年8月1日,令和12年7月31日
5624,東京都世田谷区松原二丁目４２番５号,明大前フラワーハイホーム１０３,魚酎,***,6379-2957,7世保生食ほ第1653号,飲食店営業,令和8年4月1日,令和8年4月1日,令和15年3月31日
5625,東京都世田谷区松原二丁目４２番５号,明大前フラワーハイホーム１Ｆ,中華そば　きび,有限会社騎尾,6379-4955,4世保生食ほ第1332号,飲食店営業,令和5年1月1日,令和5年1月1日,令和11年12月31日
5626,東京都世田谷区松原二丁目４２番５号,明大前フラワーハイホーム１０４,タトル明大前洋菓子店,株式会社タトル,-,5世保生食ほ第1282号,菓子製造業,令和5年11月14日,令和5年11月14日,令和12年11月30日
5627,東京都世田谷区松原二丁目４２番７号,ＹＳ第２ビル　１Ｆ　１Ｂ,四季の串揚げ　かくれん坊,有限会社四季の串揚げかくれん坊,3322-5935,4世保生食ほ第1368号,飲食店営業,令和5年1月1日,令和5年1月1日,令和11年12月31日
5628,東京都世田谷区松原二丁目４３番１号,-,やぶそば,***,3322-2612,7世保生食ほ第1077号,飲食店営業,令和7年12月1日,令和7年12月1日,令和13年11月30日
5629,東京都世田谷区松原二丁目４３番８号,ハツシゲビル１階,明大前バル,株式会社凌芸舎,03-6304-3289,6世保生食ほ第1495号,飲食店営業,令和7年2月4日,令和7年2月4日,令和13年2月28日
5630,東京都世田谷区松原二丁目４３番１１号,-,ＺＯＨＭ　ＤＲＥＡＭ　ＤＩＮＥＲ,***,03-6304-7537,6世保生食ほ第1362号,飲食店営業,令和7年1月1日,令和7年1月1日,令和12年12月31日
5631,東京都世田谷区松原二丁目４４番３号,杉田ビル１Ｆ,明大前バー　ラーゴ　ＬＡＧＯ,株式会社レイカーズ,6265-7950,2世保生食ほ第1615号,飲食店営業,令和2年11月24日,令和2年11月24日,令和8年11月30日
5632,東京都世田谷区松原二丁目４４番６号,チェリス明大前１Ｆ,マクドナルド　明大前店,クォリティフーズ株式会社,5355-7251,31世保生食ほ第2833号,飲食店営業,平成25年6月28日,令和2年7月1日,令和9年6月30日
5633,東京都世田谷区松原二丁目４４番６号,チェリス明大前１Ｆ,マクドナルド　明大前店,クォリティフーズ株式会社,5355-7251,31世保生食ほ第2834号,菓子製造業,平成25年6月28日,令和2年7月1日,令和9年6月30日
5634,東京都世田谷区松原二丁目４４番６号,チェリス明大前１Ｆ,マクドナルド　明大前店,クォリティフーズ株式会社,5355-7251,31世保生食ほ第2835号,アイスクリーム類製造業,平成25年6月28日,令和2年7月1日,令和9年6月30日
5635,東京都世田谷区松原二丁目４４番６号,チェリス明大前１階,ファミリーマート明大前北店,有限会社中和,5329-0208,7世保生食ほ第395号,飲食店営業,令和7年8月1日,令和7年8月1日,令和14年7月31日
5636,東京都世田谷区松原二丁目４５番１号,-,高幡そば明大前店,株式会社レストラン京王,5301-2451,4世保生食ほ第1649号,飲食店営業,令和5年3月1日,令和5年3月1日,令和12年2月28日
5637,東京都世田谷区松原二丁目４５番１号,-,サーティワンアイスクリーム　ＴＯ　ＧＯ　明大前店,有限会社成城ペガサス,03-3325-6031,5世保生食ほ第737号,飲食店営業,令和5年8月21日,令和5年8月21日,令和12年8月31日
5638,東京都世田谷区松原二丁目４５番１号,-,ＩＪＯＯＺ　自動販売機,ＩＪＯＯＺ株式会社,-,5世保生食ほ第893号,調理の機能を有する自動販売機により食品を調理し、調理された食品を販売する営業,令和5年9月21日,令和5年9月21日,令和10年9月30日
5639,東京都世田谷区松原二丁目４５番２号,レインボー５９１　２０３,カフェバー　ブルー・ツリー,***,3322-7533,31世保生食ほ第1843号,飲食店営業,平成17年11月21日,令和元年12月1日,令和8年11月30日
5640,東京都世田谷区松原二丁目４５番２号,-,ふじや食堂,***,03-3325-9842,7世保生食ほ第1902号,飲食店営業,令和8年4月1日,令和8年4月1日,令和14年3月31日
5641,東京都世田谷区松原二丁目４５番２号,レインボー５９１ビル４Ｆ,カラオケＢａｎＢａｎ　明大前駅前店,株式会社シン・コーポレーション,-,5世保生食ほ第1299号,飲食店営業,令和6年1月1日,令和6年1月1日,令和12年12月31日
5642,東京都世田谷区松原二丁目４５番２号,レインボービルＢ１階,庄や　京王明大駅前店,株式会社フルグラッド,03-3323-8031,31世保生食ほ第629号,飲食店営業,令和元年7月10日,令和元年7月10日,令和8年7月31日
5643,東京都世田谷区松原二丁目４５番２号,１０６,ＳＨＵＷＡ　ＳＨＵＷＡ,***,-,2世保生食ほ第945号,飲食店営業,令和3年12月6日,令和3年12月6日,令和9年12月31日
5644,東京都世田谷区松原二丁目４５番２号,-,ケンタッキーフライドチキン明大前店,株式会社明治屋フードサービス,03-6379-0326,6世保生食ほ第483号,飲食店営業,令和6年7月25日,令和6年7月25日,令和13年7月31日
5645,東京都世田谷区松原二丁目４５番２号,明大前レインボービル１Ｆ,明大まぜそば鶴,株式会社Ｃｏｒｓｉｃａ,-,6世保生食ほ第972号,飲食店営業,令和6年10月10日,令和6年10月10日,令和13年10月31日
5646,東京都世田谷区松原二丁目４６番１号,井の頭線下りホーム,カレーショップＣ＆Ｃフレンテ明大前店,株式会社レストラン京王,03-5355-3728,3世保生食ほ第226号,飲食店営業,平成19年5月18日,令和3年6月1日,令和10年5月31日
5647,東京都世田谷区松原二丁目４６番１号,フレンテ明大前ビル２階,ＰＩＺＺＡ　ＳＡＬＶＡＴＯＲＥ　ＣＵＯＭＯ　明大前店,株式会社本久,03-3328-3365,3世保生食ほ第363号,飲食店営業,平成19年5月18日,令和3年6月1日,令和10年5月31日
5648,東京都世田谷区松原二丁目４６番１号,フレンテ明大前Ｂ１,Ｓｗｅｅｔｓ　Ｍｏｄｅ　明大前店,株式会社京王ストア,5355-3362,3世保生食ほ第2204号,菓子製造業,令和4年3月25日,令和4年3月25日,令和10年3月31日
5649,東京都世田谷区松原二丁目４６番１号,フレンテ明大前Ｂ１,Ｓｗｅｅｔｓ　Ｍｏｄｅ　明大前店,株式会社京王ストア,5355-3362,6世保生食ほ第1756号,飲食店営業,令和7年4月1日,令和7年4月1日,令和13年3月31日
5650,東京都世田谷区松原二丁目４６番１号,-,はらドーナッツ明大前店,株式会社フジオフードシステム,03-3325-6633,5世保生食ほ第912号,飲食店営業,令和5年10月1日,令和5年10月1日,令和12年9月30日
5651,東京都世田谷区松原二丁目４６番１号,フレンテ明大前１Ｆ,（株）京王ストア　エクスプレス明大前店,株式会社京王ストア,03-6379-1271,6世保生食ほ第1233号,飲食店営業,令和6年12月1日,令和6年12月1日,令和13年11月30日
5652,東京都世田谷区松原二丁目４６番１号,フレンテ明大前１Ｆ,（株）京王ストア　エクスプレス明大前店,株式会社京王ストア,03-6379-1271,6世保生食ほ第1239号,飲食店営業,令和6年12月1日,令和6年12月1日,令和13年11月30日
5653,東京都世田谷区松原二丁目４６番１号,フレンテ明大前Ｂ１０４区画,ペッパーランチ,株式会社ホットパレット,03-6379-0233,4世保生食ほ第158号,飲食店営業,令和4年5月13日,令和4年5月13日,令和11年5月31日
5654,東京都世田谷区松原二丁目４６番１号,-,ペッパーランチ　フレンテ明大前店,株式会社　東京やまはち産業,03-6379-0233,4世保生食ほ第1954号,飲食店営業,令和5年3月27日,令和5年3月27日,令和12年3月31日
5655,東京都世田谷区松原二丁目４６番５号,Ｒｙｕ＇ｓビル１Ｆ,スターバックスコーヒー明大前店,スターバックスコーヒージャパン株式会社,03-5376-6931,6世保生食ほ第240号,飲食店営業,令和6年7月1日,令和6年7月1日,令和13年6月30日
5656,東京都世田谷区松原二丁目４６番６号,-,一風堂明大前店,株式会社力の源カンパニー,03-5355-5215,7世保生食ほ第1365号,飲食店営業,令和8年1月1日,令和8年1月1日,令和13年12月31日
5657,東京都世田谷区松原二丁目４６番６号,佐々木ビル１階,サブウェイ　明大前店,ＥＶＥＲ　ＣＲＥＥＤ株式会社,6379-3730,31世保生食ほ第1739号,飲食店営業,令和元年11月25日,令和元年11月25日,令和8年11月30日
5658,東京都世田谷区松原三丁目１３番９号,-,爺,合同会社　ＫＯＮＡＫＩ,3321-3536,2世保生食ほ第1283号,飲食店営業,平成8年10月31日,令和2年11月1日,令和8年10月31日
5659,東京都世田谷区松原三丁目２５番１６号,-,まごの手便,社会福祉法人めぐはうす,3324-2391,6世保生食ほ第1825号,菓子製造業,令和7年3月18日,令和7年3月18日,令和13年3月31日
5660,東京都世田谷区松原三丁目２８番９号,-,宮川,***,03-3321-4095,7世保生食ほ第1645号,飲食店営業,令和8年4月1日,令和8年4月1日,令和14年3月31日
5661,東京都世田谷区松原三丁目２８番１２号,Ｌａｃｉｎｅ　Ｋａｎｎｏ１０１,Ｃａｓｔｏｒ,株式会社Ａｓｔｒｏ,03-6379-1305,6世保生食ほ第1831号,飲食店営業,令和7年4月1日,令和7年4月1日,令和13年3月31日
5662,東京都世田谷区松原三丁目２９番１７号,-,??野家　下高井戸駅店,株式会社吉野家,03-5329-1278,6世保生食ほ第1249号,飲食店営業,令和6年12月1日,令和6年12月1日,令和13年11月30日
5663,東京都世田谷区松原三丁目２９番１７号,-,ローソン下高井戸駅前店,有限会社宝屋,3322-3939,7世保生食ほ第1524号,飲食店営業,令和8年3月1日,令和8年3月1日,令和15年2月28日
5664,東京都世田谷区松原三丁目２９番１７‐２号Ｆ,京王線下高井戸駅構内,フラマンドール　下高井戸店,株式会社サンジェルマン,03-3323-9955,6世保生食ほ第570号,飲食店営業,令和6年8月1日,令和6年8月1日,令和13年7月31日
5665,東京都世田谷区松原三丁目２９番１７‐２号Ｆ,京王線下高井戸駅構内,フラマンドール　下高井戸店,株式会社サンジェルマン,03-3323-9955,6世保生食ほ第571号,菓子製造業,令和6年8月1日,令和6年8月1日,令和13年7月31日
5666,東京都世田谷区松原三丁目２９番１８号,-,パーラーシシド,株式会社シシド,3325-4410,5世保生食ほ第1816号,飲食店営業,令和6年4月1日,令和6年4月1日,令和13年3月31日
5667,東京都世田谷区松原三丁目２９番１９号,鈴木ビル１Ｆ,スタミナキング,***,3327-2941,2世保生食ほ第43号,飲食店営業,昭和59年6月11日,令和2年7月1日,令和9年6月30日
5668,東京都世田谷区松原三丁目２９番１９号,鈴木ビル１Ｆ,スタミナキング,***,3327-2941,2世保生食ほ第44号,食肉販売業,昭和59年6月11日,令和2年7月1日,令和9年6月30日
5669,東京都世田谷区松原三丁目２９番１９号,鈴木ビル１Ｆ,肉と惣菜の堀田,有限会社ホッチカンパニー,3321-0589,5世保生食ほ第1639号,飲食店営業,令和6年3月1日,令和6年3月1日,令和13年2月28日
5670,東京都世田谷区松原三丁目２９番１９号,鈴木ビル１Ｆ,肉と惣菜の堀田,有限会社ホッチカンパニー,3321-0589,5世保生食ほ第1640号,食肉販売業,令和6年3月1日,令和6年3月1日,令和13年2月28日
5671,東京都世田谷区松原三丁目２９番１９号,鈴木ビル２Ｆ,ＳＷＩＮＧ,***,03-3325-0674,3世保生食ほ第275号,飲食店営業,平成15年5月19日,令和3年6月1日,令和9年5月31日
5672,東京都世田谷区松原三丁目２９番２２号,-,ばんや,***,3323-1650,31世保生食ほ第2942号,飲食店営業,平成14年6月11日,令和2年7月1日,令和8年6月30日
5673,東京都世田谷区松原三丁目２９番２２号,-,あきもと,***,5300-2888,2世保生食ほ第1780号,飲食店営業,平成8年12月3日,令和3年1月1日,令和8年12月31日
5674,東京都世田谷区松原三丁目３０番１０号,１・２階,ごっつい下高井戸,株式会社グッドステージ,3328-1735,7世保生食ほ第107号,飲食店営業,令和7年6月1日,令和7年6月1日,令和14年5月31日
5675,東京都世田谷区松原三丁目３０番１２号,-,田中そば店　下高井戸店,株式会社ＧＭＳ,6379-5320,30世保生食ほ第2483号,飲食店営業,平成31年4月9日,平成31年4月9日,令和8年4月30日
5676,東京都世田谷区松原三丁目３０番１２号,２Ｆ,皇庭餃子房,***,5329-1768,6世保生食ほ第1867号,飲食店営業,令和7年4月1日,令和7年4月1日,令和13年3月31日
5677,東京都世田谷区松原三丁目３０番１２号,１Ｆ,鮮魚　三友　わくわくお魚ランド,有限会社三友シーフーズ,6379-1221,4世保生食ほ第1563号,魚介類販売業,令和5年1月16日,令和5年1月16日,令和11年1月31日
5678,東京都世田谷区松原三丁目３０番１２号,１Ｆ,鮮魚　三友　わくわくお魚ランド,有限会社三友シーフーズ,6379-1221,4世保生食ほ第1894号,飲食店営業,令和5年3月16日,令和5年3月16日,令和11年3月31日
5679,東京都世田谷区松原三丁目３０番１２号,１Ｆ,焼き鳥ラッキー　下高井戸店,インディペンデンス株式会社,03-6265-7520,3世保生食ほ第1308号,飲食店営業,令和3年10月1日,令和3年10月1日,令和10年9月30日
5680,東京都世田谷区松原三丁目３０番１７号,大和屋ビル１Ｆ－Ａ,東京さぬきうどん　ＪＡＺＺ　ＫＥＩＲＩＮ,***,03-3325-4916,2世保生食ほ第218号,飲食店営業,令和2年4月28日,令和2年4月28日,令和9年4月30日
5681,東京都世田谷区松原三丁目４１番５号,西友ストアー内,株式会社西友　下高井戸店　若菜,株式会社西友,03-3322-2111,6世保生食ほ第1458号,飲食店営業,令和7年3月1日,令和7年3月1日,令和14年2月29日
5682,東京都世田谷区松原三丁目４１番５号,-,株式会社西友　下高井戸店,株式会社西友,03-3322-2111,3世保生食ほ第1726号,魚介類販売業,令和3年12月13日,令和3年12月13日,令和10年12月31日
5683,東京都世田谷区松原三丁目４１番６号,そよ風ビル１Ｆ，２Ｆ,男気焼肉旨味　下高井戸店,株式会社ウェブスタージャパン,-,2世保生食ほ第1605号,飲食店営業,令和2年11月12日,令和2年11月12日,令和8年11月30日
5684,東京都世田谷区松原三丁目４１番６号,-,煙力　下高井戸店,株式会社ＶＩＳＩＯＮ　ＭＥＡＴ　ＷＯＲＫＳ,-,5世保生食ほ第583号,飲食店営業,令和5年7月24日,令和5年7月24日,令和12年7月31日
5685,東京都世田谷区松原三丁目４１番７号,-,ｖｉｖｏ　ｄａｉｌｙ　ｓｔａｎｄ　下高井戸店,***,6379-1256,5世保生食ほ第1376号,飲食店営業,令和6年1月1日,令和6年1月1日,令和11年12月31日
5686,東京都世田谷区松原三丁目４１番９号,-,一　風,***,03-3328-9888,31世保生食ほ第2953号,飲食店営業,平成8年6月5日,令和2年7月1日,令和8年6月30日
5687,東京都世田谷区松原三丁目４１番９号,田嶋ビル１階,海鮮鉄火丼三友　蓮　（有限会社）三友シーフーズ,有限会社三友シーフーズ,5329-2620,4世保生食ほ第1893号,飲食店営業,令和5年5月1日,令和5年5月1日,令和12年4月30日
5688,東京都世田谷区松原三丁目４１番１６号,-,Ｄｏｒａｍａ,株式会社日本珈琲販売共同機構,3325-1126,3世保生食ほ第1483号,菓子製造業,令和3年11月4日,令和3年11月4日,令和9年11月30日
5689,東京都世田谷区松原三丁目４１番１６号,-,Ｄｏｒａｍａ,株式会社日本珈琲販売共同機構,3325-1126,4世保生食ほ第10号,飲食店営業,令和4年5月1日,令和4年5月1日,令和10年4月30日
5690,東京都世田谷区松原三丁目４１番１６号,ぽえむ１Ｆ,旬菜旬酒　からこあ,株式会社ｋａｌａｋｏａ,-,2世保生食ほ第552号,飲食店営業,令和2年7月16日,令和2年7月16日,令和8年7月31日
5691,東京都世田谷区松原三丁目４１番１６号,-,瓢鰻亭　寿庵,***,03-3325-1126,3世保生食ほ第1484号,飲食店営業,令和3年11月4日,令和3年11月4日,令和9年11月30日
5692,東京都世田谷区松原三丁目４２番１号,長谷川ビル１階,ＴＨＥ　三友　Ｋｉｔｃｈｅｎ　おさしみ　プロフェショナル　クルーズ,有限会社三友シーフーズ,03-3325-1194,5世保生食ほ第1744号,飲食店営業,令和6年2月29日,令和6年2月29日,令和13年2月28日
5693,東京都世田谷区松原三丁目４２番１号,長谷川ビル１階,ＴＨＥ　三友　Ｋｉｔｃｈｅｎ　おさしみ　プロフェショナル　クルーズ,有限会社三友シーフーズ,03-3325-1194,5世保生食ほ第1745号,魚介類販売業,令和6年2月29日,令和6年2月29日,令和13年2月28日
5694,東京都世田谷区松原三丁目４２番１号,-,株式会社　いづみや　下高井戸駅前店,株式会社いづみや,-,6世保生食ほ第1230号,豆腐製造業,令和6年12月11日,令和6年12月11日,令和12年12月31日
5695,東京都世田谷区松原三丁目４２番１号,クラウンズコート下高井戸１Ｆ,インド料理　ミラン,ＲＡＤＩＳＨ株式会社,03-5376-4405,6世保生食ほ第1592号,飲食店営業,令和7年2月7日,令和7年2月7日,令和13年2月28日
5696,東京都世田谷区松原三丁目４２番２号,-,有）長谷川商店,有限会社長谷川商店,03-3328-0943,6世保生食ほ第1304号,魚介類販売業,令和6年12月19日,令和6年12月19日,令和13年12月31日
5697,東京都世田谷区松原四丁目７番１２号,-,みつたま,***,-,3世保生食ほ第1623号,菓子製造業,令和3年12月1日,令和3年12月1日,令和9年11月30日
5698,東京都世田谷区松原四丁目１０番４号,-,オオゼキ松原店,株式会社オオゼキ,0353553301,7世保生食ほ第1797号,飲食店営業,令和8年4月1日,令和8年4月1日,令和15年3月31日
5699,東京都世田谷区松原四丁目１０番４号,-,オオゼキ松原店,株式会社オオゼキ,0353553301,7世保生食ほ第1798号,食肉販売業,令和8年4月1日,令和8年4月1日,令和15年3月31日
5700,東京都世田谷区松原四丁目１０番４号,-,オオゼキ松原店,株式会社オオゼキ,0353553301,7世保生食ほ第1799号,魚介類販売業,令和8年4月1日,令和8年4月1日,令和15年3月31日
5701,東京都世田谷区松原四丁目１０番４号,-,オオゼキ松原店,株式会社オオゼキ,0353553301,7世保生食ほ第1800号,菓子製造業,令和8年4月1日,令和8年4月1日,令和15年3月31日
5702,東京都世田谷区松原四丁目１１番１０号,-,光竜,***,3325-6888,31世保生食ほ第2177号,飲食店営業,令和2年1月28日,令和2年1月28日,令和9年1月31日
5703,東京都世田谷区松原四丁目２０番１号,-,いな垣,***,3328-4914,7世保生食ほ第413号,飲食店営業,令和7年8月1日,令和7年8月1日,令和14年7月31日
5704,東京都世田谷区松原五丁目１番８号,１Ｆ,カフェ　クルクルバー,***,3327-7449,6世保生食ほ第1881号,飲食店営業,令和7年4月1日,令和7年4月1日,令和13年3月31日
5705,東京都世田谷区松原五丁目１番９号,クラーシェ東松原１０２号,ｈｕｌａ　ｋａｆｅ,***,6379-2717,5世保生食ほ第580号,飲食店営業,令和5年8月1日,令和5年8月1日,令和11年7月31日
5706,東京都世田谷区松原五丁目２番２号,ｐｒｅｎｄｒｅ　ｙｓ　１Ｆ,Ｈａｇｕｋｕｍｕ　Ｋｏｈａｎ,株式会社はぐくむ,-,2世保生食ほ第1386号,飲食店営業,令和2年10月19日,令和2年10月19日,令和8年10月31日
5707,東京都世田谷区松原五丁目２番２号,ｐｒｅｎｄｒｅ　ｙｓ　１Ｆ,Ｈａｇｕｋｕｍｕ　Ｋｏｈａｎ,株式会社はぐくむ,-,4世保生食ほ第1658号,菓子製造業,令和5年2月2日,令和5年2月2日,令和11年2月28日
5708,東京都世田谷区松原五丁目２番５号,東松原ユニオンビルＢ１,真心酒菜　一帆,***,6304-3866,31世保生食ほ第261号,飲食店営業,平成24年5月24日,令和元年6月1日,令和8年5月31日
5709,東京都世田谷区松原五丁目３番１１号,安藤ビル,京あづま,***,3328-2801,2世保生食ほ第1355号,菓子製造業,平成14年10月4日,令和2年11月1日,令和8年10月31日
5710,東京都世田谷区松原五丁目３番１１号,-,円喜家,***,3327-8180,5世保生食ほ第938号,飲食店営業,令和5年10月1日,令和5年10月1日,令和12年9月30日
5711,東京都世田谷区松原五丁目３番１３号,第一玉川ビル１階,ファミリーマート東松原駅前店,有限会社大倉商店,-,31世保生食ほ第822号,飲食店営業,令和元年8月26日,令和元年8月26日,令和8年8月31日
5712,東京都世田谷区松原五丁目３番１３号,第一玉川ビル１階,ファミリーマート東松原駅前店,有限会社大倉商店,-,31世保生食ほ第823号,菓子製造業,令和元年8月26日,令和元年8月26日,令和8年8月31日
5713,東京都世田谷区松原五丁目３番１４号,片野ビル２Ｆ,珈琲館　こはく,***,3328-9402,2世保生食ほ第1205号,飲食店営業,昭和63年10月22日,令和2年11月1日,令和8年10月31日
5714,東京都世田谷区松原五丁目３番１５号,-,新宿とんかつ　さぼてん東松原店,株式会社グリーンハウスフーズ,03-5301-1586,3世保生食ほ第975号,飲食店営業,令和3年9月1日,令和3年9月1日,令和10年8月31日
5715,東京都世田谷区松原五丁目３番１５号,-,弥栄,***,6265-8736,2世保生食ほ第727号,飲食店営業,平成26年9月1日,令和2年9月1日,令和8年8月31日
5716,東京都世田谷区松原五丁目３番１７号,-,珈琲専門店東亜,株式会社トーアコーヒー,5376-3642,7世保生食ほ第1665号,飲食店営業,令和8年4月1日,令和8年4月1日,令和14年3月31日
5717,東京都世田谷区松原五丁目３番１９号,ハーモニービル１Ｆ,てーげー家,***,-,2世保生食ほ第1163号,飲食店営業,令和2年9月23日,令和2年9月23日,令和9年9月30日
5718,東京都世田谷区松原五丁目７番１１号,-,株式会社トップ　松原店,株式会社トップ,3323-5641,2世保生食ほ第747号,飲食店営業,平成25年8月2日,令和2年9月1日,令和9年8月31日
5719,東京都世田谷区松原五丁目７番１１号,-,株式会社トップ　松原店,株式会社トップ,3323-5641,2世保生食ほ第748号,菓子製造業,平成25年8月2日,令和2年9月1日,令和9年8月31日
5720,東京都世田谷区松原五丁目７番１１号,-,株式会社トップ　松原店,株式会社トップ,3323-5641,5世保生食ほ第1733号,食肉販売業,令和6年3月1日,令和6年3月1日,令和13年2月28日
5721,東京都世田谷区松原五丁目７番１１号,-,株式会社トップ　松原店,株式会社トップ,3323-5641,7世保生食ほ第562号,飲食店営業,令和7年9月1日,令和7年9月1日,令和14年8月31日
5722,東京都世田谷区松原五丁目７番１１号,-,株式会社トップ　松原店,株式会社トップ,3323-5641,7世保生食ほ第563号,魚介類販売業,令和7年9月1日,令和7年9月1日,令和14年8月31日
5723,東京都世田谷区松原五丁目２６番１号,グランパーク大島１０５,アトリエ千寿,***,-,4世保生食ほ第1582号,菓子製造業,令和5年2月22日,令和5年2月22日,令和12年2月28日
5724,東京都世田谷区松原五丁目２６番１５号,松原パレス１Ｆ,インド料理　アイ・キッチン,ｉ－ｋｉｔｃｈｅｎ株式会社,3327-6727,2世保生食ほ第1157号,飲食店営業,平成19年9月14日,令和2年10月1日,令和8年9月30日
5725,東京都世田谷区松原五丁目２６番１８号,-,ｇｏｋａｎ,***,-,2世保生食ほ第871号,飲食店営業,令和2年9月2日,令和2年9月2日,令和8年9月30日
5726,東京都世田谷区松原五丁目２７番１０号,-,巴屋,有限会社松原トモエ商店,3323-5165,3世保生食ほ第1441号,飲食店営業,令和3年11月1日,令和3年11月1日,令和10年10月31日
5727,東京都世田谷区松原五丁目２８番２号,-,セブンイレブン世田谷東松原駅前店,有限会社酒の西野商店,03-3321-1532,6世保生食ほ第1282号,飲食店営業,令和6年11月29日,令和6年11月29日,令和13年11月30日
5728,東京都世田谷区松原五丁目４３番２６号,-,世田谷区立松原小学校,協立給食株式会社,3322-0191,4世保生食ほ第1925号,飲食店営業,令和5年3月31日,令和5年3月31日,令和12年3月31日
5729,東京都世田谷区松原五丁目５７番８号,-,福藏,***,-,3世保生食ほ第875号,飲食店営業,令和3年7月28日,令和3年7月28日,令和9年7月31日
5730,東京都世田谷区松原五丁目５７番８号,村上ビル１Ｆ,炭火焼肉ホルモン　土俵の真ん中　東松原店,エニー株式会社,-,3世保生食ほ第1762号,飲食店営業,令和3年12月14日,令和3年12月14日,令和9年12月31日
5731,東京都世田谷区松原五丁目５７番８号,村上ビル１Ｆ,炭火焼肉ホルモン　土俵の真ん中　東松原店,エニー株式会社,-,7世保生食ほ第346号,菓子製造業,令和7年6月10日,令和7年6月10日,令和13年6月30日
5732,東京都世田谷区松原五丁目５７番８号,村山ビル２階ー２,ｎｕｉｎｕ,***,-,5世保生食ほ第1200号,飲食店営業,令和5年10月27日,令和5年10月27日,令和11年10月31日
5733,東京都世田谷区松原五丁目５７番８号,村山ビル２階ー２,ｎｕｉｎｕ,***,-,5世保生食ほ第1201号,菓子製造業,令和5年10月27日,令和5年10月27日,令和11年10月31日
5734,東京都世田谷区松原五丁目５７番８号,村山ビル１Ｆ,ｌａｉｋａ,***,-,6世保生食ほ第550号,飲食店営業,令和6年7月12日,令和6年7月12日,令和13年7月31日
5735,東京都世田谷区松原五丁目５７番８号,-,海鮮丼。,***,-,6世保生食ほ第1604号,飲食店営業,令和7年2月18日,令和7年2月18日,令和13年2月28日
5736,東京都世田谷区松原六丁目２番９号,梅ヶ丘アパートＡ－３,ミコ,***,03-6310-1547,2世保生食ほ第2366号,飲食店営業,令和3年3月17日,令和3年3月17日,令和9年3月31日
5737,東京都世田谷区松原六丁目２番９号,梅ヶ丘アパートＡ－３,ミコ,***,03-6310-1547,2世保生食ほ第2367号,菓子製造業,令和3年3月17日,令和3年3月17日,令和9年3月31日
5738,東京都世田谷区松原六丁目２番９号,-,パブリコ,ＮＰＯ法人子育て支援グループａｍｉｇｏ,-,5世保生食ほ第1111号,飲食店営業,令和5年10月19日,令和5年10月19日,令和12年10月31日
5739,東京都世田谷区松原六丁目４番５号,梅丘アイワマンション１０３・１０４号,いこま寿司,***,3325-7339,6世保生食ほ第1376号,飲食店営業,令和7年2月1日,令和7年2月1日,令和13年1月31日
5740,東京都世田谷区松原六丁目５番１１号,-,世田谷区立梅丘中学校,日本国民食株式会社,03-3324-1715,3世保生食ほ第141号,飲食店営業,令和3年4月27日,令和3年4月27日,令和10年4月30日
5741,東京都世田谷区松原六丁目９番１７号,ジュノ羽根木公園２０１,ＯＰＥＲＡ,株式会社Ｏｐｅｒａ,-,7世保生食ほ第985号,飲食店営業,令和7年10月14日,令和7年10月14日,令和13年10月31日
5742,東京都世田谷区松原六丁目１６番１８号,-,グランダ松原・世田谷,株式会社ＬＥＯＣ,5301-8825,31世保生食ほ第1365号,飲食店営業,平成17年10月27日,令和元年11月1日,令和8年10月31日
5743,東京都世田谷区松原六丁目２７番５号,-,光明学園寄宿舎,株式会社レクトン,03-3323-8421,3世保生食ほ第406号,飲食店営業,令和3年5月26日,令和3年5月26日,令和11年5月31日
5744,東京都世田谷区松原六丁目３７番１号,-,東京リハビリテーションセンター世田谷　日清事業所,日清医療食品株式会社,03-6379-0427,7世保生食ほ第1711号,飲食店営業,令和8年4月1日,令和8年4月1日,令和15年3月31日
5745,東京都世田谷区松原六丁目３７番１０号,保健医療福祉総合プラザ,ふれあいカフェ　うめとぴあ,シダックス大新東ヒューマンサービス株式会社,03-6379-4301,31世保生食ほ第2871号,飲食店営業,令和2年3月26日,令和2年3月26日,令和9年3月31日
5746,東京都世田谷区松原六丁目３８番２７号,-,都立　光明学園,株式会社レクトン,3323-8421,3世保生食ほ第405号,飲食店営業,令和3年5月26日,令和3年5月26日,令和11年5月31日
5747,東京都世田谷区松原六丁目４３番１７号,ソーワ福祉ビル,せたがや白梅,特定非営利活動法人　せたがや白梅,03-3325-5407,5世保生食ほ第565号,菓子製造業,令和5年8月1日,令和5年8月1日,令和12年7月31日
5748,東京都世田谷区赤堤一丁目１６番２１号,-,中国料理　柚子,***,03-6413-9679,4世保生食ほ第1391号,飲食店営業,令和4年12月20日,令和4年12月20日,令和11年12月31日
5749,東京都世田谷区赤堤一丁目４１番２４号,-,世田谷区立赤堤小学校,株式会社東洋食品,3323-0291,3世保生食ほ第203号,飲食店営業,令和3年4月26日,令和3年4月26日,令和10年4月30日
5750,東京都世田谷区赤堤一丁目４３番１４号,四谷軒第五シティーコーポ１０１号,からし亭　経堂店,株式会社ＧＮＯ－ＰＬＵＣＫ,5301-1829,2世保生食ほ第1767号,飲食店営業,平成25年12月11日,令和3年1月1日,令和9年12月31日
5751,東京都世田谷区赤堤一丁目４３番１４号,四谷軒第五シティーコーポ１０１号,からし亭　経堂店,株式会社ＧＮＯ－ＰＬＵＣＫ,5301-1829,2世保生食ほ第2233号,食肉販売業,令和3年2月3日,令和3年2月3日,令和10年2月29日
5752,東京都世田谷区赤堤二丁目３番８号,-,セブンイレブン世田谷赤堤２丁目店,***,03-3325-2112,2世保生食ほ第2828号,飲食店営業,平成26年4月1日,令和3年4月1日,令和10年3月31日
5753,東京都世田谷区赤堤二丁目３番８号,-,セブンイレブン世田谷赤堤２丁目店,***,03-3325-2112,2世保生食ほ第2829号,菓子製造業,平成26年4月1日,令和3年4月1日,令和10年3月31日
5754,東京都世田谷区赤堤二丁目１０番１１号,グリーンハイム３０３,Ｂｅａｕｔｉｆｕｌ＿ｎｉｃｅ,株式会社Ｍ’ｓアソシエイツ,-,7世保生食ほ第1703号,菓子製造業,令和8年3月13日,令和8年3月13日,令和14年3月31日
5755,東京都世田谷区赤堤二丁目１１番１４号,-,火龍園,有限会社モダンチャイナ,03-5376-0141,4世保生食ほ第912号,飲食店営業,令和4年10月1日,令和4年10月1日,令和11年9月30日
5756,東京都世田谷区赤堤二丁目１２番１８号,赤堤ライフ１０１号,ガーデン　オブ　ジョイ　キッチン,***,-,3世保生食ほ第1847号,飲食店営業,令和4年2月1日,令和4年2月1日,令和10年1月31日
5757,東京都世田谷区赤堤二丁目１７番８号,-,ｓａｕｓａｇｅ　ｐａｒｋ,***,-,6世保生食ほ第24号,飲食店営業,令和6年5月24日,令和6年5月24日,令和12年5月31日
5758,東京都世田谷区赤堤二丁目４３番１０号,-,セブン－イレブン世田谷松原駅前,世田谷総合販売株式会社,3327-8685,3世保生食ほ第467号,飲食店営業,令和3年6月18日,令和3年6月18日,令和10年6月30日
5759,東京都世田谷区赤堤三丁目２番８号,１Ｆ,株式会社ＣａｎＭｅｒｒｙ,株式会社ＣａｎＭｅｒｒｙ,-,5世保生食ほ第1414号,酒類製造業,令和6年1月11日,令和6年1月11日,令和13年1月31日
5760,東京都世田谷区赤堤三丁目２番８号,１Ｆ,株式会社ＣａｎＭｅｒｒｙ,株式会社ＣａｎＭｅｒｒｙ,-,5世保生食ほ第1415号,密封包装食品製造業,令和6年1月11日,令和6年1月11日,令和13年1月31日
5761,東京都世田谷区赤堤三丁目２番１２号,１Ｆ,ＨＡＲＭＯＮＹ,***,-,7世保生食ほ第72号,飲食店営業,令和7年4月21日,令和7年4月21日,令和13年4月30日
5762,東京都世田谷区赤堤三丁目３番１３号,赤堤マンション１０１,チャイニーズレストラン　サニー,***,03-6379-4976,5世保生食ほ第1885号,飲食店営業,令和6年5月1日,令和6年5月1日,令和12年4月30日
5763,東京都世田谷区赤堤三丁目３番１３号,-,ＮＥＷ　ＳＡＲＡＴＨＩ,ＢＩＳＨＮＵ　ＭＡＴＩ株式会社,03-3323-0333,4世保生食ほ第17号,飲食店営業,令和4年4月7日,令和4年4月7日,令和10年4月30日
5764,東京都世田谷区赤堤三丁目７番２３号,１Ｆ,品川や,***,-,6世保生食ほ第706号,飲食店営業,令和6年8月15日,令和6年8月15日,令和12年8月31日
5765,東京都世田谷区赤堤三丁目８番１５号,-,ＴＥＡ　ＭＡＩＳＯＮ　ＫｏＫｏＴＴｅ,株式会社ブルーシー,03-5376-2310,3世保生食ほ第1157号,飲食店営業,令和3年9月14日,令和3年9月14日,令和10年9月30日
5766,東京都世田谷区赤堤三丁目８番１５号,-,ＴＥＡ　ＭＡＩＳＯＮ　ＫｏＫｏＴＴｅ,株式会社ブルーシー,03-5376-2310,4世保生食ほ第1026号,菓子製造業,令和4年10月3日,令和4年10月3日,令和11年10月31日
5767,東京都世田谷区赤堤三丁目１２番１号,-,ドミノ・ピザ赤堤店,株式会社ドミノ・ピザジャパン,5355-1300,4世保生食ほ第65号,飲食店営業,令和4年5月19日,令和4年5月19日,令和11年5月31日
5768,東京都世田谷区赤堤三丁目２３番１７号,-,国際協力銀行　松原寮,商船三井興産株式会社,03-3323-9717,5世保生食ほ第930号,飲食店営業,令和5年10月1日,令和5年10月1日,令和12年9月30日
5769,東京都世田谷区赤堤四丁目１番１号,モモヤビルＢ１,ブランコ,***,-,6世保生食ほ第969号,飲食店営業,令和6年11月1日,令和6年11月1日,令和12年10月31日
5770,東京都世田谷区赤堤四丁目１番４号,-,増田屋　一玄,***,3324-9196,7世保生食ほ第448号,飲食店営業,令和7年8月1日,令和7年8月1日,令和14年7月31日
5771,東京都世田谷区赤堤四丁目７番４号,-,Ｋ　ｓｔａｇｅ,***,-,2世保生食ほ第179号,飲食店営業,令和2年4月23日,令和2年4月23日,令和9年4月30日
5772,東京都世田谷区赤堤四丁目７番４号,-,Ｋ　ｓｔａｇｅ,***,-,2世保生食ほ第180号,菓子製造業,令和2年4月23日,令和2年4月23日,令和9年4月30日
5773,東京都世田谷区赤堤四丁目１３番１５号,ＡＤＤニューヨークスタジオ２０１号室,Ｐ．Ｓ．Ｆ．,***,-,2世保生食ほ第586号,菓子製造業,令和2年7月13日,令和2年7月13日,令和9年7月31日
5774,東京都世田谷区赤堤四丁目１３番１５号,ＡＤＤニューヨークスタジオ２０１号室,Ｐ．Ｓ．Ｆ．,***,-,2世保生食ほ第587号,そうざい製造業,令和2年7月13日,令和2年7月13日,令和9年7月31日
5775,東京都世田谷区赤堤四丁目２３番１号,-,株式会社オフィス傳々　ぎゃるり　でんぐり,株式会社オフィス傳々,03-6265-7375,4世保生食ほ第1312号,飲食店営業,令和4年12月1日,令和4年12月1日,令和10年11月30日
5776,東京都世田谷区赤堤四丁目２５番１号,田内アパート１Ｆ,ちゃぶ台,***,5376-9468,3世保生食ほ第1031号,飲食店営業,令和3年9月3日,令和3年9月3日,令和9年9月30日
5777,東京都世田谷区赤堤四丁目２７番１４号,-,東京カヴェナント教会　のぞみ園,東京カヴェナント教会,3321-4690,3世保生食ほ第2335号,菓子製造業,令和4年5月1日,令和4年5月1日,令和11年4月30日
5778,東京都世田谷区赤堤四丁目３０番６号,-,昌久,***,3328-2637,31世保生食ほ第1908号,飲食店営業,昭和54年12月20日,令和2年1月1日,令和8年12月31日
5779,東京都世田谷区赤堤四丁目３６番１号,-,ｅｉｋＯｒａｎ．,有限会社光永ファーム,-,6世保生食ほ第605号,飲食店営業,令和6年8月8日,令和6年8月8日,令和13年8月31日
5780,東京都世田谷区赤堤四丁目３６番１号,-,ｅｉｋＯｒａｎ．,有限会社光永ファーム,-,6世保生食ほ第606号,菓子製造業,令和6年8月8日,令和6年8月8日,令和13年8月31日
5781,東京都世田谷区赤堤四丁目３６番１９号,-,焼肉処　くい亭,***,3324-3529,5世保生食ほ第542号,飲食店営業,令和5年8月1日,令和5年8月1日,令和11年7月31日
5782,東京都世田谷区赤堤四丁目３６番１９号,関口ビルＢ１,Ｂａｒ　ＥＬＧＩＮ,***,-,7世保生食ほ第1609号,飲食店営業,令和8年3月1日,令和8年3月1日,令和14年2月29日
5783,東京都世田谷区赤堤四丁目３６番１９号,ＵＫビル１階,すしやのまつり,ＭＫコンクリート株式会社,03-3325-1687,3世保生食ほ第314号,飲食店営業,令和3年5月27日,令和3年5月27日,令和9年5月31日
5784,東京都世田谷区赤堤四丁目４０番１１号,-,小倉庵　下高井戸直営店,株式会社　小倉庵,3439-0088,7世保生食ほ第537号,飲食店営業,令和7年9月1日,令和7年9月1日,令和13年8月31日
5785,東京都世田谷区赤堤四丁目４１番１０号,第三通南ビル地下１階,旬菜料理　ＧＥＮＫＩ屋,***,3324-1360,2世保生食ほ第1175号,飲食店営業,平成13年9月28日,令和2年10月1日,令和8年9月30日
5786,東京都世田谷区赤堤四丁目４１番１０号,第三通南ビルＢ１Ｆ,バー　青春ゴリラ,株式会社Ｖａｐｉｎｇ　Ａｐｅ　Ｊａｐａｎ,6875-9456,2世保生食ほ第735号,飲食店営業,令和2年8月3日,令和2年8月3日,令和8年8月31日
5787,東京都世田谷区赤堤四丁目４１番１０号,第三通南ビル　地下１階　ＢＦＢ号室,Ｄａｒｔｓ　ＵＰ　下高井戸,株式会社ＬＩＧ,03-6379-1197,7世保生食ほ第373号,飲食店営業,令和7年6月27日,令和7年6月27日,令和13年6月30日
5788,東京都世田谷区赤堤四丁目４２番１８号,吉見ビル１Ｆ,ナカガワのナカガワ,株式会社中川町地域開発振興公社,03-6379-0165,2世保生食ほ第17号,飲食店営業,令和2年6月2日,令和2年6月2日,令和8年6月30日
5789,東京都世田谷区赤堤四丁目４２番１８号,吉見ビル１Ｆ,ナカガワのナカガワ,株式会社中川町地域開発振興公社,03-6379-0165,2世保生食ほ第18号,アイスクリーム類製造業,令和2年6月2日,令和2年6月2日,令和8年6月30日
5790,東京都世田谷区赤堤四丁目４４番２２号,-,世田谷区立松沢小学校,株式会社東洋食品,3323-0441,3世保生食ほ第198号,飲食店営業,令和3年4月26日,令和3年4月26日,令和10年4月30日
5791,東京都世田谷区赤堤四丁目４５番３号,-,旭鮨総本店　下高井戸店,旭鮨總本店株式会社,03-3322-3331,6世保生食ほ第770号,魚介類販売業,令和6年9月10日,令和6年9月10日,令和13年9月30日
5792,東京都世田谷区赤堤四丁目４５番３号,-,旭鮨総本店　下高井戸店,旭鮨總本店株式会社,03-3322-3331,6世保生食ほ第771号,そうざい製造業,令和6年9月10日,令和6年9月10日,令和13年9月30日
5793,東京都世田谷区赤堤四丁目４５番１０号,安心堂ビル１階,大阪王将　下高井戸店,株式会社大阪王将,03-6265-7821,2世保生食ほ第1288号,飲食店営業,令和2年10月14日,令和2年10月14日,令和9年10月31日
5794,東京都世田谷区赤堤四丁目４５番１０号,安心堂ビル地下１階,熊の焼鳥　Ｊｒ．,Ｍａｋｅ　ｈａｐｐｙ合同会社,03-6379-4688,4世保生食ほ第751号,飲食店営業,令和4年8月30日,令和4年8月30日,令和11年8月31日
5795,東京都世田谷区赤堤四丁目４５番１１号,第６２東京ビル１Ｆ,鳥貴族　下高井戸店,株式会社鳥貴族東日本,03-5355-5774,6世保生食ほ第766号,飲食店営業,令和6年10月1日,令和6年10月1日,令和12年9月30日
5796,東京都世田谷区赤堤四丁目４５番１１号,３Ｆ,Ｂａｒ　Ｎｉｎｅ,株式会社Ｔｈｒｅｅ　ｎｉｎｅ,6265-7201,2世保生食ほ第592号,飲食店営業,令和2年7月13日,令和2年7月13日,令和8年7月31日
5797,東京都世田谷区赤堤四丁目４５番１１号,第６２東京ビルＢ１Ｆ,ＡＳＩＡＮ　ＤＩＮＩＮＧ　ＬＡ　ＣＡＲＮＥ,ＳＨＡＫＩ株式会社,03-6379-3009,7世保生食ほ第336号,飲食店営業,令和7年6月6日,令和7年6月6日,令和14年6月30日
5798,東京都世田谷区赤堤四丁目４５番１２号,-,てこや下高井戸駅前店,ヴァリオ株式会社,03-5300-7788,5世保生食ほ第1060号,飲食店営業,令和5年11月1日,令和5年11月1日,令和11年10月31日
5799,東京都世田谷区赤堤四丁目４５番１５号,赤堤４丁目ビル２Ｆ,ｃａｓｕａｌ　ＢＡＲ　ｃｙａｎ,株式会社ユリシス,03-6379-3833,2世保生食ほ第1871号,飲食店営業,令和2年12月23日,令和2年12月23日,令和9年12月31日
5800,東京都世田谷区赤堤四丁目４５番１５号,イーストコート三成ビル２階,にかい,株式会社Ｆｅｌｉｂｅｒ,-,5世保生食ほ第412号,飲食店営業,令和5年6月27日,令和5年6月27日,令和12年6月30日
5801,東京都世田谷区赤堤四丁目４５番１５号,シモタカ公園通りビル３Ｆ,ｂａｒ　ｓｔｏｖｅ,***,-,5世保生食ほ第1516号,飲食店営業,令和6年3月12日,令和6年3月12日,令和13年3月31日
5802,東京都世田谷区赤堤四丁目４５番１５号,シモタカ公園通りビル１階,Ｆｉｅｒｏ　Ｍｏｄｅｒｎ　Ｂｉｓｔｒｏ,***,-,6世保生食ほ第872号,飲食店営業,令和6年9月18日,令和6年9月18日,令和13年9月30日
5803,東京都世田谷区赤堤四丁目４５番１７号,鈴木ビル１Ｆ,ＭＥＩＬＩ,美麗株式会社,03-6304-3106,5世保生食ほ第283号,飲食店営業,令和5年5月25日,令和5年5月25日,令和11年5月31日
5804,東京都世田谷区赤堤四丁目４５番１７号,鈴木ビル１Ｆ,ＭＥＩＬＩ,美麗株式会社,03-6304-3106,5世保生食ほ第284号,菓子製造業,令和5年5月25日,令和5年5月25日,令和11年5月31日
5805,東京都世田谷区赤堤四丁目４５番１７号,鈴木ビル１Ｆ,ＭＥＩＬＩ,美麗株式会社,03-6304-3106,6世保生食ほ第53号,そうざい製造業,令和6年4月11日,令和6年4月11日,令和12年4月30日
5806,東京都世田谷区赤堤四丁目４５番１７号,鈴木ビル１Ｆ,ＭＥＩＬＩ,美麗株式会社,03-6304-3106,6世保生食ほ第996号,アイスクリーム類製造業,令和6年10月8日,令和6年10月8日,令和12年10月31日
5807,東京都世田谷区赤堤四丁目４６番１号,-,有限会社小松屋ブロイラー,有限会社小松屋ブロイラー,3322-8107,3世保生食ほ第1347号,飲食店営業,令和3年10月8日,令和3年10月8日,令和9年10月31日
5808,東京都世田谷区赤堤四丁目４６番１号,-,有限会社小松屋ブロイラー,有限会社小松屋ブロイラー,3322-8107,3世保生食ほ第1348号,食肉販売業,令和3年10月8日,令和3年10月8日,令和9年10月31日
5809,東京都世田谷区赤堤四丁目４６番４号,須賀ビル１階,やきとんまるじ,まるじ株式会社,3323-2570,2世保生食ほ第315号,飲食店営業,令和2年5月18日,令和2年5月18日,令和9年5月31日
5810,東京都世田谷区赤堤四丁目４６番７号,-,キッチンオリジン　下高井戸店,オリジン東秀株式会社,03-5329-5243,3世保生食ほ第1743号,飲食店営業,令和4年1月1日,令和4年1月1日,令和10年12月31日
5811,東京都世田谷区赤堤四丁目４６番８号,-,三笠家,有限会社三笠家,3321-2649,31世保生食ほ第1512号,菓子製造業,平成7年10月17日,令和元年11月1日,令和8年10月31日
5812,東京都世田谷区赤堤四丁目４６番１３号,-,ＨＡＴＯＳ　ＯＵＴＳＩＤＥ,株式会社ＨＡＴＯＳ　ＢＡＲ,-,7世保生食ほ第1366号,飲食店営業,令和7年12月12日,令和7年12月12日,令和13年12月31日
5813,東京都世田谷区赤堤四丁目４７番１０号,-,スターバックスコーヒー　Ｏｌｉｖｅ　ＬＯＵＮＧＥ　下高井戸店,カルチュア・コンビニエンス・クラブ株式会社,03-3679-3267,6世保生食ほ第727号,飲食店営業,令和6年9月24日,令和6年9月24日,令和13年9月30日
5814,東京都世田谷区赤堤四丁目４７番１０号,２Ｆ,ＳＨＡＲＥ　ＬＯＵＮＧＥ　Ｏｌｉｖｅ　ＬＯＵＮＧＥ　下高井戸,カルチュア・コンビニエンス・クラブ株式会社,03-6304-7200,6世保生食ほ第798号,飲食店営業,令和6年9月26日,令和6年9月26日,令和13年9月30日
5815,東京都世田谷区赤堤四丁目４７番１２号,-,スナックユミ,***,3325-9998,2世保生食ほ第886号,飲食店営業,昭和53年9月18日,令和2年10月1日,令和8年9月30日
5816,東京都世田谷区赤堤四丁目４８番１号,-,らーめん　せい家　下高井戸店,株式会社トップアンドフレーバー,3327-8880,2世保生食ほ第1701号,飲食店営業,平成25年12月12日,令和3年1月1日,令和9年12月31日
5817,東京都世田谷区赤堤四丁目４８番３号,-,カラオケＢａｎＢａｎ　下高井戸駅前店,株式会社シン・コーポレーション,-,31世保生食ほ第2095号,飲食店営業,令和2年1月22日,令和2年1月22日,令和9年1月31日
5818,東京都世田谷区赤堤四丁目４８番４号,野島第一ビル２Ｆ,珈琲館　下高井戸店,有限会社晃立商事,3325-2155,3世保生食ほ第2011号,飲食店営業,令和4年3月1日,令和4年3月1日,令和11年2月28日
5819,東京都世田谷区赤堤四丁目４８番４号,野島ビル１Ｆ,カレーハウスＣｏＣｏ壱番屋　下高井戸駅前店,株式会社きむら家,5300-9179,3世保生食ほ第2138号,飲食店営業,令和4年4月1日,令和4年4月1日,令和10年3月31日
5820,東京都世田谷区赤堤四丁目４８番５号,辻ビル２Ｆ,眞太,***,3324-0678,6世保生食ほ第440号,飲食店営業,令和6年8月1日,令和6年8月1日,令和12年7月31日
5821,東京都世田谷区赤堤四丁目４８番５号,辻ビル１Ｆ,ピザハット下高井戸店,日本ピザハット株式会社,-,7世保生食ほ第1079号,飲食店営業,令和7年10月31日,令和7年10月31日,令和13年10月31日
5822,東京都世田谷区赤堤四丁目４８番６号,-,中華料理　家宴,友誼商事有限会社,6875-8322,31世保生食ほ第1807号,飲食店営業,令和元年11月28日,令和元年11月28日,令和8年11月30日
5823,東京都世田谷区赤堤四丁目４８番７号,セイジョー下高井戸ビル２Ｆ,串揚げともつ煮　向日葵,***,03-6379-2649,2世保生食ほ第1365号,飲食店営業,平成26年10月10日,令和2年11月1日,令和8年10月31日
5824,東京都世田谷区赤堤四丁目４８番７号,３Ｆ,０２６,有限会社誠屋,03-6265-7804,2世保生食ほ第193号,飲食店営業,令和2年4月28日,令和2年4月28日,令和9年4月30日
5825,東京都世田谷区赤堤四丁目４８番７号,３Ｆ,０２６,有限会社誠屋,03-6265-7804,2世保生食ほ第2703号,そうざい製造業,令和3年3月25日,令和3年3月25日,令和10年3月31日
5826,東京都世田谷区赤堤四丁目４８番７号,-,居酒屋おふろ,有限会社誠屋,03-5300-6007,4世保生食ほ第784号,飲食店営業,令和4年8月30日,令和4年8月30日,令和11年8月31日
5827,東京都世田谷区赤堤四丁目４８番８号,-,ファミリーマート　世田谷日大通り,株式会社ファミリーマート,03-5355-1033,3世保生食ほ第966号,飲食店営業,令和3年9月30日,令和3年9月30日,令和10年9月30日
5828,東京都世田谷区赤堤四丁目４８番８号,-,ファミリーマート世田谷日大通り店,髙橋商店合同会社,-,6世保生食ほ第1568号,飲食店営業,令和7年2月10日,令和7年2月10日,令和14年2月29日
5829,東京都世田谷区赤堤四丁目４８番１０号,雪華堂ビル１Ｆ－Ｂ,松屋　下高井戸店,株式会社松屋フーズ,-,6世保生食ほ第899号,飲食店営業,令和6年10月1日,令和6年10月1日,令和13年9月30日
5830,東京都世田谷区赤堤四丁目４８番１０号,雪華堂ビル２Ｆ,炭火焼肉酒家　牛角　下高井戸店,有限会社サンビシット,5301-8929,2世保生食ほ第644号,食肉販売業,令和2年7月20日,令和2年7月20日,令和9年7月31日
5831,東京都世田谷区赤堤四丁目４８番１０号,雪華堂ビル２Ｆ,炭火焼肉酒家　牛角　下高井戸店,有限会社サンビシット,5301-8929,31世保生食ほ第1916号,飲食店営業,平成10年12月11日,令和2年1月1日,令和8年12月31日
5832,東京都世田谷区赤堤五丁目２４番６号,中込ビル１階,酒場食堂ケムマキ燻,***,-,3世保生食ほ第1259号,飲食店営業,令和3年10月7日,令和3年10月7日,令和9年10月31日
5833,東京都世田谷区赤堤五丁目２４番７号,三清ハウス１Ｆ,英,株式会社フードサービスＪＰ,3323-0335,3世保生食ほ第12号,飲食店営業,平成12年4月20日,令和3年5月1日,令和10年4月30日
5834,東京都世田谷区赤堤五丁目２９番１４号,-,ト魚トウオ,***,3325-9438,3世保生食ほ第291号,飲食店営業,昭和63年5月28日,令和3年6月1日,令和9年5月31日
5835,東京都世田谷区赤堤五丁目３０番１２号,-,オーロール下高井戸店,***,3328-8814,5世保生食ほ第430号,菓子製造業,令和5年8月1日,令和5年8月1日,令和11年7月31日
5836,東京都世田谷区赤堤五丁目３０番１５号,-,セブンイレブン世田谷下高井戸店,株式会社アンズハウス,3323-2113,3世保生食ほ第516号,飲食店営業,令和3年6月17日,令和3年6月17日,令和10年6月30日
5837,東京都世田谷区赤堤五丁目３０番１５号,-,樹と葉っぱ　青木産婦人科店,株式会社樹と葉っぱ,-,31世保生食ほ第208号,飲食店営業,令和元年5月13日,令和元年5月13日,令和8年5月31日
5838,東京都世田谷区赤堤五丁目３１番１号,-,たつみや,有限会社たつみや,3324-9175,5世保生食ほ第1222号,菓子製造業,令和5年12月1日,令和5年12月1日,令和12年11月30日
5839,東京都世田谷区赤堤五丁目３１番１号,-,居酒屋　たつみ,有限会社たつみや,3324-9175,5世保生食ほ第1223号,飲食店営業,令和5年12月1日,令和5年12月1日,令和12年11月30日
5840,東京都世田谷区赤堤五丁目３１番２号,-,まきたや,***,3324-7249,2世保生食ほ第1259号,飲食店営業,平成20年10月8日,令和2年11月1日,令和8年10月31日
5841,東京都世田谷区赤堤五丁目３１番５号,世田谷区松沢まちづくりセンター区民フロア１階,喫茶　ＹＯＵ・遊,社会福祉法人　世田谷区社会福祉協議会,03-3323-8040,2世保生食ほ第2388号,飲食店営業,平成4年3月13日,令和3年4月1日,令和9年3月31日
5842,東京都世田谷区赤堤五丁目３１番５号,世田谷区松沢まちづくりセンター区民フロア１階,喫茶　ＹＯＵ・遊,社会福祉法人　世田谷区社会福祉協議会,03-3323-8040,2世保生食ほ第2389号,菓子製造業,平成4年10月30日,令和3年4月1日,令和9年3月31日
5843,東京都世田谷区赤堤五丁目３３番５号,野口ビル１階,烏煎道黒龍茶　下高井戸店,合同会社金城,03-6379-5633,2世保生食ほ第401号,飲食店営業,令和2年5月27日,令和2年5月27日,令和9年5月31日
5844,東京都世田谷区赤堤五丁目３３番５号,野口ビル１Ｆ,Ｂｌｕｅ　Ｇａｒｄｅｎ　Ｐｌｕｓ,***,03-6379-0440,2世保生食ほ第2668号,飲食店営業,令和3年3月29日,令和3年3月29日,令和10年3月31日
5845,東京都世田谷区赤堤五丁目３４番２号,-,ＬＩＴＥＮ　ＢＵＴＩＫＥＮ,***,6379-3768,2世保生食ほ第1593号,飲食店営業,平成26年11月4日,令和2年12月1日,令和8年11月30日
5846,東京都世田谷区赤堤五丁目３４番２号,-,ＬＩＴＥＮ　ＢＵＴＩＫＥＮ,***,6379-3768,2世保生食ほ第1594号,菓子製造業,令和2年11月10日,令和2年11月10日,令和8年11月30日
5847,東京都世田谷区赤堤五丁目４３番１号,-,パティスリー　ノリエット,有限会社アルチザナル,3321-7784,3世保生食ほ第1131号,飲食店営業,令和3年9月10日,令和3年9月10日,令和10年9月30日
5848,東京都世田谷区赤堤五丁目４３番１号,-,パティスリー　ノリエット,有限会社アルチザナル,3321-7784,3世保生食ほ第1132号,菓子製造業,令和3年9月10日,令和3年9月10日,令和10年9月30日
5849,東京都世田谷区赤堤五丁目４３番１号,-,パティスリー　ノリエット,有限会社アルチザナル,3321-7784,3世保生食ほ第1133号,アイスクリーム類製造業,令和3年9月10日,令和3年9月10日,令和10年9月30日
5850,東京都世田谷区赤堤五丁目４３番１号,-,ル　プティ　リュタン,有限会社アルチザナル,6304-3443,3世保生食ほ第1136号,飲食店営業,令和3年9月10日,令和3年9月10日,令和10年9月30日
5851,東京都世田谷区桜上水一丁目２１番１１号,-,セブン－イレブン　世田谷桜上水１丁目店,***,-,6世保生食ほ第880号,飲食店営業,令和6年9月17日,令和6年9月17日,令和13年9月30日
5852,東京都世田谷区桜上水一丁目２２番３号,-,ＮＯＮ＋βε－,***,3329-0408,5世保生食ほ第674号,飲食店営業,令和5年9月1日,令和5年9月1日,令和11年8月31日
5853,東京都世田谷区桜上水一丁目２３番３号,-,４２７５世田谷,株式会社ジーエスエフ,-,3世保生食ほ第188号,飲食店営業,令和3年4月23日,令和3年4月23日,令和10年4月30日
5854,東京都世田谷区桜上水二丁目１番２号,コーポ長谷川１階,株式会社フードサービスＪＰ,株式会社フードサービスＪＰ,5317-2357,3世保生食ほ第2227号,そうざい製造業,令和4年4月1日,令和4年4月1日,令和11年3月31日
5855,東京都世田谷区桜上水二丁目１番２号,コーポ長谷川１階,株式会社フードサービスＪＰ,株式会社フードサービスＪＰ,5317-2357,3世保生食ほ第2228号,麺類製造業,令和4年4月1日,令和4年4月1日,令和11年3月31日
5856,東京都世田谷区桜上水二丁目１番２号,コーポ長谷川１０３,山海食道　さめかわ,***,03-6331-1203,3世保生食ほ第897号,飲食店営業,令和3年7月26日,令和3年7月26日,令和10年7月31日
5857,東京都世田谷区桜上水二丁目１番３号,-,ランドリーヌ洋一,***,-,7世保生食ほ第415号,菓子製造業,令和7年7月1日,令和7年7月1日,令和13年6月30日
5858,東京都世田谷区桜上水二丁目１３番１６号,-,４７５２１事業所,一冨士フードサービス株式会社,-,6世保生食ほ第1729号,飲食店営業,令和7年4月1日,令和7年4月1日,令和14年3月31日
5859,東京都世田谷区桜上水二丁目２２番２７号,-,ローソン世田谷桜上水二丁目店,有限会社岩崎企画,03-5317-4062,5世保生食ほ第1731号,飲食店営業,令和6年3月1日,令和6年3月1日,令和13年2月28日
5860,東京都世田谷区桜上水三丁目４番８号,-,ＬＵＮＡ,***,03-3306-3920,2世保生食ほ第2824号,飲食店営業,平成27年4月22日,令和3年5月1日,令和9年4月30日
5861,東京都世田谷区桜上水三丁目４番８号,-,ＬＵＮＡ,***,03-3306-3920,2世保生食ほ第2825号,菓子製造業,平成27年4月22日,令和3年5月1日,令和9年4月30日
5862,東京都世田谷区桜上水三丁目２５番４０号,日本大学文理学部内,ファミリーマート日本大学文理学部店,株式会社ＥＶＥＲＹＦＯＯＤ,-,6世保生食ほ第920号,飲食店営業,令和6年9月25日,令和6年9月25日,令和13年9月30日
5863,東京都世田谷区桜上水三丁目２５番４０号,-,日本大学　文理学部　学内食堂　福松,***,03-5317-8487,3世保生食ほ第2375号,飲食店営業,令和4年3月25日,令和4年3月25日,令和11年3月31日
5864,東京都世田谷区桜上水三丁目２５番４０号,-,ナカガワのナカガワ　日大店,株式会社中川町地域開発振興公社,03-6379-0165,4世保生食ほ第1985号,飲食店営業,令和5年5月1日,令和5年5月1日,令和12年3月31日
5865,東京都世田谷区桜上水三丁目２５番４０号,-,ナカガワのナカガワ　日大軽食コーナー店,株式会社中川町地域開発振興公社,03-6379-0165,4世保生食ほ第1986号,飲食店営業,令和5年3月31日,令和5年3月31日,令和12年3月31日
5866,東京都世田谷区桜上水四丁目７番５号,-,居酒屋　あおい,***,3304-5264,3世保生食ほ第230号,飲食店営業,平成15年5月13日,令和3年6月1日,令和9年5月31日
5867,東京都世田谷区桜上水四丁目９番１１号,ｗｄｓビル　１０２号室,ＳＨＥＢＥＲＹ　ＣＨＯＣＯＬＡＴＥ,株式会社ＳＨＥＢＥＲＹ,-,5世保生食ほ第1239号,菓子製造業,令和5年11月6日,令和5年11月6日,令和11年11月30日
5868,東京都世田谷区桜上水四丁目９番１１号,ｗｄｓビル２０１,ＳＨＥＢＥＲＹ　ＣＨＯＣＯＬＡＴＥ,株式会社ＳＨＥＢＥＲＹ,-,7世保生食ほ第439号,菓子製造業,令和7年6月26日,令和7年6月26日,令和14年6月30日
5869,東京都世田谷区桜上水四丁目１０番１６号,伊東ビル１Ｆ,桜道家,株式会社アストラーレ・コーポレーション,3304-3033,31世保生食ほ第2118号,飲食店営業,平成25年3月26日,令和2年4月1日,令和9年3月31日
5870,東京都世田谷区桜上水四丁目１０番１６号,伊東ビル２階,たまもの,***,-,7世保生食ほ第484号,飲食店営業,令和7年8月1日,令和7年8月1日,令和14年7月31日
5871,東京都世田谷区桜上水四丁目１５番１６号,三津元,Ｔａｐｉｒｕ,株式会社Ｋ＆Ｋエンターテイメント,-,31世保生食ほ第1180号,飲食店営業,令和元年9月12日,令和元年9月12日,令和8年9月30日
5872,東京都世田谷区桜上水四丁目１５番１６号,-,桜上水酒場弥太兵衛,有限会社アリ・プランニング,-,2世保生食ほ第942号,飲食店営業,令和2年8月27日,令和2年8月27日,令和8年8月31日
5873,東京都世田谷区桜上水四丁目１８番１１号,-,ＹＥＴＩ家帝　インド＆ネパール料理店,Ｋブラザー株式会社,3306-5968,4世保生食ほ第325号,飲食店営業,令和4年6月1日,令和4年6月1日,令和10年5月31日
5874,東京都世田谷区桜上水四丁目２５番１４号,-,中華料理　開々亭,有限会社杉野商事,5357-8592,4世保生食ほ第251号,飲食店営業,令和4年7月1日,令和4年7月1日,令和10年6月30日
5875,東京都世田谷区桜上水五丁目５番３３号,-,Ｃｈｅｅｓｅｃａｋｅ　ＨＯＬＩＣ,株式会社ＫＡＯＲＵ,-,2世保生食ほ第498号,菓子製造業,令和2年6月25日,令和2年6月25日,令和9年6月30日
5876,東京都世田谷区桜上水五丁目１４番９号,コート桜上水１Ｆ,すし屋のだんらん,***,3304-4554,2世保生食ほ第1027号,飲食店営業,昭和59年9月8日,令和2年10月1日,令和8年9月30日
5877,東京都世田谷区桜上水五丁目２３番１２号,-,中国料理　劉邦,有限会社劉邦,03-3304-2008,3世保生食ほ第1419号,飲食店営業,令和3年12月1日,令和3年12月1日,令和9年11月30日
5878,東京都世田谷区桜上水五丁目２４番２号,-,「ピエロ」Ｐｉｅｒｒｏｔ,***,3329-4568,2世保生食ほ第2848号,飲食店営業,昭和59年4月21日,令和3年5月1日,令和9年4月30日
5879,東京都世田谷区桜上水五丁目２９番５２号,桜上水総合建物内１階,京王電鉄株式会社　桜上水社員食堂,株式会社レストラン京王,03-3303-5030,4世保生食ほ第1766号,飲食店営業,令和5年4月1日,令和5年4月1日,令和12年3月31日
5880,東京都世田谷区桜上水五丁目２９番５２号,-,㈱京王ストア　キッチンコート　桜上水店,株式会社京王ストア,03-3303-9111,4世保生食ほ第1604号,飲食店営業,令和5年3月1日,令和5年3月1日,令和12年2月28日
5881,東京都世田谷区桜上水五丁目２９番５２号,-,㈱京王ストア　キッチンコート　桜上水店,株式会社京王ストア,03-3303-9111,4世保生食ほ第1605号,飲食店営業,令和5年3月1日,令和5年3月1日,令和12年2月28日
5882,東京都世田谷区桜上水五丁目２９番５２号,-,㈱京王ストア　キッチンコート　桜上水店,株式会社京王ストア,03-3303-9111,4世保生食ほ第1606号,食肉販売業,令和5年3月1日,令和5年3月1日,令和12年2月28日
5883,東京都世田谷区桜上水五丁目２９番５２号,-,㈱京王ストア　キッチンコート　桜上水店,株式会社京王ストア,03-3303-9111,4世保生食ほ第1607号,魚介類販売業,令和5年3月1日,令和5年3月1日,令和12年2月28日
5884,東京都世田谷区桜上水五丁目３０番５号,-,ＢＡＮＡＮＡ　ＳＴＡＮＤ,株式会社ＢＮＮ,-,3世保生食ほ第370号,飲食店営業,令和3年5月28日,令和3年5月28日,令和9年5月31日
5885,東京都世田谷区桜上水五丁目３０番５号,桜上水駅北口第２店舗１階Ａ区画,Ｃｒｐｅ　ｄｕ　ｊｏｕｒ,株式会社星明,03-5760-6162,7世保生食ほ第1072号,飲食店営業,令和7年10月29日,令和7年10月29日,令和13年10月31日
5886,東京都世田谷区桜上水五丁目３０番５号,桜上水駅北口第２店舗１階Ａ区画,Ｃｒｐｅ　ｄｕ　ｊｏｕｒ,株式会社星明,03-5760-6162,7世保生食ほ第1073号,菓子製造業,令和7年10月29日,令和7年10月29日,令和13年10月31日
5887,東京都世田谷区桜上水五丁目３０番５号,桜上水駅北口第２店舗１階Ａ区画,Ｃｒｐｅ　ｄｕ　ｊｏｕｒ,株式会社星明,03-5760-6162,7世保生食ほ第1074号,水産製品製造業,令和7年10月29日,令和7年10月29日,令和13年10月31日
5888,東京都世田谷区桜上水五丁目４０番１７号,-,ｓａ－ｑｕｅ－ｌａ　５,***,3302-0591,2世保生食ほ第1845号,飲食店営業,令和2年12月23日,令和2年12月23日,令和8年12月31日
5889,東京都世田谷区桜上水五丁目４０番１７号,-,ｓａ－ｑｕｅ－ｌａ　５,***,3302-0591,2世保生食ほ第1846号,菓子製造業,令和2年12月23日,令和2年12月23日,令和8年12月31日
5890,東京都世田谷区船橋一丁目１番２号,船橋コーポ１Ｆ,松のや　千歳船橋店,株式会社松屋フーズ,5426-0084,31世保生食ほ第903号,飲食店営業,平成24年8月28日,令和元年9月1日,令和8年8月31日
5891,東京都世田谷区船橋一丁目１番５号,アジア堂ビル１Ｆ,松軒中華食堂　千歳船橋店,株式会社松屋フーズ,-,2世保生食ほ第1960号,飲食店営業,平成12年1月12日,令和3年2月1日,令和10年1月31日
5892,東京都世田谷区船橋一丁目１番５号,-,ちよだ鮨　千歳船橋店,株式会社ちよだ鮨,03-5426-3935,3世保生食ほ第748号,飲食店営業,令和3年7月2日,令和3年7月2日,令和10年7月31日
5893,東京都世田谷区船橋一丁目１番５号,-,セブンーイレブン小田急千歳船橋店,小田急商事株式会社,03-3429-6043,31世保生食ほ第1581号,飲食店営業,令和元年11月7日,令和元年11月7日,令和8年11月30日
5894,東京都世田谷区船橋一丁目１番５号,アジア食堂ビル１Ｆ,丸亀製麺　千歳船橋,株式会社丸亀製麺,03-3439-7055,7世保生食ほ第1477号,飲食店営業,令和8年2月1日,令和8年2月1日,令和14年1月31日
5895,東京都世田谷区船橋一丁目１番５号,千歳船橋駅構内店舗,ドンクエディテ千歳船橋店,株式会社ドンク,-,3世保生食ほ第2370号,飲食店営業,令和4年3月28日,令和4年3月28日,令和10年3月31日
5896,東京都世田谷区船橋一丁目１番５号,千歳船橋駅構内,ドトールコーヒーショップ千歳船橋店,株式会社神奈中システムプラン,03-5477-2616,4世保生食ほ第469号,飲食店営業,令和4年6月24日,令和4年6月24日,令和11年6月30日
5897,東京都世田谷区船橋一丁目１番９号,-,松屋・マイカリー食堂　千歳船橋店,株式会社松屋フーズ,-,6世保生食ほ第1182号,飲食店営業,令和6年11月21日,令和6年11月21日,令和13年11月30日
5898,東京都世田谷区船橋一丁目１番１１号,-,横浜餃子軒,株式会社シンキ,03-6413-1608,6世保生食ほ第1366号,飲食店営業,令和7年1月1日,令和7年1月1日,令和13年12月31日
5899,東京都世田谷区船橋一丁目１番１１号,松本ビル１Ｆ,スナック　ロマンチック　千歳船橋店,株式会社ＡＮＬＯＯＰ,03-3420-8440,6世保生食ほ第416号,飲食店営業,令和6年7月23日,令和6年7月23日,令和12年7月31日
5900,東京都世田谷区船橋一丁目１番１２号,-,喫茶パオーン,有限会社ハッピー,03-6413-7578,31世保生食ほ第1483号,飲食店営業,令和元年10月30日,令和元年10月30日,令和8年10月31日
5901,東京都世田谷区船橋一丁目１番１６号,船橋店舗２Ｆ,ボンジュール,株式会社ビンゴ,03-5799-7271,2世保生食ほ第1247号,飲食店営業,令和2年9月29日,令和2年9月29日,令和8年9月30日
5902,東京都世田谷区船橋一丁目１番１７号,-,Ｃｏｎｎｅｃｔ　Ｋｉｔｃｈｅｎ,***,-,2世保生食ほ第805号,飲食店営業,平成26年8月19日,令和2年9月1日,令和8年8月31日
5903,東京都世田谷区船橋一丁目１番１７号,ジョイパーク千歳船橋１Ａ,カラオケスナック　ばる・かん,***,-,2世保生食ほ第1077号,飲食店営業,令和2年9月17日,令和2年9月17日,令和8年9月30日
5904,東京都世田谷区船橋一丁目１番１７号,ジョイパーク千歳船橋Ｂ１－Ａ,彩心　はなれ,株式会社ＴＳＰ,-,3世保生食ほ第344号,飲食店営業,令和3年5月17日,令和3年5月17日,令和9年5月31日
5905,東京都世田谷区船橋一丁目３番１号,-,中華料理　代一元,有限会社一元,3427-9415,2世保生食ほ第536号,飲食店営業,平成25年7月10日,令和2年8月1日,令和9年7月31日
5906,東京都世田谷区船橋一丁目５番１３号,-,行辺,***,3425-0425,5世保生食ほ第1876号,飲食店営業,令和6年5月1日,令和6年5月1日,令和12年4月30日
5907,東京都世田谷区船橋一丁目６番４号,-,大橋豆腐店,***,3425-1028,31世保生食ほ第442号,飲食店営業,平成24年6月11日,令和元年7月1日,令和8年6月30日
5908,東京都世田谷区船橋一丁目６番４号,-,大橋豆腐店,***,3425-1028,31世保生食ほ第443号,菓子製造業,平成24年6月11日,令和元年7月1日,令和8年6月30日
5909,東京都世田谷区船橋一丁目６番４号,-,大橋豆腐店,***,3425-1028,31世保生食ほ第444号,豆腐製造業,平成24年6月11日,令和元年7月1日,令和8年6月30日
5910,東京都世田谷区船橋一丁目６番４号,-,結,株式会社絆,03-6413-0830,3世保生食ほ第86号,飲食店営業,令和3年4月21日,令和3年4月21日,令和10年4月30日
5911,東京都世田谷区船橋一丁目７番２号,-,有限会社　春日商店,有限会社春日商店,3428-3275,3世保生食ほ第347号,飲食店営業,昭和60年5月31日,令和3年6月1日,令和9年5月31日
5912,東京都世田谷区船橋一丁目７番２号,-,有限会社　春日商店,有限会社春日商店,3428-3275,3世保生食ほ第348号,食肉販売業,昭和60年5月31日,令和3年6月1日,令和9年5月31日
5913,東京都世田谷区船橋一丁目７番３号,-,ワイン食堂　イナセヤ　ＭＡＲＥ　千歳船橋店,株式会社ＮＯＲＲＹ’Ｓ,03-5799-7360,6世保生食ほ第568号,飲食店営業,令和6年8月1日,令和6年8月1日,令和13年7月31日
5914,東京都世田谷区船橋一丁目７番３号,信長君の台所２Ｂ,焼肉酒場　しろくろ,株式会社８８組,03-6692-2854,4世保生食ほ第337号,飲食店営業,令和4年5月18日,令和4年5月18日,令和11年5月31日
5915,東京都世田谷区船橋一丁目７番３号,信長君の台所２Ａ,藁焼　しろくろ,株式会社８８組,-,6世保生食ほ第213号,飲食店営業,令和6年5月10日,令和6年5月10日,令和13年5月31日
5916,東京都世田谷区船橋一丁目７番３号,信長君の台所３Ｂ,ワインビストロ　リコピン,***,03-6413-7899,6世保生食ほ第986号,飲食店営業,令和6年10月7日,令和6年10月7日,令和13年10月31日
5917,東京都世田谷区船橋一丁目７番６号,-,ファミリーマート千歳船橋駅北店,株式会社スバル,03-5426-3296,4世保生食ほ第426号,飲食店営業,令和4年7月1日,令和4年7月1日,令和11年6月30日
5918,東京都世田谷区船橋一丁目８番１２号,-,宝寿し,***,3426-0088,7世保生食ほ第1230号,飲食店営業,令和8年1月1日,令和8年1月1日,令和13年12月31日
5919,東京都世田谷区船橋一丁目８番１４号,-,おさしみ本舗,おさしみ本舗　合同会社,3420-0343,2世保生食ほ第2296号,飲食店営業,平成27年2月16日,令和3年3月1日,令和9年2月28日
5920,東京都世田谷区船橋一丁目８番１４号,-,おさしみ本舗,おさしみ本舗　合同会社,3420-0343,5世保生食ほ第1822号,魚介類販売業,令和6年4月1日,令和6年4月1日,令和12年3月31日
5921,東京都世田谷区船橋一丁目９番１号,-,株式会社ドリーム　マクドナルド千歳船橋駅前店,株式会社ドリーム,5426-6523,4世保生食ほ第618号,飲食店営業,令和4年9月1日,令和4年9月1日,令和11年8月31日
5922,東京都世田谷区船橋一丁目９番１号,千歳船橋ステーションフロントビル１Ｆ,自然食品の店　Ｆ＆Ｆ　千歳船橋店,エフアンドエフシステム株式会社,5799-7673,3世保生食ほ第2341号,飲食店営業,令和4年4月1日,令和4年4月1日,令和11年3月31日
5923,東京都世田谷区船橋一丁目９番１号,千歳船橋ステーションフロントビルＢ１Ｆ,元氣七輪焼肉牛繁　千歳船橋店,株式会社牛繁ドリームシステム,5426-0529,3世保生食ほ第126号,飲食店営業,平成27年4月22日,令和3年5月1日,令和9年4月30日
5924,東京都世田谷区船橋一丁目９番４号,安澤ビル２階,ガールズバー　リアン,***,03-6413-0537,6世保生食ほ第674号,飲食店営業,令和6年9月1日,令和6年9月1日,令和12年8月31日
5925,東京都世田谷区船橋一丁目９番４号,-,ぎょうざの満洲　千歳船橋駅前店,株式会社ぎょうざの満洲,03-5799-4572,2世保生食ほ第576号,飲食店営業,令和2年8月4日,令和2年8月4日,令和9年8月31日
5926,東京都世田谷区船橋一丁目９番５号,ラ・レジオン千歳船橋２０１,Ｑｕａｔｒｅ－ｖｉｎｇｔ－ｄｏｕｚｅ,***,-,5世保生食ほ第1051号,飲食店営業,令和5年10月24日,令和5年10月24日,令和12年10月31日
5927,東京都世田谷区船橋一丁目９番８号,-,蕎楽,有限会社近藤商店,03-3429-9114,2世保生食ほ第56号,飲食店営業,令和2年5月7日,令和2年5月7日,令和8年5月31日
5928,東京都世田谷区船橋一丁目９番２１号,-,株式会社マルエツ　千歳船橋店,株式会社マルエツ,03-3420-8008,7世保生食ほ第201号,食肉販売業,令和7年5月21日,令和7年5月21日,令和14年5月31日
5929,東京都世田谷区船橋一丁目９番２１号,-,株式会社マルエツ　千歳船橋店,株式会社マルエツ,03-3420-8008,7世保生食ほ第203号,魚介類販売業,令和7年5月21日,令和7年5月21日,令和14年5月31日
5930,東京都世田谷区船橋一丁目９番２１号,-,株式会社マルエツ　千歳船橋店,株式会社マルエツ,03-3420-8008,7世保生食ほ第204号,飲食店営業,令和7年5月21日,令和7年5月21日,令和14年5月31日
5931,東京都世田谷区船橋一丁目９番２１号,-,株式会社マルエツ　千歳船橋店,株式会社マルエツ,03-3420-8008,7世保生食ほ第206号,菓子製造業,令和7年5月21日,令和7年5月21日,令和14年5月31日
5932,東京都世田谷区船橋一丁目９番２２号,金子ビル１Ｆ・Ｂ１,やきとり家　すみれ,株式会社すみれ,03-5451-3029,31世保生食ほ第1053号,飲食店営業,令和元年8月29日,令和元年8月29日,令和8年8月31日
5933,東京都世田谷区船橋一丁目９番２２号,-,ラーメン　大桜,有限会社大桜,03-5799-7668,5世保生食ほ第618号,飲食店営業,令和5年8月2日,令和5年8月2日,令和12年8月31日
5934,東京都世田谷区船橋一丁目９番２２号,金子ビル１階,てんや　千歳船橋店,ロイヤルフードサービス株式会社,03-3420-8850,7世保生食ほ第1151号,飲食店営業,令和7年11月25日,令和7年11月25日,令和14年11月30日
5935,東京都世田谷区船橋一丁目９番２３号,船橋ＴＲビル１・２Ｆ,満天酒場　千歳船橋店,株式会社大庄,3706-6091,31世保生食ほ第2075号,飲食店営業,令和2年1月24日,令和2年1月24日,令和9年1月31日
5936,東京都世田谷区船橋一丁目９番３４号,-,鍛冶屋文蔵　千歳船橋店,株式会社だん家,3426-6021,4世保生食ほ第1542号,飲食店営業,令和5年2月1日,令和5年2月1日,令和12年1月31日
5937,東京都世田谷区船橋一丁目９番４５号,千歳船橋駅前店舗４ｂブロック,鳥ぷろ　千歳船橋店,株式会社トリプロ・プラス,03-3429-6555,5世保生食ほ第1659号,飲食店営業,令和6年3月1日,令和6年3月1日,令和12年2月28日
5938,東京都世田谷区船橋一丁目９番４５号,-,カレーハウスＣＯＣＯ壱番屋　小田急千歳船橋駅前店,株式会社Ｂ－Ｄａｓｈ,5451-6551,6世保生食ほ第708号,飲食店営業,令和6年10月1日,令和6年10月1日,令和13年9月30日
5939,東京都世田谷区船橋一丁目９番４５号,小田急マルシェ千歳船橋２,スターバックスコーヒー　千歳船橋駅店,株式会社小田急レストランシステム,-,3世保生食ほ第898号,飲食店営業,令和3年9月3日,令和3年9月3日,令和10年9月30日
5940,東京都世田谷区船橋一丁目９番４５号,小田急マルシェ千歳船橋２,箱根そば千歳船橋店,株式会社小田急レストランシステム,-,4世保生食ほ第627号,飲食店営業,令和4年8月15日,令和4年8月15日,令和11年8月31日
5941,東京都世田谷区船橋一丁目１０番８号,-,魚千,***,03-3420-4880,31世保生食ほ第2815号,魚介類販売業,平成11年5月12日,令和2年6月1日,令和9年5月31日
5942,東京都世田谷区船橋一丁目１１番８号,巴山ビル地下１階,マダムチョウの店,***,3439-8577,4世保生食ほ第71号,飲食店営業,令和4年6月1日,令和4年6月1日,令和10年5月31日
5943,東京都世田谷区船橋一丁目１１番８号,巴山ビルＢ１,マダムチョウの店,***,3439-8577,2世保生食ほ第1986号,飲食店営業,平成21年1月15日,令和3年2月1日,令和9年1月31日
5944,東京都世田谷区船橋一丁目１１番１０号,-,とんかつ新宿さぼてん　千歳船橋一丁目店,***,3429-7507,7世保生食ほ第742号,飲食店営業,令和7年11月1日,令和7年11月1日,令和14年10月31日
5945,東京都世田谷区船橋一丁目１１番１０号,ミヤコセンタービル地下１階　Ｂ２,ＭＵＳＩＣ　ＬＯＵＮＧＥ　Ｊ,***,3420-0303,2世保生食ほ第1805号,飲食店営業,平成18年12月13日,令和3年1月1日,令和9年12月31日
5946,東京都世田谷区船橋一丁目１１番１０号,-,Ａｋｅｔｅ　Ｊａｍｍｉｎｇ,***,03-6413-7550,2世保生食ほ第557号,飲食店営業,令和2年8月18日,令和2年8月18日,令和8年8月31日
5947,東京都世田谷区船橋一丁目１１番１０号,ミヤコセンタービルＢ１０１,Ｋ’ｓ　Ｂａｃｃｈｕｓ,***,-,2世保生食ほ第2482号,飲食店営業,令和3年3月23日,令和3年3月23日,令和9年3月31日
5948,東京都世田谷区船橋一丁目１１番１０号,-,あずまや,***,03-5799-6977,2世保生食ほ第2616号,飲食店営業,令和3年4月7日,令和3年4月7日,令和10年4月30日
5949,東京都世田谷区船橋一丁目１１番１１号,ミヤコセンタービルＢ１０１,ゆめ,***,-,7世保生食ほ第1521号,飲食店営業,令和8年1月27日,令和8年1月27日,令和14年1月31日
5950,東京都世田谷区船橋一丁目１２番１０号,-,中国料理　樓蘭,有限会社星龍,3427-0939,6世保生食ほ第367号,飲食店営業,令和6年7月1日,令和6年7月1日,令和13年6月30日
5951,東京都世田谷区船橋一丁目１２番１３号,-,中む食堂,***,03-5799-6364,31世保生食ほ第2602号,飲食店営業,平成27年5月11日,令和2年6月1日,令和8年5月31日
5952,東京都世田谷区船橋一丁目１２番１４号,-,肉の大丸,***,3425-5729,2世保生食ほ第2674号,飲食店営業,平成21年3月25日,令和3年4月1日,令和9年3月31日
5953,東京都世田谷区船橋一丁目１２番１４号,-,肉の大丸,***,3425-5729,2世保生食ほ第2675号,食肉販売業,平成21年3月25日,令和3年4月1日,令和9年3月31日
5954,東京都世田谷区船橋一丁目１３番２２号,-,セブンイレブン世田谷千歳船橋駅北店,有限会社ステップコーポレーション,-,6世保生食ほ第1585号,飲食店営業,令和7年2月14日,令和7年2月14日,令和14年2月29日
5955,東京都世田谷区船橋一丁目１４番１号,Ｂ１Ｆ,スナック　友,***,3427-7399,2世保生食ほ第696号,飲食店営業,平成18年8月16日,令和2年9月1日,令和9年8月31日
5956,東京都世田谷区船橋一丁目１４番１号,Ｊ＆Ｔビル１Ｆ,きのこの,***,3427-1561,2世保生食ほ第1520号,飲食店営業,平成26年11月17日,令和2年12月1日,令和8年11月30日
5957,東京都世田谷区船橋一丁目１４番９号,三鈴ビル３Ｆ,バーセシルスタジアム,株式会社ＭｏｔｈｅｒＳｈｉｐｓ,03-6432-6746,2世保生食ほ第337号,飲食店営業,令和2年5月15日,令和2年5月15日,令和8年5月31日
5958,東京都世田谷区船橋一丁目１４番９号,三鈴ビル３Ｆ,ＣＥＣＩＬ　ＳＴＡＤＩＵＭ,株式会社ＷＢＳ,03-6432-6746,2世保生食ほ第733号,飲食店営業,令和2年7月30日,令和2年7月30日,令和8年7月31日
5959,東京都世田谷区船橋一丁目１４番１０号,-,焼肉　南山,***,3426-8292,2世保生食ほ第2288号,飲食店営業,平成21年2月17日,令和3年3月1日,令和9年2月28日
5960,東京都世田谷区船橋一丁目１４番１１号,-,中華日和,***,03-3425-0477,31世保生食ほ第855号,飲食店営業,令和元年8月19日,令和元年8月19日,令和8年8月31日
5961,東京都世田谷区船橋一丁目１５番１６号,-,ローソン・スリーエフ世田谷船橋店,***,-,7世保生食ほ第596号,飲食店営業,令和7年8月6日,令和7年8月6日,令和14年8月31日
5962,東京都世田谷区船橋一丁目１６番１５号,-,ドーミー千歳船橋,株式会社共立メンテナンス,5450-3399,5世保生食ほ第1861号,飲食店営業,令和6年4月1日,令和6年4月1日,令和13年3月31日
5963,東京都世田谷区船橋一丁目２９番５号,-,ガスト　千歳船橋店,株式会社すかいらーくレストランツ,03-5477-7058,7世保生食ほ第309号,飲食店営業,令和7年6月1日,令和7年6月1日,令和13年5月31日
5964,東京都世田谷区船橋一丁目３０番２４号,-,天ぷら酒場まちぼうけ,***,03-3420-6515,6世保生食ほ第1767号,飲食店営業,令和7年3月14日,令和7年3月14日,令和13年3月31日
5965,東京都世田谷区船橋一丁目３７番３号,-,ボンセジュール　千歳船橋,株式会社ＬＥＯＣ,5451-3088,31世保生食ほ第1274号,飲食店営業,平成24年10月16日,令和元年11月1日,令和8年10月31日
5966,東京都世田谷区船橋一丁目３７番７号,コーポちとせ１Ｆ,Ｄｉｎｉｎｇ　Ｋｉｔｃｈｅｎ　３ｒｄ　Ｐｌａｃｅ　ＢｕＢｕ,***,03-5799-7755,2世保生食ほ第286号,飲食店営業,令和2年5月11日,令和2年5月11日,令和8年5月31日
5967,東京都世田谷区船橋一丁目３８番５号,-,ドミノ・ピザ千歳船橋店,株式会社ドミノ・ピザジャパン,03-5490-7090,31世保生食ほ第370号,飲食店営業,令和元年6月5日,令和元年6月5日,令和8年6月30日
5968,東京都世田谷区船橋一丁目３８番５号,-,ドミノ・ピザ千歳船橋店,株式会社ドミノ・ピザジャパン,03-5490-7090,31世保生食ほ第371号,菓子製造業,令和元年6月5日,令和元年6月5日,令和8年6月30日
5969,東京都世田谷区船橋一丁目３８番６号,Ｒ－ＳＴＹＬＥ千歳船橋１階,鰻の成瀬千歳船橋店,株式会社ＥＧ　Ｓｅｒｖｉｃｅ,03-6277-9646,5世保生食ほ第1514号,飲食店営業,令和6年1月18日,令和6年1月18日,令和13年1月31日
5970,東京都世田谷区船橋一丁目３８番６号,Ｒ－ＳＴＹＬＥ千歳船橋１階,ＥＧ　Ｓｅｒｖｉｃｅ　パン工房,株式会社ＥＧ　Ｓｅｒｖｉｃｅ,03-6277-9646,5世保生食ほ第1552号,菓子製造業,令和6年1月18日,令和6年1月18日,令和13年1月31日
5971,東京都世田谷区船橋一丁目３８番９号,-,有限会社　ますや,有限会社ますや,3482-3339,2世保生食ほ第2079号,飲食店営業,昭和54年1月30日,令和3年2月1日,令和9年1月31日
5972,東京都世田谷区船橋一丁目３９番７号,-,魚徳,***,3483-5518,2世保生食ほ第2286号,魚介類販売業,昭和62年2月21日,令和3年3月1日,令和9年2月28日
5973,東京都世田谷区船橋一丁目３９番１０号,-,キッチンメグ,***,3483-2073,2世保生食ほ第2859号,飲食店営業,昭和54年5月1日,令和3年5月1日,令和9年4月30日
5974,東京都世田谷区船橋一丁目４１番８号,-,エルスタンザ世田谷千歳　食堂,ライフインフーズ株式会社,03-3483-3063,6世保生食ほ第1859号,飲食店営業,令和7年3月27日,令和7年3月27日,令和14年3月31日
5975,東京都世田谷区船橋二丁目８番９号,-,ピザハット千歳船橋店,日本ピザハット株式会社,03-3483-9810,7世保生食ほ第737号,飲食店営業,令和7年10月1日,令和7年10月1日,令和14年9月30日
5976,東京都世田谷区船橋三丁目１番７号,-,オーランデ・ヴー,株式会社リライアンス,3420-3639,2世保生食ほ第844号,飲食店営業,令和2年8月13日,令和2年8月13日,令和9年8月31日
5977,東京都世田谷区船橋三丁目１番７号,-,オーランデ・ヴー,株式会社リライアンス,3420-3639,2世保生食ほ第845号,菓子製造業,令和2年8月13日,令和2年8月13日,令和9年8月31日
5978,東京都世田谷区船橋三丁目７番２号,ハイツ鈴木１０２,ベッカライ　ダンケ,***,3425-5558,31世保生食ほ第2667号,飲食店営業,平成7年4月11日,令和2年5月1日,令和9年4月30日
5979,東京都世田谷区船橋三丁目７番２号,ハイツ鈴木１０２,ベッカライ　ダンケ,***,3425-5558,31世保生食ほ第2668号,菓子製造業,平成7年4月11日,令和2年5月1日,令和9年4月30日
5980,東京都世田谷区船橋四丁目９番１号,-,４４５８事業所,一冨士フードサービス株式会社,-,3世保生食ほ第209号,飲食店営業,令和3年4月27日,令和3年4月27日,令和10年4月30日
5981,東京都世田谷区船橋四丁目２０番１号,-,世田谷区立船橋希望中学校,株式会社東洋食品,3484-3741,3世保生食ほ第197号,飲食店営業,令和3年4月27日,令和3年4月27日,令和10年4月30日
5982,東京都世田谷区船橋四丁目３５番７号,１Ｆ,ジェラテリア　Ｊ　＆　Ｋ,合同会社ＮＹＣ　Ｇｉｎｇｅｒ　Ｐｒｅｓｓｅｄ,-,7世保生食ほ第1367号,飲食店営業,令和8年4月14日,令和8年4月14日,令和15年4月30日
5983,東京都世田谷区船橋四丁目３５番７号,１Ｆ,ジェラテリア　Ｊ　＆　Ｋ,合同会社ＮＹＣ　Ｇｉｎｇｅｒ　Ｐｒｅｓｓｅｄ,-,7世保生食ほ第1368号,菓子製造業,令和8年4月14日,令和8年4月14日,令和15年4月30日
5984,東京都世田谷区船橋四丁目３５番７号,１Ｆ,ジェラテリア　Ｊ　＆　Ｋ,合同会社ＮＹＣ　Ｇｉｎｇｅｒ　Ｐｒｅｓｓｅｄ,-,7世保生食ほ第1369号,アイスクリーム類製造業,令和8年4月14日,令和8年4月14日,令和15年4月30日
5985,東京都世田谷区船橋四丁目４１番１号,-,世田谷区立船橋小学校,株式会社東洋食品,-,3世保生食ほ第204号,飲食店営業,令和3年4月27日,令和3年4月27日,令和10年4月30日
5986,東京都世田谷区船橋四丁目４３番７号,-,㈱レストラン神戸屋芦花公園店,株式会社神戸屋,3483-0551,6世保生食ほ第1301号,飲食店営業,令和7年1月1日,令和7年1月1日,令和13年12月31日
5987,東京都世田谷区船橋四丁目４３番７号,-,㈱レストラン神戸屋芦花公園店,株式会社神戸屋,3483-0551,6世保生食ほ第1302号,飲食店営業,令和7年1月1日,令和7年1月1日,令和13年12月31日
5988,東京都世田谷区船橋四丁目４３番７号,-,㈱レストラン神戸屋芦花公園店,株式会社神戸屋,3483-0551,6世保生食ほ第1303号,菓子製造業,令和7年1月1日,令和7年1月1日,令和13年12月31日
5989,東京都世田谷区船橋五丁目９番９号,-,中華　弘楽,***,03-3329-5138,2世保生食ほ第2595号,飲食店営業,平成15年3月28日,令和3年4月1日,令和9年3月31日
5990,東京都世田谷区船橋五丁目１４番１１号,-,そんぽの家　経堂,ＳＯＭＰＯケアフーズ株式会社,03-5316-1301,5世保生食ほ第1554号,飲食店営業,令和6年2月1日,令和6年2月1日,令和13年1月31日
5991,東京都世田谷区船橋五丁目２０番１４号,パルチトセ１－Ｂ,ＫＩＴＣＨＥＮ　ＣＬＯＷＮ,***,03-6356-5666,6世保生食ほ第287号,飲食店営業,令和6年7月1日,令和6年7月1日,令和13年6月30日
5992,東京都世田谷区船橋五丁目２９番３号,-,バナナラボ,***,-,2世保生食ほ第2776号,飲食店営業,令和3年4月1日,令和3年4月1日,令和9年3月31日
5993,東京都世田谷区船橋五丁目２９番３号,-,バナナラボ,***,-,2世保生食ほ第2777号,菓子製造業,令和3年4月1日,令和3年4月1日,令和9年3月31日
5994,東京都世田谷区船橋五丁目３２番７号,-,ラ・ヴィ・エクスキーズ,***,3304-2771,2世保生食ほ第983号,飲食店営業,平成18年8月30日,令和2年9月1日,令和9年8月31日
5995,東京都世田谷区船橋五丁目３２番７号,-,ラ・ヴィ・エクスキーズ,***,3304-2771,2世保生食ほ第984号,菓子製造業,平成18年8月30日,令和2年9月1日,令和9年8月31日
5996,東京都世田谷区船橋五丁目３４番７号,-,有限会社　船橋増屋,有限会社船橋増屋,3303-3779,5世保生食ほ第1264号,飲食店営業,令和5年12月1日,令和5年12月1日,令和11年11月30日
5997,東京都世田谷区船橋五丁目３５番１号,-,喜多方ラーメン　高蔵,株式会社高蔵,3304-2907,3世保生食ほ第869号,飲食店営業,令和3年8月10日,令和3年8月10日,令和9年8月31日
5998,東京都世田谷区船橋六丁目１番５号,-,カルチャーパビリオン平安　世田谷,株式会社日本サービスセンター,03-3303-4100,6世保生食ほ第585号,飲食店営業,令和6年9月1日,令和6年9月1日,令和13年8月31日
5999,東京都世田谷区船橋六丁目１番６号,-,ファミリーマートまるいし希望丘店,株式会社丸石,5316-1322,31世保生食ほ第2234号,飲食店営業,令和2年2月19日,令和2年2月19日,令和9年2月28日
6000,東京都世田谷区船橋六丁目１番６号,-,ファミリーマートまるいし希望丘店,株式会社丸石,5316-1322,31世保生食ほ第2235号,菓子製造業,令和2年2月19日,令和2年2月19日,令和9年2月28日
6001,東京都世田谷区船橋六丁目３番１号,１階,東京餃子楼　千歳船橋店,合同会社ＴＷＩＮＳ,03-6379-8064,3世保生食ほ第45号,飲食店営業,令和3年4月21日,令和3年4月21日,令和10年4月30日
6002,東京都世田谷区船橋六丁目３番１４号,-,酒房　旬,***,3303-3078,31世保生食ほ第449号,飲食店営業,平成24年6月29日,令和元年7月1日,令和8年6月30日
6003,東京都世田谷区船橋六丁目６番９号,-,音色すし　世田谷店,株式会社四天王,03-5357-2171,5世保生食ほ第561号,飲食店営業,令和5年8月1日,令和5年8月1日,令和12年7月31日
6004,東京都世田谷区船橋六丁目８番４号,Ｂ１,ＧＯＫＩＧＥＮＹＡ　ＧＡＲＡＧＥ,***,3306-5080,5世保生食ほ第1939号,飲食店営業,令和6年4月1日,令和6年4月1日,令和12年3月31日
6005,東京都世田谷区船橋六丁目１０番７号,-,増味屋,有限会社増味屋,3302-2655,7世保生食ほ第490号,飲食店営業,令和7年8月1日,令和7年8月1日,令和14年7月31日
6006,東京都世田谷区船橋六丁目１２番８号,１Ｆ,ふる川,***,-,6世保生食ほ第401号,飲食店営業,令和6年6月14日,令和6年6月14日,令和12年6月30日
6007,東京都世田谷区船橋六丁目１４番１号,-,ドミノ・ピザ　世田谷船橋六丁目店,株式会社ドミノ・ピザジャパン,03-5316-6025,4世保生食ほ第934号,飲食店営業,令和4年10月1日,令和4年10月1日,令和11年9月30日
6008,東京都世田谷区船橋六丁目１７番１８号,-,セブンイレブン　世田谷船橋６丁目店,***,3302-9311,2世保生食ほ第1627号,飲食店営業,平成25年11月5日,令和2年12月1日,令和9年11月30日
6009,東京都世田谷区船橋六丁目１７番１８号,-,セブンイレブン　世田谷船橋６丁目店,***,3302-9311,2世保生食ほ第1628号,菓子製造業,平成25年11月5日,令和2年12月1日,令和9年11月30日
6010,東京都世田谷区船橋六丁目１９番１１号,-,中華料理　司,有限会社ツカサ　アルファ,3329-4466,5世保生食ほ第1827号,飲食店営業,令和6年4月1日,令和6年4月1日,令和12年3月31日
6011,東京都世田谷区船橋六丁目２３番１８号,-,ＳＯＭＰＯケア　ラヴィーレ世田谷船橋,ＳＯＭＰＯケアフーズ株式会社,03-3306-4165,7世保生食ほ第1345号,飲食店営業,令和8年1月1日,令和8年1月1日,令和14年12月31日
6012,東京都世田谷区船橋六丁目２３番２９号,パークビルすがの１０５,ｃｏｆｆｅｅ　＆　ｂａｋｅｄ　ＬＯＣＡＳＡ,株式会社ＬＥＦ　ＴＯＫＹＯ,-,7世保生食ほ第63号,飲食店営業,令和7年4月17日,令和7年4月17日,令和14年4月30日
6013,東京都世田谷区船橋六丁目２３番２９号,パークビルすがの１０５,ｃｏｆｆｅｅ　＆　ｂａｋｅｄ　ＬＯＣＡＳＡ,株式会社ＬＥＦ　ＴＯＫＹＯ,-,7世保生食ほ第64号,菓子製造業,令和7年4月17日,令和7年4月17日,令和14年4月30日
6014,東京都世田谷区船橋六丁目２５番１号,３Ｆ,アップスＣＡＦＥ,公益財団法人児童育成協会,6304-6915,7世保生食ほ第1363号,飲食店営業,令和8年2月1日,令和8年2月1日,令和15年1月31日
6015,東京都世田谷区船橋六丁目２５番１号,３Ｆ,アップスＣＡＦＥ,公益財団法人児童育成協会,6304-6915,7世保生食ほ第1364号,菓子製造業,令和8年2月1日,令和8年2月1日,令和15年1月31日
6016,東京都世田谷区船橋六丁目２５番２５号,-,世田谷希望丘ホーム,社会福祉法人楽晴会,03-5316-5388,6世保生食ほ第1818号,飲食店営業,令和7年4月1日,令和7年4月1日,令和14年3月31日
6017,東京都世田谷区船橋六丁目２６番９号,１０１,満留賀,***,3302-4214,31世保生食ほ第713号,飲食店営業,平成17年6月29日,令和元年8月1日,令和8年7月31日
6018,東京都世田谷区船橋六丁目２６番９号,サンヒルズ１０４号,Ｐｏｋａ　Ｐｏｋａ　,***,03-4288-8278,2世保生食ほ第620号,飲食店営業,令和2年7月13日,令和2年7月13日,令和8年7月31日
6019,東京都世田谷区船橋六丁目２６番９号,サンヒルズ１０４号,Ｐｏｋａ　Ｐｏｋａ　,***,03-4288-8278,7世保生食ほ第516号,そうざい製造業,令和7年7月11日,令和7年7月11日,令和13年7月31日
6020,東京都世田谷区船橋六丁目２６番９号,１０２,ドラゴンハウス・カフェ,***,5316-5891,6世保生食ほ第1207号,飲食店営業,令和6年11月21日,令和6年11月21日,令和12年11月30日
6021,東京都世田谷区船橋六丁目２６番１１号,サンヒルズ希望ヶ丘１０２,バンコックキッチンデリ,株式会社フュージョンラボ,03-5316-7404,6世保生食ほ第1021号,飲食店営業,令和6年11月1日,令和6年11月1日,令和12年10月31日
6022,東京都世田谷区船橋六丁目２６番１１号,１０２,バンコクキッチンデリ,***,03-5316-7404,7世保生食ほ第1585号,飲食店営業,令和8年2月6日,令和8年2月6日,令和14年2月29日
6023,東京都世田谷区船橋六丁目２７番２１号,-,サミットストア　世田谷船橋店,サミット株式会社,03-5316-1075,3世保生食ほ第2344号,飲食店営業,令和4年3月28日,令和4年3月28日,令和11年3月31日
6024,東京都世田谷区船橋六丁目２７番２１号,-,サミットストア　世田谷船橋店,サミット株式会社,03-5316-1075,3世保生食ほ第2345号,飲食店営業,令和4年3月28日,令和4年3月28日,令和11年3月31日
6025,東京都世田谷区船橋六丁目２７番２１号,-,サミットストア　世田谷船橋店,サミット株式会社,03-5316-1075,3世保生食ほ第2346号,飲食店営業,令和4年3月28日,令和4年3月28日,令和11年3月31日
6026,東京都世田谷区船橋六丁目２７番２１号,-,サミットストア　世田谷船橋店,サミット株式会社,03-5316-1075,3世保生食ほ第2347号,飲食店営業,令和4年3月28日,令和4年3月28日,令和11年3月31日
6027,東京都世田谷区船橋六丁目２７番２１号,-,サミットストア　世田谷船橋店,サミット株式会社,03-5316-1075,3世保生食ほ第2348号,飲食店営業,令和4年3月28日,令和4年3月28日,令和11年3月31日
6028,東京都世田谷区船橋六丁目２７番２１号,-,サミットストア　世田谷船橋店,サミット株式会社,03-5316-1075,3世保生食ほ第2349号,食肉販売業,令和4年3月28日,令和4年3月28日,令和11年3月31日
6029,東京都世田谷区船橋六丁目２７番２１号,-,サミットストア　世田谷船橋店,サミット株式会社,03-5316-1075,3世保生食ほ第2350号,魚介類販売業,令和4年3月28日,令和4年3月28日,令和11年3月31日
6030,東京都世田谷区船橋六丁目２７番２１号,-,サミットストア　世田谷船橋店,サミット株式会社,03-5316-1075,3世保生食ほ第2351号,魚介類販売業,令和4年3月28日,令和4年3月28日,令和11年3月31日
6031,東京都世田谷区船橋六丁目２７番２１号,-,サミットストア　世田谷船橋店,サミット株式会社,03-5316-1075,7世保生食ほ第1030号,菓子製造業,令和7年10月16日,令和7年10月16日,令和14年10月31日
6032,東京都世田谷区船橋七丁目７番３号,-,セブンイレブン世田谷船橋７丁目店,株式会社ファンキーサックスリテール,03-3483-7016,3世保生食ほ第480号,飲食店営業,令和3年6月24日,令和3年6月24日,令和10年6月30日
6033,東京都世田谷区船橋七丁目９番１号,千歳温水プール地下１階,レストランクーポール千歳船橋店,株式会社フーズ・ライフ,3482-0520,4世保生食ほ第207号,菓子製造業,令和4年5月16日,令和4年5月16日,令和11年5月31日
6034,東京都世田谷区船橋七丁目９番１号,千歳温水プール地下１階,レストランクーポール千歳船橋店,株式会社フーズ・ライフ,3482-0520,4世保生食ほ第208号,そうざい製造業,令和4年5月16日,令和4年5月16日,令和11年5月31日
6035,東京都世田谷区船橋七丁目９番１号,千歳温水プール地下１階,レストランクーポール千歳船橋店,株式会社フーズ・ライフ,3482-0520,6世保生食ほ第897号,飲食店営業,令和6年10月1日,令和6年10月1日,令和13年9月30日
6036,東京都世田谷区船橋七丁目１１番１号,-,三菱商事世田谷セミナーハウス（バー）,株式会社ＬＥＯＣ,5490-5124,7世保生食ほ第1415号,飲食店営業,令和8年2月1日,令和8年2月1日,令和14年1月31日
6037,東京都世田谷区船橋七丁目１４番１４号,フェアリーコート１０１号室,Ｊａｚｙ＇ｓ　Ｈｏｕｓｅ（Ｓｅｎｅｇａｌｅｓｅ　Ｆｏｏｄ）,***,-,5世保生食ほ第1762号,飲食店営業,令和6年3月12日,令和6年3月12日,令和12年3月31日
6038,東京都世田谷区船橋七丁目１４番１４号,フェアリーコート１０１号室,Ｊａｚｙ＇ｓ　Ｈｏｕｓｅ（Ｓｅｎｅｇａｌｅｓｅ　Ｆｏｏｄ）,***,-,5世保生食ほ第1763号,菓子製造業,令和6年3月12日,令和6年3月12日,令和12年3月31日
6039,東京都世田谷区船橋七丁目１７番４号,-,サンセルモ玉泉院・世田谷会館,株式会社サンセルモ,5490-0948,3世保生食ほ第341号,飲食店営業,平成26年5月22日,令和3年6月1日,令和10年5月31日
6040,東京都世田谷区船橋七丁目１７番１０号,-,デニーズ千歳船橋店,株式会社デニーズジャパン,-,5世保生食ほ第1378号,飲食店営業,令和6年1月1日,令和6年1月1日,令和12年12月31日
6041,東京都世田谷区船橋七丁目２０番１６号,-,船橋七丁目保育施設,株式会社三恭,03-6277-9351,31世保生食ほ第2862号,飲食店営業,令和2年3月30日,令和2年3月30日,令和9年3月31日
6042,東京都世田谷区千歳台一丁目２番１０号,-,住友不動産第三千歳寮,株式会社ニッコクトラスト,3789-3597,31世保生食ほ第2244号,飲食店営業,平成6年3月1日,令和2年3月1日,令和9年2月28日
6043,東京都世田谷区千歳台一丁目１２番８号,-,くらら小田急祖師谷,株式会社ＬＥＯＣ,03-6698-7695,3世保生食ほ第1661号,飲食店営業,令和3年12月6日,令和3年12月6日,令和10年12月31日
6044,東京都世田谷区千歳台一丁目１２番１３号,ディアハイツ１０７,ライブウェル（株）,ライブウェル株式会社,5490-7012,2世保生食ほ第2179号,飲食店営業,平成27年2月16日,令和3年3月1日,令和9年2月28日
6045,東京都世田谷区千歳台一丁目１２番３２号,-,小田急交通株式会社　世田谷営業所,三和ベンドサービス株式会社,03-3482-4511,7世保生食ほ第541号,調理の機能を有する自動販売機により食品を調理し、調理された食品を販売する営業,令和7年9月1日,令和7年9月1日,令和12年8月31日
6046,東京都世田谷区千歳台一丁目３２番６号,-,千歳ゴルフセンター,有限会社千歳ゴルフ・センター,03-3482-3521,3世保生食ほ第2372号,飲食店営業,令和4年4月1日,令和4年4月1日,令和10年3月31日
6047,東京都世田谷区千歳台一丁目４０番１０号,-,たか島,***,3482-2836,2世保生食ほ第84号,飲食店営業,平成5年7月14日,令和2年8月1日,令和8年7月31日
6048,東京都世田谷区千歳台一丁目４０番１２号,-,リリィパワーズレジデンス千歳台,株式会社ジョイ,03-5349-1515,5世保生食ほ第1678号,飲食店営業,令和6年2月21日,令和6年2月21日,令和13年2月28日
6049,東京都世田谷区千歳台二丁目１３番６号,-,オテル・ドゥ・スズキ・ラボ,有限会社オテル・ドゥ・スズキ,6411-9922,5世保生食ほ第1849号,菓子製造業,令和6年5月1日,令和6年5月1日,令和13年4月30日
6050,東京都世田谷区千歳台二丁目１４番１０号,-,マクドナルド祖師谷店,株式会社ドリーム,03-5349-1202,7世保生食ほ第261号,飲食店営業,令和7年5月20日,令和7年5月20日,令和14年5月31日
6051,東京都世田谷区千歳台二丁目１５番８号,-,サミットストア祖師谷店,サミット株式会社,03-5429-3310,2世保生食ほ第2525号,飲食店営業,令和3年3月12日,令和3年3月12日,令和10年3月31日
6052,東京都世田谷区千歳台二丁目１５番８号,-,サミットストア祖師谷店,サミット株式会社,03-5429-3310,2世保生食ほ第2526号,飲食店営業,令和3年3月12日,令和3年3月12日,令和10年3月31日
6053,東京都世田谷区千歳台二丁目１５番８号,-,サミットストア祖師谷店,サミット株式会社,03-5429-3310,2世保生食ほ第2528号,菓子製造業,令和3年3月12日,令和3年3月12日,令和10年3月31日
6054,東京都世田谷区千歳台二丁目１５番８号,-,サミットストア祖師谷店,サミット株式会社,03-5429-3310,2世保生食ほ第2529号,魚介類販売業,令和3年3月12日,令和3年3月12日,令和10年3月31日
6055,東京都世田谷区千歳台二丁目１５番８号,-,サミットストア祖師谷店,サミット株式会社,03-5429-3310,5世保生食ほ第292号,飲食店営業,令和5年5月29日,令和5年5月29日,令和12年5月31日
6056,東京都世田谷区千歳台二丁目１５番８号,-,サミットストア祖師谷店,サミット株式会社,03-5429-3310,7世保生食ほ第558号,飲食店営業,令和7年9月1日,令和7年9月1日,令和14年8月31日
6057,東京都世田谷区千歳台二丁目１５番８号,-,サミットストア祖師谷店,サミット株式会社,03-5429-3310,7世保生食ほ第559号,飲食店営業,令和7年9月1日,令和7年9月1日,令和14年8月31日
6058,東京都世田谷区千歳台二丁目１５番８号,-,サミットストア祖師谷店,サミット株式会社,03-5429-3310,7世保生食ほ第560号,食肉販売業,令和7年9月1日,令和7年9月1日,令和14年8月31日
6059,東京都世田谷区千歳台二丁目１５番８号,-,サミットストア祖師谷店,サミット株式会社,03-5429-3310,7世保生食ほ第561号,魚介類販売業,令和7年9月1日,令和7年9月1日,令和14年8月31日
6060,東京都世田谷区千歳台二丁目１９番１３号,-,クライネキュッヒェ　（Ｋｌｅｉｎｅ　Ｋｃｈｅ）,***,-,7世保生食ほ第663号,飲食店営業,令和7年10月1日,令和7年10月1日,令和13年9月30日
6061,東京都世田谷区千歳台二丁目１９番１３号,-,クライネキュッヒェ　（Ｋｌｅｉｎｅ　Ｋｃｈｅ）,***,-,7世保生食ほ第664号,菓子製造業,令和7年10月1日,令和7年10月1日,令和13年9月30日
6062,東京都世田谷区千歳台二丁目２７番１１号,-,㈱島田製粉所,株式会社島田製粉所,3483-0681,5世保生食ほ第1898号,菓子製造業,令和6年3月22日,令和6年3月22日,令和12年3月31日
6063,東京都世田谷区千歳台二丁目２７番１１号,-,㈱島田製粉所,株式会社島田製粉所,3483-0681,5世保生食ほ第1899号,漬物製造業,令和6年3月22日,令和6年3月22日,令和12年3月31日
6064,東京都世田谷区千歳台二丁目２７番２０号,-,セブンイレブン世田谷千歳台２丁目店,***,03-5490-5900,7世保生食ほ第1305号,飲食店営業,令和8年1月1日,令和8年1月1日,令和14年12月31日
6065,東京都世田谷区千歳台三丁目３番１７号,千歳台ビルディング１階,いちりんご,ＲＩＮＧＯ株式会社,03-6411-5051,4世保生食ほ第1736号,菓子製造業,令和5年2月24日,令和5年2月24日,令和11年2月28日
6066,東京都世田谷区千歳台三丁目６番１号,あかねビル１階,ＮＡＮＡＩＲＯ　ＣＯＯＫＩＮＧ　ＳＴＵＤＩＯ　成城,株式会社ＳＯＹＯＫＡＺＥ,5490-7166,4世保生食ほ第949号,飲食店営業,令和4年10月3日,令和4年10月3日,令和10年10月31日
6067,東京都世田谷区千歳台三丁目９番５号,-,蕎亭仙味洞,株式会社仙味洞,3484-4548,5世保生食ほ第1942号,飲食店営業,令和6年5月1日,令和6年5月1日,令和13年4月30日
6068,東京都世田谷区千歳台三丁目９番１０号,-,銀のさら・釜寅　祖師谷店,株式会社ライドオンエクスプレス,03-6277-9602,4世保生食ほ第1657号,飲食店営業,令和5年3月1日,令和5年3月1日,令和12年2月28日
6069,東京都世田谷区千歳台三丁目９番１６号,-,焼肉　葉山,***,3484-3400,31世保生食ほ第2374号,飲食店営業,令和2年2月14日,令和2年2月14日,令和9年2月28日
6070,東京都世田谷区千歳台三丁目９番１６号,コーシンビル１０２,中国新料理　龍馬,龍馬合同会社,03-3482-3869,6世保生食ほ第1156号,飲食店営業,令和6年11月8日,令和6年11月8日,令和12年11月30日
6071,東京都世田谷区千歳台三丁目１０番２号,-,三喜タクシー,三和ベンドサービス株式会社,03-5490-8577,3世保生食ほ第1281号,調理の機能を有する自動販売機により食品を調理し、調理された食品を販売する営業,令和3年9月22日,令和3年9月22日,令和8年10月31日
6072,東京都世田谷区千歳台三丁目２０番２号,２Ｆ,カフェテリア憩,セントラルスポーツ株式会社,03-5429-1526,4世保生食ほ第234号,飲食店営業,令和4年6月1日,令和4年6月1日,令和11年5月31日
6073,東京都世田谷区千歳台三丁目２０番２号,２階,スパ・ダイニング　いこい,株式会社オリノ,03-5429-1526,5世保生食ほ第1857号,飲食店営業,令和6年3月14日,令和6年3月14日,令和13年3月31日
6074,東京都世田谷区千歳台三丁目２９番１号,-,ファミリーマート世田谷廻沢店,有限会社テルミー,5429-7667,31世保生食ほ第2472号,飲食店営業,令和2年2月26日,令和2年2月26日,令和9年2月28日
6075,東京都世田谷区千歳台三丁目２９番１号,-,ファミリーマート世田谷廻沢店,有限会社テルミー,5429-7667,31世保生食ほ第2473号,菓子製造業,令和2年2月26日,令和2年2月26日,令和9年2月28日
6076,東京都世田谷区千歳台三丁目３１番９号,-,千歳台福祉園内（株）レパスト事業所,株式会社レパスト,3789-9801,31世保生食ほ第2368号,飲食店営業,平成14年3月18日,令和2年4月1日,令和9年3月31日
6077,東京都世田谷区千歳台四丁目２４番１号,-,世田谷区立千歳台小学校,株式会社藤江,03-5625-5811,3世保生食ほ第381号,飲食店営業,令和3年5月18日,令和3年5月18日,令和10年5月31日
6078,東京都世田谷区千歳台四丁目２６番１４号,-,ファミリーマート千歳台４丁目店,株式会社春日屋,03-5490-7011,7世保生食ほ第1809号,飲食店営業,令和8年4月1日,令和8年4月1日,令和15年3月31日
6079,東京都世田谷区千歳台五丁目７番７号,千歳荘１１号,心屋,***,-,6世保生食ほ第629号,飲食店営業,令和6年8月1日,令和6年8月1日,令和12年7月31日
6080,東京都世田谷区千歳台五丁目７番７号,ちとせ荘店舗１４号,橙屋,***,3484-8188,3世保生食ほ第324号,飲食店営業,平成14年5月23日,令和3年6月1日,令和9年5月31日
6081,東京都世田谷区千歳台五丁目７番９号,-,鶏笑,株式会社アルス,03-5787-7887,3世保生食ほ第2379号,飲食店営業,令和4年3月29日,令和4年3月29日,令和10年3月31日
6082,東京都世田谷区千歳台五丁目１８番１１号,-,マミーティスト　ＣｏＣＣｏＲｏ　コッコロ,***,3789-2400,4世保生食ほ第1411号,飲食店営業,令和4年12月7日,令和4年12月7日,令和10年12月31日
6083,東京都世田谷区千歳台五丁目２２番１６号,-,セブンイレブン世田谷千歳台５丁目店,株式会社Ｋ・Ｍ・Ｙ,03-3484-3773,6世保生食ほ第1453号,飲食店営業,令和7年2月1日,令和7年2月1日,令和14年1月31日
6084,東京都世田谷区千歳台五丁目２３番１０号,-,甲州屋,***,3484-5358,2世保生食ほ第1688号,飲食店営業,昭和52年12月14日,令和3年1月1日,令和8年12月31日
6085,東京都世田谷区千歳台五丁目２３番１３号,-,旬のレストラン　伊万里,有限会社ワイ．ケイ．島田企画,3482-3434,2世保生食ほ第655号,飲食店営業,平成18年8月2日,令和2年9月1日,令和9年8月31日
6086,東京都世田谷区千歳台六丁目７番１号,-,世田谷区立　塚戸小学校,株式会社スエヒロ,-,3世保生食ほ第225号,飲食店営業,令和3年4月26日,令和3年4月26日,令和10年4月30日
6087,東京都世田谷区千歳台六丁目１１番５５号,-,ＳＯＭＰＯケア　ラヴィーレレジデンス世田谷千歳台,ＳＯＭＰＯケアフーズ株式会社,-,4世保生食ほ第88号,飲食店営業,令和4年4月21日,令和4年4月21日,令和11年4月30日
6088,東京都世田谷区千歳台六丁目１４番５号,-,Ｃａｆｅ　Ｔ－ｌａｂ,一般社団法人ダッシュ,-,2世保生食ほ第494号,飲食店営業,令和2年6月22日,令和2年6月22日,令和8年6月30日
6089,東京都世田谷区千歳台六丁目１６番３０号,-,サミットストア千歳台店,サミット株式会社,03-5969-3310,31世保生食ほ第1934号,飲食店営業,平成18年1月23日,令和2年2月1日,令和9年1月31日
6090,東京都世田谷区千歳台六丁目１６番３０号,-,サミットストア千歳台店,サミット株式会社,03-5969-3310,31世保生食ほ第1935号,飲食店営業,平成18年1月23日,令和2年2月1日,令和9年1月31日
6091,東京都世田谷区千歳台六丁目１６番３０号,-,サミットストア千歳台店,サミット株式会社,03-5969-3310,31世保生食ほ第1936号,菓子製造業,平成18年1月23日,令和2年2月1日,令和9年1月31日
6092,東京都世田谷区千歳台六丁目１６番３０号,-,サミットストア千歳台店,サミット株式会社,03-5969-3310,31世保生食ほ第1938号,食肉販売業,平成18年1月23日,令和2年2月1日,令和9年1月31日
6093,東京都世田谷区千歳台六丁目１６番３０号,-,サミットストア千歳台店,サミット株式会社,03-5969-3310,31世保生食ほ第1939号,魚介類販売業,平成18年1月23日,令和2年2月1日,令和9年1月31日
6094,東京都世田谷区祖師谷一丁目６番９号,-,オフィス福井,株式会社オフィス福井,3483-5618,2世保生食ほ第1207号,菓子製造業,平成20年10月14日,令和2年11月1日,令和8年10月31日
6095,東京都世田谷区祖師谷一丁目７番１号,小田急祖師ヶ谷大蔵駅構内,箱根そば　祖師ヶ谷大蔵店,株式会社小田急レストランシステム,5494-6175,6世保生食ほ第1502号,飲食店営業,令和7年3月1日,令和7年3月1日,令和14年2月29日
6096,東京都世田谷区祖師谷一丁目７番１号,-,ドトールコーヒーショップ祖師ヶ谷大蔵駅店,株式会社神奈中システムプラン,03-5727-1311,4世保生食ほ第470号,飲食店営業,令和4年6月24日,令和4年6月24日,令和11年6月30日
6097,東京都世田谷区祖師谷一丁目７番１号,-,ビアードパパ　祖師ヶ谷大蔵駅店,株式会社ＤＡＹ　ＴＯ　ＬＩＦＥ,-,5世保生食ほ第1069号,菓子製造業,令和5年11月10日,令和5年11月10日,令和12年11月30日
6098,東京都世田谷区祖師谷一丁目８番１２号,神山ビル１Ｆ,日高屋　祖師谷大蔵店,株式会社ハイデイ日高,3484-8763,4世保生食ほ第1161号,飲食店営業,令和4年12月1日,令和4年12月1日,令和11年11月30日
6099,東京都世田谷区祖師谷一丁目８番１２号,神山ビル２Ｆ,近江焼肉ホルモンすだく　祖師谷大蔵店,株式会社総合近江牛商社,-,5世保生食ほ第409号,飲食店営業,令和5年6月23日,令和5年6月23日,令和11年6月30日
6100,東京都世田谷区祖師谷一丁目８番１６号,ニチエイビル２Ｆ,Ｂａｄａｓｓ,***,03-6411-4813,5世保生食ほ第1336号,飲食店営業,令和5年11月29日,令和5年11月29日,令和11年11月30日
6101,東京都世田谷区祖師谷一丁目８番１７号,丸芳ストアー内１階１０８号,まま家,***,03-3484-7785,6世保生食ほ第782号,飲食店営業,令和6年10月1日,令和6年10月1日,令和12年9月30日
6102,東京都世田谷区祖師谷一丁目８番１７号,丸芳ビル２Ｆ,亀山社中,***,-,2世保生食ほ第2460号,飲食店営業,平成21年2月17日,令和3年3月1日,令和9年2月28日
6103,東京都世田谷区祖師谷一丁目８番１７号,１０５,としがや,***,-,5世保生食ほ第1749号,飲食店営業,令和6年3月1日,令和6年3月1日,令和12年2月28日
6104,東京都世田谷区祖師谷一丁目８番１７号,丸芳ビル２Ｆ,いつものところ,***,03-3484-2933,2世保生食ほ第345号,飲食店営業,平成20年5月20日,令和2年6月1日,令和8年5月31日
6105,東京都世田谷区祖師谷一丁目８番１７号,丸芳百貨ストアー　２０４号室,ＧＲＯＵＮＤ　ＺＥＲＯ（０地点）,***,5429-0006,6世保生食ほ第958号,飲食店営業,令和6年10月1日,令和6年10月1日,令和12年9月30日
6106,東京都世田谷区祖師谷一丁目８番１７号,２階,スナック　ＣＯＯ,***,03-5490-2774,2世保生食ほ第2486号,飲食店営業,平成27年2月10日,令和3年3月1日,令和9年2月28日
6107,東京都世田谷区祖師谷一丁目８番１７号,２階２０５号,Ｂａｒ　ｎｅｕ,株式会社ｎｅｕ,-,2世保生食ほ第2684号,飲食店営業,平成27年3月9日,令和3年4月1日,令和9年3月31日
6108,東京都世田谷区祖師谷一丁目８番１７号,まるよし横丁　２０１号室,Ｖｅｒｄｅ　Ｃｏｒａｚｏｎ,***,-,5世保生食ほ第1709号,飲食店営業,令和6年3月1日,令和6年3月1日,令和12年2月28日
6109,東京都世田谷区祖師谷一丁目８番１７号,まるよし横丁１１０～１１３号室,胡同　三,***,03-6882-5530,6世保生食ほ第1481号,飲食店営業,令和7年1月22日,令和7年1月22日,令和13年1月31日
6110,東京都世田谷区祖師谷一丁目８番１７号,まるよし横丁１１０～１１３号室,胡同　三,***,03-6882-5530,6世保生食ほ第1482号,そうざい製造業,令和7年1月22日,令和7年1月22日,令和13年1月31日
6111,東京都世田谷区祖師谷一丁目８番１７号,まるよし飲食店街２Ｆ,エクスタンドＡ,***,03-3789-1220,2世保生食ほ第1370号,飲食店営業,令和2年11月9日,令和2年11月9日,令和8年11月30日
6112,東京都世田谷区祖師谷一丁目８番１７号,まるよし横丁１Ｆ１０３号,たぬき,***,-,2世保生食ほ第2032号,飲食店営業,令和3年1月15日,令和3年1月15日,令和9年1月31日
6113,東京都世田谷区祖師谷一丁目８番１７号,まるよしビル１０４号,野口屋,株式会社野口屋ホールディングス,03-6277-9163,3世保生食ほ第112号,飲食店営業,令和3年4月28日,令和3年4月28日,令和9年4月30日
6114,東京都世田谷区祖師谷一丁目８番１７号,まるよしビル１０４号,野口屋,株式会社野口屋ホールディングス,03-6277-9163,4世保生食ほ第273号,菓子製造業,令和4年5月13日,令和4年5月13日,令和10年5月31日
6115,東京都世田谷区祖師谷一丁目８番１７号,まるよし横丁１０２号,ｏｒｇａｎｉｃ　ｂａｒ　ＫＩＴＳＵＮＥ,はやと３３株式会社,03-5349-1800,4世保生食ほ第1728号,飲食店営業,令和5年2月22日,令和5年2月22日,令和11年2月28日
6116,東京都世田谷区祖師谷一丁目８番１７号,まるよし横丁２１２号,ＢＡＲ　３６９,はやと３３株式会社,03-5349-1800,5世保生食ほ第814号,飲食店営業,令和5年9月1日,令和5年9月1日,令和11年8月31日
6117,東京都世田谷区祖師谷一丁目８番１７号,丸芳ビル２０８,じがー,合同会社じがー,-,5世保生食ほ第1007号,飲食店営業,令和5年10月6日,令和5年10月6日,令和11年10月31日
6118,東京都世田谷区祖師谷一丁目８番１８号,ＴＫＲ３番館,ＰＬＥＡＤＹ　ＬＡＢ,株式会社スリーエス,-,2世保生食ほ第2448号,飲食店営業,令和3年3月1日,令和3年3月1日,令和9年2月28日
6119,東京都世田谷区祖師谷一丁目９番５号,泉ビル１－Ｂ,ＤＡＩＹＡ,***,03-5490-2120,6世保生食ほ第523号,飲食店営業,令和6年8月1日,令和6年8月1日,令和12年7月31日
6120,東京都世田谷区祖師谷一丁目９番５号,今泉ビル１Ａ,小奈津,***,3789-5721,2世保生食ほ第416号,飲食店営業,平成8年5月2日,令和2年6月1日,令和8年5月31日
6121,東京都世田谷区祖師谷一丁目９番６号,-,やきとり平八,***,3484-6348,31世保生食ほ第2795号,飲食店営業,昭和50年5月28日,令和2年6月1日,令和8年5月31日
6122,東京都世田谷区祖師谷一丁目９番８号,-,鶏千　祖師ヶ谷大蔵店,株式会社スターティングオーバー,03-3482-6888,5世保生食ほ第449号,飲食店営業,令和5年7月1日,令和5年7月1日,令和11年6月30日
6123,東京都世田谷区祖師谷一丁目９番９号,-,にこみや　三浦,株式会社イレプレ,3483-5520,3世保生食ほ第1531号,飲食店営業,令和3年11月8日,令和3年11月8日,令和10年11月30日
6124,東京都世田谷区祖師谷一丁目９番１２号,-,やきとり　たかはし,有限会社ハイフォレスト,03-3483-5182,3世保生食ほ第278号,飲食店営業,平成15年5月14日,令和3年6月1日,令和9年5月31日
6125,東京都世田谷区祖師谷一丁目９番１２号,小林ビル２Ｆ,バー　デュラス,株式会社Ｔｈｒｅｅ　ｎｉｎｅ,6411-9840,2世保生食ほ第593号,飲食店営業,令和2年7月14日,令和2年7月14日,令和8年7月31日
6126,東京都世田谷区祖師谷一丁目９番１２号,小林ビル２Ｆ,バー　デュラス,***,6411-9840,2世保生食ほ第734号,飲食店営業,令和2年7月30日,令和2年7月30日,令和8年7月31日
6127,東京都世田谷区祖師谷一丁目９番１４号,-,ｋｉｔｃｈｅｎ　ｆｕｍｉ,***,03-6411-5259,6世保生食ほ第328号,飲食店営業,令和6年7月1日,令和6年7月1日,令和12年6月30日
6128,東京都世田谷区祖師谷一丁目９番１４号,-,世田谷中華そば祖師谷７丁目食堂,株式会社Ｂｒａｎｄ,-,2世保生食ほ第1232号,飲食店営業,令和2年10月6日,令和2年10月6日,令和9年10月31日
6129,東京都世田谷区祖師谷一丁目９番１４号,-,パシモン　バーガークラブ,株式会社カラブリヤ,03-5349-1700,4世保生食ほ第1738号,飲食店営業,令和5年3月1日,令和5年3月1日,令和11年2月28日
6130,東京都世田谷区祖師谷一丁目１０番１号,-,とろとろカレー　ｍａｓａ,***,3789-1562,6世保生食ほ第604号,飲食店営業,令和6年9月1日,令和6年9月1日,令和12年8月31日
6131,東京都世田谷区祖師谷一丁目１０番３号,３階,炭火ジンギスカンギンタ,株式会社ブラックス,03-6411-3390,4世保生食ほ第854号,飲食店営業,令和4年8月31日,令和4年8月31日,令和11年8月31日
6132,東京都世田谷区祖師谷一丁目１０番３号,３階,炭火ジンギスカンギンタ,株式会社ブラックス,03-6411-3390,6世保生食ほ第30号,食肉販売業,令和6年7月11日,令和6年7月11日,令和13年7月31日
6133,東京都世田谷区祖師谷一丁目１０番５号,-,セブンイレブン世田谷祖師谷１丁目店,合資会社Ｋｏｚｕｃｕ,03-3484-8678,4世保生食ほ第250号,飲食店営業,令和4年5月17日,令和4年5月17日,令和11年5月31日
6134,東京都世田谷区祖師谷一丁目１０番６号,フォレストビル１０２,天然酵母パンの店　サンセリテ　祖師谷店,株式会社サンセリテ,03-6277-9118,31世保生食ほ第1128号,飲食店営業,令和元年9月24日,令和元年9月24日,令和8年9月30日
6135,東京都世田谷区祖師谷一丁目１０番６号,フォレストビル１０２,天然酵母パンの店　サンセリテ　祖師谷店,株式会社サンセリテ,03-6277-9118,31世保生食ほ第1129号,菓子製造業,令和元年9月24日,令和元年9月24日,令和8年9月30日
6136,東京都世田谷区祖師谷一丁目１０番６号,-,生鮮大関屋　祖師谷鮮魚店,株式会社オオゼキ,03-5490-7300,6世保生食ほ第722号,魚介類販売業,令和6年9月11日,令和6年9月11日,令和13年9月30日
6137,東京都世田谷区祖師谷一丁目１０番６号,-,生鮮大関屋　寿司の美登利　祖師谷店,株式会社梅丘寿司の美登利総本店,03-5787-7707,6世保生食ほ第735号,飲食店営業,令和6年9月11日,令和6年9月11日,令和13年9月30日
6138,東京都世田谷区祖師谷一丁目１０番６号,フォレストビル１階,コルカタ祖師谷店,株式会社ＢｉＢｉ,03-6317-8707,7世保生食ほ第1243号,飲食店営業,令和7年11月27日,令和7年11月27日,令和14年11月30日
6139,東京都世田谷区祖師谷一丁目１０番７号,-,東京揚げどら焼き祖師ヶ谷大蔵店,株式会社アールベイカー,03-6411-5066,4世保生食ほ第54号,飲食店営業,令和4年5月9日,令和4年5月9日,令和11年5月31日
6140,東京都世田谷区祖師谷一丁目１０番７号,-,東京揚げどら焼き祖師ヶ谷大蔵店,株式会社アールベイカー,03-6411-5066,7世保生食ほ第582号,菓子製造業,令和7年7月30日,令和7年7月30日,令和14年7月31日
6141,東京都世田谷区祖師谷一丁目１１番５号,オフィスサトウ１Ｆ,牛鉄　祖師谷店,有限会社山道,3789-8989,2世保生食ほ第1599号,飲食店営業,平成6年11月24日,令和2年12月1日,令和9年11月30日
6142,東京都世田谷区祖師谷一丁目１１番５号,オフィスサトウ１Ｆ,牛鉄　祖師谷店,有限会社山道,3789-8989,2世保生食ほ第364号,食肉販売業,令和2年6月4日,令和2年6月4日,令和9年6月30日
6143,東京都世田谷区祖師谷一丁目１１番８号,-,大阪王将祖師谷大蔵店,株式会社大阪王将,03-6411-3693,2世保生食ほ第2337号,飲食店営業,令和3年2月26日,令和3年2月26日,令和10年2月29日
6144,東京都世田谷区祖師谷一丁目１１番８号,Ｌスクエア２階,ＢＡＴ　ＤＡＲＴＳ　ＳＯＳＨＩＧＡＹＡ,株式会社赤城商店,03-6411-4407,3世保生食ほ第1047号,飲食店営業,令和3年9月28日,令和3年9月28日,令和10年9月30日
6145,東京都世田谷区祖師谷一丁目１１番１０号,-,金寿司,有限会社魚金,3483-1413,2世保生食ほ第902号,飲食店営業,平成元年9月2日,令和2年10月1日,令和9年9月30日
6146,東京都世田谷区祖師谷一丁目１１番１０号,金寿しビルＢ１,当八,***,3482-1595,7世保生食ほ第1463号,飲食店営業,令和8年2月1日,令和8年2月1日,令和14年1月31日
6147,東京都世田谷区祖師谷一丁目１９番３号,-,小料理　みどり,株式会社ｌｏａｄｏｆｆ,5490-6699,7世保生食ほ第1431号,飲食店営業,令和8年2月1日,令和8年2月1日,令和14年1月31日
6148,東京都世田谷区祖師谷一丁目３５番４号,-,料理とワインの店　ＴＯ,有限会社さらさら,3483-7822,3世保生食ほ第1788号,飲食店営業,令和4年2月1日,令和4年2月1日,令和11年1月31日
6149,東京都世田谷区祖師谷一丁目３５番４号,-,カレーの南海,有限会社キッチングリーン,3484-8771,2世保生食ほ第1797号,飲食店営業,平成26年12月10日,令和3年1月1日,令和8年12月31日
6150,東京都世田谷区祖師谷一丁目３５番４号,店舗１Ｆ,うなとら,株式会社ＥＶＯＬ,-,6世保生食ほ第1234号,飲食店営業,令和6年11月28日,令和6年11月28日,令和12年11月30日
6151,東京都世田谷区祖師谷一丁目３５番５号,-,和楽,***,3789-9188,6世保生食ほ第113号,魚介類販売業,令和6年5月1日,令和6年5月1日,令和12年4月30日
6152,東京都世田谷区祖師谷一丁目３７番８号,-,なごみ堂,***,3483-3359,30世保生食ほ第2513号,飲食店営業,平成17年4月2日,令和元年5月1日,令和8年4月30日
6153,東京都世田谷区祖師谷一丁目３７番９号,-,旬彩　ともえ家,株式会社惠州舎,03-5787-7756,3世保生食ほ第1938号,飲食店営業,令和4年3月1日,令和4年3月1日,令和10年2月29日
6154,東京都世田谷区祖師谷一丁目３７番９号,-,さかなや　魚武,株式会社三枚目,03-6411-4948,6世保生食ほ第1073号,魚介類販売業,令和6年11月1日,令和6年11月1日,令和12年10月31日
6155,東京都世田谷区祖師谷二丁目３番７号,-,ローソン祖師谷二丁目店,***,3483-0035,31世保生食ほ第2025号,飲食店営業,令和2年1月16日,令和2年1月16日,令和9年1月31日
6156,東京都世田谷区祖師谷二丁目３番７号,-,ローソン祖師谷二丁目店,***,3483-0035,31世保生食ほ第2029号,菓子製造業,令和2年1月16日,令和2年1月16日,令和9年1月31日
6157,東京都世田谷区祖師谷二丁目４番７号,-,祖師谷　鈴木,***,3484-4129,2世保生食ほ第1699号,飲食店営業,平成6年12月14日,令和3年1月1日,令和9年12月31日
6158,東京都世田谷区祖師谷二丁目４番７号,-,祖師谷　鈴木,***,3484-4129,2世保生食ほ第1700号,食肉販売業,平成6年12月14日,令和3年1月1日,令和9年12月31日
6159,東京都世田谷区祖師谷二丁目５番３８号,-,メフォス東日本１００９５店,株式会社メフォス東日本,03-3483-9990,3世保生食ほ第199号,飲食店営業,令和3年4月28日,令和3年4月28日,令和10年4月30日
6160,東京都世田谷区祖師谷三丁目１番７号,小田急マルシェ祖師ヶ谷大蔵,祖師ヶ谷ビール工房,株式会社ＳＡＫＥ－ＹＡ　ＪＡＰＡＮ,03-5937-5171,3世保生食ほ第2163号,飲食店営業,令和4年4月22日,令和4年4月22日,令和10年4月30日
6161,東京都世田谷区祖師谷三丁目１番７号,小田急マルシェ祖師ヶ谷大蔵,祖師ヶ谷ビール工房,株式会社ＳＡＫＥ－ＹＡ　ＪＡＰＡＮ,03-5937-5171,3世保生食ほ第2164号,酒類製造業,令和4年4月22日,令和4年4月22日,令和10年4月30日
6162,東京都世田谷区祖師谷三丁目１番７号,小田急マルシェ祖師ヶ谷大蔵店舗２号区画,ドンクエディテ祖師ヶ谷大蔵店,株式会社ドンク,-,3世保生食ほ第2371号,飲食店営業,令和4年3月28日,令和4年3月28日,令和10年3月31日
6163,東京都世田谷区祖師谷三丁目１番７号,-,Ｏｄａｋｙｕ　ＯＸ　ＭＡＲＴ　祖師谷店,小田急商事株式会社,03-3484-5660,4世保生食ほ第1899号,飲食店営業,令和5年4月10日,令和5年4月10日,令和12年4月30日
6164,東京都世田谷区祖師谷三丁目１番７号,小田急マルシェ祖師ヶ谷大蔵,いまがわ食堂　祖師ヶ谷大蔵店,株式会社小田急レストランシステム,5349-1811,6世保生食ほ第964号,飲食店営業,令和6年10月11日,令和6年10月11日,令和13年10月31日
6165,東京都世田谷区祖師谷三丁目１番１５号,小西ビル１階,ごち,株式会社Ｕｎｉｔｙ　ｗｏｒｌｄ　ｋｉｔｃｈｅｎ,03-6751-2620,5世保生食ほ第132号,飲食店営業,令和5年6月1日,令和5年6月1日,令和11年5月31日
6166,東京都世田谷区祖師谷三丁目１番１５号,-,ＣＨＩＣＨＡＲＡ　知茶楽,ＩＢＣ株式会社,6874-6129,31世保生食ほ第1117号,飲食店営業,令和元年9月13日,令和元年9月13日,令和8年9月30日
6167,東京都世田谷区祖師谷三丁目１番１６号,-,まかべ,有限会社まかべ,3483-1493,2世保生食ほ第2856号,飲食店営業,平成6年4月25日,令和3年5月1日,令和9年4月30日
6168,東京都世田谷区祖師谷三丁目１番１６号,-,スナック　とぉーん,***,03-3789-2225,2世保生食ほ第2269号,飲食店営業,令和3年2月19日,令和3年2月19日,令和9年2月28日
6169,東京都世田谷区祖師谷三丁目１番１７号,-,チャコールグリル　紅玉,***,3482-2795,3世保生食ほ第7号,飲食店営業,平成21年4月2日,令和3年5月1日,令和9年4月30日
6170,東京都世田谷区祖師谷三丁目１番１７号,和ビル２Ｆ,スナック　ゆかり,***,03-5490-5885,2世保生食ほ第2567号,飲食店営業,平成15年3月18日,令和3年4月1日,令和9年3月31日
6171,東京都世田谷区祖師谷三丁目１番１７号,毛利ビル２Ｆ３Ｆ,居酒屋　いし川,***,03-6411-3506,3世保生食ほ第1493号,飲食店営業,令和3年11月2日,令和3年11月2日,令和10年11月30日
6172,東京都世田谷区祖師谷三丁目１番１７号,-,ＢＥＡＣＨ　ＣＡＦＥ,***,-,4世保生食ほ第172号,飲食店営業,令和4年6月1日,令和4年6月1日,令和11年5月31日
6173,東京都世田谷区祖師谷三丁目１番１７号,-,ＯＲＡＮＧＥ　ＣＯＵＮＴＹ,株式会社オレンジカウンティ,6382-6362,6世保生食ほ第1725号,飲食店営業,令和7年3月1日,令和7年3月1日,令和13年2月28日
6174,東京都世田谷区祖師谷三丁目１番１７号,朝比奈店舗１Ｆ,世田谷西洋食堂,***,-,7世保生食ほ第1334号,飲食店営業,令和7年12月18日,令和7年12月18日,令和13年12月31日
6175,東京都世田谷区祖師谷三丁目１番２４号,-,有限会社　長岡屋,有限会社長岡屋,-,6世保生食ほ第855号,飲食店営業,令和6年10月1日,令和6年10月1日,令和13年9月30日
6176,東京都世田谷区祖師谷三丁目４番８号,石田ビル３Ｆ,ＩＫＥＤＡ,***,03-3482-2225,7世保生食ほ第79号,飲食店営業,令和7年5月1日,令和7年5月1日,令和13年4月30日
6177,東京都世田谷区祖師谷三丁目４番８号,石田ビル２Ｆ,すなっく　うさぎ,***,3484-7386,2世保生食ほ第1338号,飲食店営業,平成11年10月26日,令和2年11月1日,令和8年10月31日
6178,東京都世田谷区祖師谷三丁目４番８号,石田ビル１Ｆ,カフェ　メロディ,医療法人社団風鳴会,3482-8967,6世保生食ほ第301号,飲食店営業,令和6年7月1日,令和6年7月1日,令和13年6月30日
6179,東京都世田谷区祖師谷三丁目４番９号,松紀ビル１Ｆ,トラットリア　フィオッキ,株式会社クアドリフォリオ,03-3789-3355,2世保生食ほ第1373号,飲食店営業,令和2年10月22日,令和2年10月22日,令和8年10月31日
6180,東京都世田谷区祖師谷三丁目４番９号,松紀ビル１Ｆ,トラットリア　フィオッキ,株式会社クアドリフォリオ,03-3789-3355,2世保生食ほ第1374号,菓子製造業,令和2年10月22日,令和2年10月22日,令和8年10月31日
6181,東京都世田谷区祖師谷三丁目４番９号,松紀ビル１Ｆ,トラットリア　フィオッキ,株式会社クアドリフォリオ,03-3789-3355,2世保生食ほ第1375号,そうざい製造業,令和2年10月22日,令和2年10月22日,令和8年10月31日
6182,東京都世田谷区祖師谷三丁目４番９号,２階,ズッペリア　オステリア　ピティリアーノ,株式会社クアドリフォリオ,03-3789-0017,3世保生食ほ第1585号,飲食店営業,令和3年11月16日,令和3年11月16日,令和10年11月30日
6183,東京都世田谷区祖師谷三丁目６番１４号,グランベル祖師谷１Ｆ,クローバー成城学園,株式会社　ケアフィット,03-6277-9172,3世保生食ほ第718号,飲食店営業,令和3年6月23日,令和3年6月23日,令和10年6月30日
6184,東京都世田谷区祖師谷三丁目１０番４号,-,喫茶　桜ん房,社会福祉法人　世田谷区社会福祉協議会,3482-2291,2世保生食ほ第1525号,菓子製造業,平成18年11月29日,令和2年12月1日,令和9年4月30日
6185,東京都世田谷区祖師谷三丁目１０番４号,-,喫茶　桜ん房,社会福祉法人　世田谷区社会福祉協議会,3482-2291,31世保生食ほ第2575号,飲食店営業,平成6年4月27日,令和2年5月1日,令和9年4月30日
6186,東京都世田谷区祖師谷三丁目２１番１号,-,わくわく祖師谷,社会福祉法人せたがや樫の木会,03-3789-8727,5世保生食ほ第1081号,菓子製造業,令和5年11月1日,令和5年11月1日,令和12年10月31日
6187,東京都世田谷区祖師谷三丁目２１番１号,-,わくわく祖師谷（厨房）,東京フードサービス株式会社,3484-5501,2世保生食ほ第2423号,飲食店営業,平成26年3月26日,令和3年4月1日,令和10年3月31日
6188,東京都世田谷区祖師谷三丁目２１番１号,２階,わくわく祖師谷,社会福祉法人せたがや樫の木会,03-3789-8727,7世保生食ほ第1755号,菓子製造業,令和8年4月1日,令和8年4月1日,令和15年3月31日
6189,東京都世田谷区祖師谷三丁目２３番２号,-,まほら処　福家,***,03-4283-3803,3世保生食ほ第1078号,飲食店営業,令和3年8月26日,令和3年8月26日,令和9年9月30日
6190,東京都世田谷区祖師谷三丁目２４番３号,-,成城月堂,株式会社成城風月堂,3484-5841,2世保生食ほ第957号,喫茶店営業,平成24年9月20日,令和2年10月1日,令和10年9月30日
6191,東京都世田谷区祖師谷三丁目２４番３号,-,成城月堂,株式会社成城風月堂,3484-5841,2世保生食ほ第958号,菓子製造業,平成24年9月20日,令和2年10月1日,令和10年9月30日
6192,東京都世田谷区祖師谷三丁目２４番３号,-,成城月堂,株式会社成城風月堂,3484-5841,2世保生食ほ第959号,アイスクリーム類製造業,平成24年9月20日,令和2年10月1日,令和10年9月30日
6193,東京都世田谷区祖師谷三丁目２６番３号,-,株式会社コスモプラン　５,株式会社コスモプラン,03-6411-5766,7世保生食ほ第138号,飲食店営業,令和7年6月1日,令和7年6月1日,令和14年5月31日
6194,東京都世田谷区祖師谷三丁目３０番１号,中村ビル,菊寿司,***,03-3484-8115,3世保生食ほ第557号,飲食店営業,令和3年6月24日,令和3年6月24日,令和9年6月30日
6195,東京都世田谷区祖師谷三丁目３０番１号,-,中国菜館岡田屋,有限会社岡田屋桜梅食品,3482-6297,2世保生食ほ第772号,飲食店営業,平成8年8月5日,令和2年9月1日,令和8年8月31日
6196,東京都世田谷区祖師谷三丁目３０番４号,ＳＡビルＢ１,居酒屋ダイニング　ひみつきち,株式会社リネイション,03-6411-9114,4世保生食ほ第948号,飲食店営業,令和4年10月1日,令和4年10月1日,令和10年9月30日
6197,東京都世田谷区祖師谷三丁目３０番４号,ＳＡビル２０１,ＳＴＡＮＤ　ＢＡＲ　Ｐｏｉｎｔｂｒｅａｋ　ｓｏｓｈｉｇａｙａ　Ｇｉｒｌｓ,***,03-5787-7726,2世保生食ほ第1734号,飲食店営業,令和2年12月3日,令和2年12月3日,令和9年12月31日
6198,東京都世田谷区祖師谷三丁目３０番４号,Ｂ区館,韓国料理　サムシセキ　祖師ケ谷大蔵店,株式会社ＦＯＯＤＩＥ,03-6411-4334,3世保生食ほ第205号,飲食店営業,令和3年4月27日,令和3年4月27日,令和9年4月30日
6199,東京都世田谷区祖師谷三丁目３０番４号,１Ｆ　Ａ号室,世田谷食堂カフェ,株式会社Ｒ・Ｄ,-,4世保生食ほ第1442号,飲食店営業,令和4年12月12日,令和4年12月12日,令和11年12月31日
6200,東京都世田谷区祖師谷三丁目３１番５号,ハイツ銀嶺１０１,ＢＥＥＲ　ＳＥＣＯＮＤＡＲＹ　ＢＡＳＥ,株式会社ＯＮＥＳＥＥＤ,-,5世保生食ほ第981号,飲食店営業,令和5年10月2日,令和5年10月2日,令和11年10月31日
6201,東京都世田谷区祖師谷三丁目３２番１号,-,ふたば製麺祖師ヶ谷大蔵,株式会社丸亀製麺,03-3789-6115,5世保生食ほ第297号,麺類製造業,令和5年5月26日,令和5年5月26日,令和12年5月31日
6202,東京都世田谷区祖師谷三丁目３２番１号,-,キッチンオリジン　祖師ヶ谷大蔵店,オリジン東秀株式会社,03-5349-1077,7世保生食ほ第971号,飲食店営業,令和7年10月29日,令和7年10月29日,令和14年10月31日
6203,東京都世田谷区祖師谷三丁目３２番３号,-,香風,有限会社香風,03-3482-0011,4世保生食ほ第1673号,菓子製造業,令和5年3月1日,令和5年3月1日,令和12年2月28日
6204,東京都世田谷区祖師谷三丁目３２番３号,-,有限会社　ニシキヤ洋菓子店,有限会社ニシキヤ洋菓子店,3482-0482,4世保生食ほ第647号,飲食店営業,令和4年7月20日,令和4年7月20日,令和12年7月31日
6205,東京都世田谷区祖師谷三丁目３２番３号,-,有限会社　ニシキヤ洋菓子店,有限会社ニシキヤ洋菓子店,3482-0482,7世保生食ほ第623号,菓子製造業,令和7年9月1日,令和7年9月1日,令和15年8月31日
6206,東京都世田谷区祖師谷三丁目３２番３号,ＮＮ協同ビル２Ｆ,スコッチハウスＬａｒｇｏ,有限会社イチフジ,-,4世保生食ほ第1973号,飲食店営業,令和5年5月1日,令和5年5月1日,令和11年4月30日
6207,東京都世田谷区祖師谷三丁目３２番３号,ＮＮ協同ビル２Ｆ,ＢＡＲ　ＹＵＺＵ,有限会社イチフジ,-,4世保生食ほ第1974号,飲食店営業,令和5年6月1日,令和5年6月1日,令和11年4月30日
6208,東京都世田谷区祖師谷三丁目３２番５号,アソルティ祖師谷大蔵ビル,ファミリーマート祖師ヶ谷大蔵駅西,株式会社ブラウン,5490-7256,2世保生食ほ第2261号,飲食店営業,平成19年2月20日,令和3年3月1日,令和10年2月29日
6209,東京都世田谷区祖師谷三丁目３２番５号,-,カラオケ　スタークラブ世田谷,有限会社フォーユー,03-6411-2661,31世保生食ほ第2335号,飲食店営業,令和2年2月28日,令和2年2月28日,令和9年2月28日
6210,東京都世田谷区祖師谷三丁目３２番５号,-,ろ端焼き　きたぎん　祖師谷大蔵店,株式会社Ｂｒａｎｄ　Ｂａｎｋ　Ｃｏｍｐａｎｙ,03-5490-7045,4世保生食ほ第451号,飲食店営業,令和4年7月14日,令和4年7月14日,令和11年7月31日
6211,東京都世田谷区祖師谷三丁目３２番１４号,-,やまと家,株式会社大和屋菓子司,3483-1604,31世保生食ほ第273号,菓子製造業,平成17年6月1日,令和元年6月1日,令和8年5月31日
6212,東京都世田谷区祖師谷三丁目３２番１４号,富士屋ビル１Ｆ,松屋　祖師谷大蔵３丁目店,株式会社松屋フーズ,-,7世保生食ほ第1559号,飲食店営業,令和8年3月1日,令和8年3月1日,令和15年2月28日
6213,東京都世田谷区祖師谷三丁目３２番１４号,ＦＵＪＩＹＡ２００２２階,鳥貴族　祖師ヶ谷大蔵店,株式会社鳥貴族東日本,03-6277-9844,5世保生食ほ第1729号,飲食店営業,令和6年4月1日,令和6年4月1日,令和13年3月31日
6214,東京都世田谷区祖師谷三丁目３２番１５号,原島ビル２Ｆ,それいゆ,***,3483-5796,5世保生食ほ第1586号,飲食店営業,令和6年3月1日,令和6年3月1日,令和12年2月28日
6215,東京都世田谷区祖師谷三丁目３２番１５号,ＹＭＫビル１Ｆ,でんがな　祖師谷大蔵店,株式会社フォーシーズ,5429-8700,7世保生食ほ第1680号,飲食店営業,令和8年3月1日,令和8年3月1日,令和15年2月28日
6216,東京都世田谷区祖師谷三丁目３３番２号,内海ビル１階,とんかつ鈴の家,***,3484-0447,6世保生食ほ第1770号,飲食店営業,令和7年4月1日,令和7年4月1日,令和14年3月31日
6217,東京都世田谷区祖師谷三丁目３３番２号,-,カラオケ　トマトクラブ,有限会社トマトクラブ,3482-4171,2世保生食ほ第306号,飲食店営業,令和2年5月15日,令和2年5月15日,令和9年5月31日
6218,東京都世田谷区祖師谷三丁目３３番７号,キクヤビル,ピッツェリア　タラッリ,株式会社ｓｏｎｏ,0362779882,4世保生食ほ第491号,飲食店営業,令和4年6月22日,令和4年6月22日,令和10年6月30日
6219,東京都世田谷区祖師谷三丁目３３番７号,キクヤビル,ピッツェリア　タラッリ,株式会社ｓｏｎｏ,0362779882,6世保生食ほ第499号,そうざい製造業,令和6年7月5日,令和6年7月5日,令和12年7月31日
6220,東京都世田谷区祖師谷三丁目３３番８号,-,肉汁餃子のダンダダン　祖師谷大蔵店,株式会社ダンダダン,03-5349-1890,6世保生食ほ第689号,飲食店営業,令和6年8月13日,令和6年8月13日,令和13年8月31日
6221,東京都世田谷区祖師谷三丁目３４番９号,Ｏ・Ｋビル１Ｆ,ＮＯＷＨＥＲＥ（ノーウェア）,***,-,6世保生食ほ第1214号,飲食店営業,令和7年1月1日,令和7年1月1日,令和12年12月31日
6222,東京都世田谷区祖師谷三丁目３４番１０号,青木ビル１Ｆ,らーめん　そしがや,株式会社Ｒａｉｎｙ　Ｄｒｉｖｅ,03-5490-7333,2世保生食ほ第2371号,飲食店営業,令和3年2月26日,令和3年2月26日,令和10年2月29日
6223,東京都世田谷区祖師谷三丁目３４番１０号,青木ビル１階,ＡＳＩＡＮ　ＲＥＳＴＡＵＲＡＮＴ　ＥＶＥＲＥＳＴ　ＫＩＴＣＨＥＮ,ＳＵＳＭＡ合同会社,03-4361-7855,7世保生食ほ第967号,飲食店営業,令和7年10月7日,令和7年10月7日,令和13年10月31日
6224,東京都世田谷区祖師谷三丁目３５番１２号,祖師谷ストア１階,鮨・酒・肴　杉玉　祖師ヶ谷大蔵,株式会社ＦＯＯＤ＆ＬＩＦＥ　ＩＮＮＯＶＡＴＩＯＮＳ,03-5490-7151,3世保生食ほ第643号,飲食店営業,令和3年6月15日,令和3年6月15日,令和10年6月30日
6225,東京都世田谷区祖師谷三丁目３６番２４号,-,チャイニーズレストラン欣喜,合同会社　アオキ,6411-3458,31世保生食ほ第56号,飲食店営業,平成31年4月15日,平成31年4月15日,令和8年4月30日
6226,東京都世田谷区祖師谷三丁目３６番２４号,-,チャイニーズレストラン欣喜,合同会社　アオキ,6411-3458,8世保生食ほ第84号,飲食店営業,令和8年5月1日,令和8年5月1日,令和15年4月30日
6227,東京都世田谷区祖師谷三丁目３６番２６号,祖師谷セントラルプラザ地下１階,焼鳥　かど慶,***,03-5787-7738,6世保生食ほ第325号,飲食店営業,令和6年7月1日,令和6年7月1日,令和12年6月30日
6228,東京都世田谷区祖師谷三丁目３６番２８号,-,生鮮大関屋　精肉青果店,株式会社オオゼキ,03-5490-7010,6世保生食ほ第382号,食肉販売業,令和6年7月9日,令和6年7月9日,令和13年7月31日
6229,東京都世田谷区祖師谷三丁目３６番２９号,-,とんかつ新宿さぼてん　祖師谷三丁目店,株式会社グリーンハウスフーズ,3789-5350,5世保生食ほ第1029号,飲食店営業,令和5年11月1日,令和5年11月1日,令和12年10月31日
6230,東京都世田谷区祖師谷三丁目３６番３１号,-,さか本そば店,有限会社さか本そば店,3482-3779,7世保生食ほ第1140号,飲食店営業,令和7年12月1日,令和7年12月1日,令和13年11月30日
6231,東京都世田谷区祖師谷三丁目４９番１号,-,世田谷区立祖師谷小学校,株式会社東洋食品,3482-2467,3世保生食ほ第195号,飲食店営業,令和3年4月26日,令和3年4月26日,令和10年4月30日
6232,東京都世田谷区祖師谷三丁目５０番５号,-,Ｔ’ｓ　Ｌａｎｄ,***,-,2世保生食ほ第1191号,菓子製造業,平成26年10月16日,令和2年11月1日,令和8年10月31日
6233,東京都世田谷区祖師谷四丁目１番２１号,-,㈲八百萬商店,有限会社八百萬商店,03-3483-0788,5世保生食ほ第1935号,飲食店営業,令和6年5月1日,令和6年5月1日,令和12年4月30日
6234,東京都世田谷区祖師谷四丁目１番２１号,-,㈲八百萬商店,有限会社八百萬商店,03-3483-0788,5世保生食ほ第1936号,菓子製造業,令和6年5月1日,令和6年5月1日,令和12年4月30日
6235,東京都世田谷区祖師谷四丁目１番２１号,エスペランザ１０２－Ｂ,ムガール亭,株式会社ＢｉＢｉ,6411-3771,7世保生食ほ第594号,飲食店営業,令和7年8月1日,令和7年8月1日,令和14年7月31日
6236,東京都世田谷区祖師谷四丁目１番２２号,文榮堂ビル３Ｆ,ＭＵＲＩＷＵＩ,***,-,7世保生食ほ第1488号,飲食店営業,令和8年2月1日,令和8年2月1日,令和14年1月31日
6237,東京都世田谷区祖師谷四丁目２番１４号,-,祖師酒家,社会福祉法人共働学舎,03-6411-4680,7世保生食ほ第1673号,飲食店営業,令和8年4月1日,令和8年4月1日,令和14年3月31日
6238,東京都世田谷区祖師谷四丁目３番１５号,-,祖師谷ケアパークそよ風,株式会社ＳＯＹＯＫＡＺＥ,5429-8591,6世保生食ほ第1710号,飲食店営業,令和7年3月1日,令和7年3月1日,令和14年2月29日
6239,東京都世田谷区祖師谷四丁目２４番１号,-,ファミリーマートまるいし祖師谷店,株式会社丸石,5490-7050,2世保生食ほ第1019号,飲食店営業,平成25年8月21日,令和2年9月1日,令和9年8月31日
6240,東京都世田谷区祖師谷四丁目２４番２２号,-,蕎麦石はら　祖師ヶ谷大蔵店,株式会社ケアフィット,03-3484-5914,5世保生食ほ第400号,飲食店営業,令和5年7月1日,令和5年7月1日,令和12年6月30日
6241,東京都世田谷区祖師谷四丁目２５番２号,-,ｂｅｒｒｙ　ｂａｒ　ｅａｓｔ,***,03-6751-1226,2世保生食ほ第994号,飲食店営業,平成20年9月4日,令和2年10月1日,令和8年9月30日
6242,東京都世田谷区祖師谷四丁目２５番１９号,Ｂ１,パブハウス・ちとせ,***,03-3484-4174,31世保生食ほ第2576号,飲食店営業,平成14年4月3日,令和2年5月1日,令和8年4月30日
6243,東京都世田谷区祖師谷四丁目２５番１９号,Ｂ１,パブハウス・ちとせ,***,03-3484-4174,7世保生食ほ第1982号,飲食店営業,令和8年5月1日,令和8年5月1日,令和14年4月30日
6244,東京都世田谷区祖師谷四丁目２５番２２号,-,菊池豆腐店,***,3482-0366,4世保生食ほ第1360号,豆腐製造業,令和5年1月1日,令和5年1月1日,令和10年12月31日
6245,東京都世田谷区祖師谷四丁目２５番２２号,千里ビル１Ｆ,Ｐａｓｓａｇｅ　Ｃｏｆｆｅｅ　Ｒｏａｓｔｅｒｙ,株式会社ＰＡＳＳＡＧＥ,03-6411-9316,6世保生食ほ第1885号,飲食店営業,令和7年5月1日,令和7年5月1日,令和13年4月30日
6246,東京都世田谷区祖師谷四丁目２７番８号,ハウス春日２０２,アトリエ　ドゥ　ミル,***,-,2世保生食ほ第1013号,菓子製造業,令和2年8月31日,令和2年8月31日,令和8年8月31日
6247,東京都世田谷区祖師谷四丁目３２番７号,-,介護付有料老人ホーム　フェリオ成城,コンパスグループ・ジャパン株式会社,3789-5761,2世保生食ほ第1990号,飲食店営業,令和3年2月1日,令和3年2月1日,令和10年1月31日
6248,東京都世田谷区祖師谷五丁目１番２８号,-,ほっぷしゅうくりーむ,***,-,6世保生食ほ第484号,飲食店営業,令和6年7月23日,令和6年7月23日,令和12年7月31日
6249,東京都世田谷区祖師谷五丁目１番２８号,-,ほっぷしゅうくりーむ,***,-,6世保生食ほ第485号,菓子製造業,令和6年7月23日,令和6年7月23日,令和12年7月31日
6250,東京都世田谷区祖師谷五丁目１番２９号,-,大勝軒,***,3484-2484,2世保生食ほ第1707号,飲食店営業,平成20年12月2日,令和3年1月1日,令和8年12月31日
6251,東京都世田谷区祖師谷五丁目１番３０号,-,株式会社　うるしばら,株式会社うるしばら,3482-2756,4世保生食ほ第800号,飲食店営業,令和4年9月1日,令和4年9月1日,令和10年8月31日
6252,東京都世田谷区祖師谷五丁目１番３０号,-,株式会社　うるしばら,株式会社うるしばら,3482-2756,4世保生食ほ第801号,魚介類販売業,令和4年9月1日,令和4年9月1日,令和10年8月31日
6253,東京都世田谷区祖師谷五丁目２４番５号,-,茶房そしがや,***,03-3483-6087,2世保生食ほ第1585号,飲食店営業,平成26年11月6日,令和2年12月1日,令和8年11月30日
6254,東京都世田谷区祖師谷五丁目２７番１５号,-,魚よし,***,3484-2508,2世保生食ほ第2861号,魚介類販売業,昭和60年4月12日,令和3年5月1日,令和9年4月30日
6255,東京都世田谷区祖師谷五丁目２９番１２号,-,セブンイレブン世田谷祖師谷５丁目店,合同会社クレッシェンド,3482-7771,7世保生食ほ第1107号,飲食店営業,令和7年12月1日,令和7年12月1日,令和13年11月30日
6256,東京都世田谷区祖師谷六丁目３３番１４号,-,はらとく,***,3300-8705,4世保生食ほ第422号,飲食店営業,令和4年8月1日,令和4年8月1日,令和10年7月31日
6257,東京都世田谷区成城一丁目１番１号,-,談話室　ユー,***,3416-5217,2世保生食ほ第1874号,飲食店営業,平成20年1月24日,令和3年2月1日,令和9年1月31日
6258,東京都世田谷区成城一丁目２番７号,Ｂ１,ＤＯＧ　ＢＵＲＲＯＷ　ＯＩＮＵ,株式会社Ｆｗａｔｚｏｎｅ,03-6411-1220,2世保生食ほ第1843号,飲食店営業,令和2年12月28日,令和2年12月28日,令和8年12月31日
6259,東京都世田谷区成城一丁目３番１号,-,サミットストア成城店,サミット株式会社,03-5494-6550,3世保生食ほ第232号,菓子製造業,平成25年5月17日,令和3年6月1日,令和11年5月31日
6260,東京都世田谷区成城一丁目３番１号,-,サミットストア成城店,サミット株式会社,03-5494-6550,31世保生食ほ第1371号,飲食店営業,平成23年10月17日,令和元年11月1日,令和9年10月31日
6261,東京都世田谷区成城一丁目３番１号,-,サミットストア成城店,サミット株式会社,03-5494-6550,31世保生食ほ第1372号,飲食店営業,平成23年10月17日,令和元年11月1日,令和9年10月31日
6262,東京都世田谷区成城一丁目３番１号,-,サミットストア成城店,サミット株式会社,03-5494-6550,31世保生食ほ第1373号,飲食店営業,平成23年10月17日,令和元年11月1日,令和9年10月31日
6263,東京都世田谷区成城一丁目３番１号,-,サミットストア成城店,サミット株式会社,03-5494-6550,31世保生食ほ第1374号,飲食店営業,平成23年10月17日,令和元年11月1日,令和9年10月31日
6264,東京都世田谷区成城一丁目３番１号,-,サミットストア成城店,サミット株式会社,03-5494-6550,31世保生食ほ第1377号,食肉販売業,平成23年10月17日,令和元年11月1日,令和9年10月31日
6265,東京都世田谷区成城一丁目３番１号,-,サミットストア成城店,サミット株式会社,03-5494-6550,31世保生食ほ第1378号,魚介類販売業,平成23年10月17日,令和元年11月1日,令和9年10月31日
6266,東京都世田谷区成城一丁目３番１号,-,サミットストア成城店,サミット株式会社,03-5494-6550,5世保生食ほ第291号,飲食店営業,令和5年5月31日,令和5年5月31日,令和13年5月31日
6267,東京都世田谷区成城一丁目３番１号,-,ダン・ブラウン成城店,サミット株式会社,5494-6551,31世保生食ほ第1379号,飲食店営業,平成23年10月17日,令和元年11月1日,令和9年10月31日
6268,東京都世田谷区成城一丁目３番１号,-,ダン・ブラウン成城店,サミット株式会社,5494-6551,31世保生食ほ第1380号,菓子製造業,平成23年10月17日,令和元年11月1日,令和9年10月31日
6269,東京都世田谷区成城一丁目３番１号,サミット成城２Ｆ,サイゼリヤサミット成城店,株式会社サイゼリヤ,03-5727-0710,7世保生食ほ第1019号,飲食店営業,令和7年11月1日,令和7年11月1日,令和14年10月31日
6270,東京都世田谷区成城一丁目４番１号,東宝撮影所内　ＴＯＨＯ成城スタジオ　カフェテリア,ＥＶＥＲＹＦＯＯＤ（１５８０）事業所,株式会社ＥＶＥＲＹＦＯＯＤ,3749-4171,2世保生食ほ第992号,飲食店営業,平成18年9月7日,令和2年10月1日,令和9年9月30日
6271,東京都世田谷区成城一丁目４番１３号,ヤマト運輸成城支店１階,スワンカフェ＆ベーカリー成城店,株式会社スワン,0357278311,7世保生食ほ第1409号,飲食店営業,令和8年2月1日,令和8年2月1日,令和15年1月31日
6272,東京都世田谷区成城一丁目４番１３号,ヤマト運輸成城支店１階,スワンカフェ＆ベーカリー成城店,株式会社スワン,0357278311,7世保生食ほ第1410号,菓子製造業,令和8年2月1日,令和8年2月1日,令和15年1月31日
6273,東京都世田谷区成城一丁目１０番１号,-,世田谷区立砧中学校,株式会社藤江,03-3417-2367,3世保生食ほ第384号,飲食店営業,令和3年5月18日,令和3年5月18日,令和10年5月31日
6274,東京都世田谷区成城一丁目１３番１号,-,Ｂ＆Ｉ２２７７,グリーンホスピタリティフードサービス株式会社,3416-6351,5世保生食ほ第1598号,飲食店営業,令和6年2月22日,令和6年2月22日,令和13年2月28日
6275,東京都世田谷区成城一丁目１８番１１号,-,鳥取明倫館,株式会社ＬＥＯＣ,-,6世保生食ほ第1829号,飲食店営業,令和7年3月18日,令和7年3月18日,令和14年3月31日
6276,東京都世田谷区成城一丁目２４番８号,-,セブンイレブン世田谷成城１丁目店,エンヴァリー株式会社,3417-9771,4世保生食ほ第73号,飲食店営業,令和4年4月18日,令和4年4月18日,令和11年5月31日
6277,東京都世田谷区成城二丁目９番１８号,Ｈａｌｅ　Ｋａｈａｎａ　Ｂ,ＥＬＬＥ　ｃａｆｅ,ａｎｄｅａｔ株式会社,-,2世保生食ほ第1376号,菓子製造業,令和2年10月16日,令和2年10月16日,令和8年10月31日
6278,東京都世田谷区成城二丁目１２番１１号,石井ビル　１Ｆ,Ｆ　ＧＩＣＣＯ,バナル・ジャパン株式会社,-,5世保生食ほ第1422号,飲食店営業,令和5年12月15日,令和5年12月15日,令和12年12月31日
6279,東京都世田谷区成城二丁目１２番１１号,石井ビルＢ１Ｆ,焼肉工房　山五,株式会社ＯｒｉｇｉｎａｌＣｉｔｙ,03-6411-8906,7世保生食ほ第708号,飲食店営業,令和7年10月1日,令和7年10月1日,令和14年9月30日
6280,東京都世田谷区成城二丁目２５番９号,高橋ビル１Ｆ,プレリアル成城,株式会社成城アルプス,03-5727-3329,2世保生食ほ第2112号,飲食店営業,平成15年2月14日,令和3年3月1日,令和9年2月28日
6281,東京都世田谷区成城二丁目２５番９号,高橋ビル１Ｆ,プレリアル成城,株式会社成城アルプス,03-5727-3329,2世保生食ほ第2113号,菓子製造業,平成15年2月14日,令和3年3月1日,令和9年2月28日
6282,東京都世田谷区成城二丁目２６番１７号,-,城南信用金庫　砧支店食堂,有限会社水間,3416-3171,5世保生食ほ第1837号,飲食店営業,令和6年3月13日,令和6年3月13日,令和12年3月31日
6283,東京都世田谷区成城二丁目２６番１８号,-,旭鮨成城店,旭鮨總本店株式会社,3415-1155,31世保生食ほ第2612号,飲食店営業,平成18年2月28日,令和2年3月1日,令和9年2月28日
6284,東京都世田谷区成城二丁目２６番１８号,石井ビル２Ｆ,吉　庵　成城学園前店,株式会社フォーシーズ,03-5727-2100,7世保生食ほ第1275号,飲食店営業,令和8年1月1日,令和8年1月1日,令和14年12月31日
6285,東京都世田谷区成城二丁目３３番４号,富士見ハイツ１０２,アニア,***,6657-9169,31世保生食ほ第2996号,飲食店営業,平成20年6月4日,令和2年7月1日,令和8年6月30日
6286,東京都世田谷区成城二丁目３３番１２号,-,ローソン成城学園前駅西口店,有限会社岩崎企画,03-5494-5615,5世保生食ほ第1467号,飲食店営業,令和6年1月11日,令和6年1月11日,令和13年1月31日
6287,東京都世田谷区成城二丁目３３番１６号,１階,地元の居酒屋,株式会社ロマンズ,-,6世保生食ほ第1760号,飲食店営業,令和7年3月19日,令和7年3月19日,令和13年3月31日
6288,東京都世田谷区成城二丁目３４番１号,-,ローソン成城２丁目店,株式会社碧,3417-3137,2世保生食ほ第2214号,飲食店営業,平成12年2月25日,令和3年3月1日,令和10年2月29日
6289,東京都世田谷区成城二丁目３４番１号,-,武道家　龍,株式会社アストラーレ・コーポレーション,3415-5565,6世保生食ほ第1030号,飲食店営業,令和6年11月1日,令和6年11月1日,令和13年10月31日
6290,東京都世田谷区成城二丁目３４番１号,小泉第二ビルＢ１,焼鳥　ゆう／極旨　生姜丼専門店,株式会社ＬＴＶ,5727-8427,2世保生食ほ第2104号,飲食店営業,令和3年1月21日,令和3年1月21日,令和10年1月31日
6291,東京都世田谷区成城二丁目３４番１０号,-,ミスタードーナツ成城ショップ,ニップンドーナツ株式会社,03-5727-0850,7世保生食ほ第454号,飲食店営業,令和7年7月1日,令和7年7月1日,令和14年6月30日
6292,東京都世田谷区成城二丁目３４番１０号,-,ミスタードーナツ成城ショップ,ニップンドーナツ株式会社,03-5727-0850,7世保生食ほ第455号,菓子製造業,令和7年7月1日,令和7年7月1日,令和14年6月30日
6293,東京都世田谷区成城二丁目３５番８号,成城コーラルビルＢ１Ｆ,いなせや　成城店,株式会社ＮＯＲＲＹ’Ｓ,6411-1255,3世保生食ほ第760号,飲食店営業,令和3年7月7日,令和3年7月7日,令和11年7月31日
6294,東京都世田谷区成城二丁目３５番８号,コーラルビル１－Ｄ,雨風食堂,***,03-3416-7088,2世保生食ほ第2496号,飲食店営業,平成26年3月4日,令和3年4月1日,令和10年3月31日
6295,東京都世田谷区成城二丁目３５番８号,コーラルビル１－Ｄ,雨風食堂,***,03-3416-7088,2世保生食ほ第2497号,菓子製造業,平成26年3月4日,令和3年4月1日,令和10年3月31日
6296,東京都世田谷区成城二丁目３５番８号,成城コーラルビル２階,成城　?　かぜ,***,03-5429-6116,5世保生食ほ第1607号,飲食店営業,令和6年2月20日,令和6年2月20日,令和12年2月28日
6297,東京都世田谷区成城二丁目３５番１０号,-,ケンタッキーフライドチキン成城店,日本ケンタッキー・フライド・チキン株式会社,-,7世保生食ほ第521号,飲食店営業,令和7年8月1日,令和7年8月1日,令和14年7月31日
6298,東京都世田谷区成城二丁目３５番１０号,樋口ビル３０２,酒房　笑山,***,3416-2925,7世保生食ほ第122号,飲食店営業,令和7年6月1日,令和7年6月1日,令和13年5月31日
6299,東京都世田谷区成城二丁目３５番１０号,-,ジョイ,***,03-5727-8966,2世保生食ほ第1738号,飲食店営業,平成26年12月9日,令和3年1月1日,令和8年12月31日
6300,東京都世田谷区成城二丁目３５番１３号,-,Ｏｌｙｍｐｉｃ　成城店,株式会社Ｏｌｙｍｐｉｃ,03-3417-7011,31世保生食ほ第995号,飲食店営業,平成17年9月9日,令和元年10月1日,令和8年9月30日
6301,東京都世田谷区成城二丁目３５番１３号,-,Ｏｌｙｍｐｉｃ　成城店,株式会社Ｏｌｙｍｐｉｃ,03-3417-7011,31世保生食ほ第997号,食肉販売業,平成17年9月9日,令和元年10月1日,令和8年9月30日
6302,東京都世田谷区成城二丁目３５番１３号,-,Ｏｌｙｍｐｉｃ　成城店,株式会社Ｏｌｙｍｐｉｃ,03-3417-7011,31世保生食ほ第998号,魚介類販売業,平成17年9月9日,令和元年10月1日,令和8年9月30日
6303,東京都世田谷区成城二丁目３５番１３号,城西ビル２階,インドレストラン　コルカタ,株式会社Ａ．Ｉ．Ｊ．ＩＮＴＥＲＮＡＴＩＯＮＡＬ,5727-0909,5世保生食ほ第444号,飲食店営業,令和5年8月1日,令和5年8月1日,令和12年7月31日
6304,東京都世田谷区成城二丁目３５番１４号,-,居酒屋こじま,有限会社小島武,3416-1194,5世保生食ほ第162号,飲食店営業,令和5年5月15日,令和5年5月15日,令和12年5月31日
6305,東京都世田谷区成城二丁目３７番１１号,-,ＤＧＵＳＴＡＴＩＯＮ,***,3417-6280,5世保生食ほ第1130号,そうざい製造業,令和5年11月1日,令和5年11月1日,令和12年10月31日
6306,東京都世田谷区成城二丁目３７番１１号,-,ＤＧＵＳＴＡＴＩＯＮ,***,3417-6280,7世保生食ほ第1088号,飲食店営業,令和7年11月1日,令和7年11月1日,令和14年10月31日
6307,東京都世田谷区成城二丁目３９番２号,成城学園ビューハイツ１Ｆ　２－Ｂ,呑みくい処　城下,***,6411-8752,31世保生食ほ第2511号,飲食店営業,平成25年4月9日,令和2年5月1日,令和9年4月30日
6308,東京都世田谷区成城二丁目３９番２号,成城学園ビューハイツ１Ｆ,松屋・マイカリー食堂　成城学園前店,株式会社松屋フーズ,-,3世保生食ほ第1011号,飲食店営業,令和3年8月19日,令和3年8月19日,令和10年8月31日
6309,東京都世田谷区成城二丁目３９番２号,成城学園ビューハイツ１Ｆ,茶房　つだ,***,03-3416-6261,5世保生食ほ第1243号,飲食店営業,令和5年11月2日,令和5年11月2日,令和11年11月30日
6310,東京都世田谷区成城二丁目３９番７号,１～３Ｆ,上島珈琲店　成城店,ユーシーシーフードサービスシステムズ　株式会社,5727-0039,4世保生食ほ第873号,飲食店営業,令和4年9月6日,令和4年9月6日,令和11年9月30日
6311,東京都世田谷区成城二丁目４０番３号,-,さんたろう成城学園前店,株式会社Ｆｏｏｄ　Ｅｍｏｔｉｏｎ,-,3世保生食ほ第958号,飲食店営業,令和3年8月12日,令和3年8月12日,令和10年8月31日
6312,東京都世田谷区成城二丁目４０番２５号,パレブラン成城２階,ポポラマーマ成城学園前店,株式会社ポポラマーマ,03-3749-7781,3世保生食ほ第1213号,飲食店営業,令和3年9月9日,令和3年9月9日,令和9年9月30日
6313,東京都世田谷区成城二丁目４０番２５号,パレブラン成城,スターバックスコーヒー成城店,スターバックスコーヒージャパン株式会社,03-5727-3502,31世保生食ほ第833号,飲食店営業,平成17年8月22日,令和元年9月1日,令和8年8月31日
6314,東京都世田谷区成城二丁目４０番２５号,パレブラン成城ビル２Ｆ　２０１,牛たん焼き　仙台辺見　成城学園前店,日本レストランシステム株式会社,03-6805-8387,6世保生食ほ第51号,飲食店営業,令和6年4月22日,令和6年4月22日,令和13年4月30日
6315,東京都世田谷区成城三丁目３番１号,-,東京都世田谷区立明正小学校,株式会社東京天竜,-,3世保生食ほ第282号,飲食店営業,令和3年4月30日,令和3年4月30日,令和10年4月30日
6316,東京都世田谷区成城三丁目１１番２８号,-,成城歐林邸,株式会社ＬＥＯＣ,03-3417-1007,7世保生食ほ第1490号,飲食店営業,令和8年3月1日,令和8年3月1日,令和15年2月28日
6317,東京都世田谷区成城三丁目１８番３号,-,オーケー㈱　成城店,オーケー株式会社,5494-6370,6世保生食ほ第992号,飲食店営業,令和6年10月11日,令和6年10月11日,令和13年10月31日
6318,東京都世田谷区成城三丁目１８番３号,-,オーケー㈱　成城店,オーケー株式会社,5494-6370,7世保生食ほ第818号,飲食店営業,令和7年11月1日,令和7年11月1日,令和13年10月31日
6319,東京都世田谷区成城三丁目１８番３号,-,オーケー㈱　成城店,オーケー株式会社,5494-6370,7世保生食ほ第819号,食肉販売業,令和7年11月1日,令和7年11月1日,令和13年10月31日
6320,東京都世田谷区成城三丁目１８番３号,-,オーケー㈱　成城店,オーケー株式会社,5494-6370,7世保生食ほ第820号,魚介類販売業,令和7年11月1日,令和7年11月1日,令和13年10月31日
6321,東京都世田谷区成城四丁目１７番１５号,-,豆夢（ＭＡＭＥＹＵＭＥ）,株式会社ｉ　ｈａｖｅ　ａ　ｄｒｅａｍ,-,2世保生食ほ第662号,飲食店営業,令和2年8月19日,令和2年8月19日,令和8年8月31日
6322,東京都世田谷区成城四丁目２０番２５号,-,世田谷区立成城みつ池緑地旧山田家住宅,一般財団法人世田谷トラストまちづくり,3789-6111,5世保生食ほ第1108号,飲食店営業,令和5年10月25日,令和5年10月25日,令和11年10月31日
6323,東京都世田谷区成城五丁目１番１号,２階,アグリス成城,小田急電鉄株式会社,3482-0831,3世保生食ほ第304号,飲食店営業,平成19年5月2日,令和3年6月1日,令和10年5月31日
6324,東京都世田谷区成城五丁目１番１号,-,ＩＪＯＯＺ　自動販売機　アグリス成城,ＩＪＯＯＺ株式会社,-,6世保生食ほ第661号,調理の機能を有する自動販売機により食品を調理し、調理された食品を販売する営業,令和6年8月13日,令和6年8月13日,令和11年8月31日
6325,東京都世田谷区成城五丁目１番２３号,ダイナビル１Ｆ,ＴＲＡＴＴＯＲＩＡ成城,***,3482-3332,6世保生食ほ第1717号,飲食店営業,令和7年4月1日,令和7年4月1日,令和14年3月31日
6326,東京都世田谷区成城五丁目７番１号,３Ｆ,Ｂ＆Ｉ　１８６９,グリーンホスピタリティフードサービス株式会社,3789-9011,3世保生食ほ第2414号,飲食店営業,令和4年4月5日,令和4年4月5日,令和11年4月30日
6327,東京都世田谷区成城五丁目１３番２５号,-,蛇の目鮨,***,3482-0968,6世保生食ほ第135号,飲食店営業,令和6年6月1日,令和6年6月1日,令和13年5月31日
6328,東京都世田谷区成城六丁目１番２０号,成城大学　法人事務棟１Ｆ,三省堂書店　ＳＥＩＪＯ×１０,株式会社三省堂書店,03-6411-3621,4世保生食ほ第861号,飲食店営業,令和4年9月3日,令和4年9月3日,令和10年9月30日
6329,東京都世田谷区成城六丁目１番２０号,成城学園　法人事務棟Ｂ１,ちかぱん,株式会社三省堂書店,3482-4435,7世保生食ほ第1804号,飲食店営業,令和8年4月1日,令和8年4月1日,令和15年3月31日
6330,東京都世田谷区成城六丁目１番２０号,-,成城学園中高カフェテリア,株式会社ランチファクトリー,03-3482-1395,3世保生食ほ第1012号,飲食店営業,令和3年8月26日,令和3年8月26日,令和10年8月31日
6331,東京都世田谷区成城六丁目１番２０号,-,成城学園７号棟地階学生ラウンジ,株式会社ランチファクトリー,03-3482-1395,3世保生食ほ第1013号,飲食店営業,令和3年8月26日,令和3年8月26日,令和10年8月31日
6332,東京都世田谷区成城六丁目１番２０号,-,成城学園中学校高等学校,株式会社ＴＢＮ,03-3482-2104,7世保生食ほ第180号,飲食店営業,令和7年5月7日,令和7年5月7日,令和14年5月31日
6333,東京都世田谷区成城六丁目２番１号,-,さくらかふぇ,株式会社世田谷サービス公社,03-3482-3937,7世保生食ほ第1718号,飲食店営業,令和8年4月1日,令和8年4月1日,令和15年3月31日
6334,東京都世田谷区成城六丁目４番１３号,成城フルールビル２Ｆ,中国料理　桂花,株式会社成城桂花,3483-8581,3世保生食ほ第14号,飲食店営業,平成21年4月9日,令和3年5月1日,令和9年4月30日
6335,東京都世田谷区成城六丁目４番１３号,成城フルールビル２Ｆ,中国料理　桂花,株式会社成城桂花,3483-8581,3世保生食ほ第15号,菓子製造業,平成21年4月9日,令和3年5月1日,令和9年4月30日
6336,東京都世田谷区成城六丁目４番１３号,成城フルールビル２Ｆ,中国料理　桂花,株式会社成城桂花,3483-8581,3世保生食ほ第16号,そうざい製造業,平成21年4月9日,令和3年5月1日,令和9年4月30日
6337,東京都世田谷区成城六丁目４番１３号,-,シュベール,株式会社シュベール,3483-5473,5世保生食ほ第1195号,飲食店営業,令和5年12月1日,令和5年12月1日,令和12年11月30日
6338,東京都世田谷区成城六丁目４番１３号,成城フルール,釜めしやき鳥　成城,有限会社菊池,3484-0425,6世保生食ほ第1317号,飲食店営業,令和7年1月1日,令和7年1月1日,令和13年12月31日
6339,東京都世田谷区成城六丁目４番１３号,村田永楽園ビル３Ｆ,てん　成城前店,株式会社ＮＢＭ,03-6427-1896,5世保生食ほ第1576号,飲食店営業,令和6年1月23日,令和6年1月23日,令和13年1月31日
6340,東京都世田谷区成城六丁目４番１３号,成城フルールビル,和牛焼肉成城大臣,***,03-5787-7427,6世保生食ほ第1142号,飲食店営業,令和6年11月14日,令和6年11月14日,令和13年11月30日
6341,東京都世田谷区成城六丁目４番１５号,モアイ成城ビル１階,フレッシュネスバーガー成城学園前店,株式会社フレッシュネス,5429-8130,5世保生食ほ第819号,飲食店営業,令和5年9月6日,令和5年9月6日,令和11年9月30日
6342,東京都世田谷区成城六丁目４番１８号,-,レオーダ成城,株式会社ＬＥＯＣ,3789-2280,3世保生食ほ第1940号,飲食店営業,令和4年1月25日,令和4年1月25日,令和11年1月31日
6343,東京都世田谷区成城六丁目５番２７号,-,成城あんや,株式会社成城月堂,3483-5537,6世保生食ほ第1473号,飲食店営業,令和7年3月1日,令和7年3月1日,令和14年2月29日
6344,東京都世田谷区成城六丁目５番２７号,-,成城あんや,株式会社成城月堂,3483-5537,6世保生食ほ第1474号,菓子製造業,令和7年3月1日,令和7年3月1日,令和14年2月29日
6345,東京都世田谷区成城六丁目５番３４号,小田急成城学園前駅構内,ＦＯＲＥＳＴＹ　ｃａｆｅ　成城店,株式会社小田急レストランシステム,03-5727-3141,7世保生食ほ第855号,飲食店営業,令和7年10月10日,令和7年10月10日,令和14年10月31日
6346,東京都世田谷区成城六丁目５番３４号,成城コルティ１０５,成城コルティ　ＲＦ１,株式会社ロック・フィールド,03-3483-1071,2世保生食ほ第1081号,飲食店営業,平成18年9月22日,令和2年10月1日,令和9年9月30日
6347,東京都世田谷区成城六丁目５番３４号,-,箱根そば　成城学園前店,株式会社小田急レストランシステム,5429-1283,2世保生食ほ第1111号,飲食店営業,平成18年9月22日,令和2年10月1日,令和9年9月30日
6348,東京都世田谷区成城六丁目５番３４号,成城コルティ２０９,Ｈｅａｄ　Ｑｕａｒｔｅｒｓ　Ｃａｆｅ　成城店,株式会社小田急レストランシステム,5429-1281,2世保生食ほ第1012号,飲食店営業,平成18年9月22日,令和2年10月1日,令和9年9月30日
6349,東京都世田谷区成城六丁目５番３４号,成城コルティ１０７,アンデルセン成城店,株式会社アンデルセン,5429-2737,2世保生食ほ第1056号,飲食店営業,平成18年9月22日,令和2年10月1日,令和9年9月30日
6350,東京都世田谷区成城六丁目５番３４号,成城コルティ１０７,アンデルセン成城店,株式会社アンデルセン,5429-2737,2世保生食ほ第1057号,菓子製造業,平成18年9月22日,令和2年10月1日,令和9年9月30日
6351,東京都世田谷区成城六丁目５番３４号,成城コルティ１０７,アンデルセン成城店,株式会社アンデルセン,5429-2737,6世保生食ほ第861号,飲食店営業,令和6年10月1日,令和6年10月1日,令和13年9月30日
6352,東京都世田谷区成城六丁目５番３４号,成城コルティ１０１,Ｏｄａｋｙｕ　ＯＸ　成城店,小田急商事株式会社,03-3483-1101,2世保生食ほ第1112号,飲食店営業,平成18年9月22日,令和2年10月1日,令和9年9月30日
6353,東京都世田谷区成城六丁目５番３４号,成城コルティ１０１,Ｏｄａｋｙｕ　ＯＸ　成城店,小田急商事株式会社,03-3483-1101,2世保生食ほ第1113号,飲食店営業,平成18年9月22日,令和2年10月1日,令和9年9月30日
6354,東京都世田谷区成城六丁目５番３４号,成城コルティ１０１,Ｏｄａｋｙｕ　ＯＸ　成城店,小田急商事株式会社,03-3483-1101,2世保生食ほ第1114号,乳製品製造業,平成18年9月22日,令和2年10月1日,令和9年9月30日
6355,東京都世田谷区成城六丁目５番３４号,成城コルティ１０１,Ｏｄａｋｙｕ　ＯＸ　成城店,小田急商事株式会社,03-3483-1101,2世保生食ほ第1116号,食肉販売業,平成18年9月22日,令和2年10月1日,令和9年9月30日
6356,東京都世田谷区成城六丁目５番３４号,成城コルティ１０１,Ｏｄａｋｙｕ　ＯＸ　成城店,小田急商事株式会社,03-3483-1101,2世保生食ほ第1117号,魚介類販売業,平成18年9月22日,令和2年10月1日,令和9年9月30日
6357,東京都世田谷区成城六丁目５番３４号,成城コルティ４階,グランファミーユ　シェ松尾,株式会社シェ松尾,5429-1131,6世保生食ほ第903号,飲食店営業,令和6年10月1日,令和6年10月1日,令和13年9月30日
6358,東京都世田谷区成城六丁目５番３４号,成城コルティ４０３,墨花居　成城コルティ店,株式会社武蔵野テーブル,03-5429-2824,2世保生食ほ第2641号,飲食店営業,平成19年3月22日,令和3年4月1日,令和10年3月31日
6359,東京都世田谷区成城六丁目５番３４号,成城コルティ１Ｆ,ワインショップ・エノテカ　成城学園前店,エノテカ株式会社,03-5429-0671,3世保生食ほ第303号,飲食店営業,平成26年5月23日,令和3年6月1日,令和10年5月31日
6360,東京都世田谷区成城六丁目５番３４号,成城コルティ　１Ｆ　１０４区画,フロプレステージュ　成城コルティ店,株式会社フロジャポン,03-6411-2628,3世保生食ほ第1222号,菓子製造業,令和3年9月30日,令和3年9月30日,令和10年9月30日
6361,東京都世田谷区成城六丁目５番３４号,成城コルティ　１Ｆ,ディーンアンドデルーカカフェ成城,株式会社ウェルカム,03-5429-1451,6世保生食ほ第751号,飲食店営業,令和6年11月1日,令和6年11月1日,令和13年10月31日
6362,東京都世田谷区成城六丁目５番３４号,コルティ４Ｆ,梅の花　成城学園前店,株式会社梅の花サービス,03-5490-8211,5世保生食ほ第1410号,飲食店営業,令和5年12月15日,令和5年12月15日,令和12年12月31日
6363,東京都世田谷区成城六丁目５番３４号,成城コルティ４Ｆ,いしがまやハンバーグ,株式会社ＫＩＣＨＩＲＩ,03-3482-5007,5世保生食ほ第1815号,飲食店営業,令和6年3月22日,令和6年3月22日,令和13年3月31日
6364,東京都世田谷区成城六丁目５番３４号,成城コルティ４階,ＴＡＮＴＯ　ＴＡＮＴＯ　成城コルティ,株式会社クリエイト・ダイニング,03-5490-7881,7世保生食ほ第892号,飲食店営業,令和7年11月1日,令和7年11月1日,令和14年10月31日
6365,東京都世田谷区成城六丁目５番３４号,成城コルティ　２階　２０３区画,ホテルショコラ,株式会社ホテルショコラ,-,4世保生食ほ第352号,飲食店営業,令和4年6月21日,令和4年6月21日,令和11年6月30日
6366,東京都世田谷区成城六丁目６番１号,-,焼鳥まさや　成城店,***,03-5429-2344,6世保生食ほ第738号,飲食店営業,令和6年10月3日,令和6年10月3日,令和13年10月31日
6367,東京都世田谷区成城六丁目６番３号,ヒューゲル成城サクマビル　１Ｆ、２Ｆの一部,セブンイレブン世田谷成城６丁目店,エンヴァリー株式会社,03-3483-4343,7世保生食ほ第1453号,飲食店営業,令和8年2月24日,令和8年2月24日,令和15年2月28日
6368,東京都世田谷区成城六丁目６番５号,広川ビル１Ｆ,魚三昧　ことぶきや　成城学園前,株式会社互恵,03-6411-2939,4世保生食ほ第193号,飲食店営業,令和4年5月1日,令和4年5月1日,令和11年4月30日
6369,東京都世田谷区成城六丁目６番９号,成城スクエアーガーデンサウスビル１－Ｂ,ＢＵＩＫ　ＦＡＲＭ,ＢＵＩＫシステム株式会社,03-5796-4772,3世保生食ほ第2135号,飲食店営業,令和4年3月7日,令和4年3月7日,令和11年3月31日
6370,東京都世田谷区成城六丁目６番１０号,-,すずまさ,株式会社ヌーボー,3483-0150,31世保生食ほ第372号,食肉販売業,昭和52年5月19日,令和元年7月1日,令和8年6月30日
6371,東京都世田谷区成城六丁目６番１０号,-,成城ポレール,株式会社ヌーボー,3483-0151,4世保生食ほ第1039号,飲食店営業,令和4年10月21日,令和4年10月21日,令和10年10月31日
6372,東京都世田谷区成城六丁目６番１０号,-,成城　すずまさ,株式会社ヌーボー,3483-0150,2世保生食ほ第2354号,食肉製品製造業,平成9年3月31日,令和3年4月1日,令和9年3月31日
6373,東京都世田谷区成城六丁目７番２号,小田急成城ビル１Ｆ,寿司あおい　成城店,株式会社ダイニングイノベーション,03-5787-7796,2世保生食ほ第1723号,飲食店営業,令和2年12月2日,令和2年12月2日,令和9年12月31日
6374,東京都世田谷区成城六丁目７番２号,小田急成城ビル１Ｆ,寿司あおい　成城店,株式会社ダイニングイノベーション,03-5787-7796,3世保生食ほ第1465号,魚介類販売業,令和3年10月27日,令和3年10月27日,令和10年10月31日
6375,東京都世田谷区成城六丁目７番９号,プレイスＫ２Ｆ,Ｔｅｐｐａｎ　Ｃｕｃｉｎｅ　７０３,***,3482-2262,6世保生食ほ第497号,飲食店営業,令和6年8月1日,令和6年8月1日,令和12年7月31日
6376,東京都世田谷区成城六丁目８番１号,-,成城アルプス,株式会社成城アルプス,3482-2807,7世保生食ほ第1632号,菓子製造業,令和8年3月1日,令和8年3月1日,令和15年2月28日
6377,東京都世田谷区成城六丁目８番１号,-,成城アルプス,株式会社成城アルプス,3482-2807,7世保生食ほ第1633号,飲食店営業,令和8年3月1日,令和8年3月1日,令和15年2月28日
6378,東京都世田谷区成城六丁目８番１号,Ｂ１Ｂ２,成城飯店,株式会社成城大飯店,3483-0181,2世保生食ほ第1185号,飲食店営業,平成元年9月28日,令和2年10月1日,令和9年9月30日
6379,東京都世田谷区成城六丁目８番５号,-,成城　ル・フルティエ,有限会社オテル・ドゥ・スズキ,3483-1222,31世保生食ほ第2872号,飲食店営業,平成26年5月16日,令和2年6月1日,令和8年5月31日
6380,東京都世田谷区成城六丁目８番５号,-,成城　ル・フルティエ,有限会社オテル・ドゥ・スズキ,3483-1222,31世保生食ほ第2873号,菓子製造業,平成26年5月16日,令和2年6月1日,令和8年5月31日
6381,東京都世田谷区成城六丁目８番８号,白石ビル２階,成城洋食　まる・まーる,***,-,4世保生食ほ第1697号,飲食店営業,令和5年4月1日,令和5年4月1日,令和12年3月31日
6382,東京都世田谷区成城六丁目８番８号,Ｂ１,李朝,株式会社ＪＯＮ,3789-7700,31世保生食ほ第1778号,飲食店営業,平成24年11月5日,令和元年12月1日,令和8年11月30日
6383,東京都世田谷区成城六丁目９番１号,-,ドトールコーヒーショップ成城学園北口店,有限会社ユーリ,3789-7711,2世保生食ほ第1528号,飲食店営業,平成18年11月7日,令和2年12月1日,令和9年11月30日
6384,東京都世田谷区成城六丁目９番１号,五和ビルＢ１,六丁目茶房,***,03-3483-1122,2世保生食ほ第1774号,飲食店営業,平成25年12月9日,令和3年1月1日,令和9年12月31日
6385,東京都世田谷区成城六丁目９番４号,笹本ビルＢ１Ｆ,焼肉　成城おはな,株式会社ＪＯＮ,03-5429-4129,2世保生食ほ第253号,食肉販売業,令和2年5月9日,令和2年5月9日,令和9年5月31日
6386,東京都世田谷区成城六丁目９番４号,笹本ビルＢ１Ｆ,焼肉　成城おはな,株式会社ＪＯＮ,03-5429-4129,5世保生食ほ第1311号,飲食店営業,令和5年12月6日,令和5年12月6日,令和12年12月31日
6387,東京都世田谷区成城六丁目９番６号,エスポワール北野２、３Ｆ,カラオケＡＬＬ　成城店,株式会社メロ・ワークス,3789-6700,6世保生食ほ第1864号,飲食店営業,令和7年4月1日,令和7年4月1日,令和14年3月31日
6388,東京都世田谷区成城六丁目９番７号,-,かぶと,***,03-3484-0230,3世保生食ほ第1006号,飲食店営業,令和3年9月7日,令和3年9月7日,令和9年9月30日
6389,東京都世田谷区成城六丁目１０番２号,ハナビル３Ｆ,甘味処　櫻子,有限会社櫻吉富,3483-5296,31世保生食ほ第3001号,飲食店営業,昭和54年6月25日,令和2年7月1日,令和9年6月30日
6390,東京都世田谷区成城六丁目１０番２号,成城ハナビル１・２Ｆ,トゥ・ザ・ハーブズ　成城学園店,株式会社フォーシーズ,5490-9700,4世保生食ほ第439号,飲食店営業,令和4年6月10日,令和4年6月10日,令和11年6月30日
6391,東京都世田谷区成城六丁目１０番３号,-,アシエット,株式会社アシェット,3789-1190,3世保生食ほ第1159号,菓子製造業,令和3年11月22日,令和3年11月22日,令和10年11月30日
6392,東京都世田谷区成城六丁目１０番３号,-,アシエット,株式会社アシェット,3789-1190,6世保生食ほ第162号,飲食店営業,令和6年6月1日,令和6年6月1日,令和13年5月31日
6393,東京都世田谷区成城六丁目１０番８号,-,㈱成城月堂　プリムラ,株式会社成城月堂,3482-0551,5世保生食ほ第1321号,飲食店営業,令和5年12月11日,令和5年12月11日,令和12年12月31日
6394,東京都世田谷区成城六丁目１１番４号,-,株式会社成城石井　成城店,株式会社成城石井,03-3482-0111,5世保生食ほ第1023号,食肉販売業,令和5年11月6日,令和5年11月6日,令和12年11月30日
6395,東京都世田谷区成城六丁目１１番４号,-,株式会社成城石井　成城店,株式会社成城石井,03-3482-0111,5世保生食ほ第1024号,魚介類販売業,令和5年11月6日,令和5年11月6日,令和12年11月30日
6396,東京都世田谷区成城六丁目１１番４号,-,株式会社成城石井　成城店,株式会社成城石井,03-3482-0111,5世保生食ほ第1025号,菓子製造業,令和5年11月6日,令和5年11月6日,令和12年11月30日
6397,東京都世田谷区成城六丁目１１番４号,-,株式会社成城石井　成城店,株式会社成城石井,03-3482-0111,5世保生食ほ第1026号,菓子製造業,令和5年11月6日,令和5年11月6日,令和12年11月30日
6398,東京都世田谷区成城六丁目１１番４号,-,株式会社成城石井　成城店,株式会社成城石井,03-3482-0111,5世保生食ほ第1027号,そうざい製造業,令和5年11月6日,令和5年11月6日,令和12年11月30日
6399,東京都世田谷区成城六丁目１１番４号,-,株式会社成城石井　成城店,株式会社成城石井,03-3482-0111,5世保生食ほ第1028号,そうざい製造業,令和5年11月6日,令和5年11月6日,令和12年11月30日
6400,東京都世田谷区成城六丁目１１番９号,-,日高屋　成城学園前駅北口店,株式会社ハイデイ日高,3484-4777,5世保生食ほ第1375号,飲食店営業,令和5年12月8日,令和5年12月8日,令和12年12月31日
6401,東京都世田谷区成城六丁目１２番６号,ＡＧ成城学園前Ｂ１,美登利　昌,株式会社梅丘寿司の美登利総本店,03-6411-2280,3世保生食ほ第1370号,飲食店営業,令和3年10月19日,令和3年10月19日,令和10年10月31日
6402,東京都世田谷区成城六丁目１２番６号,ＡＧ成城４階,Ｍｅ　ＴＩＭＥ（株）,Ｍｅ　ＴＩＭＥ株式会社,03-5349-1301,7世保生食ほ第494号,飲食店営業,令和7年7月8日,令和7年7月8日,令和13年7月31日
6403,東京都世田谷区成城六丁目１２番７号,成城アーバンスクエア　２Ｆ,レストラン　ラプラス,株式会社ＩＭＵ‐ＬＡＢＯ,-,7世保生食ほ第1542号,飲食店営業,令和8年2月24日,令和8年2月24日,令和15年2月28日
6404,東京都世田谷区成城六丁目１２番８号,-,成城丼丸ＤｅＬｉ,***,3789-2301,2世保生食ほ第86号,飲食店営業,平成26年7月24日,令和2年8月1日,令和8年7月31日
6405,東京都世田谷区成城六丁目１２番８号,成城大徳ビル１階,七宝麻辣湯　成城学園前店,株式会社メモリードグループ,03-6411-2278,7世保生食ほ第749号,飲食店営業,令和7年9月12日,令和7年9月12日,令和14年9月30日
6406,東京都世田谷区成城六丁目１３番１号,成城ハウス２Ｆ,インド料理店　Ｋ・Ｃ,有限会社ヒマール・エンタープライズ,3789-6300,5世保生食ほ第864号,飲食店営業,令和5年9月13日,令和5年9月13日,令和11年9月30日
6407,東京都世田谷区成城六丁目１３番６号,メゾン今村Ⅱ　１階,京鼎樓　　成城学園前店,株式会社ＪＩＮ　ＤＩＮ　ＲＯＵ,03-6421-3825,4世保生食ほ第326号,飲食店営業,令和4年6月16日,令和4年6月16日,令和11年6月30日
6408,東京都世田谷区成城六丁目１３番１７号,-,成城アルテンハイム,日清医療食品株式会社,5429-9166,5世保生食ほ第1736号,飲食店営業,令和6年3月6日,令和6年3月6日,令和13年3月31日
6409,東京都世田谷区成城六丁目１３番２０号,-,医療法人社団九折会　成城木下病院,株式会社ＬＥＯＣ,03-6682-2226,5世保生食ほ第1185号,飲食店営業,令和5年11月9日,令和5年11月9日,令和11年11月30日
6410,東京都世田谷区成城六丁目１３番２２号,成城第一生命ビル,丸亀製麺成城大学前,株式会社丸亀製麺,-,7世保生食ほ第1761号,飲食店営業,令和8年3月23日,令和8年3月23日,令和15年3月31日
6411,東京都世田谷区成城六丁目１４番２号,三輪ビル２Ｆ,ＪＡＴＩ　Ｓｅｉｊｏ,有限会社仁,5490-0949,2世保生食ほ第929号,飲食店営業,平成8年8月22日,令和2年9月1日,令和8年8月31日
6412,東京都世田谷区成城六丁目１４番２号,ミワビル２階Ａ,Ｓｏｃｉａｌ　Ｃａｆｅ＆Ｂａｒ　ＯＮＯＫＵＲＩ,株式会社ウィルアンドスタイル,03-6805-8196,6世保生食ほ第122号,飲食店営業,令和6年5月2日,令和6年5月2日,令和13年5月31日
6413,東京都世田谷区成城六丁目１４番３号,成城建物２Ｆ,土間土間　成城学園前店,株式会社レインズインターナショナル,5429-1665,2世保生食ほ第2333号,飲食店営業,平成21年2月27日,令和3年3月1日,令和9年2月28日
6414,東京都世田谷区成城六丁目１４番３号,成城建物３階,牛角　成城学園前,株式会社レインズインターナショナル,03-5429-2329,2世保生食ほ第895号,飲食店営業,令和2年8月27日,令和2年8月27日,令和8年8月31日
6415,東京都世田谷区成城六丁目１４番３号,成城建物３階,牛角　成城学園前,株式会社レインズインターナショナル,03-5429-2329,2世保生食ほ第896号,食肉販売業,令和2年8月27日,令和2年8月27日,令和8年8月31日
6416,東京都世田谷区成城六丁目１４番３号,-,ｖｉｌｌａｇｅ　成城石井,株式会社成城石井酒販,5429-2533,2世保生食ほ第1676号,飲食店営業,令和2年11月19日,令和2年11月19日,令和8年11月30日
6417,東京都世田谷区成城六丁目１４番３号,-,ｖｉｌｌａｇｅ　成城石井,株式会社成城石井酒販,5429-2533,3世保生食ほ第602号,菓子製造業,令和3年6月15日,令和3年6月15日,令和9年6月30日
6418,東京都世田谷区成城六丁目１５番１号,-,株式会社三菱ＵＦＪ銀行　成城支店内行員食堂,株式会社ＬＥＯＣ,-,2世保生食ほ第1195号,飲食店営業,令和2年9月29日,令和2年9月29日,令和9年9月30日
6419,東京都世田谷区成城六丁目１５番２１号,三幸ビルＢ１Ｆ,いちぼ,株式会社いちぼ,6411-5608,6世保生食ほ第111号,飲食店営業,令和6年6月1日,令和6年6月1日,令和13年5月31日
6420,東京都世田谷区成城六丁目１６番４号,-,有限会社成城増田屋,有限会社成城増田屋,03-3484-1020,2世保生食ほ第1853号,飲食店営業,昭和45年12月18日,令和3年1月1日,令和8年12月31日
6421,東京都世田谷区成城六丁目１６番４号,-,有限会社成城増田屋,有限会社成城増田屋,03-3484-1020,2世保生食ほ第1854号,麺類製造業,平成8年12月19日,令和3年1月1日,令和8年12月31日
6422,東京都世田谷区成城六丁目１６番５号,カサローザ成城２Ｆ,カフェ　ブールマン,***,3484-0047,5世保生食ほ第1764号,飲食店営業,令和6年3月13日,令和6年3月13日,令和12年3月31日
6423,東京都世田谷区成城六丁目１６番５号,カサローザ成城１－Ｄ,萬福,株式会社ｄｏｏｐｅ,03-5490-2521,31世保生食ほ第1022号,飲食店営業,令和元年8月28日,令和元年8月28日,令和8年8月31日
6424,東京都世田谷区成城六丁目２２番５号,２Ｆ,佐々木．ＢＥＡＣＨ－ＣＡＦＥ,***,03-5787-7623,7世保生食ほ第1534号,飲食店営業,令和8年1月26日,令和8年1月26日,令和14年1月31日
6425,東京都世田谷区成城六丁目２２番７号,-,一宮庵,５２５株式会社,03-3484-5878,2世保生食ほ第2733号,菓子製造業,令和3年3月18日,令和3年3月18日,令和9年3月31日
6426,東京都世田谷区成城六丁目２２番７号,-,一宮庵,５２５株式会社,03-3484-5878,3世保生食ほ第393号,飲食店営業,平成27年5月26日,令和3年6月1日,令和9年5月31日
6427,東京都世田谷区成城六丁目２６番４‐１号,-,パンキチ,***,-,7世保生食ほ第471号,菓子製造業,令和7年7月7日,令和7年7月7日,令和13年7月31日
6428,東京都世田谷区成城七丁目１８番１１号,-,有限会社　石井屋,有限会社石井屋,3482-2901,31世保生食ほ第2770号,飲食店営業,平成14年5月30日,令和2年6月1日,令和8年5月31日
6429,東京都世田谷区成城七丁目１８番１１号,-,有限会社　石井屋,有限会社石井屋,3482-2901,31世保生食ほ第2772号,食肉販売業,平成2年5月18日,令和2年6月1日,令和8年5月31日
6430,東京都世田谷区成城七丁目１８番１１号,成城フードセンター,小島水産,***,3482-8956,2世保生食ほ第4号,魚介類販売業,昭和43年6月29日,令和2年7月1日,令和8年6月30日
6431,東京都世田谷区成城七丁目１８番１３号,-,王府,***,3484-7771,31世保生食ほ第189号,飲食店営業,平成24年5月21日,令和元年6月1日,令和8年5月31日
6432,東京都世田谷区成城七丁目３０番１５号,-,成城ダイニング,株式会社美味しい料理,03-3484-5008,6世保生食ほ第26号,飲食店営業,令和6年5月14日,令和6年5月14日,令和13年5月31日
6433,東京都世田谷区成城八丁目１８番３５号,-,成城ゴルフクラブ,石井興業株式会社,3483-1170,3世保生食ほ第2327号,飲食店営業,令和4年3月29日,令和4年3月29日,令和10年4月30日
6434,東京都世田谷区成城八丁目１８番３５号,-,成城ゴルフクラブ,ナショナル・ベンディング株式会社,-,4世保生食ほ第189号,調理の機能を有する自動販売機により食品を調理し、調理された食品を販売する営業,令和4年5月1日,令和4年5月1日,令和9年4月30日
6435,東京都世田谷区成城八丁目２０番１号,グランクレール成城,ヘルスケア成城学園,株式会社グリーンヘルスケアサービス,5490-7180,6世保生食ほ第386号,飲食店営業,令和6年7月1日,令和6年7月1日,令和13年6月30日
6436,東京都世田谷区成城八丁目２２番１号,-,サクラビア成城,株式会社プライムステージ,3789-0555,6世保生食ほ第332号,飲食店営業,令和6年7月1日,令和6年7月1日,令和13年6月30日
6437,東京都世田谷区成城八丁目２７番１１号,-,イタール成城,株式会社レパスト,03-3789-9152,5世保生食ほ第1902号,飲食店営業,令和6年4月1日,令和6年4月1日,令和13年3月31日
6438,東京都世田谷区成城八丁目２７番２４号,-,ＨＣ成城学園前,株式会社グリーンヘルスケアサービス,3483-8223,3世保生食ほ第1297号,飲食店営業,令和3年10月8日,令和3年10月8日,令和10年10月31日
6439,東京都世田谷区成城九丁目１番１０号,-,グランダ成城の杜,コンパスグループ・ジャパン株式会社,3789-0136,5世保生食ほ第1625号,飲食店営業,令和6年2月14日,令和6年2月14日,令和13年2月28日
6440,東京都世田谷区成城九丁目５番１１号,-,デニーズ成城店,株式会社デニーズジャパン,-,3世保生食ほ第762号,飲食店営業,令和3年8月1日,令和3年8月1日,令和9年7月31日
6441,東京都世田谷区成城九丁目６番１号,-,世田谷区立千歳小学校,株式会社東洋食品,3482-3153,3世保生食ほ第200号,飲食店営業,令和3年4月23日,令和3年4月23日,令和10年4月30日
6442,東京都世田谷区成城九丁目１０番８号,-,成城ガーデン,株式会社ケアギバー・ジャパン,03-6411-2100,6世保生食ほ第663号,飲食店営業,令和6年8月7日,令和6年8月7日,令和13年8月31日
6443,東京都世田谷区成城九丁目２５番１号,-,東京都立総合工科高等学校　定時制,協立給食株式会社,03-3483-0204,3世保生食ほ第389号,飲食店営業,令和3年5月25日,令和3年5月25日,令和11年5月31日
6444,東京都世田谷区喜多見一丁目１８番６号,-,材料科学技術振興財団　厚生棟　食堂,株式会社ＬＥＯＣ,-,2世保生食ほ第846号,飲食店営業,令和2年8月21日,令和2年8月21日,令和9年8月31日
6445,東京都世田谷区喜多見一丁目３１番１０号,-,そんぽの家　成城南,ＳＯＭＰＯケアフーズ株式会社,-,3世保生食ほ第1424号,飲食店営業,令和3年10月13日,令和3年10月13日,令和10年10月31日
6446,東京都世田谷区喜多見三丁目５番５号,-,ＳＯＭＰＯケア　ラヴィーレ成城南,ＳＯＭＰＯケアフーズ株式会社,03-3415-6511,7世保生食ほ第1343号,飲食店営業,令和8年1月1日,令和8年1月1日,令和14年12月31日
6447,東京都世田谷区喜多見三丁目２０番７号,-,有限会社　廣田商店,有限会社廣田商店,3416-0141,4世保生食ほ第1404号,飲食店営業,令和4年12月14日,令和4年12月14日,令和10年12月31日
6448,東京都世田谷区喜多見三丁目２１番１５号,-,全日食チェーン銀次郎　喜多見店,有限会社銀次郎,03-6411-0918,4世保生食ほ第656号,飲食店営業,令和4年7月27日,令和4年7月27日,令和11年7月31日
6449,東京都世田谷区喜多見四丁目５番９号,-,山田屋喜多見支店,***,3749-9356,2世保生食ほ第53号,飲食店営業,平成8年6月5日,令和2年7月1日,令和8年6月30日
6450,東京都世田谷区喜多見四丁目５番９号,-,山田屋喜多見支店,***,3749-9356,2世保生食ほ第54号,食肉販売業,平成8年6月5日,令和2年7月1日,令和8年6月30日
6451,東京都世田谷区喜多見四丁目６番１９号,-,栄屋,***,3416-8724,2世保生食ほ第76号,飲食店営業,平成2年7月3日,令和2年8月1日,令和8年7月31日
6452,東京都世田谷区喜多見四丁目２０番１号,-,世田谷区立喜多見中学校,日本国民食株式会社,-,3世保生食ほ第140号,飲食店営業,令和3年4月23日,令和3年4月23日,令和10年4月30日
6453,東京都世田谷区喜多見四丁目３２番１２号,-,オレンジピール夏子,***,03-3417-4057,4世保生食ほ第1167号,菓子製造業,令和4年12月1日,令和4年12月1日,令和10年11月30日
6454,東京都世田谷区喜多見五丁目３番２号,-,はたけキッチン,株式会社ＷＡＬＡ,03-6411-8915,5世保生食ほ第1690号,飲食店営業,令和6年2月28日,令和6年2月28日,令和12年2月28日
6455,東京都世田谷区喜多見五丁目４番５号,サンリバー成城１階,デイリーヤマザキ多摩堤通り店,山崎製パン株式会社,3417-1404,4世保生食ほ第1357号,飲食店営業,令和4年11月28日,令和4年11月28日,令和11年11月30日
6456,東京都世田谷区喜多見五丁目１５番２６号,-,ラーメン　周作,***,3417-2235,6世保生食ほ第420号,飲食店営業,令和6年8月1日,令和6年8月1日,令和13年7月31日
6457,東京都世田谷区喜多見五丁目１８番５号,-,鮮魚花咲,***,03-3416-1378,2世保生食ほ第2503号,魚介類販売業,平成3年3月5日,令和3年4月1日,令和9年3月31日
6458,東京都世田谷区喜多見五丁目２０番２７号,-,ほんむら,***,3415-5916,31世保生食ほ第2994号,飲食店営業,平成20年7月30日,令和2年8月1日,令和8年7月31日
6459,東京都世田谷区喜多見五丁目２６番１８号,-,デイリーヤマザキ喜多見５丁目店,山崎製パン株式会社,3417-8773,4世保生食ほ第1358号,飲食店営業,令和4年11月28日,令和4年11月28日,令和11年11月30日
6460,東京都世田谷区喜多見五丁目２６番２３号,-,（株）ドリーム　マクドナルド　多摩堤通り喜多見店,株式会社ドリーム,5494-8880,2世保生食ほ第2390号,飲食店営業,令和3年3月5日,令和3年3月5日,令和10年3月31日
6461,東京都世田谷区喜多見五丁目２６番２３号,-,（株）ドリーム　マクドナルド　多摩堤通り喜多見店,株式会社ドリーム,5494-8880,2世保生食ほ第2391号,菓子製造業,令和3年3月5日,令和3年3月5日,令和10年3月31日
6462,東京都世田谷区喜多見五丁目２６番２３号,-,（株）ドリーム　マクドナルド　多摩堤通り喜多見店,株式会社ドリーム,5494-8880,2世保生食ほ第2392号,アイスクリーム類製造業,令和3年3月5日,令和3年3月5日,令和10年3月31日
6463,東京都世田谷区喜多見六丁目９番１号,-,世田谷区立砧小学校,協立給食株式会社,03-3417-4477,3世保生食ほ第58号,飲食店営業,令和3年4月23日,令和3年4月23日,令和10年4月30日
6464,東京都世田谷区喜多見六丁目１８番７号,ビスタ成城１Ｆ,ジャラスＫ,有限会社ケーエーティー,3415-5333,4世保生食ほ第252号,飲食店営業,令和4年7月1日,令和4年7月1日,令和10年6月30日
6465,東京都世田谷区喜多見六丁目１８番８号,１Ｆ,マウント・フィッシュテール,株式会社スワルコーポレーション,3416-9661,3世保生食ほ第79号,飲食店営業,平成27年5月8日,令和3年6月1日,令和9年5月31日
6466,東京都世田谷区喜多見六丁目１９番５号,-,柿家鮨　成城学園店,株式会社フォーシーズ,03-3415-9061,3世保生食ほ第1482号,飲食店営業,令和3年10月28日,令和3年10月28日,令和10年10月31日
6467,東京都世田谷区喜多見七丁目１４番３１号,-,居酒屋　りゅう家,有限会社フィルプロジェクト,3416-9413,5世保生食ほ第4号,飲食店営業,令和5年5月1日,令和5年5月1日,令和12年4月30日
6468,東京都世田谷区喜多見七丁目２０番２６号,-,社会福祉法人　南山会　特別養護老人ホーム　喜多見ホーム,日清医療食品株式会社,5727-1161,4世保生食ほ第1800号,飲食店営業,令和5年3月6日,令和5年3月6日,令和12年3月31日
6469,東京都世田谷区喜多見七丁目２５番１３号,-,公益社　喜多見会館,株式会社公益社,03-3416-9111,6世保生食ほ第1610号,飲食店営業,令和7年2月14日,令和7年2月14日,令和14年2月29日
6470,東京都世田谷区喜多見七丁目２５番１６号,-,くら寿司　世田谷喜多見店,くら寿司株式会社,5727-0910,2世保生食ほ第2474号,飲食店営業,平成25年3月15日,令和3年4月1日,令和11年3月31日
6471,東京都世田谷区喜多見七丁目３６番２７号,-,ファミリーマート世田谷喜多見店,有限会社グランディール,5727-0262,6世保生食ほ第1810号,飲食店営業,令和7年4月1日,令和7年4月1日,令和14年3月31日
6472,東京都世田谷区喜多見八丁目１番４号,河野ビル１階,喜多見夢工房分室,社会福祉法人せたがや樫の木会,6411-0388,6世保生食ほ第57号,菓子製造業,令和6年5月1日,令和6年5月1日,令和13年4月30日
6473,東京都世田谷区喜多見八丁目１１番１８号,アスカビル１Ｆ,甘味処　わらびー,株式会社ワラビー,03-5727-8737,4世保生食ほ第275号,飲食店営業,令和4年6月1日,令和4年6月1日,令和10年6月30日
6474,東京都世田谷区喜多見八丁目１２番５号,小坂ビル１Ｆ,アジアン料理サハラ,ＭＯＴＨＥＲＬＡＮＤ株式会社,5429-6444,2世保生食ほ第1462号,飲食店営業,平成26年10月2日,令和2年11月1日,令和8年10月31日
6475,東京都世田谷区喜多見八丁目１３番７号,-,たぐちフーズ,株式会社キタミタグチ,3417-2832,2世保生食ほ第1005号,飲食店営業,昭和62年9月7日,令和2年10月1日,令和9年9月30日
6476,東京都世田谷区喜多見八丁目１３番７号,-,たぐちフーズ,株式会社キタミタグチ,3417-2832,2世保生食ほ第1007号,食肉販売業,昭和62年9月7日,令和2年10月1日,令和9年9月30日
6477,東京都世田谷区喜多見八丁目１３番７号,-,たぐちフーズ,株式会社キタミタグチ,3417-2832,2世保生食ほ第1008号,魚介類販売業,昭和62年9月7日,令和2年10月1日,令和9年9月30日
6478,東京都世田谷区喜多見八丁目１５番２９号,-,松のや　　喜多見店,株式会社松屋フーズ,-,7世保生食ほ第1877号,飲食店営業,令和8年3月30日,令和8年3月30日,令和15年3月31日
6479,東京都世田谷区喜多見八丁目１５番３１号,-,菊ヶ瀬菓子司,***,03-3415-1363,3世保生食ほ第713号,菓子製造業,令和3年6月25日,令和3年6月25日,令和9年6月30日
6480,東京都世田谷区喜多見八丁目１５番３２号,川本店舗Ｂ１Ｆ,ＫＡＲＡＯＫＥ　ＢＡＲ　ＶＩＶＯ,***,5727-8788,6世保生食ほ第1324号,飲食店営業,令和7年1月1日,令和7年1月1日,令和12年12月31日
6481,東京都世田谷区喜多見八丁目１５番３２号,山本店舗２階,凡亭,***,-,5世保生食ほ第1269号,飲食店営業,令和5年11月20日,令和5年11月20日,令和11年11月30日
6482,東京都世田谷区喜多見八丁目１５番３２号,-,焼鳥ニジトラ酒場,株式会社ＴＥＡＭＰＡＳＳＩＯＮＥ,5727-5417,7世保生食ほ第512号,飲食店営業,令和7年8月1日,令和7年8月1日,令和14年7月31日
6483,東京都世田谷区喜多見八丁目１５番３２号,-,喜多見家,***,6411-8995,2世保生食ほ第601号,飲食店営業,令和2年7月9日,令和2年7月9日,令和9年7月31日
6484,東京都世田谷区喜多見八丁目１５番３３号,国本学園プレハブ,国本学園　売店,学校法人　国本学園,3416-4721,7世保生食ほ第929号,飲食店営業,令和7年11月1日,令和7年11月1日,令和13年10月31日
6485,東京都世田谷区喜多見八丁目１６番６号,メゾン喜多見１０１,Ｈｅｒｔｚ　ｃｏｆｆｅｅ　ａｎｄ　ｂｒｅａｄ,***,-,7世保生食ほ第958号,飲食店営業,令和7年10月31日,令和7年10月31日,令和14年10月31日
6486,東京都世田谷区喜多見八丁目１６番６号,メゾン喜多見１０１,Ｈｅｒｔｚ　ｃｏｆｆｅｅ　ａｎｄ　ｂｒｅａｄ,***,-,7世保生食ほ第959号,菓子製造業,令和7年10月31日,令和7年10月31日,令和14年10月31日
6487,東京都世田谷区喜多見八丁目１６番８号,-,丸屋,有限会社丸屋田中勉商事,3416-5765,3世保生食ほ第1177号,飲食店営業,令和3年9月14日,令和3年9月14日,令和9年9月30日
6488,東京都世田谷区喜多見八丁目１６番１４号,ロード喜多見１階,恩福,***,5727-8187,7世保生食ほ第1167号,飲食店営業,令和7年12月1日,令和7年12月1日,令和14年11月30日
6489,東京都世田谷区喜多見八丁目１８番２号,-,セブンイレブン世田谷喜多見駅前店,株式会社Ｋ・Ｍ・Ｙ,03-6805-8558,5世保生食ほ第415号,飲食店営業,令和5年6月19日,令和5年6月19日,令和12年6月30日
6490,東京都世田谷区喜多見八丁目１８番１６号,いずみやビル,酒菜　喜多見店,有限会社酒菜,3416-5315,2世保生食ほ第2105号,飲食店営業,平成7年2月15日,令和3年3月1日,令和10年2月29日
6491,東京都世田谷区喜多見八丁目２１番３号,-,サミットストア喜多見駅前店,サミット株式会社,03-5727-3363,4世保生食ほ第1557号,飲食店営業,令和5年1月18日,令和5年1月18日,令和12年1月31日
6492,東京都世田谷区喜多見八丁目２１番３号,-,サミットストア喜多見駅前店,サミット株式会社,03-5727-3363,4世保生食ほ第1558号,飲食店営業,令和5年1月18日,令和5年1月18日,令和12年1月31日
6493,東京都世田谷区喜多見八丁目２１番３号,-,サミットストア喜多見駅前店,サミット株式会社,03-5727-3363,5世保生食ほ第993号,飲食店営業,令和5年10月13日,令和5年10月13日,令和12年10月31日
6494,東京都世田谷区喜多見八丁目２１番３号,-,サミットストア喜多見駅前店,サミット株式会社,03-5727-3363,6世保生食ほ第845号,飲食店営業,令和6年10月1日,令和6年10月1日,令和13年9月30日
6495,東京都世田谷区喜多見八丁目２１番３号,-,サミットストア喜多見駅前店,サミット株式会社,03-5727-3363,6世保生食ほ第846号,飲食店営業,令和6年10月1日,令和6年10月1日,令和13年9月30日
6496,東京都世田谷区喜多見八丁目２１番３号,-,サミットストア喜多見駅前店,サミット株式会社,03-5727-3363,6世保生食ほ第847号,食肉販売業,令和6年10月1日,令和6年10月1日,令和13年9月30日
6497,東京都世田谷区喜多見八丁目２１番３号,-,サミットストア喜多見駅前店,サミット株式会社,03-5727-3363,6世保生食ほ第848号,魚介類販売業,令和6年10月1日,令和6年10月1日,令和13年9月30日
6498,東京都世田谷区喜多見八丁目２１番３号,-,サミットストア喜多見駅前店,サミット株式会社,03-5727-3363,6世保生食ほ第849号,魚介類販売業,令和6年10月1日,令和6年10月1日,令和13年9月30日
6499,東京都世田谷区喜多見八丁目２１番３号,-,ダン・ブラウン喜多見駅前店,サミット株式会社,03-5727-3363,6世保生食ほ第854号,飲食店営業,令和6年10月1日,令和6年10月1日,令和13年9月30日
6500,東京都世田谷区喜多見八丁目２１番３号,-,ダン・ブラウン喜多見駅前店,サミット株式会社,03-5727-3363,7世保生食ほ第1031号,菓子製造業,令和7年10月16日,令和7年10月16日,令和14年10月31日
6501,東京都世田谷区喜多見八丁目２２番７号,-,ちよだ鮨　喜多見店,株式会社ちよだ鮨,03-5727-4040,5世保生食ほ第1753号,飲食店営業,令和6年3月13日,令和6年3月13日,令和13年3月31日
6502,東京都世田谷区喜多見九丁目１番３号,-,創八,株式会社ペーパームーンエイジェンシーズ,-,3世保生食ほ第1794号,菓子製造業,令和4年1月5日,令和4年1月5日,令和10年1月31日
6503,東京都世田谷区喜多見九丁目１番７号,栄屋ビル１階,松屋　喜多見店,株式会社松屋フーズ,-,2世保生食ほ第1166号,飲食店営業,平成24年10月10日,令和2年11月1日,令和10年10月31日
6504,東京都世田谷区喜多見九丁目１番７号,Ｂ１,リカーステーション　栄屋,***,3489-0531,31世保生食ほ第1791号,飲食店営業,平成24年11月5日,令和元年12月1日,令和8年11月30日
6505,東京都世田谷区喜多見九丁目１番３５号,-,喜多見夢工房,社会福祉法人　せたがや樫の木会,3430-5400,3世保生食ほ第2208号,菓子製造業,令和4年3月16日,令和4年3月16日,令和11年3月31日
6506,東京都世田谷区喜多見九丁目２番７号,ＴＦ白百合１Ｆ,株式会社信濃屋食品　喜多見駅前店,株式会社信濃屋食品,03-5438-5730,4世保生食ほ第343号,飲食店営業,令和4年6月24日,令和4年6月24日,令和11年6月30日
6507,東京都世田谷区喜多見九丁目２番７号,ＴＦ白百合１Ｆ,株式会社信濃屋食品　喜多見駅前店,株式会社信濃屋食品,03-5438-5730,4世保生食ほ第344号,飲食店営業,令和4年6月24日,令和4年6月24日,令和11年6月30日
6508,東京都世田谷区喜多見九丁目２番７号,ＴＦ白百合１Ｆ,株式会社信濃屋食品　喜多見駅前店,株式会社信濃屋食品,03-5438-5730,4世保生食ほ第345号,食肉販売業,令和4年6月24日,令和4年6月24日,令和11年6月30日
6509,東京都世田谷区喜多見九丁目２番７号,ＴＦ白百合１Ｆ,株式会社信濃屋食品　喜多見駅前店,株式会社信濃屋食品,03-5438-5730,4世保生食ほ第346号,魚介類販売業,令和4年6月24日,令和4年6月24日,令和11年6月30日
6510,東京都世田谷区喜多見九丁目２番１８号,城和ハイツＢ１,居酒屋　梅丸,***,3480-8069,31世保生食ほ第2673号,飲食店営業,平成20年4月24日,令和2年5月1日,令和8年4月30日
6511,東京都世田谷区喜多見九丁目２番１８号,城和ハイツＢ１,居酒屋　梅丸,***,3480-8069,7世保生食ほ第1990号,飲食店営業,令和8年5月1日,令和8年5月1日,令和14年4月30日
6512,東京都世田谷区喜多見九丁目２番１８号,-,株式会社きもの三鈴,株式会社きもの三鈴,3488-4141,3世保生食ほ第2191号,飲食店営業,令和4年4月1日,令和4年4月1日,令和10年3月31日
6513,東京都世田谷区喜多見九丁目２番１８号,-,ボラカイ,***,-,6世保生食ほ第1059号,飲食店営業,令和6年12月1日,令和6年12月1日,令和12年11月30日
6514,東京都世田谷区喜多見九丁目２番１８号,城和ハイツ１０２,Ｒｉｔ’ｓ,***,5761-9966,7世保生食ほ第1754号,飲食店営業,令和8年4月1日,令和8年4月1日,令和14年3月31日
6515,東京都世田谷区喜多見九丁目２番２３号,ブリリア世田谷喜多見１Ｆ,ファミリーマート喜多見駅北店,株式会社ソウインプルーブ,03-5438-2765,31世保生食ほ第1433号,飲食店営業,令和元年10月11日,令和元年10月11日,令和8年10月31日
6516,東京都世田谷区喜多見九丁目２番２３号,ブリリア世田谷喜多見１Ｆ,ファミリーマート喜多見駅北店,株式会社ソウインプルーブ,03-5438-2765,31世保生食ほ第1434号,菓子製造業,令和元年10月11日,令和元年10月11日,令和8年10月31日
6517,東京都世田谷区喜多見九丁目２番２６号,-,セブンーイレブン小田急喜多見店,小田急商事株式会社,03-5438-4061,3世保生食ほ第569号,飲食店営業,令和3年6月9日,令和3年6月9日,令和10年6月30日
6518,東京都世田谷区喜多見九丁目２番３３号,小田急マルシェ１Ｆ,珈琲百貨店　喜多見店,***,3480-8357,2世保生食ほ第2088号,飲食店営業,令和3年1月19日,令和3年1月19日,令和10年1月31日
6519,東京都世田谷区喜多見九丁目２番３５号,小田急マルシェ内,箱根そば　喜多見店,株式会社小田急レストランシステム,3488-7691,2世保生食ほ第813号,飲食店営業,平成24年8月13日,令和2年9月1日,令和10年8月31日
6520,東京都世田谷区喜多見九丁目２番３５号,小田急マルシェ３－３,元氣七輪焼肉　牛繁　喜多見店,株式会社牛繁ドリームシステム,03-5761-3829,2世保生食ほ第2014号,飲食店営業,平成26年1月29日,令和3年2月1日,令和10年1月31日
6521,東京都世田谷区喜多見九丁目３番１号,内藤ビル２Ｆ,Ｂａｒ　ＪＥＳＴ,***,03-5761-9460,6世保生食ほ第450号,飲食店営業,令和6年7月1日,令和6年7月1日,令和13年6月30日
6522,東京都世田谷区喜多見九丁目３番５号,-,中華料理　喜楽,有限会社喜多見喜楽,3489-5596,31世保生食ほ第2528号,飲食店営業,平成11年3月8日,令和2年4月1日,令和9年3月31日
6523,東京都世田谷区喜多見九丁目３番５号,-,やまぐち,***,3480-9884,7世保生食ほ第330号,飲食店営業,令和7年7月1日,令和7年7月1日,令和14年6月30日
6524,東京都世田谷区喜多見九丁目３番５号,フローラル１０６,ほしの　ｓｕｓｈｉ　Ｄｉｎｎｉｎｇ,***,3430-7627,31世保生食ほ第2535号,飲食店営業,平成14年4月18日,令和2年5月1日,令和8年4月30日
6525,東京都世田谷区喜多見九丁目３番５号,フローラル１０６,ほしの　ｓｕｓｈｉ　Ｄｉｎｎｉｎｇ,***,3430-7627,7世保生食ほ第1853号,飲食店営業,令和8年5月1日,令和8年5月1日,令和14年4月30日
6526,東京都世田谷区喜多見九丁目８番８号,中原ビル１Ｆ,魯園菜館,有限会社魯園菜館,3430-1889,31世保生食ほ第2530号,飲食店営業,平成20年5月7日,令和2年6月1日,令和8年5月31日
6527,東京都世田谷区喜多見九丁目８番８号,１Ｆ、２Ｆ,旬鮮　重味,***,03-3480-1963,2世保生食ほ第2531号,飲食店営業,令和3年3月8日,令和3年3月8日,令和9年3月31日
6528,東京都世田谷区喜多見九丁目１３番９号,-,とり井,***,03-3480-3867,7世保生食ほ第1621号,飲食店営業,令和8年3月1日,令和8年3月1日,令和14年2月29日
6529,東京都世田谷区喜多見九丁目１３番１２号,-,心庵　梅むら,***,3480-3575,2世保生食ほ第962号,菓子製造業,昭和62年9月10日,令和2年10月1日,令和8年9月30日
6530,東京都世田谷区喜多見九丁目１３番１３号,-,京のねぎ家　喜多見店,ＹＯ－ＰＬＵＳ株式会社,-,2世保生食ほ第1385号,飲食店営業,令和2年10月14日,令和2年10月14日,令和8年10月31日
6531,東京都世田谷区喜多見九丁目２２番７号,-,そんぽの家Ｓ　成城西,ＳＯＭＰＯケアフーズ株式会社,5438-7050,3世保生食ほ第5号,飲食店営業,平成25年4月10日,令和3年5月1日,令和11年4月30日
6532,東京都世田谷区喜多見九丁目２４番２２号,-,ホームステーションらいふ成城野川緑道,株式会社コスモプラン,03-5761-3850,3世保生食ほ第276号,飲食店営業,平成26年5月29日,令和3年6月1日,令和10年5月31日
6533,東京都世田谷区喜多見九丁目２５番１号,-,小田急喜多見社員食堂,株式会社小田急レストランシステム,5497-0962,31世保生食ほ第2317号,飲食店営業,平成6年3月4日,令和2年4月1日,令和9年3月31日
6534,東京都世田谷区喜多見九丁目２５番１号,-,Ｂ＆Ｉ４６５１,グリーンホスピタリティフードサービス株式会社,-,3世保生食ほ第2312号,飲食店営業,令和4年3月29日,令和4年3月29日,令和11年3月31日
6535,東京都世田谷区喜多見九丁目２７番２号,-,芙瑞芳餃子工坊,***,-,2世保生食ほ第2705号,そうざい製造業,令和3年3月30日,令和3年3月30日,令和9年3月31日
6536,東京都世田谷区喜多見九丁目２７番２号,-,芙瑞芳餃子工坊,***,-,3世保生食ほ第2869号,飲食店営業,令和3年4月12日,令和3年4月12日,令和9年4月30日
6537,東京都世田谷区喜多見九丁目２７番１９号,-,成城・城田工房,***,03-3489-8611,31世保生食ほ第1066号,飲食店営業,令和元年9月27日,令和元年9月27日,令和8年9月30日
6538,東京都世田谷区喜多見九丁目２７番１９号,-,成城・城田工房,***,03-3489-8611,31世保生食ほ第1067号,食肉製品製造業,令和元年9月27日,令和元年9月27日,令和8年9月30日
6539,東京都世田谷区砧一丁目１番２号,-,サミットストア砧店,サミット株式会社,03-3416-7660,2世保生食ほ第2665号,食肉販売業,平成7年3月16日,令和3年4月1日,令和9年3月31日
6540,東京都世田谷区砧一丁目１番２号,-,サミットストア砧店,サミット株式会社,03-3416-7660,2世保生食ほ第2666号,魚介類販売業,平成7年3月16日,令和3年4月1日,令和9年3月31日
6541,東京都世田谷区砧一丁目１番２号,-,サミットストア砧店,サミット株式会社,03-3416-7660,31世保生食ほ第1291号,飲食店営業,平成17年11月1日,令和元年11月1日,令和8年10月31日
6542,東京都世田谷区砧一丁目１番２号,-,サミットストア砧店,サミット株式会社,03-3416-7660,31世保生食ほ第1292号,飲食店営業,平成17年11月1日,令和元年11月1日,令和8年10月31日
6543,東京都世田谷区砧一丁目１番２号,-,サミットストア砧店,サミット株式会社,03-3416-7660,31世保生食ほ第1294号,菓子製造業,平成17年11月1日,令和元年11月1日,令和8年10月31日
6544,東京都世田谷区砧一丁目１番２号,-,サミットストア砧店,サミット株式会社,03-3416-7660,31世保生食ほ第1295号,菓子製造業,平成17年11月1日,令和元年11月1日,令和8年10月31日
6545,東京都世田谷区砧一丁目１番２号,-,サミットストア砧店,サミット株式会社,03-3416-7660,31世保生食ほ第1296号,魚介類販売業,平成17年11月1日,令和元年11月1日,令和8年10月31日
6546,東京都世田谷区砧一丁目１番２号,-,サミットストア砧店,サミット株式会社,03-3416-7660,31世保生食ほ第2300号,飲食店営業,平成25年3月12日,令和2年4月1日,令和8年10月31日
6547,東京都世田谷区砧一丁目１番２号,-,サミットストア砧店,サミット株式会社,03-3416-7660,31世保生食ほ第2301号,飲食店営業,平成25年3月12日,令和2年4月1日,令和8年10月31日
6548,東京都世田谷区砧一丁目１番２号,-,サミットストア砧店,サミット株式会社,03-3416-7660,5世保生食ほ第294号,飲食店営業,令和5年6月1日,令和5年6月1日,令和12年5月31日
6549,東京都世田谷区砧一丁目１番２号,-,サミットストア砧店,サミット株式会社,03-3416-7660,7世保生食ほ第1070号,そうざい製造業,令和7年10月30日,令和7年10月30日,令和14年10月31日
6550,東京都世田谷区砧一丁目１番１１号,１階事務所前,㈱グリーンキャブ　世田谷（営）,サントリービバレッジソリューション株式会社,5494-2051,5世保生食ほ第120号,調理の機能を有する自動販売機により食品を調理し、調理された食品を販売する営業,令和5年5月1日,令和5年5月1日,令和10年4月30日
6551,東京都世田谷区砧一丁目１番２７号,-,酉厨　ぼんぼり,株式会社シャンティーオペレーション,03-6805-8213,31世保生食ほ第1902号,飲食店営業,令和元年12月10日,令和元年12月10日,令和8年12月31日
6552,東京都世田谷区砧一丁目１番２７号,翠雲堂ビル１階,中華料理　龍縁酒場　砧店,株式会社ＢＩＹ,03-6783-7097,4世保生食ほ第1325号,飲食店営業,令和4年11月15日,令和4年11月15日,令和10年11月30日
6553,東京都世田谷区砧一丁目１番２７号,翠雲堂砧ビル１Ｆ,ＢＯＮＮＩＥ＆ＦＲＩＥＤ．ｋｉｎｕｔａ,***,-,7世保生食ほ第11号,飲食店営業,令和7年4月8日,令和7年4月8日,令和13年4月30日
6554,東京都世田谷区砧一丁目２番１６号,-,ケンタッキーフライドチキン砧世田谷通り店,日本ケンタッキー・フライド・チキン株式会社,-,3世保生食ほ第652号,飲食店営業,令和3年6月24日,令和3年6月24日,令和10年6月30日
6555,東京都世田谷区砧一丁目４番２号,-,有限会社マルカ食品,有限会社マルカ食品,03-3700-8845,7世保生食ほ第1613号,飲食店営業,令和8年2月20日,令和8年2月20日,令和14年2月29日
6556,東京都世田谷区砧一丁目７番８号,-,ニューヤマザキデイリーストア砧店,山崎製パン株式会社,03-3417-2125,4世保生食ほ第1359号,飲食店営業,令和4年11月28日,令和4年11月28日,令和11年11月30日
6557,東京都世田谷区砧一丁目９番９号,-,手打蕎麦よしみや,有限会社よしみや,-,7世保生食ほ第218号,飲食店営業,令和7年5月28日,令和7年5月28日,令和14年5月31日
6558,東京都世田谷区砧一丁目９番９号,-,手打蕎麦よしみや,有限会社よしみや,-,7世保生食ほ第219号,そうざい製造業,令和7年5月28日,令和7年5月28日,令和14年5月31日
6559,東京都世田谷区砧一丁目９番１０号,小池ビル２Ｆ,ＳＨＵＮＧＯＵＲＭＡＮＤ,株式会社ＳＹＵＮ　ＳＥＮＳ,-,3世保生食ほ第1179号,飲食店営業,令和3年9月22日,令和3年9月22日,令和10年9月30日
6560,東京都世田谷区砧一丁目９番１０号,小池ビル２Ｆ,ＳＨＵＮＧＯＵＲＭＡＮＤ,株式会社ＳＹＵＮ　ＳＥＮＳ,-,3世保生食ほ第1180号,菓子製造業,令和3年9月22日,令和3年9月22日,令和10年9月30日
6561,東京都世田谷区砧一丁目９番１０号,小池ビル２Ｆ,ＳＨＵＮＧＯＵＲＭＡＮＤ,株式会社ＳＹＵＮ　ＳＥＮＳ,-,3世保生食ほ第1181号,そうざい製造業,令和3年9月22日,令和3年9月22日,令和10年9月30日
6562,東京都世田谷区砧一丁目１０番１１号,-,ＮＨＫ放送技術研究所　７階食堂,コンパス・グループジャパン株式会社,03-3415-3455,4世保生食ほ第1474号,飲食店営業,令和4年12月23日,令和4年12月23日,令和11年12月31日
6563,東京都世田谷区砧一丁目１０番１１号,-,ＮＨＫ放送技術研究所　１Ｆ喫茶コーナー,コンパス・グループジャパン株式会社,03-3415-3455,4世保生食ほ第1475号,飲食店営業,令和4年12月23日,令和4年12月23日,令和11年12月31日
6564,東京都世田谷区砧一丁目１３番３号,-,ヴォアラ,***,3415-9098,30世保生食ほ第2536号,菓子製造業,平成10年4月10日,令和元年5月1日,令和8年4月30日
6565,東京都世田谷区砧一丁目１３番３号,-,季の葩,株式会社ル・サントノーレ,3415-9098,2世保生食ほ第785号,菓子製造業,令和2年8月17日,令和2年8月17日,令和9年8月31日
6566,東京都世田谷区砧二丁目４番２７号,Ｍ２ビル,東京メモリードホール,株式会社メモリード,3749-0983,6世保生食ほ第1651号,飲食店営業,令和7年3月1日,令和7年3月1日,令和14年2月29日
6567,東京都世田谷区砧二丁目４番２７号,Ｍ２ビル１Ｆ,東京メモリードホール　１Ｆ厨房部分,株式会社寿美家和久,5727-4030,7世保生食ほ第409号,飲食店営業,令和7年6月30日,令和7年6月30日,令和14年6月30日
6568,東京都世田谷区砧二丁目１４番３０号,-,サミットストア砧環八通り店,サミット株式会社,03-5494-7810,31世保生食ほ第2622号,飲食店営業,平成25年5月1日,令和2年5月1日,令和9年4月30日
6569,東京都世田谷区砧二丁目１４番３０号,-,サミットストア砧環八通り店,サミット株式会社,03-5494-7810,31世保生食ほ第2623号,飲食店営業,平成25年5月1日,令和2年5月1日,令和9年4月30日
6570,東京都世田谷区砧二丁目１４番３０号,-,サミットストア砧環八通り店,サミット株式会社,03-5494-7810,31世保生食ほ第2625号,菓子製造業,平成25年5月29日,令和2年5月1日,令和9年4月30日
6571,東京都世田谷区砧二丁目１４番３０号,-,サミットストア砧環八通り店,サミット株式会社,03-5494-7810,31世保生食ほ第2627号,食肉販売業,平成25年5月1日,令和2年5月1日,令和9年4月30日
6572,東京都世田谷区砧二丁目１４番３０号,-,サミットストア砧環八通り店,サミット株式会社,03-5494-7810,5世保生食ほ第289号,飲食店営業,令和5年5月29日,令和5年5月29日,令和12年5月31日
6573,東京都世田谷区砧二丁目１４番３０号,-,サミットストア砧環八通り店,サミット株式会社,03-5494-7810,7世保生食ほ第1724号,魚介類販売業,令和8年3月6日,令和8年3月6日,令和15年3月31日
6574,東京都世田谷区砧二丁目１４番３０号,-,サミットストア砧環八通り店,サミット株式会社,03-5494-7810,7世保生食ほ第699号,飲食店営業,令和7年8月27日,令和7年8月27日,令和14年8月31日
6575,東京都世田谷区砧二丁目１４番３０号,-,ダン・ブラウン砧環八通り店,サミット株式会社,5494-7810,31世保生食ほ第2620号,飲食店営業,平成25年5月1日,令和2年5月1日,令和9年4月30日
6576,東京都世田谷区砧二丁目１４番３０号,-,ダン・ブラウン砧環八通り店,サミット株式会社,5494-7810,31世保生食ほ第2621号,菓子製造業,平成25年5月1日,令和2年5月1日,令和9年4月30日
6577,東京都世田谷区砧二丁目１９番１０号,-,ＥＡＳＥ　ＣＬＵＢ,株式会社ペンコミュニケーション,03-3415-7990,5世保生食ほ第1212号,飲食店営業,令和5年12月1日,令和5年12月1日,令和11年11月30日
6578,東京都世田谷区砧二丁目２１番２号,-,八福,***,3417-8299,3世保生食ほ第258号,飲食店営業,平成9年5月7日,令和3年6月1日,令和9年5月31日
6579,東京都世田谷区砧二丁目２１番１７号,オガサワラビル１Ｆ,ＮＯＲＤＩＳＫ　ＣＡＭＰ　ＳＵＰＰＬＹ　ＳＴＯＲＥ　ＢＹ　ＲＯＯＴ,ＯＰＥＮ　ＹＯＵＲ　ＥＹＥＳ株式会社,03-5429-6909,5世保生食ほ第1732号,飲食店営業,令和6年3月1日,令和6年3月1日,令和13年2月28日
6580,東京都世田谷区砧二丁目２３番２号,-,ファミリーマート砧城山通り店,相鉄ステーションリテール株式会社,03-5494-5023,7世保生食ほ第1664号,飲食店営業,令和8年3月1日,令和8年3月1日,令和15年2月28日
6581,東京都世田谷区砧三丁目１番４号,-,味の民芸世田谷砧店,味の民芸フードサービス株式会社,-,5世保生食ほ第1768号,飲食店営業,令和6年4月1日,令和6年4月1日,令和13年3月31日
6582,東京都世田谷区砧三丁目２番７号,第２大蔵ビル１Ｆ,インドレストラン　コルカッタ,株式会社Ａ．Ｉ．Ｊ．ＩＮＴＥＲＮＡＴＩＯＮＡＬ,3415-9786,3世保生食ほ第1397号,飲食店営業,令和3年10月13日,令和3年10月13日,令和10年11月30日
6583,東京都世田谷区砧三丁目２番７号,大蔵ビル１０２号室,ごうのめし,***,03-5429-6103,3世保生食ほ第820号,飲食店営業,令和3年8月6日,令和3年8月6日,令和9年8月31日
6584,東京都世田谷区砧三丁目２番２１号,-,ｄａ　ｎｏｎｎａ,***,5494-7437,2世保生食ほ第911号,飲食店営業,平成20年9月10日,令和2年10月1日,令和8年9月30日
6585,東京都世田谷区砧三丁目３番３号,メディカルテラス砧,セブンイレブン世田谷砧３丁目,***,03-3416-7011,3世保生食ほ第1582号,飲食店営業,令和3年11月24日,令和3年11月24日,令和10年11月30日
6586,東京都世田谷区砧三丁目４番４号,石井ビル１Ｆ,ＲＥＧＩＮＡ,有限会社ＫＵＲＡＮＯ　ＤＥＳＩＧＮ　ＣＯＮＳＵＬＴＡＮＴ,03-6411-8695,2世保生食ほ第2329号,飲食店営業,令和3年2月26日,令和3年2月26日,令和10年2月29日
6587,東京都世田谷区砧三丁目４番４号,石井ビル１Ｆ,ＲＥＧＩＮＡ,有限会社ＫＵＲＡＮＯ　ＤＥＳＩＧＮ　ＣＯＮＳＵＬＴＡＮＴ,03-6411-8695,2世保生食ほ第2330号,菓子製造業,令和3年2月26日,令和3年2月26日,令和10年2月29日
6588,東京都世田谷区砧三丁目４番４号,石井ビル１Ｆ,ＲＥＧＩＮＡ,有限会社ＫＵＲＡＮＯ　ＤＥＳＩＧＮ　ＣＯＮＳＵＬＴＡＮＴ,03-6411-8695,2世保生食ほ第2331号,麺類製造業,令和3年2月26日,令和3年2月26日,令和10年2月29日
6589,東京都世田谷区砧三丁目４番４号,石井ビル１Ｆ,ＲＥＧＩＮＡ,有限会社ＫＵＲＡＮＯ　ＤＥＳＩＧＮ　ＣＯＮＳＵＬＴＡＮＴ,03-6411-8695,2世保生食ほ第2332号,そうざい製造業,令和3年2月26日,令和3年2月26日,令和10年2月29日
6590,東京都世田谷区砧三丁目４番４号,石井ビル１Ｆ,ＲＥＧＩＮＡ,有限会社ＫＵＲＡＮＯ　ＤＥＳＩＧＮ　ＣＯＮＳＵＬＴＡＮＴ,03-6411-8695,4世保生食ほ第1905号,乳製品製造業,令和5年3月16日,令和5年3月16日,令和12年3月31日
6591,東京都世田谷区砧三丁目４番６号,-,九百屋　旬世　砧店,合同会社ＫＡＫＵＭＥＩ,-,4世保生食ほ第449号,飲食店営業,令和4年6月24日,令和4年6月24日,令和11年6月30日
6592,東京都世田谷区砧三丁目５番１号,オークラマンション１階,バスナ,ＫＡＭＡＬＡ株式会社,3415-5786,31世保生食ほ第472号,飲食店営業,平成24年6月14日,令和元年7月1日,令和8年6月30日
6593,東京都世田谷区砧三丁目５番１号,-,中国郷土料理　魯園菜館,有限会社魯園菜館,3415-7968,7世保生食ほ第598号,飲食店営業,令和7年8月1日,令和7年8月1日,令和13年7月31日
6594,東京都世田谷区砧三丁目５番２号,勝吉ビル１Ｆ,ラーメン荘　歴史を刻め　世田谷店,株式会社Ｆｉｎｉｓｈ　Ｍｏｖｅ,-,3世保生食ほ第1944号,飲食店営業,令和4年2月2日,令和4年2月2日,令和10年2月29日
6595,東京都世田谷区砧三丁目５番３号,-,中華料理　栄楽,***,3416-2253,31世保生食ほ第2517号,飲食店営業,平成26年5月20日,令和2年6月1日,令和8年5月31日
6596,東京都世田谷区砧三丁目５番８号,-,焼肉　梨光苑,有限会社梨光苑,3416-6967,2世保生食ほ第2452号,飲食店営業,平成5年3月17日,令和3年4月1日,令和9年3月31日
6597,東京都世田谷区砧三丁目５番８号,荒井ビル１０２号,パブスナック三番街,***,3416-3948,5世保生食ほ第910号,飲食店営業,令和5年11月1日,令和5年11月1日,令和11年10月31日
6598,東京都世田谷区砧三丁目５番８号,２Ｆ,さかなや,***,03-3417-8786,7世保生食ほ第1504号,飲食店営業,令和8年2月1日,令和8年2月1日,令和14年1月31日
6599,東京都世田谷区砧三丁目５番８号,砧荒井ビル１０３,二ツ目,***,-,5世保生食ほ第1308号,飲食店営業,令和5年11月29日,令和5年11月29日,令和11年11月30日
6600,東京都世田谷区砧三丁目５番８号,荒井ビル２Ｆ２０３号,ＧＨＯＳＴ,***,-,5世保生食ほ第1515号,飲食店営業,令和6年1月10日,令和6年1月10日,令和12年1月31日
6601,東京都世田谷区砧三丁目５番１０号,エントピア・タカ１Ｆ,ピザーラ砧店／ビバパエリア砧店,有限会社オフィス・イトウ,3749-4600,6世保生食ほ第1877号,飲食店営業,令和7年3月27日,令和7年3月27日,令和14年3月31日
6602,東京都世田谷区砧三丁目６番１２号,-,すし処　いけ田,***,3416-1860,5世保生食ほ第288号,飲食店営業,令和5年7月1日,令和5年7月1日,令和11年6月30日
6603,東京都世田谷区砧三丁目９番１１号,-,ｍ１３７８０,シダックスフードサービス株式会社,3749-3185,7世保生食ほ第92号,飲食店営業,令和7年6月1日,令和7年6月1日,令和14年5月31日
6604,東京都世田谷区砧三丁目９番１１号,-,社会福祉法人　友愛十字会　世田谷更生館,日清医療食品株式会社,5727-1410,6世保生食ほ第702号,飲食店営業,令和6年10月1日,令和6年10月1日,令和13年9月30日
6605,東京都世田谷区砧三丁目１７番２号,グランドール砧１０２号,鯉寿し　砧店,***,3415-1562,31世保生食ほ第305号,飲食店営業,平成6年6月2日,令和元年7月1日,令和8年6月30日
6606,東京都世田谷区砧三丁目３３番６号,-,パン屋　松風,***,03-3416-8888,2世保生食ほ第1260号,飲食店営業,平成14年10月29日,令和2年11月1日,令和8年10月31日
6607,東京都世田谷区砧三丁目３３番６号,-,パン屋　松風,***,03-3416-8888,2世保生食ほ第1261号,菓子製造業,平成14年10月29日,令和2年11月1日,令和8年10月31日
6608,東京都世田谷区砧三丁目３４番２５号,-,ドーミー祖師ヶ谷大蔵,株式会社共立メンテナンス,03-5494-7377,2世保生食ほ第2561号,飲食店営業,平成13年3月30日,令和3年4月1日,令和10年3月31日
6609,東京都世田谷区砧四丁目２番５号,１０１,カフェ　秋,***,-,7世保生食ほ第147号,飲食店営業,令和7年5月1日,令和7年5月1日,令和13年4月30日
6610,東京都世田谷区砧四丁目５番２６号,ルポールビル２Ｆ,とらまつ,***,03-6411-8896,4世保生食ほ第1040号,飲食店営業,令和4年11月1日,令和4年11月1日,令和10年10月31日
6611,東京都世田谷区砧四丁目６番８号,-,セブン－イレブン　世田谷砧４丁目,有限会社カノウヤ商店,03-3415-1423,3世保生食ほ第474号,飲食店営業,令和3年6月25日,令和3年6月25日,令和10年6月30日
6612,東京都世田谷区砧四丁目１７番１２号,-,与六のそば,***,3415-1122,2世保生食ほ第2732号,飲食店営業,平成26年4月28日,令和3年5月1日,令和10年4月30日
6613,東京都世田谷区砧四丁目３２番１４号,-,世田谷区立　砧工房,株式会社ＣＴＭサプライ,3417-4604,31世保生食ほ第2764号,飲食店営業,令和2年4月1日,令和2年4月1日,令和9年3月31日
6614,東京都世田谷区砧五丁目１番１号,-,バン,***,3415-2463,3世保生食ほ第1607号,飲食店営業,令和3年11月19日,令和3年11月19日,令和9年12月31日
6615,東京都世田谷区砧五丁目１番１号,ベルビュー成城１１１,魚久,***,-,2世保生食ほ第155号,飲食店営業,令和2年4月24日,令和2年4月24日,令和8年4月30日
6616,東京都世田谷区砧五丁目１番１号,ベルビュー成城１１１,魚久,***,-,8世保生食ほ第50号,飲食店営業,令和8年5月1日,令和8年5月1日,令和14年4月30日
6617,東京都世田谷区砧五丁目１番１号,ベルビュー成城１１０号,味膳,信一株式会社,03-6479-0895,4世保生食ほ第1933号,飲食店営業,令和5年3月31日,令和5年3月31日,令和11年3月31日
6618,東京都世田谷区砧五丁目１番１号,ベルビュー成城２０９,ｉｎｄｉｇｏ　ａｎｄ　ｂｏｏｋｓ,***,-,8世保生食ほ第87号,飲食店営業,令和8年4月16日,令和8年4月16日,令和15年4月30日
6619,東京都世田谷区砧五丁目１番６号,-,ココファン世田谷砧,株式会社清島食品,-,2世保生食ほ第857号,飲食店営業,令和2年8月26日,令和2年8月26日,令和9年8月31日
6620,東京都世田谷区砧五丁目２番１号,-,日本大学商学部内食堂３,銀座スエヒロカフェテリアサービス株式会社,03-3416-6616,7世保生食ほ第718号,飲食店営業,令和7年10月1日,令和7年10月1日,令和14年9月30日
6621,東京都世田谷区砧五丁目２番１号,日本大学商学部２号館１階,日本大学商学部　食堂２　ひまわり,銀座スエヒロカフェテリアサービス株式会社,3416-6616,2世保生食ほ第2467号,飲食店営業,平成26年3月20日,令和3年4月1日,令和10年3月31日
6622,東京都世田谷区砧五丁目２番１号,２号館,ミニストップ　日本大学商学部店,ミニストップ株式会社,03-3415-0161,3世保生食ほ第1761号,飲食店営業,令和4年1月1日,令和4年1月1日,令和10年12月31日
6623,東京都世田谷区砧五丁目７番１号,-,ｃｉｓｃａ東京メディアシティ店,ミニストップ株式会社,03-3749-7012,3世保生食ほ第899号,飲食店営業,令和3年8月4日,令和3年8月4日,令和10年8月31日
6624,東京都世田谷区砧五丁目１０番１９号,-,山ちゃん,***,-,2世保生食ほ第1942号,飲食店営業,平成21年1月16日,令和3年2月1日,令和9年1月31日
6625,東京都世田谷区砧五丁目１１番１０号,安藤マンション１０１,ｒｉｏｔ　ｂｅｅｒ　（祖師谷店）,株式会社ｒｉｏｔ　ｂｅｅｒ　,-,5世保生食ほ第138号,菓子製造業,令和5年5月12日,令和5年5月12日,令和11年5月31日
6626,東京都世田谷区砧五丁目１１番１０号,安藤マンション１０１,ｒｉｏｔ　ｂｅｅｒ　（祖師谷店）,株式会社ｒｉｏｔ　ｂｅｅｒ　,-,5世保生食ほ第1630号,飲食店営業,令和6年4月1日,令和6年4月1日,令和12年3月31日
6627,東京都世田谷区砧五丁目１２番４号,-,ローソン世田谷砧五丁目店,有限会社エムケイエル,-,7世保生食ほ第9号,飲食店営業,令和7年5月1日,令和7年5月1日,令和14年4月30日
6628,東京都世田谷区砧五丁目１６番１２号,メゾン・フルール１階,ＡＨＩＲＵ,***,-,6世保生食ほ第1368号,飲食店営業,令和7年2月1日,令和7年2月1日,令和13年1月31日
6629,東京都世田谷区砧五丁目１６番１２号,メゾン・フルール１階,ＡＨＩＲＵ,***,-,6世保生食ほ第1369号,菓子製造業,令和7年2月1日,令和7年2月1日,令和13年1月31日
6630,東京都世田谷区砧五丁目２３番８号,-,東林,***,3417-0453,2世保生食ほ第1682号,飲食店営業,平成7年12月18日,令和3年1月1日,令和8年12月31日
6631,東京都世田谷区砧五丁目２５番５号,-,魚み,有限会社魚み,3416-3759,2世保生食ほ第1323号,飲食店営業,平成12年11月22日,令和2年12月1日,令和9年11月30日
6632,東京都世田谷区砧五丁目２５番５号,-,魚み,有限会社魚み,3416-3759,4世保生食ほ第1080号,魚介類販売業,令和4年11月1日,令和4年11月1日,令和11年10月31日
6633,東京都世田谷区砧六丁目７番１号,-,世田谷区立山野小学校,株式会社藤江,03-3417-3322,3世保生食ほ第374号,飲食店営業,令和3年5月18日,令和3年5月18日,令和10年5月31日
6634,東京都世田谷区砧六丁目１８番７号,Ｃｒｉｓａｎｔｅｍｏ祖師ヶ谷大蔵１Ｆ,ＡＬＵＫＵ　ＣＯＦＦＥＥ,***,-,6世保生食ほ第917号,飲食店営業,令和6年9月26日,令和6年9月26日,令和13年9月30日
6635,東京都世田谷区砧六丁目２５番３号,-,那須畜産株式会社,那須畜産株式会社,3417-1612,31世保生食ほ第1388号,食肉処理業,平成10年10月7日,令和元年11月1日,令和8年10月31日
6636,東京都世田谷区砧六丁目２５番５号,カルム・ウィスタリア１０１,ＷＡＨＡＨＡ,株式会社和はは,03-6479-1966,2世保生食ほ第1412号,飲食店営業,令和2年11月13日,令和2年11月13日,令和9年11月30日
6637,東京都世田谷区砧六丁目２７番１９号,笑恵館アパート１０１号,のりちゃん工房,***,03-3416-2308,4世保生食ほ第1108号,飲食店営業,令和4年12月6日,令和4年12月6日,令和10年12月31日
6638,東京都世田谷区砧六丁目２７番１９号,笑恵館アパート１０１号,のりちゃん工房,***,03-3416-2308,4世保生食ほ第1109号,菓子製造業,令和4年12月6日,令和4年12月6日,令和10年12月31日
6639,東京都世田谷区砧六丁目２７番１９号,笑恵館アパート１０１号,のりちゃん工房,***,03-3416-2308,4世保生食ほ第1110号,そうざい製造業,令和4年12月6日,令和4年12月6日,令和10年12月31日
6640,東京都世田谷区砧六丁目２８番５号,-,エッセン,有限会社ホームメイドソーセージ　エッセン,3416-5480,2世保生食ほ第1235号,食肉製品製造業,昭和55年10月31日,令和2年11月1日,令和8年10月31日
6641,東京都世田谷区砧六丁目２８番５号,-,エッセン,有限会社ホームメードソーセージ　エッセン,3416-5480,2世保生食ほ第1234号,飲食店営業,平成8年11月1日,令和2年11月1日,令和8年10月31日
6642,東京都世田谷区砧六丁目２９番３号,-,オオゼキ　砧店,株式会社オオゼキ,0357275811,6世保生食ほ第380号,飲食店営業,令和6年6月26日,令和6年6月26日,令和13年6月30日
6643,東京都世田谷区砧六丁目２９番３号,-,オオゼキ　砧店,株式会社オオゼキ,0357275811,6世保生食ほ第383号,魚介類販売業,令和6年6月26日,令和6年6月26日,令和13年6月30日
6644,東京都世田谷区砧六丁目２９番３号,-,オオゼキ　砧店,株式会社オオゼキ,0357275811,7世保生食ほ第353号,食肉販売業,令和7年7月1日,令和7年7月1日,令和13年6月30日
6645,東京都世田谷区砧六丁目２９番３号,-,岩田食品　旬菜工房　オオゼキ砧店,岩田食品株式会社,03-3416-9894,7世保生食ほ第389号,飲食店営業,令和7年7月1日,令和7年7月1日,令和14年6月30日
6646,東京都世田谷区砧六丁目２９番４号,フロンティア２１地下１Ｆ,ｍｅｔｔａ,***,-,4世保生食ほ第459号,飲食店営業,令和4年8月1日,令和4年8月1日,令和10年7月31日
6647,東京都世田谷区砧六丁目２９番５号,堀口ビル１階Ｂ,Ｃａｆｅ　＆　Ｃｕｉｓｉｎｅ　アトリエ　そら豆,***,03-6411-0054,2世保生食ほ第995号,飲食店営業,平成26年9月2日,令和2年10月1日,令和8年9月30日
6648,東京都世田谷区砧六丁目２９番５号,堀口ビル１階Ｂ,Ｃａｆｅ　＆　Ｃｕｉｓｉｎｅ　アトリエ　そら豆,***,03-6411-0054,2世保生食ほ第996号,菓子製造業,平成26年9月2日,令和2年10月1日,令和8年9月30日
6649,東京都世田谷区砧六丁目２９番１０号,コードンブリュー１０１,すし処　さいとう,***,03-6411-0610,7世保生食ほ第1483号,飲食店営業,令和8年1月19日,令和8年1月19日,令和15年1月31日
6650,東京都世田谷区砧六丁目３０番１号,野原ビル２階,ラボアンドタウン　祖師谷校,株式会社ラボアンドタウン,03-5727-8724,7世保生食ほ第1338号,飲食店営業,令和7年12月12日,令和7年12月12日,令和13年12月31日
6651,東京都世田谷区砧六丁目３０番５号,-,ごっつい祖師ヶ谷,***,3417-0492,2世保生食ほ第2036号,飲食店営業,令和3年2月1日,令和3年2月1日,令和9年1月31日
6652,東京都世田谷区砧六丁目３０番５号,チャリ舎ビル　１階・２階・３階,１階　ＰＲＯＦＩＴＥ　ｄｅ　Ｓｉｎｃｅｒｉｔｅ　２階　ＢＯＵＬＡＮＧＥＲＩＥ　ｂｉｓｔｒｏ　ＳＩＮＣＥＲＩＴＥ,株式会社サンセリテ,-,4世保生食ほ第434号,飲食店営業,令和4年6月21日,令和4年6月21日,令和10年6月30日
6653,東京都世田谷区砧六丁目３２番６号,-,朝日屋,有限会社宮田商亊,3417-1188,2世保生食ほ第1813号,飲食店営業,平成元年12月13日,令和3年1月1日,令和8年12月31日
6654,東京都世田谷区砧六丁目３２番８号,-,Ｂ＆Ｉ　１３６１,グリーンホスピタリティフードサービス株式会社,3417-4111,31世保生食ほ第1118号,飲食店営業,平成17年9月30日,令和元年10月1日,令和8年9月30日
6655,東京都世田谷区砧六丁目３６番３号,-,プレザンテ・オテル・ドゥ・スズキ,有限会社オテル・ドゥ・スズキ,3417-6555,2世保生食ほ第1162号,菓子製造業,平成25年10月4日,令和2年11月1日,令和9年10月31日
6656,東京都世田谷区砧六丁目３６番６号,-,ネムクリュ,***,03-6874-4034,31世保生食ほ第1777号,飲食店営業,令和元年12月19日,令和元年12月19日,令和8年12月31日
6657,東京都世田谷区砧六丁目３６番６号,フラップビル２階,イエローガーデン　（Ｙｅｌｌｏｗ　Ｇａｒｄｅｎ）,ライブウェル株式会社,03-6411-0750,2世保生食ほ第1383号,飲食店営業,令和2年10月23日,令和2年10月23日,令和8年10月31日
6658,東京都世田谷区砧六丁目３６番６号,ＦＬＡＰＢＬＤＧ．ＫＩＮＵＴＡ４階,Ｇｉｒｌ＇ｓ　Ｂａｒ　Ｃｉｅｌ,***,6411-8600,2世保生食ほ第1730号,飲食店営業,令和2年12月3日,令和2年12月3日,令和8年12月31日
6659,東京都世田谷区砧六丁目３６番６号,ＦＬＡＰＶＬＤＧ１階Ｂ号,ｂａｒ　大蔵,株式会社ＳＭＯＯＳ,03-6805-8388,5世保生食ほ第1089号,飲食店営業,令和5年10月25日,令和5年10月25日,令和11年10月31日
6660,東京都世田谷区砧六丁目３６番６号,ＦＬＡＰビル１Ｃ,一飲一円　えびちゃん,***,-,6世保生食ほ第521号,飲食店営業,令和6年7月17日,令和6年7月17日,令和12年7月31日
6661,東京都世田谷区砧六丁目３７番２号,-,福錦,瑞海合同会社,3417-6143,5世保生食ほ第1560号,飲食店営業,令和6年3月1日,令和6年3月1日,令和12年2月28日
6662,東京都世田谷区砧六丁目３７番５号,２Ｆ,お好み焼き　剛毅,***,3415-5678,5世保生食ほ第1382号,飲食店営業,令和5年12月1日,令和5年12月1日,令和12年11月30日
6663,東京都世田谷区砧六丁目３７番５号,-,喫茶　黒田珈琲,株式会社ＳＫカンパニー,03-3415-3063,4世保生食ほ第606号,飲食店営業,令和4年8月1日,令和4年8月1日,令和11年7月31日
6664,東京都世田谷区砧六丁目３７番５号,祖師谷南商店街振興会館ビル１階,カレーハウスＣｏＣｏ壱番屋小田急祖師ヶ谷大蔵駅前店,株式会社壱番屋,03-5429-6232,5世保生食ほ第1628号,飲食店営業,令和6年3月1日,令和6年3月1日,令和13年2月28日
6665,東京都世田谷区砧六丁目３７番５号,砧ＴＥＲＵビル２Ｆ,浩太郎丸　祖師ヶ谷大蔵店,***,03-5727-9231,3世保生食ほ第1878号,飲食店営業,令和4年1月19日,令和4年1月19日,令和10年1月31日
6666,東京都世田谷区砧六丁目３９番２号,-,セブンイレブン砧６丁目店,***,3417-3503,3世保生食ほ第465号,飲食店営業,令和3年6月25日,令和3年6月25日,令和10年6月30日
6667,東京都世田谷区砧六丁目３９番６号,-,野家　祖師ヶ谷大蔵駅前店,株式会社野家,03-5727-3351,31世保生食ほ第771号,飲食店営業,令和元年7月17日,令和元年7月17日,令和8年7月31日
6668,東京都世田谷区砧六丁目３９番７号,-,ファミリーマート祖師ヶ谷大蔵駅前店,有限会社Ｗ＆Ｔ,5494-5054,3世保生食ほ第1670号,飲食店営業,令和4年1月1日,令和4年1月1日,令和10年12月31日
6669,東京都世田谷区砧六丁目３９番７号,桃李花ビル,ファミリーマート祖師ヶ谷大蔵駅前店,***,-,6世保生食ほ第1097号,飲食店営業,令和6年11月8日,令和6年11月8日,令和13年11月30日
6670,東京都世田谷区砧七丁目６番２０号,-,ｉｍａ,***,-,4世保生食ほ第1568号,飲食店営業,令和5年1月20日,令和5年1月20日,令和12年1月31日
6671,東京都世田谷区砧七丁目１２番２６号,松ビル１Ｆ,ＴｉＴＲＥ,Ｈｉｔｏｓａｊｉ合同会社,-,7世保生食ほ第930号,飲食店営業,令和7年10月1日,令和7年10月1日,令和13年9月30日
6672,東京都世田谷区砧七丁目１２番２６号,松ビル１Ｆ,ＴｉＴＲＥ,Ｈｉｔｏｓａｊｉ合同会社,-,7世保生食ほ第931号,菓子製造業,令和7年10月1日,令和7年10月1日,令和13年9月30日
6673,東京都世田谷区砧八丁目３番１０号,-,祖師ヶ谷バル　Ｈａｒａｃｕｃｃｉ,***,6753-0609,7世保生食ほ第681号,飲食店営業,令和7年9月1日,令和7年9月1日,令和13年8月31日
6674,東京都世田谷区砧八丁目３番１０号,砧ＯＫマンション,沖縄ちゃんぷる～酒場　てぃだの花,株式会社ティーアンドアイ,-,6世保生食ほ第1161号,飲食店営業,令和7年3月21日,令和7年3月21日,令和14年3月31日
6675,東京都世田谷区砧八丁目４番１５号,１０２,ストロベリー　フィールズ,***,6753-6263,7世保生食ほ第581号,飲食店営業,令和7年9月1日,令和7年9月1日,令和13年8月31日
6676,東京都世田谷区砧八丁目４番１５号,鈴木第一ビルＢ１階２号室,Ｔａｃｏ＆Ｂａｒ　Ｃｈｉｌｌ,***,-,5世保生食ほ第1292号,飲食店営業,令和5年11月28日,令和5年11月28日,令和11年11月30日
6677,東京都世田谷区砧八丁目５番１８号,砧シンヨービル１Ｆ,鶏バル　陽（ｈａｒｕ）,有限会社オフィス阿久津,6411-1061,5世保生食ほ第1502号,飲食店営業,令和6年2月1日,令和6年2月1日,令和12年1月31日
6678,東京都世田谷区砧八丁目６番２７号,鳥忠ビル１階,釜玉中華そば　ナポレオン軒　祖師ヶ谷大蔵店,***,03-6826-2748,5世保生食ほ第1924号,飲食店営業,令和6年3月27日,令和6年3月27日,令和13年3月31日
6679,東京都世田谷区砧八丁目６番２７号,-,登龍門,株式会社ＫＡＯＲＩ,03-5727-8998,7世保生食ほ第344号,飲食店営業,令和7年6月11日,令和7年6月11日,令和14年6月30日
6680,東京都世田谷区砧八丁目７番１号,２階,ごはん屋　ヒバリ,***,3415-4122,3世保生食ほ第719号,そうざい製造業,令和3年6月23日,令和3年6月23日,令和9年6月30日
6681,東京都世田谷区砧八丁目７番１号,２階,ごはん屋　ヒバリ,***,3415-4122,6世保生食ほ第807号,飲食店営業,令和6年10月1日,令和6年10月1日,令和12年9月30日
6682,東京都世田谷区砧八丁目７番１号,-,Ｂａｒ　ＣＡＲＢＯＮ,***,-,5世保生食ほ第1487号,飲食店営業,令和5年12月28日,令和5年12月28日,令和11年12月31日
6683,東京都世田谷区砧八丁目７番１７号,-,Ｃｒｅｐｅｒｉｅ　Ｔｉｒｏｌ,合同会社クレープリーチロル,03-6411-1594,7世保生食ほ第650号,飲食店営業,令和7年9月1日,令和7年9月1日,令和13年8月31日
6684,東京都世田谷区砧八丁目７番１７号,-,和はは,株式会社和はは,03-6411-8587,4世保生食ほ第154号,飲食店営業,令和4年4月28日,令和4年4月28日,令和10年4月30日
6685,東京都世田谷区砧八丁目８番２１号,松澤ビルＢ１,焼肉じゅん,インターナショナルハーベスト株式会社,-,6世保生食ほ第1605号,飲食店営業,令和7年2月18日,令和7年2月18日,令和14年2月29日
6686,東京都世田谷区砧八丁目８番２４号,ＳｕｎＣｒｅｓｔ砧１Ｆ,Ｐａｔｉｓｓｅｒｉｅ　Ｍｉｎｉｍａｌ　祖師ヶ谷大蔵店,株式会社Ｂａｃｅ,03-6411-8832,5世保生食ほ第824号,飲食店営業,令和5年9月1日,令和5年9月1日,令和12年8月31日
6687,東京都世田谷区砧八丁目８番２４号,ＳｕｎＣｒｅｓｔ砧１Ｆ,Ｐａｔｉｓｓｅｒｉｅ　Ｍｉｎｉｍａｌ　祖師ヶ谷大蔵店,株式会社Ｂａｃｅ,03-6411-8832,5世保生食ほ第825号,菓子製造業,令和5年9月1日,令和5年9月1日,令和12年8月31日
6688,東京都世田谷区砧八丁目８番２６号,大黒ビル１階,から揚げの天才　祖師ヶ谷大蔵店,クリエイトシーンズ株式会社,03-5494-5161,2世保生食ほ第588号,飲食店営業,令和2年7月23日,令和2年7月23日,令和9年7月31日
6689,東京都世田谷区砧八丁目９番８号,島屋ビル１Ｆ,オステリア　エジリオ　サーラ,***,03-3749-3899,31世保生食ほ第1063号,飲食店営業,平成17年9月12日,令和元年10月1日,令和8年9月30日
6690,東京都世田谷区砧八丁目９番８号,島屋ビル２階Ｂ号室,ことはじめ,***,03-6411-0663,5世保生食ほ第1221号,飲食店営業,令和5年11月1日,令和5年11月1日,令和12年10月31日
6691,東京都世田谷区砧八丁目９番８号,島屋ビル２ＦＡ,すし　島屋　沖田,***,03-6411-8618,2世保生食ほ第1680号,飲食店営業,令和2年12月22日,令和2年12月22日,令和9年12月31日
6692,東京都世田谷区砧八丁目９番８号,島屋ビル２Ｆ　Ｂ号室,肉ビストロ　ＭＯＺＵ,***,-,7世保生食ほ第1227号,飲食店営業,令和7年11月28日,令和7年11月28日,令和13年11月30日
6693,東京都世田谷区砧八丁目１０番１号,プラッツ砧Ｂ１,Ｏｄａｋｙｕ　ＯＸ　祖師谷店,小田急商事株式会社,03-3416-2251,3世保生食ほ第618号,飲食店営業,令和3年6月28日,令和3年6月28日,令和10年6月30日
6694,東京都世田谷区砧八丁目１０番１号,プラッツ砧Ｂ１,Ｏｄａｋｙｕ　ＯＸ　祖師谷店,小田急商事株式会社,03-3416-2251,3世保生食ほ第619号,飲食店営業,令和3年6月28日,令和3年6月28日,令和10年6月30日
6695,東京都世田谷区砧八丁目１０番１号,プラッツ砧Ｂ１,Ｏｄａｋｙｕ　ＯＸ　祖師谷店,小田急商事株式会社,03-3416-2251,3世保生食ほ第620号,飲食店営業,令和3年6月28日,令和3年6月28日,令和10年6月30日
6696,東京都世田谷区砧八丁目１０番１号,プラッツ砧Ｂ１,Ｏｄａｋｙｕ　ＯＸ　祖師谷店,小田急商事株式会社,03-3416-2251,3世保生食ほ第621号,飲食店営業,令和3年6月28日,令和3年6月28日,令和10年6月30日
6697,東京都世田谷区砧八丁目１０番１号,プラッツ砧Ｂ１,Ｏｄａｋｙｕ　ＯＸ　祖師谷店,小田急商事株式会社,03-3416-2251,3世保生食ほ第622号,魚介類販売業,令和3年6月28日,令和3年6月28日,令和10年6月30日
6698,東京都世田谷区砧八丁目１０番１号,プラッツ砧Ｂ１,Ｏｄａｋｙｕ　ＯＸ　祖師谷店,小田急商事株式会社,03-3416-2251,3世保生食ほ第623号,食肉販売業,令和3年6月28日,令和3年6月28日,令和10年6月30日
6699,東京都世田谷区砧八丁目１０番１号,プラッツ砧Ｂ１,Ｏｄａｋｙｕ　ＯＸ　祖師谷店,小田急商事株式会社,03-3416-2251,3世保生食ほ第624号,菓子製造業,令和3年6月28日,令和3年6月28日,令和10年6月30日
6700,東京都世田谷区砧八丁目１０番１号,-,ちよだ鮨　祖師ヶ谷大蔵店,株式会社ちよだ鮨,03-5727-2250,6世保生食ほ第565号,飲食店営業,令和6年8月1日,令和6年8月1日,令和13年7月31日
6701,東京都世田谷区砧八丁目１０番１号,プラッツ砧１階,バーガーキング　祖師ヶ谷大蔵店,株式会社ビーケー・ジャパン,03-5727-8365,2世保生食ほ第2043号,飲食店営業,令和3年1月20日,令和3年1月20日,令和10年1月31日
6702,東京都世田谷区砧八丁目１０番１号,プラッツ砧１階,バーガーキング　祖師ヶ谷大蔵店,株式会社ビーケー・ジャパン,03-5727-8365,2世保生食ほ第2045号,菓子製造業,令和3年1月20日,令和3年1月20日,令和10年1月31日
6703,東京都世田谷区砧八丁目１０番１号,プラッツ砧１階,バーガーキング　祖師ヶ谷大蔵店,株式会社ビーケー・ジャパン,03-5727-8365,2世保生食ほ第2046号,アイスクリーム類製造業,令和3年1月20日,令和3年1月20日,令和10年1月31日
6704,東京都世田谷区砧八丁目１０番１号,プラッツ砧１階６号Ｂ室,鶯屋,株式会社紀州鶯屋,03-6411-0018,3世保生食ほ第1396号,飲食店営業,令和3年10月18日,令和3年10月18日,令和10年10月31日
6705,東京都世田谷区砧八丁目１０番１号,フラッツ砧１Ｆ,祖師谷大蔵の串屋横丁,***,5727-8821,5世保生食ほ第666号,飲食店営業,令和5年8月3日,令和5年8月3日,令和11年8月31日
6706,東京都世田谷区砧八丁目１３番８号,ジベ成城２　１０１,栗天,***,3415-4110,31世保生食ほ第2289号,飲食店営業,平成25年3月6日,令和2年4月1日,令和9年3月31日
6707,東京都世田谷区大蔵一丁目３番２２号,-,介護老人保健施設　サンセール世田谷大蔵,日清医療食品株式会社,03-3415-1160,3世保生食ほ第1265号,飲食店営業,令和3年9月28日,令和3年9月28日,令和10年9月30日
6708,東京都世田谷区大蔵一丁目４番１号,-,世田谷市場　３Ｆ休憩所,三和ベンドサービス株式会社,-,6世保生食ほ第207号,調理の機能を有する自動販売機により食品を調理し、調理された食品を販売する営業,令和6年5月16日,令和6年5月16日,令和11年5月31日
6709,東京都世田谷区大蔵一丁目１６番１７号,-,ＣＡＦＥ　Ｂｕｃｈｅｒｏｎ,***,3417-6601,5世保生食ほ第529号,飲食店営業,令和5年7月10日,令和5年7月10日,令和11年7月31日
6710,東京都世田谷区大蔵二丁目４番１５号,-,成城せりゅう別館,有限会社せりゅう,3415-5464,3世保生食ほ第1356号,飲食店営業,令和3年10月13日,令和3年10月13日,令和10年10月31日
6711,東京都世田谷区大蔵二丁目１０番１号,-,国立成育医療センター１２階レストラン,株式会社スエヒロ,03-3749-0505,7世保生食ほ第1661号,飲食店営業,令和8年3月1日,令和8年3月1日,令和16年2月28日
6712,東京都世田谷区大蔵二丁目１０番１号,Ｂ１,国立成育医療センターＢ１ベーカリーカフェ,株式会社スエヒロ,03-5727-0525,4世保生食ほ第1628号,飲食店営業,令和5年2月13日,令和5年2月13日,令和12年2月28日
6713,東京都世田谷区大蔵二丁目１０番１号,-,セブンイレブンＫＯＹＯ成育医療センター店,株式会社光洋,-,6世保生食ほ第266号,飲食店営業,令和6年5月30日,令和6年5月30日,令和13年5月31日
6714,東京都世田谷区大蔵二丁目１０番１号,-,国立成育医療研究センター,株式会社武仁,03-3416-0181,6世保生食ほ第1848号,飲食店営業,令和7年3月25日,令和7年3月25日,令和14年3月31日
6715,東京都世田谷区大蔵二丁目１２番３号,-,ローソン大蔵運動公園前店,有限会社エムケイエル,5727-0507,6世保生食ほ第1098号,飲食店営業,令和6年12月1日,令和6年12月1日,令和13年11月30日
6716,東京都世田谷区大蔵四丁目２番１４号,ニチイケアセンター世田谷大蔵内給食室,ＥＶＥＲＹＦＯＯＤ（１０３８）事業所,株式会社ＥＶＥＲＹＦＯＯＤ,03-3415-6058,2世保生食ほ第2299号,飲食店営業,平成26年2月19日,令和3年3月1日,令和10年2月29日
6717,東京都世田谷区大蔵四丁目６番１号,-,大蔵第二運動場ゴルフ練習場１Ｆ,株式会社アペックス,03-3417-2811,3世保生食ほ第2076号,調理の機能を有する自動販売機により食品を調理し、調理された食品を販売する営業,令和4年3月4日,令和4年3月4日,令和9年3月31日
6718,東京都世田谷区大蔵四丁目６番１号,-,大蔵第二運動場ゴルフ練習場２Ｆ,株式会社アペックス,03-3417-2811,3世保生食ほ第2077号,調理の機能を有する自動販売機により食品を調理し、調理された食品を販売する営業,令和4年3月4日,令和4年3月4日,令和9年3月31日
6719,東京都世田谷区大蔵四丁目７番１号,-,レストランクーポール大蔵店　厨房,株式会社フーズ・ライフ,03-6411-8673,4世保生食ほ第206号,菓子製造業,令和4年4月28日,令和4年4月28日,令和11年4月30日
6720,東京都世田谷区大蔵四丁目７番１号,-,レストランクーポール大蔵店　厨房,株式会社フーズ・ライフ,03-6411-8673,4世保生食ほ第74号,そうざい製造業,令和4年4月26日,令和4年4月26日,令和11年4月30日
6721,東京都世田谷区大蔵四丁目７番１号,-,レストランクーポール大蔵店　厨房,株式会社フーズ・ライフ,03-6411-8673,5世保生食ほ第1679号,飲食店営業,令和6年3月8日,令和6年3月8日,令和13年3月31日
6722,東京都世田谷区大蔵五丁目１４番６号,つかさ荘２０１,ゆいまあると３つの磁石,***,-,5世保生食ほ第1176号,飲食店営業,令和5年11月29日,令和5年11月29日,令和11年11月30日
6723,東京都世田谷区大蔵五丁目１４番６号,つかさ荘２０１,ゆいまあると３つの磁石,***,-,5世保生食ほ第1177号,菓子製造業,令和5年11月29日,令和5年11月29日,令和11年11月30日
6724,東京都世田谷区大蔵六丁目８番２０号,-,桜音カフェ,有限会社グルーブ,03-3416-0820,4世保生食ほ第91号,飲食店営業,令和4年4月22日,令和4年4月22日,令和10年4月30日
6725,東京都世田谷区大蔵六丁目１９番１６号,-,ローソンスリーエフ大蔵６丁目店,***,03-3749-0783,6世保生食ほ第1686号,飲食店営業,令和7年3月1日,令和7年3月1日,令和14年2月29日
6726,東京都世田谷区砧公園１番１号,-,砧公園１号売店,公益財団法人東京都公園協会,3417-5526,5世保生食ほ第1512号,飲食店営業,令和6年1月17日,令和6年1月17日,令和13年1月31日
6727,東京都世田谷区砧公園１番１号,-,砧公園２号売店,公益財団法人東京都公園協会,03-6411-1071,4世保生食ほ第1904号,飲食店営業,令和5年3月17日,令和5年3月17日,令和12年3月31日
6728,東京都世田谷区砧公園１番１号,-,砧公園　第３号売店,公益財団法人東京都公園協会,3417-5526,5世保生食ほ第1511号,飲食店営業,令和6年1月17日,令和6年1月17日,令和13年1月31日
6729,東京都世田谷区砧公園１番２号,世田谷美術館内Ｂ１,セタビカフェ,株式会社世田谷サービス公社,03-3416-2250,7世保生食ほ第1776号,飲食店営業,令和8年4月1日,令和8年4月1日,令和15年3月31日
6730,東京都世田谷区岡本一丁目６番１２号,-,ＮＩＳＨＩ　ａｎｎ,***,3708-8516,6世保生食ほ第1878号,飲食店営業,令和7年3月25日,令和7年3月25日,令和13年3月31日
6731,東京都世田谷区岡本一丁目１６番２１号,ＳＯＬＡＮＡ２１Ｂ１－Ａ,Ｂｉｓｔｒｏｔ　ｋｏｓｈｉｙａｍａ,株式会社ラボ・デュ・ヴァン,6411-7555,7世保生食ほ第140号,飲食店営業,令和7年6月1日,令和7年6月1日,令和13年5月31日
6732,東京都世田谷区岡本二丁目６番１０号,-,グランダ岡本里安邸,株式会社ＬＥＯＣ,03-6675-4404,4世保生食ほ第1309号,飲食店営業,令和4年11月18日,令和4年11月18日,令和11年11月30日
6733,東京都世田谷区岡本二丁目２６番１３号,-,株式会社　柴畜,株式会社柴畜,3700-5020,2世保生食ほ第2385号,食肉処理業,昭和55年3月11日,令和3年4月1日,令和9年3月31日
6734,東京都世田谷区岡本二丁目３３番２２号,-,ＲＩＳＳＨＯ　ＫＩＤ’Ｓ　きらり岡本,株式会社安田物産,3417-0700,31世保生食ほ第2874号,飲食店営業,令和2年3月31日,令和2年3月31日,令和9年3月31日
6735,東京都世田谷区岡本二丁目３３番２３号,障害福祉サービス事業　泉の家内,ＨＣ岡本,株式会社グリーンヘルスケアサービス,3416-9770,31世保生食ほ第2161号,飲食店営業,平成25年3月27日,令和2年4月1日,令和9年3月31日
6736,東京都世田谷区岡本二丁目３３番２３号,-,泉の家,社会福祉法人泉会,3417-3451,2世保生食ほ第1728号,菓子製造業,令和2年11月25日,令和2年11月25日,令和9年11月30日
6737,東京都世田谷区岡本二丁目３３番２３号,-,泉の家,社会福祉法人泉会,3417-3451,6世保生食ほ第21号,飲食店営業,令和6年5月1日,令和6年5月1日,令和13年4月30日
6738,東京都世田谷区岡本二丁目３３番２４号,-,世田谷区立岡本福祉作業ホーム,イフスコヘルスケア株式会社,3415-3366,3世保生食ほ第2205号,飲食店営業,令和4年3月16日,令和4年3月16日,令和11年3月31日
6739,東京都世田谷区岡本三丁目３番１８号,-,ペトラン,***,3416-7368,6世保生食ほ第107号,菓子製造業,令和6年6月1日,令和6年6月1日,令和13年5月31日
6740,東京都世田谷区岡本三丁目３０番４号,-,岡村庵,***,-,7世保生食ほ第257号,飲食店営業,令和7年5月23日,令和7年5月23日,令和13年5月31日
6741,東京都世田谷区宇奈根一丁目１番１号,-,駒澤大学　玉川キャンパス　駒Ｄｉｎｉｎｇ,株式会社メルコーポレーション,3709-7966,6世保生食ほ第101号,飲食店営業,令和6年6月1日,令和6年6月1日,令和13年5月31日
6742,東京都世田谷区宇奈根一丁目５番１号,-,リコー砧独身寮,株式会社ＬＥＯＣ,3417-0062,6世保生食ほ第1799号,飲食店営業,令和7年4月1日,令和7年4月1日,令和14年3月31日
6743,東京都世田谷区宇奈根一丁目１３番２５号,-,ムーンエンタープライズ,***,6913-6588,2世保生食ほ第488号,飲食店営業,平成20年7月10日,令和2年8月1日,令和8年7月31日
6744,東京都世田谷区宇奈根一丁目１７番１５号,-,ちゅら,***,-,3世保生食ほ第814号,飲食店営業,令和3年8月1日,令和3年8月1日,令和9年7月31日
6745,東京都世田谷区宇奈根一丁目１７番１５号,-,蒼い空,***,03-5656-3891,4世保生食ほ第126号,飲食店営業,令和4年4月20日,令和4年4月20日,令和10年4月30日
6746,東京都世田谷区宇奈根一丁目１７番１８号,-,うだ家,***,03-3700-1770,2世保生食ほ第2742号,飲食店営業,平成27年4月28日,令和3年5月1日,令和9年4月30日
6747,東京都世田谷区宇奈根一丁目２２番１７号,-,ファミリーマート天神森橋店,株式会社ファミリーマート,5727-9227,3世保生食ほ第119号,飲食店営業,令和3年4月22日,令和3年4月22日,令和10年4月30日
6748,東京都世田谷区宇奈根一丁目２２番１７号,-,ファミリーマート天神森橋店,株式会社モリヤ,03-5727-9227,3世保生食ほ第672号,飲食店営業,令和3年6月29日,令和3年6月29日,令和10年6月30日
6749,東京都世田谷区宇奈根一丁目４１番９号,-,Ｃａ’ｍｉａ,***,6411-0019,31世保生食ほ第2200号,飲食店営業,平成25年3月6日,令和2年4月1日,令和9年3月31日
6750,東京都世田谷区宇奈根一丁目４１番１２号,-,そんぽの家　砧南,ＳＯＭＰＯケアフーズ株式会社,-,5世保生食ほ第785号,飲食店営業,令和5年8月23日,令和5年8月23日,令和12年8月31日
6751,東京都世田谷区宇奈根二丁目５番１２号,－４,Ｑ－ＰＯＩＮＴ,株式会社Ｍｏｔｈｅｒ,03-5727-8545,4世保生食ほ第1003号,飲食店営業,令和4年10月11日,令和4年10月11日,令和10年10月31日
6752,東京都世田谷区宇奈根三丁目４番１５号,-,たこ焼　びんご,***,-,31世保生食ほ第2856号,飲食店営業,令和2年5月1日,令和2年5月1日,令和9年4月30日
6753,東京都世田谷区宇奈根三丁目１２番２９号,-,医療法人社団慈泉会　介護老人保健施設　うなね杏霞苑,日清医療食品株式会社,03-5494-5566,31世保生食ほ第2640号,飲食店営業,平成18年3月28日,令和2年4月1日,令和9年3月31日
6754,東京都世田谷区鎌田一丁目７番９号,-,小料理　沢,***,3700-7748,2世保生食ほ第1647号,飲食店営業,令和2年11月17日,令和2年11月17日,令和8年11月30日
6755,東京都世田谷区鎌田一丁目２０番９号,１Ｆ,デリチキ,***,-,2世保生食ほ第1906号,飲食店営業,令和2年12月23日,令和2年12月23日,令和8年12月31日
6756,東京都世田谷区鎌田一丁目２０番９号,１Ｆ,Ｎｅｘｔ　Ｄｅｌｉ,***,-,2世保生食ほ第1907号,そうざい製造業,令和2年12月23日,令和2年12月23日,令和8年12月31日
6757,東京都世田谷区鎌田二丁目１３番１３号,-,グランダ二子玉川,コンパスグループ・ジャパン株式会社,5797-5185,7世保生食ほ第1325号,飲食店営業,令和8年2月1日,令和8年2月1日,令和15年1月31日
6758,東京都世田谷区鎌田二丁目２４番２号,１Ｆ,パンいち,グッドアイデア株式会社,03-3700-5477,5世保生食ほ第331号,飲食店営業,令和5年11月29日,令和5年11月29日,令和11年11月30日
6759,東京都世田谷区鎌田二丁目２４番２号,１Ｆ,パンいち,グッドアイデア株式会社,03-3700-5477,5世保生食ほ第332号,菓子製造業,令和5年11月29日,令和5年11月29日,令和11年11月30日
6760,東京都世田谷区鎌田二丁目２６番１０号,-,Ｃａｆ?　Ｆｒａｐｐ?,***,-,6世保生食ほ第1510号,飲食店営業,令和7年2月5日,令和7年2月5日,令和13年2月28日
6761,東京都世田谷区鎌田三丁目２番１５号,-,ＳＯＵＬＴＲＥＥ,株式会社ＳＯＵＬＴＲＥＥ,03-6411-7312,3世保生食ほ第82号,菓子製造業,令和3年5月31日,令和3年5月31日,令和9年5月31日
6762,東京都世田谷区鎌田三丁目２番１５号,-,ＳＯＵＬＴＲＥＥ,株式会社ＳＯＵＬＴＲＥＥ,03-6411-7312,7世保生食ほ第1934号,飲食店営業,令和8年4月1日,令和8年4月1日,令和14年3月31日
6763,東京都世田谷区鎌田三丁目２番２０号,レゼール二子玉川１Ｆ,Ｏｕｒ　Ｋｉｔｃｈｅｎ　二子玉川,有限会社エルム,-,2世保生食ほ第2755号,飲食店営業,令和3年4月28日,令和3年4月28日,令和10年4月30日
6764,東京都世田谷区鎌田三丁目８番１３号,-,カマタ食堂,株式会社カネダイ岩崎商店,6873-6934,2世保生食ほ第418号,飲食店営業,令和2年5月29日,令和2年5月29日,令和8年5月31日
6765,東京都世田谷区鎌田三丁目１２番１６号,-,ファミリーマート世田谷鎌田三丁目店,株式会社丸德ファーム,03-5727-0587,2世保生食ほ第2791号,飲食店営業,令和3年3月30日,令和3年3月30日,令和10年3月31日
6766,東京都世田谷区鎌田三丁目１２番１６号,-,ファミリーマート世田谷鎌田三丁目店,株式会社丸德ファーム,03-5727-0587,2世保生食ほ第2792号,菓子製造業,令和3年3月30日,令和3年3月30日,令和10年3月31日
6767,東京都世田谷区鎌田三丁目１３番２０号,-,世田谷区立　砧南中学校,日本国民食株式会社,-,6世保生食ほ第1882号,飲食店営業,令和7年3月27日,令和7年3月27日,令和14年3月31日
6768,東京都世田谷区鎌田三丁目１４番５号,-,株式会社レオック関東ベネッセホームくらら二子玉川,株式会社ＬＥＯＣ,5716-4321,4世保生食ほ第1453号,飲食店営業,令和4年12月28日,令和4年12月28日,令和11年12月31日
6769,東京都世田谷区鎌田三丁目１６番６号,-,博水の郷　喫茶室,社会福祉法人　大三島育徳会,5491-0340,3世保生食ほ第43号,飲食店営業,平成15年4月4日,令和3年5月1日,令和9年4月30日
6770,東京都世田谷区鎌田三丁目１６番６号,-,ＨＣ鎌田,株式会社グリーンヘルスケアサービス,03-5717-3808,6世保生食ほ第264号,飲食店営業,令和6年7月1日,令和6年7月1日,令和13年6月30日
6771,東京都世田谷区鎌田三丁目１７番１号,ベルフレール玉川Ｂ区画,カフェリゼッタラボ,株式会社カフーツ,-,7世保生食ほ第866号,菓子製造業,令和7年10月3日,令和7年10月3日,令和14年10月31日
6772,東京都世田谷区鎌田三丁目１７番１号,ベルフレール玉川Ｂ区画,カフェリゼッタラボ,株式会社カフーツ,-,7世保生食ほ第867号,そうざい製造業,令和7年10月3日,令和7年10月3日,令和14年10月31日
6773,東京都世田谷区鎌田三丁目１８番８号,-,ＪＡ東京中央　ファーマーズマーケット二子玉川,東京中央農業協同組合,3708-1187,4世保生食ほ第1934号,飲食店営業,令和5年3月24日,令和5年3月24日,令和11年3月31日
6774,東京都世田谷区鎌田三丁目１８番１４号,-,山ちゃん亭,***,3700-4959,7世保生食ほ第1884号,飲食店営業,令和8年4月1日,令和8年4月1日,令和15年3月31日
6775,東京都世田谷区鎌田三丁目２７番３号,-,ＳＯＭＰＯケア　ラヴィーレ二子玉川,ＳＯＭＰＯケアフーズ株式会社,03-5717-9550,7世保生食ほ第1342号,飲食店営業,令和8年1月1日,令和8年1月1日,令和14年12月31日
6776,東京都世田谷区鎌田三丁目３３番１８号,-,道環寮　食堂,オフィスオーエイト株式会社,-,4世保生食ほ第1841号,飲食店営業,令和5年3月27日,令和5年3月27日,令和12年3月31日
6777,東京都世田谷区鎌田三丁目３５番１号,世田谷区立鎌田区民センター,かふぇいろどり,社会福祉法人大三島育徳会,03-6805-7025,4世保生食ほ第472号,飲食店営業,令和4年6月16日,令和4年6月16日,令和11年6月30日
6778,東京都世田谷区鎌田四丁目１番８号,-,道とん堀　二子玉川店,株式会社フードマン,03-3417-9455,7世保生食ほ第404号,飲食店営業,令和7年7月1日,令和7年7月1日,令和14年6月30日
6779,東京都世田谷区鎌田四丁目１番１１号,-,不二家レストラン世田谷砧店,株式会社不二家,03-3416-5719,6世保生食ほ第1060号,飲食店営業,令和6年12月1日,令和6年12月1日,令和13年11月30日
6780,東京都世田谷区鎌田四丁目３番１号,-,２７７１世田谷,株式会社ジーエスエフ,03-3749-2751,3世保生食ほ第260号,飲食店営業,令和3年4月27日,令和3年4月27日,令和10年4月30日
6781,東京都世田谷区鎌田四丁目５番２０号,-,ミートショップ川上,***,3417-2229,2世保生食ほ第1498号,飲食店営業,昭和62年10月31日,令和2年11月1日,令和8年10月31日
6782,東京都世田谷区鎌田四丁目５番２０号,-,ミートショップ川上,***,3417-2229,2世保生食ほ第1499号,食肉販売業,昭和62年10月31日,令和2年11月1日,令和8年10月31日
6783,東京都世田谷区鎌田四丁目６番１１号,知栄ハイツ１Ｆ,タマクーヘン世田谷ファクトリー,株式会社クルヴェル・キャン,3415-0233,5世保生食ほ第511号,菓子製造業,令和5年7月1日,令和5年7月1日,令和12年6月30日
6784,東京都世田谷区鎌田四丁目１４番３号,-,アメリカン・スタジアム,橋本物産株式会社,3415-7220,6世保生食ほ第167号,飲食店営業,令和6年6月1日,令和6年6月1日,令和13年5月31日
6785,東京都世田谷区鎌田四丁目１４番３号,-,らあめん花月嵐　多摩堤通り店,グロービート・ジャパン株式会社,03-5727-0315,2世保生食ほ第2086号,飲食店営業,平成25年1月16日,令和3年2月1日,令和11年1月31日
6786,東京都世田谷区鎌田四丁目１４番３号,-,世田谷鎌田肉流通センター,株式会社ヴィクセス,03-6411-1529,31世保生食ほ第1713号,飲食店営業,令和元年11月25日,令和元年11月25日,令和8年11月30日
6787,東京都世田谷区鎌田四丁目１４番８号,-,イリーゼ二子玉川ガーデン,株式会社ＨＩＴＯＷＡ,5727-0327,31世保生食ほ第2780号,飲食店営業,平成25年5月23日,令和2年6月1日,令和9年5月31日
6788,東京都世田谷区鎌田四丁目１７番１８号,-,ドトール珈琲農園　多摩堤通り店,株式会社ドトールコーヒー,03-3416-1830,6世保生食ほ第984号,飲食店営業,令和6年11月1日,令和6年11月1日,令和13年10月31日
6789,東京都世田谷区上北沢一丁目２２番３５号,-,セブンイレブン世田谷上北沢１丁目店,***,03-5317-8739,3世保生食ほ第475号,飲食店営業,令和3年6月21日,令和3年6月21日,令和10年6月30日
6790,東京都世田谷区上北沢一丁目２８番１７号,-,特別養護老人ホーム　上北沢ホーム（栄屋食品上北沢ホーム事業所）,栄屋食品株式会社,6304-6678,3世保生食ほ第2298号,飲食店営業,令和4年3月29日,令和4年3月29日,令和11年3月31日
6791,東京都世田谷区上北沢一丁目２８番１７号,-,上北沢サテライト,株式会社アルス,3306-5155,5世保生食ほ第733号,飲食店営業,令和5年8月22日,令和5年8月22日,令和12年8月31日
6792,東京都世田谷区上北沢一丁目３２番１４号,-,いっちょうめパン,社会福祉法人泉会,03-5316-2251,7世保生食ほ第798号,飲食店営業,令和7年10月1日,令和7年10月1日,令和14年9月30日
6793,東京都世田谷区上北沢一丁目３２番１４号,-,いっちょうめパン,社会福祉法人泉会,03-5316-2251,7世保生食ほ第799号,菓子製造業,令和7年10月1日,令和7年10月1日,令和14年9月30日
6794,東京都世田谷区上北沢二丁目１番１号,東京都立松沢病院リハビリテーション棟内,さくら喫茶室パイン,特定非営利活動法人　世田谷さくら会,3303-1237,2世保生食ほ第2631号,飲食店営業,平成19年3月6日,令和3年4月1日,令和10年3月31日
6795,東京都世田谷区上北沢二丁目１番１号,都立松沢病院内一階,Ｇｒｅｅｎ　Ｌｅａｖｅｓ　ｍａｌｌ,株式会社光洋,3303-7211,31世保生食ほ第2008号,喫茶店営業,令和2年1月6日,令和2年1月6日,令和9年1月31日
6796,東京都世田谷区上北沢二丁目１番１号,都立松沢病院内,レストランビアンモール,株式会社光洋,03-3290-2210,31世保生食ほ第2051号,飲食店営業,令和2年1月7日,令和2年1月7日,令和9年1月31日
6797,東京都世田谷区上北沢二丁目１番１号,-,東京都立松沢病院,富士産業株式会社,03-6379-9176,3世保生食ほ第168号,飲食店営業,令和3年4月28日,令和3年4月28日,令和10年4月30日
6798,東京都世田谷区上北沢三丁目５番７号,-,岡さんのいえ　ＴＯＭＯ,***,-,6世保生食ほ第462号,飲食店営業,令和6年7月1日,令和6年7月1日,令和12年6月30日
6799,東京都世田谷区上北沢三丁目１６番１号,-,東寿司,有限会社東寿司,03-3302-8766,7世保生食ほ第1027号,飲食店営業,令和7年12月1日,令和7年12月1日,令和13年11月30日
6800,東京都世田谷区上北沢三丁目１７番５号,-,しろたえ上北沢店,有限会社白妙,3306-3906,31世保生食ほ第2758号,菓子製造業,昭和60年5月4日,令和2年6月1日,令和9年5月31日
6801,東京都世田谷区上北沢三丁目１７番６号,-,陣馬そば　山下屋　上北沢,***,03-5357-8022,2世保生食ほ第650号,飲食店営業,令和2年7月17日,令和2年7月17日,令和8年7月31日
6802,東京都世田谷区上北沢三丁目１８番７号,川口ビル１階,レストラン　ぷーれ,***,03-6677-6755,5世保生食ほ第873号,飲食店営業,令和5年11月1日,令和5年11月1日,令和11年10月31日
6803,東京都世田谷区上北沢三丁目１８番８号,-,ファミリーマート　上北沢駅前南口店,合同会社ＳＡＫＵＲＡ,03-5317-7822,31世保生食ほ第1698号,飲食店営業,令和元年12月24日,令和元年12月24日,令和8年12月31日
6804,東京都世田谷区上北沢三丁目１８番８号,-,ファミリーマート　上北沢駅前南口店,合同会社ＳＡＫＵＲＡ,03-5317-7822,31世保生食ほ第1699号,菓子製造業,令和元年12月24日,令和元年12月24日,令和8年12月31日
6805,東京都世田谷区上北沢三丁目１８番８号,小泉ビル２Ｆ,Ｂａｒ　ｍ’ｓ,株式会社エムジー,03-6379-6208,2世保生食ほ第1905号,飲食店営業,令和2年12月22日,令和2年12月22日,令和8年12月31日
6806,東京都世田谷区上北沢三丁目１８番１０号,池田ビル１Ｆ東側,ＳＴＡＹ　ＦＲＥＥ,***,6326-2502,6世保生食ほ第1151号,飲食店営業,令和6年12月1日,令和6年12月1日,令和13年11月30日
6807,東京都世田谷区上北沢三丁目１８番１０号,池田ビル１Ｆ,南ぬ島ＦＯＯＤ「エビィ」,***,03-6750-4652,2世保生食ほ第390号,飲食店営業,令和2年5月28日,令和2年5月28日,令和9年5月31日
6808,東京都世田谷区上北沢三丁目１８番１２号,ラ・ヴェル上北沢,ＳＯＬＥＧＩＯＮＥ,***,-,6世保生食ほ第163号,飲食店営業,令和6年5月8日,令和6年5月8日,令和12年5月31日
6809,東京都世田谷区上北沢三丁目３２番１４号,Ｒビル１Ｆ,パティスリー・ミヤハラ,***,3304-1538,2世保生食ほ第1433号,飲食店営業,平成11年11月2日,令和2年12月1日,令和9年11月30日
6810,東京都世田谷区上北沢三丁目３２番１４号,Ｒビル１Ｆ,パティスリー・ミヤハラ,***,3304-1538,2世保生食ほ第1434号,菓子製造業,平成11年11月2日,令和2年12月1日,令和9年11月30日
6811,東京都世田谷区上北沢三丁目３４番２１号,-,アルケミスタ／上北沢フィールド,***,03-6326-0194,7世保生食ほ第1098号,飲食店営業,令和7年12月1日,令和7年12月1日,令和13年11月30日
6812,東京都世田谷区上北沢四丁目８番７号,-,喫茶　夢や,***,3302-2617,5世保生食ほ第217号,飲食店営業,令和5年6月1日,令和5年6月1日,令和11年5月31日
6813,東京都世田谷区上北沢四丁目１１番５号,-,セブン－イレブン　世田谷上北沢駅前店,合資会社Ｋｏｚｕｃｕ,03-3304-0811,3世保生食ほ第1434号,飲食店営業,令和3年10月18日,令和3年10月18日,令和10年10月31日
6814,東京都世田谷区上北沢四丁目１１番６号,１・２Ｆ,八剣伝　上北沢店,マルシェ株式会社,5316-2617,6世保生食ほ第695号,飲食店営業,令和6年9月1日,令和6年9月1日,令和13年8月31日
6815,東京都世田谷区上北沢四丁目１１番６号,上北沢駅前ビル２Ｆ,お好み焼き　ゆとり,株式会社Ｒｏｏｔｕ,-,6世保生食ほ第803号,飲食店営業,令和6年9月20日,令和6年9月20日,令和12年9月30日
6816,東京都世田谷区上北沢四丁目１１番１０号,-,ｂａｒ　ｂｕｆｆｏｎ,***,03-6304-6676,7世保生食ほ第1265号,飲食店営業,令和8年1月1日,令和8年1月1日,令和13年12月31日
6817,東京都世田谷区上北沢四丁目１２番３号,-,寄り処　縁どり,***,-,5世保生食ほ第927号,飲食店営業,令和5年11月1日,令和5年11月1日,令和11年10月31日
6818,東京都世田谷区上北沢四丁目１２番５号,-,猫天使,***,-,7世保生食ほ第1514号,飲食店営業,令和8年3月1日,令和8年3月1日,令和14年2月29日
6819,東京都世田谷区上北沢四丁目１２番６号,-,狸穴　上北沢店,***,-,5世保生食ほ第1080号,飲食店営業,令和5年12月1日,令和5年12月1日,令和11年11月30日
6820,東京都世田谷区上北沢四丁目１３番６号,２階,魚菜　いとう,***,5317-5001,6世保生食ほ第1342号,飲食店営業,令和7年1月1日,令和7年1月1日,令和12年12月31日
6821,東京都世田谷区上北沢四丁目１３番６号,-,焼肉　金城,***,5357-2529,2世保生食ほ第2774号,飲食店営業,平成20年4月17日,令和3年5月1日,令和10年4月30日
6822,東京都世田谷区上北沢四丁目１３番８号,-,新京,***,3304-5205,2世保生食ほ第1339号,飲食店営業,平成20年10月10日,令和2年11月1日,令和8年10月31日
6823,東京都世田谷区上北沢四丁目１３番９号,１Ｆ,ｇｌａｃｉｓ（グラッシ）,***,03-6379-8186,6世保生食ほ第1762号,飲食店営業,令和7年4月1日,令和7年4月1日,令和13年3月31日
6824,東京都世田谷区上北沢四丁目１３番１１号,-,あぺたいと　上北沢店,***,-,7世保生食ほ第1175号,飲食店営業,令和7年12月1日,令和7年12月1日,令和14年11月30日
6825,東京都世田谷区上北沢四丁目１３番１４号,ヤマベビルＢ１Ｆ,ＣＯＵＮＴＥＲ　ＢＡＲ　ＯＡｓｉ,***,03-5357-8222,7世保生食ほ第119号,飲食店営業,令和7年4月23日,令和7年4月23日,令和14年4月30日
6826,東京都世田谷区上北沢四丁目１４番９号,-,ファミリーマート上北沢四丁目店,合同会社ＷＡ,03-5316-7561,31世保生食ほ第2971号,飲食店営業,令和2年4月20日,令和2年4月20日,令和9年4月30日
6827,東京都世田谷区上北沢四丁目１４番９号,-,ファミリーマート上北沢四丁目店,合同会社ＷＡ,03-5316-7561,31世保生食ほ第2972号,菓子製造業,令和2年4月20日,令和2年4月20日,令和9年4月30日
6828,東京都世田谷区上北沢四丁目１４番１２号,-,サミットストア上北沢店,サミット株式会社,03-3329-2311,31世保生食ほ第754号,飲食店営業,平成5年7月6日,令和元年8月1日,令和8年7月31日
6829,東京都世田谷区上北沢四丁目１４番１２号,-,サミットストア上北沢店,サミット株式会社,03-3329-2311,31世保生食ほ第755号,飲食店営業,平成5年7月6日,令和元年8月1日,令和8年7月31日
6830,東京都世田谷区上北沢四丁目１４番１２号,-,サミットストア上北沢店,サミット株式会社,03-3329-2311,31世保生食ほ第756号,菓子製造業,平成24年8月14日,令和元年8月1日,令和8年7月31日
6831,東京都世田谷区上北沢四丁目１４番１２号,-,サミットストア上北沢店,サミット株式会社,03-3329-2311,31世保生食ほ第758号,食肉販売業,平成5年7月6日,令和元年8月1日,令和8年7月31日
6832,東京都世田谷区上北沢四丁目１４番１２号,-,サミットストア上北沢店,サミット株式会社,03-3329-2311,31世保生食ほ第759号,魚介類販売業,平成5年7月6日,令和元年8月1日,令和8年7月31日
6833,東京都世田谷区上北沢四丁目１５番２号,コーポモト１Ｆ,フルーツプリン専門店　Ｃｏｙｏｒｉｎａ,***,-,4世保生食ほ第1223号,飲食店営業,令和4年11月24日,令和4年11月24日,令和11年11月30日
6834,東京都世田谷区上北沢四丁目１５番２号,コーポモト１Ｆ,フルーツプリン専門店　Ｃｏｙｏｒｉｎａ,***,-,4世保生食ほ第1224号,菓子製造業,令和4年11月24日,令和4年11月24日,令和11年11月30日
6835,東京都世田谷区上北沢四丁目１５番１２号,メゾンドボンシャス１Ｆ,ｍａｔｏｉｌ,株式会社優久,-,3世保生食ほ第1409号,飲食店営業,令和3年10月20日,令和3年10月20日,令和10年10月31日
6836,東京都世田谷区上北沢四丁目１５番１２号,メゾンドボンシャス１Ｆ,ｍａｔｏｉｌ,株式会社優久,-,3世保生食ほ第1410号,食肉販売業,令和3年10月20日,令和3年10月20日,令和10年10月31日
6837,東京都世田谷区上北沢四丁目１５番１２号,メゾンドボンシャス１Ｆ,ｍａｔｏｉｌ,株式会社優久,-,3世保生食ほ第1411号,魚介類販売業,令和3年10月20日,令和3年10月20日,令和10年10月31日
6838,東京都世田谷区上北沢四丁目１５番１２号,メゾンドボンシャス１Ｆ,ｍａｔｏｉｌ,株式会社優久,-,3世保生食ほ第1412号,菓子製造業,令和3年10月20日,令和3年10月20日,令和10年10月31日
6839,東京都世田谷区上北沢四丁目１５番１２号,メゾンドボンシャス１Ｆ,ｍａｔｏｉｌ,株式会社優久,-,3世保生食ほ第1413号,そうざい製造業,令和3年10月20日,令和3年10月20日,令和10年10月31日
6840,東京都世田谷区上北沢四丁目１５番１２号,メゾンドボンシャス１Ｆ,ｍａｔｏｉｌ,株式会社優久,-,3世保生食ほ第1414号,食品の小分け業,令和3年10月20日,令和3年10月20日,令和10年10月31日
6841,東京都世田谷区上北沢四丁目１５番１３号,-,上北沢　天兼,有限会社上北沢天兼,3302-7632,7世保生食ほ第633号,飲食店営業,令和7年9月1日,令和7年9月1日,令和13年8月31日
6842,東京都世田谷区上北沢四丁目１５番１３号,ＷＩＴＣＨ　ＣＲＡＦＴ　１Ｆ,Ｎ’ｓ　茶館,***,6750-1415,6世保生食ほ第1120号,飲食店営業,令和6年12月1日,令和6年12月1日,令和12年11月30日
6843,東京都世田谷区上北沢四丁目１６番５号,バレンタイン１０１,玉露茶房　竹酔,***,-,6世保生食ほ第314号,飲食店営業,令和6年7月1日,令和6年7月1日,令和12年6月30日
6844,東京都世田谷区上北沢四丁目１６番８号,-,ＲＯＣＫ　ＣＡＦＥ　ＧＯＫＩＧＥＮＹＡ　Ｒ,***,-,2世保生食ほ第1407号,飲食店営業,令和2年10月27日,令和2年10月27日,令和8年10月31日
6845,東京都世田谷区上北沢四丁目１６番１０号,-,横浜家系ラーメン　大瀧家,株式会社新創,6304-6797,3世保生食ほ第555号,飲食店営業,令和3年6月14日,令和3年6月14日,令和10年6月30日
6846,東京都世田谷区上北沢四丁目１６番１０号,ムトウ店舗１Ｆ,中華そば　はな田,***,03-6883-5754,7世保生食ほ第1835号,飲食店営業,令和8年4月1日,令和8年4月1日,令和15年3月31日
6847,東京都世田谷区上北沢四丁目１６番１０号,ムトウ店舗２Ｆ、３Ｆ,ハヤシヤ,***,6314-5729,31世保生食ほ第794号,飲食店営業,令和元年8月9日,令和元年8月9日,令和8年8月31日
6848,東京都世田谷区上北沢四丁目１９番１６号,スタ－ハイツ上北沢１０２,新潟発祥なおじ上北沢店,株式会社Ｏｐｐｏｒｔｕｎｉｔｙ,03-6379-6610,3世保生食ほ第97号,飲食店営業,令和3年4月21日,令和3年4月21日,令和9年4月30日
6849,東京都世田谷区上北沢四丁目１９番１６号,スターハイツ上北沢１０２,新潟発祥なおじ上北沢店,株式会社Ｌｉｆｅ　Ｅｄｉｔ,-,7世保生食ほ第1763号,飲食店営業,令和8年3月3日,令和8年3月3日,令和14年3月31日
6850,東京都世田谷区上北沢四丁目２２番２９号,-,世田谷区立上北沢小学校,株式会社藤江,03-3302-0485,3世保生食ほ第379号,飲食店営業,令和3年5月14日,令和3年5月14日,令和10年5月31日
6851,東京都世田谷区上北沢四丁目２３番２５号,サンシルバー上北沢１０１,サムス　アイランド,株式会社ウェッジリンク,3329-9298,6世保生食ほ第559号,飲食店営業,令和6年9月1日,令和6年9月1日,令和13年8月31日
6852,東京都世田谷区上北沢四丁目２９番１９号,-,餃子館,***,-,3世保生食ほ第910号,飲食店営業,令和3年7月29日,令和3年7月29日,令和9年7月31日
6853,東京都世田谷区上北沢四丁目２９番１９号,アローハイツ上北沢１０２,博多０９２串焼き　呑たなか　ＤＯＮ　ＴＡＮＡＫＡ,***,-,7世保生食ほ第1491号,飲食店営業,令和8年2月1日,令和8年2月1日,令和14年1月31日
6854,東京都世田谷区上北沢四丁目３０番８号,-,ＮＡＧＡＨＡＭＡ,***,3304-2393,2世保生食ほ第2029号,飲食店営業,平成27年1月6日,令和3年2月1日,令和9年1月31日
6855,東京都世田谷区上北沢四丁目３４番１１号,-,みこ家,***,03-5316-2040,6世保生食ほ第1923号,飲食店営業,令和7年5月1日,令和7年5月1日,令和13年4月30日
6856,東京都世田谷区上北沢四丁目３４番１２号,ライオンズマンション１０１号室,３３　Ｓａｎｊｕｓａｎ,***,-,4世保生食ほ第966号,菓子製造業,令和4年10月28日,令和4年10月28日,令和11年10月31日
6857,東京都世田谷区上北沢四丁目３５番４号,-,バーミヤン　八幡山駅前店,株式会社すかいらーくレストランツ,03-5316-3970,31世保生食ほ第2261号,飲食店営業,平成18年2月17日,令和2年3月1日,令和9年2月28日
6858,東京都世田谷区上北沢四丁目３５番４号,-,オオゼキ　八幡山店,株式会社オオゼキ,0353163188,4世保生食ほ第413号,飲食店営業,令和4年6月23日,令和4年6月23日,令和11年6月30日
6859,東京都世田谷区上北沢四丁目３５番４号,-,オオゼキ　八幡山店,株式会社オオゼキ,0353163188,6世保生食ほ第842号,食肉販売業,令和6年10月1日,令和6年10月1日,令和13年9月30日
6860,東京都世田谷区上北沢四丁目３５番４号,-,オオゼキ　八幡山店,株式会社オオゼキ,0353163188,6世保生食ほ第843号,魚介類販売業,令和6年10月1日,令和6年10月1日,令和13年9月30日
6861,東京都世田谷区上北沢四丁目３５番４号,-,オオゼキ　八幡山店,株式会社オオゼキ,0353163188,6世保生食ほ第844号,菓子製造業,令和6年10月1日,令和6年10月1日,令和13年9月30日
6862,東京都世田谷区上北沢四丁目３５番４号,-,クッキングサポート　八幡山店,株式会社チェッカーサポート,3304-2659,6世保生食ほ第960号,飲食店営業,令和6年10月1日,令和6年10月1日,令和13年9月30日
6863,東京都世田谷区上北沢四丁目３６番２３号,京王リトナード八幡山１０１,サーティワンアイスクリーム八幡山店,有限会社成城ペガサス,3302-3131,7世保生食ほ第301号,飲食店営業,令和7年7月1日,令和7年7月1日,令和13年6月30日
6864,東京都世田谷区上北沢四丁目３６番２３号,-,新橋　纏　八幡山店,株式会社アデッソ,5316-5324,31世保生食ほ第937号,飲食店営業,平成17年8月3日,令和元年9月1日,令和8年8月31日
6865,東京都世田谷区上北沢四丁目３６番２３号,-,カフェテリア　ウィング,***,3303-2673,31世保生食ほ第912号,飲食店営業,平成17年8月2日,令和元年9月1日,令和8年8月31日
6866,東京都世田谷区上北沢四丁目３６番２３号,-,カフェテリア　ウィング,***,3303-2673,31世保生食ほ第913号,菓子製造業,平成17年12月13日,令和元年9月1日,令和8年8月31日
6867,東京都世田谷区上北沢四丁目３６番２３号,京王リトナード八幡山Ａ１０６,ｃｕｒｒｙｓｔａｎｄ　ＮＩＶＡＬ,***,3303-7434,4世保生食ほ第1660号,飲食店営業,令和5年3月1日,令和5年3月1日,令和12年2月28日
6868,東京都世田谷区上北沢四丁目３６番２３号,-,大阪王将　リトナード八幡山店,株式会社大阪王将,-,3世保生食ほ第1971号,飲食店営業,令和4年2月25日,令和4年2月25日,令和11年2月28日
6869,東京都世田谷区上北沢四丁目３６番２３号,-,マクドナルドリトナード八幡山店,クォリティフーズ株式会社,03-6379-8786,7世保生食ほ第1273号,飲食店営業,令和7年12月17日,令和7年12月17日,令和14年12月31日
6870,東京都世田谷区上北沢五丁目１番１号,-,セブン－イレブン世田谷上北沢店,***,03-3304-7272,3世保生食ほ第454号,飲食店営業,令和3年6月21日,令和3年6月21日,令和10年6月30日
6871,東京都世田谷区上北沢五丁目２番４号,-,野家上北沢店,株式会社野家,5374-7309,31世保生食ほ第922号,飲食店営業,平成24年8月7日,令和元年9月1日,令和8年8月31日
6872,東京都世田谷区上北沢五丁目１０番２号,-,牧ん子,***,03-3303-1779,5世保生食ほ第1319号,飲食店営業,令和6年1月1日,令和6年1月1日,令和11年12月31日
6873,東京都世田谷区上北沢五丁目１３番３号,-,セブン－イレブン上北沢５丁目店,ＣＶＳタカヤナギ株式会社,03-3303-9693,3世保生食ほ第2392号,飲食店営業,令和4年5月1日,令和4年5月1日,令和11年4月30日
6874,東京都世田谷区上北沢五丁目１３番６号,-,処魚河岸,***,3302-7372,7世保生食ほ第1332号,飲食店営業,令和8年1月1日,令和8年1月1日,令和13年12月31日
6875,東京都世田谷区上北沢五丁目１３番６号,第２山谷ビル１Ｆ,ラーメン杉田屋,株式会社東高,3329-1557,2世保生食ほ第826号,飲食店営業,平成25年8月29日,令和2年9月1日,令和9年8月31日
6876,東京都世田谷区上北沢五丁目１３番６号,ＫＭビル上北沢２Ｆ,焼肉ホルモン　ゆうすい八幡山店,エニー株式会社,03-5357-8984,3世保生食ほ第1838号,飲食店営業,令和4年1月7日,令和4年1月7日,令和10年1月31日
6877,東京都世田谷区上北沢五丁目１３番６号,ＫＭビル上北沢１階,九州博多一望ラーメン八幡山本店,合同会社ＴＮＴ　ＮＥＸＴ　ＥＲＡ,-,4世保生食ほ第316号,飲食店営業,令和4年5月23日,令和4年5月23日,令和11年5月31日
6878,東京都世田谷区上北沢五丁目１３番６号,ＫＭビル上北沢３階,ＥＮＬＯＯＰ中食事業センター,株式会社ＥＮＬＯＯＰ,03-6379-6777,4世保生食ほ第697号,飲食店営業,令和4年7月27日,令和4年7月27日,令和11年7月31日
6879,東京都世田谷区上北沢五丁目１３番６号,ＫＭビル上北沢３階,ＥＮＬＯＯＰ中食事業センター,株式会社ＥＮＬＯＯＰ,03-6379-6777,4世保生食ほ第698号,食肉販売業,令和4年7月27日,令和4年7月27日,令和11年7月31日
6880,東京都世田谷区上北沢五丁目１３番６号,ＫＭビル上北沢３階,ＥＮＬＯＯＰ中食事業センター,株式会社ＥＮＬＯＯＰ,03-6379-6777,4世保生食ほ第699号,そうざい製造業,令和4年7月27日,令和4年7月27日,令和11年7月31日
6881,東京都世田谷区上北沢五丁目１３番６号,ＫＭビル上北沢３階,ＥＮＬＯＯＰ中食事業センター,株式会社ＥＮＬＯＯＰ,03-6379-6777,4世保生食ほ第700号,漬物製造業,令和4年7月27日,令和4年7月27日,令和11年7月31日
6882,東京都世田谷区上北沢五丁目２２番１７号,-,Ｔａｍａｎ　Ｓａｒｉ（タマン．サリ）,***,3302-5785,31世保生食ほ第2937号,飲食店営業,平成20年6月24日,令和2年7月1日,令和8年6月30日
6883,東京都世田谷区上北沢五丁目３７番２０号,-,セブンイレブン環八高井戸店,***,-,3世保生食ほ第2002号,飲食店営業,令和4年2月15日,令和4年2月15日,令和11年2月28日
6884,東京都世田谷区上北沢五丁目４０番４号,さくら荘１０１号室,ＳＡＮＤ　ＫＩＮＧ,***,-,7世保生食ほ第376号,飲食店営業,令和7年6月18日,令和7年6月18日,令和13年6月30日
6885,東京都世田谷区上北沢五丁目４５番１３号,高木ビル１Ｆ,株式会社太郎,株式会社太郎,03-6277-8005,5世保生食ほ第1599号,食肉販売業,令和6年1月31日,令和6年1月31日,令和12年1月31日
6886,東京都世田谷区上北沢五丁目４５番１３号,高木ビル１Ｆ,株式会社太郎,株式会社太郎,03-6277-8005,5世保生食ほ第1600号,食肉製品製造業,令和6年1月31日,令和6年1月31日,令和12年1月31日
6887,東京都世田谷区上北沢五丁目４５番１３号,高木ビル１Ｆ,株式会社太郎,株式会社太郎,03-6277-8005,5世保生食ほ第1601号,そうざい製造業,令和6年1月31日,令和6年1月31日,令和12年1月31日
6888,東京都世田谷区上北沢五丁目４５番１３号,高木ビル１Ｆ,株式会社太郎,株式会社太郎,03-6277-8005,5世保生食ほ第1602号,密封包装食品製造業,令和6年1月31日,令和6年1月31日,令和12年1月31日
6889,東京都世田谷区八幡山一丁目１番１２号,-,東名食品　株式会社,東名食品株式会社,03-3304-0099,4世保生食ほ第1720号,食品の小分け業,令和5年4月1日,令和5年4月1日,令和11年3月31日
6890,東京都世田谷区八幡山一丁目２番６号,-,ファミリーマートまるいし八幡山,株式会社丸石,3306-3421,2世保生食ほ第2025号,飲食店営業,平成26年1月24日,令和3年2月1日,令和10年1月31日
6891,東京都世田谷区八幡山一丁目１４番１号,-,世田谷区立八幡山小学校内給食室,株式会社レパスト,3304-6728,3世保生食ほ第94号,飲食店営業,令和3年4月27日,令和3年4月27日,令和10年4月30日
6892,東京都世田谷区八幡山一丁目１９番１８号,-,ニチイホーム八幡山,株式会社ＬＥＯＣ,03-3303-0525,6世保生食ほ第1526号,飲食店営業,令和7年2月1日,令和7年2月1日,令和14年1月31日
6893,東京都世田谷区八幡山一丁目２０番１５号,-,グランドマスト八幡山,株式会社馬渕商事,03-5942-1621,5世保生食ほ第1241号,飲食店営業,令和5年12月1日,令和5年12月1日,令和12年11月30日
6894,東京都世田谷区八幡山二丁目６番１号,-,"西濃運輸株式会社	世田谷支店",株式会社アペックス,-,5世保生食ほ第1181号,調理の機能を有する自動販売機により食品を調理し、調理された食品を販売する営業,令和5年10月30日,令和5年10月30日,令和10年10月31日
6895,東京都世田谷区八幡山二丁目１０番２４号,-,日本大学八幡山総合学生寮,株式会社　馬渕商事,3303-4429,3世保生食ほ第870号,飲食店営業,令和3年7月28日,令和3年7月28日,令和10年7月31日
6896,東京都世田谷区八幡山二丁目１７番１８号,-,明治大学八幡山第二合宿所,株式会社松美屋,3329-6370,30世保生食ほ第2286号,飲食店営業,平成15年3月13日,平成31年4月1日,令和9年3月31日
6897,東京都世田谷区八幡山二丁目２１番１０号,-,明治大学八幡山第一合宿所,株式会社松美屋,3304-9117,31世保生食ほ第2144号,飲食店営業,平成11年3月23日,令和2年4月1日,令和9年3月31日
6898,東京都世田谷区八幡山二丁目２５番５号,スターハイツ八幡山１Ｆ,デイリーヤマザキ八幡山２丁目店,***,3329-2727,4世保生食ほ第1256号,飲食店営業,令和4年12月1日,令和4年12月1日,令和10年11月30日
6899,東京都世田谷区八幡山二丁目２５番９号,ＲＯＫＡ２３　２Ｆ,㈱サイゼリヤ芦花公園店,株式会社サイゼリヤ,03-5357-2363,5世保生食ほ第1980号,飲食店営業,令和6年5月1日,令和6年5月1日,令和13年4月30日
6900,東京都世田谷区八幡山三丁目１２番２１号,-,ホスピタルメント世田谷八幡山,株式会社桜十字,03-5357-8571,2世保生食ほ第110号,飲食店営業,令和2年4月15日,令和2年4月15日,令和9年4月30日
6901,東京都世田谷区八幡山三丁目１８番９号,-,グランダ芦花公園,株式会社ＬＥＯＣ,3329-2113,2世保生食ほ第2468号,飲食店営業,平成19年3月2日,令和3年4月1日,令和10年3月31日
6902,東京都世田谷区八幡山三丁目２１番２号,１０５,ｗｏｏ　文化部,株式会社ウリプカス,6304-6342,6世保生食ほ第126号,飲食店営業,令和6年5月1日,令和6年5月1日,令和12年4月30日
6903,東京都世田谷区八幡山三丁目２６番１０号,-,さか本そば店,***,03-3303-8824,7世保生食ほ第765号,飲食店営業,令和7年10月1日,令和7年10月1日,令和14年9月30日
6904,東京都世田谷区八幡山三丁目３２番１６号,-,はにくぶ,***,3302-8050,2世保生食ほ第1084号,飲食店営業,平成5年9月21日,令和2年10月1日,令和8年9月30日
6905,東京都世田谷区八幡山三丁目３２番１６号,-,ｎｉｃｅ＆ｗａｒｍ,株式会社ナイスアンドウォーム,03-5374-8058,3世保生食ほ第539号,飲食店営業,令和3年6月17日,令和3年6月17日,令和9年6月30日
6906,東京都世田谷区八幡山三丁目３２番１６号,-,ｎｉｃｅ＆ｗａｒｍ,株式会社ナイスアンドウォーム,03-5374-8058,4世保生食ほ第93号,菓子製造業,令和4年4月21日,令和4年4月21日,令和10年4月30日
6907,東京都世田谷区八幡山三丁目３３番１号,林マンション１階,くるみ屋,有限会社サンコーワ,3304-8761,4世保生食ほ第1690号,飲食店営業,令和5年2月20日,令和5年2月20日,令和12年2月28日
6908,東京都世田谷区八幡山三丁目３３番１４号,-,ローソン　八幡山三丁目店,有限会社友好,3304-9227,4世保生食ほ第1267号,飲食店営業,令和4年12月1日,令和4年12月1日,令和10年11月30日
6909,東京都世田谷区八幡山三丁目３４番１３号,-,アンテンドゥ　八幡山店,株式会社アンテンドゥ,03-3306-6688,3世保生食ほ第2037号,飲食店営業,令和4年3月1日,令和4年3月1日,令和11年2月28日
6910,東京都世田谷区八幡山三丁目３４番１３号,フォーマルハウト石田２Ｆ,まあまあ屋,株式会社イーエムグループ,5357-8191,2世保生食ほ第2121号,飲食店営業,令和3年1月26日,令和3年1月26日,令和9年1月31日
6911,東京都世田谷区八幡山三丁目３４番１３号,フォーマルハウト石田１Ｆ,とり多津　八幡山店,安堂株式会社,03-6304-6929,6世保生食ほ第238号,飲食店営業,令和6年5月24日,令和6年5月24日,令和13年5月31日
6912,東京都世田谷区八幡山三丁目３４番１６号,-,有限会社　紅谷,有限会社紅谷,3303-3356,5世保生食ほ第1448号,菓子製造業,令和6年2月1日,令和6年2月1日,令和13年1月31日
6913,東京都世田谷区八幡山三丁目３５番２４号,-,好月堂,***,3303-5316,2世保生食ほ第1468号,菓子製造業,昭和45年11月10日,令和2年12月1日,令和8年11月30日
6914,東京都世田谷区八幡山三丁目３５番２４号,吉野ビル１ＦＡ,居酒屋　大島,***,3303-4485,4世保生食ほ第986号,飲食店営業,令和4年11月1日,令和4年11月1日,令和10年10月31日
6915,東京都世田谷区八幡山三丁目３５番２４号,エチカ八幡山１０２,西藤,***,-,6世保生食ほ第116号,飲食店営業,令和6年4月30日,令和6年4月30日,令和13年4月30日
6916,東京都世田谷区八幡山三丁目３６番８号,-,ビストロ・ド・ラペ,***,3303-8820,4世保生食ほ第1860号,飲食店営業,令和5年5月1日,令和5年5月1日,令和11年4月30日
6917,東京都世田谷区八幡山三丁目３６番８号,Ｌａ　Ｌｕｃｅ八幡山,Ｊｅｒｒｙ＇ｓ　ｐｏｐｃｏｒｎ　ＢＢＣ　ＴＯＫＹＯ,有限会社ビーアンドビーコミュニケーションズ,03-6452-5728,4世保生食ほ第1301号,飲食店営業,令和4年11月15日,令和4年11月15日,令和10年11月30日
6918,東京都世田谷区八幡山三丁目３６番８号,Ｌａ　Ｌｕｃｅ八幡山,Ｊｅｒｒｙ＇ｓ　ｐｏｐｃｏｒｎ　ＢＢＣ　ＴＯＫＹＯ,有限会社ビーアンドビーコミュニケーションズ,03-6452-5728,4世保生食ほ第1302号,菓子製造業,令和4年11月15日,令和4年11月15日,令和10年11月30日
6919,東京都世田谷区八幡山三丁目３８番１４号,-,ファミリーマート環八八幡山店,幸栄建設　株式会社,03-5316-5160,2世保生食ほ第679号,飲食店営業,平成25年8月28日,令和2年9月1日,令和9年8月31日
6920,東京都世田谷区八幡山三丁目３８番１４号,-,ファミリーマート環八八幡山店,***,03-5316-5160,6世保生食ほ第509号,飲食店営業,令和6年7月16日,令和6年7月16日,令和13年7月31日
6921,東京都世田谷区八幡山三丁目３９番１０号,-,マクドナルド環八八幡山店,クォリティフーズ株式会社,3302-1441,2世保生食ほ第47号,飲食店営業,平成25年6月25日,令和2年7月1日,令和9年6月30日
6922,東京都世田谷区八幡山三丁目３９番１０号,-,マクドナルド環八八幡山店,クォリティフーズ株式会社,3302-1441,2世保生食ほ第48号,菓子製造業,平成25年6月25日,令和2年7月1日,令和9年6月30日
6923,東京都世田谷区八幡山三丁目３９番１０号,-,マクドナルド環八八幡山店,クォリティフーズ株式会社,3302-1441,2世保生食ほ第49号,アイスクリーム類製造業,平成25年6月25日,令和2年7月1日,令和9年6月30日
6924,東京都世田谷区八幡山三丁目３９番１０号,-,藍屋世田谷八幡山店,株式会社すかいらーくレストランツ,03-3302-4061,6世保生食ほ第1632号,飲食店営業,令和7年2月21日,令和7年2月21日,令和14年2月29日
6925,東京都世田谷区八幡山三丁目３９番１２号,-,ガスト　世田谷八幡山店,株式会社すかいらーくレストランツ,03-5374-7290,4世保生食ほ第1617号,飲食店営業,令和5年3月1日,令和5年3月1日,令和12年2月28日
6926,東京都世田谷区粕谷一丁目７番３号,-,東京ガス株式会社粕谷ビル本館社員食堂,株式会社フードサービスささ木,03-5374-4002,31世保生食ほ第133号,飲食店営業,令和元年5月7日,令和元年5月7日,令和8年5月31日
6927,東京都世田谷区粕谷一丁目８番４号,-,株式会社レオック関東ベネッセホームくらら芦花公園,株式会社ＬＥＯＣ,5317-4644,4世保生食ほ第1827号,飲食店営業,令和5年4月1日,令和5年4月1日,令和12年3月31日
6928,東京都世田谷区粕谷一丁目１１番３号,-,飛鳥交通第三株式会社　成城営業所　駐車場,株式会社アペックス,03-3302-7735,4世保生食ほ第416号,調理の機能を有する自動販売機により食品を調理し、調理された食品を販売する営業,令和4年6月15日,令和4年6月15日,令和9年6月30日
6929,東京都世田谷区粕谷一丁目１５番６号,-,Ｐｒａｚｅｒ,株式会社マービィ,5316-6618,31世保生食ほ第2539号,飲食店営業,平成26年4月14日,令和2年5月1日,令和8年4月30日
6930,東京都世田谷区粕谷一丁目１５番６号,-,Ｐｒａｚｅｒ,株式会社マービィ,5316-6618,31世保生食ほ第2540号,アイスクリーム類製造業,平成26年10月6日,令和2年11月1日,令和8年4月30日
6931,東京都世田谷区粕谷一丁目１５番６号,-,Ｐｒａｚｅｒ,株式会社マービィ,5316-6618,31世保生食ほ第2892号,菓子製造業,令和2年4月2日,令和2年4月2日,令和8年4月30日
6932,東京都世田谷区粕谷一丁目１５番６号,-,Ｐｒａｚｅｒ,株式会社マービィ,5316-6618,7世保生食ほ第1889号,飲食店営業,令和8年5月1日,令和8年5月1日,令和14年4月30日
6933,東京都世田谷区粕谷二丁目１番４号,ロジェ芦花１階,Ｐｅｒｒｉｔｏ,有限会社イーアンドケー,3329-5685,3世保生食ほ第1820号,飲食店営業,令和4年2月1日,令和4年2月1日,令和10年1月31日
6934,東京都世田谷区粕谷二丁目８番５号,-,ゆうらいふ世田谷,株式会社ソラストケア,5316-5697,2世保生食ほ第284号,飲食店営業,平成18年6月23日,令和2年7月1日,令和9年6月30日
6935,東京都世田谷区粕谷二丁目２２番１号,-,世田谷区立芦花小学校　給食室,株式会社藤江,03-5625-5811,7世保生食ほ第1848号,飲食店営業,令和8年4月2日,令和8年4月2日,令和15年4月30日
6936,東京都世田谷区粕谷二丁目２３番１号,-,特別養護老人ホーム　芦花ホーム,社会福祉法人世田谷区社会福祉事業団,5317-1094,3世保生食ほ第362号,飲食店営業,平成21年5月21日,令和3年6月1日,令和9年5月31日
6937,東京都世田谷区粕谷二丁目２３番１号,-,特別養護老人ホーム　芦花ホーム（栄屋食品芦花ホーム事業所）,栄屋食品株式会社,6304-6456,3世保生食ほ第2297号,飲食店営業,令和4年3月29日,令和4年3月29日,令和11年3月31日
6938,東京都世田谷区粕谷二丁目２３番１号,-,芦花サテライト,株式会社アルス,03-5317-1094,5世保生食ほ第734号,飲食店営業,令和5年8月22日,令和5年8月22日,令和12年8月31日
6939,東京都世田谷区粕谷三丁目１番７号,-,清水建設㈱　アミスター烏山,株式会社昭和イーティング,5315-3555,31世保生食ほ第2398号,飲食店営業,平成7年3月9日,令和2年4月1日,令和9年3月31日
6940,東京都世田谷区粕谷三丁目１番２７号,ＮＫコート　Ｋ１０１,まごころ弁当　世田谷北店,***,03-6260-8365,3世保生食ほ第1472号,飲食店営業,令和3年10月27日,令和3年10月27日,令和10年10月31日
6941,東京都世田谷区粕谷三丁目５番１０号,-,Ｍａｉｓｏｎ　Ｈｉｒｏｋｏ,***,-,7世保生食ほ第1132号,菓子製造業,令和7年12月1日,令和7年12月1日,令和13年11月30日
6942,東京都世田谷区粕谷三丁目１０番５号,１，２階,ピアノカフェ　カーサ　ブランカ,***,03-3305-8633,6世保生食ほ第916号,飲食店営業,令和6年11月21日,令和6年11月21日,令和12年11月30日
6943,東京都世田谷区粕谷三丁目１０番１９号,-,ピザーラ千歳烏山,有限会社雅,5313-5200,2世保生食ほ第2778号,飲食店営業,平成7年4月26日,令和3年5月1日,令和10年4月30日
6944,東京都世田谷区粕谷三丁目１０番１９号,-,ピザーラ千歳烏山店,株式会社フォーシーズ,03-5313-5200,4世保生食ほ第377号,飲食店営業,令和4年6月6日,令和4年6月6日,令和11年6月30日
6945,東京都世田谷区粕谷三丁目３０番１５号,-,キッチンさらぼん,***,3309-9556,2世保生食ほ第1964号,飲食店営業,平成21年1月9日,令和3年2月1日,令和9年1月31日
6946,東京都世田谷区粕谷四丁目１２番４号,-,志奈乃屋,***,3300-8926,3世保生食ほ第1153号,飲食店営業,令和3年9月7日,令和3年9月7日,令和9年9月30日
6947,東京都世田谷区粕谷四丁目１４番２号,山我ビル１階,新中国料理　たかや,***,03-5384-6144,2世保生食ほ第2462号,飲食店営業,平成12年3月6日,令和3年4月1日,令和10年3月31日
6948,東京都世田谷区粕谷四丁目１４番４号,ハイラーク芦花公園１０１号室,Ｐｒｉｍｏ　ｐｉａｔｔｏ,***,3326-2386,6世保生食ほ第1072号,飲食店営業,令和6年12月1日,令和6年12月1日,令和12年11月30日
6949,東京都世田谷区粕谷四丁目１５番６号,グランデュール千歳烏山１Ｆ,ラ・ヴィエイユ・フランス,株式会社　ビュッシー,5314-3530,3世保生食ほ第1165号,飲食店営業,令和3年9月14日,令和3年9月14日,令和10年9月30日
6950,東京都世田谷区粕谷四丁目１５番６号,グランデュール千歳烏山１Ｆ,ラ・ヴィエイユ・フランス,株式会社　ビュッシー,5314-3530,3世保生食ほ第1166号,菓子製造業,令和3年9月14日,令和3年9月14日,令和10年9月30日
6951,東京都世田谷区粕谷四丁目１６番９号,-,万寿越,***,03-3300-8544,3世保生食ほ第816号,菓子製造業,令和3年7月27日,令和3年7月27日,令和9年7月31日
6952,東京都世田谷区粕谷四丁目１６番１３号,-,チャームスイート千歳烏山,エクセル・サポート・サービス株式会社,-,7世保生食ほ第1438号,飲食店営業,令和8年2月6日,令和8年2月6日,令和15年2月28日
6953,東京都世田谷区粕谷四丁目１８番７号,-,台湾チャイニーズ　天天厨房,株式会社フォーニーズ,6754-6893,2世保生食ほ第1272号,飲食店営業,平成25年10月11日,令和2年11月1日,令和9年10月31日
6954,東京都世田谷区粕谷四丁目１８番７号,-,台湾チャイニーズ　天天厨房,株式会社フォーニーズ,6754-6893,2世保生食ほ第2291号,菓子製造業,令和3年2月9日,令和3年2月9日,令和10年2月29日
6955,東京都世田谷区粕谷四丁目１８番７号,-,台湾チャイニーズ　天天厨房,株式会社フォーニーズ,6754-6893,2世保生食ほ第2292号,そうざい製造業,令和3年2月9日,令和3年2月9日,令和10年2月29日
6956,東京都世田谷区粕谷四丁目１８番７号,-,鮨　いち伍,***,3307-5591,3世保生食ほ第30号,飲食店営業,平成21年4月23日,令和3年5月1日,令和9年4月30日
6957,東京都世田谷区粕谷四丁目１９番８号,蓮見ビル烏山１階,鮨　あらい,***,5313-7423,2世保生食ほ第2787号,飲食店営業,平成21年4月20日,令和3年5月1日,令和9年4月30日
6958,東京都世田谷区粕谷四丁目１９番８号,パレスハイツ千歳烏山１Ｆ,Ｌｅ　Ｐｅｔｉｔ　Ｐｏｉｓｓｏｎ,***,6807-0279,2世保生食ほ第1403号,菓子製造業,平成20年11月11日,令和2年12月1日,令和8年11月30日
6959,東京都世田谷区粕谷四丁目１９番８号,パレスハイツ千歳烏山Ｂ１ＦＢ１０２,Ｂａｒ　Ｗｏｎｄｅｒｗａｌｌ,***,03-6279-6297,5世保生食ほ第1658号,飲食店営業,令和6年3月1日,令和6年3月1日,令和12年2月28日
6960,東京都世田谷区粕谷四丁目１９番８号,パレスハイツ千歳烏山地下階１０１,５００　ｋｉｔｃｈｅｎｓ,５００ｋｉｔｃｈｅｎｓ株式会社,-,2世保生食ほ第2539号,飲食店営業,令和3年3月9日,令和3年3月9日,令和9年3月31日
6961,東京都世田谷区粕谷四丁目１９番１０号,-,子だぬき,***,3309-5177,7世保生食ほ第1408号,飲食店営業,令和8年2月1日,令和8年2月1日,令和14年1月31日
6962,東京都世田谷区粕谷四丁目１９番１３号,-,ｓｎａｃｋ　Ｋ,***,03-6279-6338,3世保生食ほ第587号,飲食店営業,令和3年6月14日,令和3年6月14日,令和9年6月30日
6963,東京都世田谷区粕谷四丁目１９番１４号,-,ブーランジェリーＮｉｋｏ,株式会社Ｎｉｋｏ,-,4世保生食ほ第1429号,菓子製造業,令和4年12月22日,令和4年12月22日,令和10年12月31日
6964,東京都世田谷区粕谷四丁目２０番１８号,幸栄マンション１０８,中国家庭料理　福ちゃん,ラッキースクウェアインターナショナル株式会社,3309-8828,6世保生食ほ第853号,飲食店営業,令和6年10月1日,令和6年10月1日,令和12年9月30日
6965,東京都世田谷区粕谷四丁目２０番１８号,-,えにし,株式会社三枚目,6279-6607,3世保生食ほ第2129号,魚介類販売業,令和4年4月1日,令和4年4月1日,令和11年3月31日
6966,東京都世田谷区粕谷四丁目２０番１８号,-,Ｂｉｔｏ　Ｒｅｓｔａｕｒａｎｔ,有限会社ハウスリメイク,03-6382-9252,31世保生食ほ第234号,飲食店営業,令和元年5月8日,令和元年5月8日,令和8年5月31日
6967,東京都世田谷区粕谷四丁目２０番１８号,幸栄マンション１１２,炭火串焼　さくらだ,***,03-5969-9830,31世保生食ほ第334号,飲食店営業,令和元年6月11日,令和元年6月11日,令和8年6月30日
6968,東京都世田谷区粕谷四丁目２０番１８号,幸栄マンション１０５,酒肴庵　ひろし,***,03-6382-9020,31世保生食ほ第1459号,飲食店営業,令和元年11月6日,令和元年11月6日,令和8年11月30日
6969,東京都世田谷区粕谷四丁目２１番１２号,ヤブキタビル１０１,萬月,株式会社三雄,-,4世保生食ほ第1944号,飲食店営業,令和5年3月15日,令和5年3月15日,令和12年3月31日
6970,東京都世田谷区粕谷四丁目２３番１８号,-,広味坊,有限会社広味坊,3326-6999,31世保生食ほ第2561号,飲食店営業,平成18年4月28日,令和2年5月1日,令和9年4月30日
6971,東京都世田谷区粕谷四丁目２３番１８号,-,有限会社　藤巻食品,有限会社藤巻食品,03-3300-2413,2世保生食ほ第2578号,飲食店営業,昭和60年3月2日,令和3年4月1日,令和10年3月31日
6972,東京都世田谷区粕谷四丁目２３番１８号,-,有限会社　藤巻食品,有限会社藤巻食品,03-3300-2413,2世保生食ほ第2579号,豆腐製造業,昭和60年3月2日,令和3年4月1日,令和10年3月31日
6973,東京都世田谷区粕谷四丁目２３番１８号,-,有限会社　藤巻食品,有限会社藤巻食品,03-3300-2413,6世保生食ほ第1811号,菓子製造業,令和7年5月1日,令和7年5月1日,令和14年4月30日
6974,東京都世田谷区粕谷四丁目２３番１９号,-,東白庵かりべ,株式会社東白庵かりべ,03-6879-8998,3世保生食ほ第1401号,麺類製造業,令和3年10月18日,令和3年10月18日,令和9年10月31日
6975,東京都世田谷区粕谷四丁目２３番１９号,-,東白庵かりべ,株式会社東白庵かりべ,03-6879-8998,3世保生食ほ第1402号,そうざい製造業,令和3年10月18日,令和3年10月18日,令和9年10月31日
6976,東京都世田谷区粕谷四丁目２３番１９号,-,東白庵かりべ,株式会社東白庵かりべ,03-6879-8998,7世保生食ほ第852号,飲食店営業,令和7年11月1日,令和7年11月1日,令和13年10月31日
6977,東京都世田谷区北烏山一丁目７番１２号,ノーブル１Ｆ,藤かわ,***,-,2世保生食ほ第2431号,飲食店営業,平成27年3月20日,令和3年4月1日,令和9年3月31日
6978,東京都世田谷区北烏山一丁目２９番１５号,-,世田谷区立　烏山福祉作業所,株式会社レクトン,-,4世保生食ほ第1870号,飲食店営業,令和5年3月23日,令和5年3月23日,令和12年3月31日
6979,東京都世田谷区北烏山一丁目４７番１１号,-,世田谷区立武蔵丘小学校,協立給食株式会社,03-3308-6722,3世保生食ほ第50号,飲食店営業,令和3年4月28日,令和3年4月28日,令和10年4月30日
6980,東京都世田谷区北烏山二丁目１３番７号,-,中華料理　熊,***,03-3309-4711,7世保生食ほ第850号,飲食店営業,令和7年11月1日,令和7年11月1日,令和14年10月31日
6981,東京都世田谷区北烏山二丁目１４番２０号,-,久我山病院事業所,日清医療食品株式会社,3309-1111,3世保生食ほ第2188号,飲食店営業,令和4年3月24日,令和4年3月24日,令和11年3月31日
6982,東京都世田谷区北烏山三丁目５番１号,-,居酒屋　稲香源　千歳烏山店,株式会社正剣泉,-,2世保生食ほ第2495号,飲食店営業,令和3年3月4日,令和3年3月4日,令和9年3月31日
6983,東京都世田谷区北烏山三丁目５番３号,-,セブンイレブン　世田谷北烏山３丁目店,***,03-3309-4722,4世保生食ほ第1648号,飲食店営業,令和5年2月20日,令和5年2月20日,令和12年2月28日
6984,東京都世田谷区北烏山三丁目１０番９号,-,ファミリーマート世田谷松葉通り店,株式会社春日屋,5315-5818,31世保生食ほ第2107号,飲食店営業,平成25年1月18日,令和2年2月1日,令和9年1月31日
6985,東京都世田谷区北烏山三丁目２０番１号,-,並木農園,***,03-3300-8208,2世保生食ほ第41号,菓子製造業,平成26年7月15日,令和2年8月1日,令和8年7月31日
6986,東京都世田谷区北烏山四丁目９番１０号,-,楠知,***,3300-8001,2世保生食ほ第912号,飲食店営業,昭和45年8月25日,令和2年9月1日,令和8年8月31日
6987,東京都世田谷区北烏山四丁目２２番３１号,-,７９０　久我山,株式会社グリーンハウスサービス,03-6909-1607,31世保生食ほ第2283号,飲食店営業,令和2年2月5日,令和2年2月5日,令和9年2月28日
6988,東京都世田谷区北烏山四丁目３７番１号,-,東京都立久我山青光学園,富士産業株式会社,03-3300-6235,3世保生食ほ第171号,飲食店営業,令和3年4月30日,令和3年4月30日,令和10年4月30日
6989,東京都世田谷区北烏山四丁目４０番１７号,-,有限会社　梅屋フアーム,有限会社梅屋フアーム,3307-0271,3世保生食ほ第844号,漬物製造業,令和3年7月26日,令和3年7月26日,令和9年7月31日
6990,東京都世田谷区北烏山五丁目２２番１０号,-,ローソン世田谷北烏山五丁目店,株式会社エムケーシー・ＣＯＣＣＩ,6279-5021,2世保生食ほ第2585号,飲食店営業,令和3年3月26日,令和3年3月26日,令和10年3月31日
6991,東京都世田谷区北烏山五丁目２２番１０号,-,ローソン世田谷北烏山五丁目店,株式会社エムケーシー・ＣＯＣＣＩ,6279-5021,2世保生食ほ第2586号,菓子製造業,令和3年3月26日,令和3年3月26日,令和10年3月31日
6992,東京都世田谷区北烏山六丁目３番１号,-,世田谷区立烏山北小学校,協立給食株式会社,03-3300-5764,3世保生食ほ第59号,飲食店営業,令和3年4月28日,令和3年4月28日,令和10年4月30日
6993,東京都世田谷区北烏山六丁目９番３号,-,そんぽの家Ｓ　烏山,ＳＯＭＰＯケアフーズ株式会社,5315-6260,31世保生食ほ第2323号,飲食店営業,平成25年1月9日,令和2年2月1日,令和9年1月31日
6994,東京都世田谷区北烏山六丁目１１番１１号,-,ＨＣ北烏山,株式会社グリーンヘルスケアサービス,03-5384-8106,3世保生食ほ第279号,飲食店営業,令和3年5月17日,令和3年5月17日,令和10年5月31日
6995,東京都世田谷区北烏山七丁目２番１２号,-,マックスバリュ　エクスプレス　北烏山店,株式会社イオンフードスタイル,03-5314-1441,2世保生食ほ第2102号,飲食店営業,令和3年2月4日,令和3年2月4日,令和10年2月29日
6996,東京都世田谷区北烏山七丁目２番１２号,-,マックスバリュ　エクスプレス　北烏山店,株式会社イオンフードスタイル,03-5314-1441,5世保生食ほ第473号,飲食店営業,令和5年8月1日,令和5年8月1日,令和12年7月31日
6997,東京都世田谷区北烏山七丁目２番１２号,-,マックスバリュ　エクスプレス　北烏山店,株式会社イオンフードスタイル,03-5314-1441,5世保生食ほ第474号,魚介類販売業,令和5年8月1日,令和5年8月1日,令和12年7月31日
6998,東京都世田谷区北烏山七丁目２番１２号,-,マックスバリュ　エクスプレス　北烏山店,株式会社イオンフードスタイル,03-5314-1441,5世保生食ほ第475号,菓子製造業,令和5年8月1日,令和5年8月1日,令和12年7月31日
6999,東京都世田谷区北烏山七丁目７番１１号,-,ＳＵＩＲＥＮ,***,-,3世保生食ほ第105号,飲食店営業,令和3年4月27日,令和3年4月27日,令和9年4月30日
7000,東京都世田谷区北烏山七丁目７番１１号,-,ＳＵＩＲＥＮ,***,-,3世保生食ほ第106号,菓子製造業,令和3年4月27日,令和3年4月27日,令和9年4月30日
7001,東京都世田谷区北烏山七丁目８番１１号,フォーライフ桃郷,フォーライフ桃郷,日清医療食品株式会社,03-3300-1600,7世保生食ほ第1863号,飲食店営業,令和8年3月25日,令和8年3月25日,令和15年3月31日
7002,東京都世田谷区北烏山七丁目１９番３号,-,グランダ千歳烏山,コンパスグループ・ジャパン株式会社,03-3305-3518,7世保生食ほ第1662号,飲食店営業,令和8年3月1日,令和8年3月1日,令和15年2月28日
7003,東京都世田谷区北烏山七丁目２２番６号,-,フーズマーケット　さえき　北烏山,株式会社東京さえき,5314-5678,31世保生食ほ第1120号,飲食店営業,平成24年9月5日,令和元年10月1日,令和8年9月30日
7004,東京都世田谷区北烏山七丁目２２番６号,-,フーズマーケット　さえき　北烏山,株式会社東京さえき,5314-5678,31世保生食ほ第1121号,飲食店営業,平成24年9月5日,令和元年10月1日,令和8年9月30日
7005,東京都世田谷区北烏山七丁目２２番６号,-,フーズマーケット　さえき　北烏山,株式会社東京さえき,5314-5678,31世保生食ほ第1122号,菓子製造業,平成24年9月5日,令和元年10月1日,令和8年9月30日
7006,東京都世田谷区北烏山七丁目２２番６号,-,フーズマーケット　さえき　北烏山,株式会社東京さえき,5314-5678,31世保生食ほ第1124号,食肉販売業,平成24年9月5日,令和元年10月1日,令和8年9月30日
7007,東京都世田谷区北烏山七丁目２２番６号,-,フーズマーケット　さえき　北烏山,株式会社東京さえき,5314-5678,31世保生食ほ第1125号,魚介類販売業,平成24年9月5日,令和元年10月1日,令和8年9月30日
7008,東京都世田谷区北烏山七丁目３０番３２号,北烏山ロータリーマンション１０３,鰻　季節料理　淺や,***,5969-9655,6世保生食ほ第1261号,飲食店営業,令和7年1月1日,令和7年1月1日,令和13年12月31日
7009,東京都世田谷区北烏山七丁目３０番３２号,北烏山ロータリーマンション１０８,クロウ,***,03-5969-9959,31世保生食ほ第396号,飲食店営業,令和元年5月30日,令和元年5月30日,令和8年5月31日
7010,東京都世田谷区北烏山七丁目３０番３２号,ロータリーマンション１０９号,スナック・きりん,***,03-3307-8837,4世保生食ほ第990号,飲食店営業,令和4年9月22日,令和4年9月22日,令和10年9月30日
7011,東京都世田谷区北烏山七丁目３０番３２号,北烏山ロータリーマンション１１２,世田谷家系焼肉　壺ほる　北烏山店,株式会社ＢＧＮＣＥ,03-6909-1029,6世保生食ほ第294号,飲食店営業,令和6年6月10日,令和6年6月10日,令和13年6月30日
7012,東京都世田谷区北烏山八丁目１番２１号,-,アプコ,有限会社アプコ,3307-2924,6世保生食ほ第1721号,飲食店営業,令和7年4月1日,令和7年4月1日,令和13年3月31日
7013,東京都世田谷区北烏山八丁目５番１号,-,株式会社エフ・エフ・シー烏山ファクトリー,株式会社エフ・エフ・シー,3309-6150,2世保生食ほ第1919号,乳製品製造業,平成19年1月26日,令和3年2月1日,令和10年1月31日
7014,東京都世田谷区北烏山八丁目１９番１号,１Ｆ,烏山１階食堂,一般財団法人　学校福祉協会,03-3300-7763,7世保生食ほ第873号,飲食店営業,令和7年11月1日,令和7年11月1日,令和14年10月31日
7015,東京都世田谷区北烏山八丁目１９番１号,２Ｆ,烏山２階食堂,一般財団法人　学校福祉協会,03-3300-7763,7世保生食ほ第874号,飲食店営業,令和7年11月1日,令和7年11月1日,令和14年10月31日
7016,東京都世田谷区北烏山八丁目１９番１号,Ｂ１,烏山Ｂ１食堂,一般財団法人　学校福祉協会,03-3300-7763,7世保生食ほ第872号,飲食店営業,令和7年11月1日,令和7年11月1日,令和14年10月31日
7017,東京都世田谷区北烏山八丁目１９番１号,日本女子体育大学大学総合体育館１Ｆ,セブン‐イレブン日本女子体育大学店,株式会社京王ストア,5313-7056,3世保生食ほ第2056号,飲食店営業,令和4年3月25日,令和4年3月25日,令和11年3月31日
7018,東京都世田谷区北烏山八丁目２３番１５号,-,セブンイレブン世田谷北烏山８丁目店,株式会社恵比寿屋商店,3307-1015,2世保生食ほ第827号,飲食店営業,平成25年8月5日,令和2年9月1日,令和9年8月31日
7019,東京都世田谷区北烏山八丁目２３番１５号,-,セブンイレブン世田谷北烏山８丁目店,株式会社恵比寿屋商店,3307-1015,2世保生食ほ第828号,菓子製造業,平成25年8月5日,令和2年9月1日,令和9年8月31日
7020,東京都世田谷区北烏山八丁目３１番１５号,泉山ハイツ１Ｆ,肇一,***,6313-0573,6世保生食ほ第82号,飲食店営業,令和6年5月1日,令和6年5月1日,令和12年4月30日
7021,東京都世田谷区北烏山八丁目３１番１５号,１０１,ｍｅｎａｍｉ　ｄａｙｓ,***,-,7世保生食ほ第94号,菓子製造業,令和7年4月24日,令和7年4月24日,令和13年4月30日
7022,東京都世田谷区北烏山八丁目３１番１５号,泉山ハイツ１０３,ＴＲＵＣＫ　ＳＴＯＣＫ,***,-,7世保生食ほ第1085号,飲食店営業,令和7年11月7日,令和7年11月7日,令和13年11月30日
7023,東京都世田谷区北烏山八丁目３１番１８号,-,紫陽花館,株式会社ジョイ,03-6382-9399,3世保生食ほ第1466号,飲食店営業,令和3年11月10日,令和3年11月10日,令和10年11月30日
7024,東京都世田谷区北烏山九丁目１７番１８号,-,ドミノピザ北烏山店,ＳＰＦ株式会社,5314-7711,5世保生食ほ第492号,飲食店営業,令和5年6月30日,令和5年6月30日,令和12年6月30日
7025,東京都世田谷区北烏山九丁目１７番１８号,-,ドミノ・ピザ　北烏山店,株式会社ドミノ・ピザジャパン,03-5314-7711,7世保生食ほ第754号,飲食店営業,令和7年9月4日,令和7年9月4日,令和14年9月30日
7026,東京都世田谷区北烏山九丁目１８番２４号,-,株式会社プレコエムユニット西東京配送センター,株式会社プレコエムユニット,-,4世保生食ほ第1885号,食肉処理業,令和5年4月1日,令和5年4月1日,令和13年3月31日
7027,東京都世田谷区北烏山九丁目１８番２４号,-,株式会社プレコエムユニット西東京配送センター,株式会社プレコエムユニット,-,4世保生食ほ第1886号,食品の小分け業,令和5年5月1日,令和5年5月1日,令和13年4月30日
7028,東京都世田谷区北烏山九丁目１８番２４号,-,株式会社プレコエムユニット西東京配送センター,株式会社プレコエムユニット,-,5世保生食ほ第1157号,冷凍食品製造業,令和5年12月1日,令和5年12月1日,令和13年11月30日
7029,東京都世田谷区北烏山九丁目１８番２４号,-,株式会社プレコエムユニット西東京配送センター,株式会社プレコエムユニット,-,6世保生食ほ第226号,そうざい製造業,令和6年5月15日,令和6年5月15日,令和14年5月31日
7030,東京都世田谷区北烏山九丁目１８番２４号,-,西東京センター,株式会社プレコフーズ,0333262222,7世保生食ほ第1555号,魚介類販売業,令和8年3月1日,令和8年3月1日,令和16年2月28日
7031,東京都世田谷区北烏山九丁目２２番１号,-,東京都立世田谷泉高等学校,ボンフード株式会社,-,5世保生食ほ第1930号,飲食店営業,令和6年4月2日,令和6年4月2日,令和13年4月30日
7032,東京都世田谷区北烏山九丁目２２番１号,-,東京都立世田谷泉高等学校,株式会社ＨＩＴＯＷＡ,03-3300-6131,7世保生食ほ第19号,飲食店営業,令和7年4月4日,令和7年4月4日,令和14年4月30日
7033,東京都世田谷区北烏山九丁目２５番２６号,-,セブンイレブン　世田谷北烏山９丁目店,***,03-3305-2317,5世保生食ほ第1577号,飲食店営業,令和6年2月21日,令和6年2月21日,令和13年2月28日
7034,東京都世田谷区南烏山一丁目２番１７号,-,スターバックスコーヒー芦花公園店,スターバックスコーヒージャパン株式会社,03-5316-6502,31世保生食ほ第1054号,飲食店営業,平成24年9月24日,令和元年10月1日,令和8年9月30日
7035,東京都世田谷区南烏山一丁目２番１８号,-,ローソン芦花公園店,株式会社日野屋,5316-5035,4世保生食ほ第1212号,飲食店営業,令和4年12月1日,令和4年12月1日,令和11年11月30日
7036,東京都世田谷区南烏山一丁目１０番１７号,-,芦花翠風邸,コンパスグループ・ジャパン株式会社,3304-8560,4世保生食ほ第256号,飲食店営業,令和4年6月10日,令和4年6月10日,令和10年6月30日
7037,東京都世田谷区南烏山一丁目１０番２２号,２Ｆ,スポーツクラブＮＡＳ芦花公園,スポーツクラブＮＡＳ株式会社,03-5316-4501,4世保生食ほ第353号,調理の機能を有する自動販売機により食品を調理し、調理された食品を販売する営業,令和4年6月10日,令和4年6月10日,令和9年6月30日
7038,東京都世田谷区南烏山一丁目１０番２２号,-,スポーツクラブＮＡＳ芦花公園,スポーツクラブＮＡＳ株式会社,03-5316-4501,5世保生食ほ第326号,飲食店営業,令和5年7月1日,令和5年7月1日,令和11年6月30日
7039,東京都世田谷区南烏山一丁目１３番１５号,-,福寿,***,3304-8413,6世保生食ほ第486号,飲食店営業,令和6年8月1日,令和6年8月1日,令和12年7月31日
7040,東京都世田谷区南烏山一丁目１３番１５号,-,ちゅうや,合同会社忠や,3302-3808,6世保生食ほ第1862号,飲食店営業,令和7年4月1日,令和7年4月1日,令和13年3月31日
7041,東京都世田谷区南烏山一丁目１３番１７号,エスポアール蘆花公園１０２,ＴＧＡＬデリバリー芦花公園店,株式会社ＧＬＯＲＹ　Ｕ＇ｓ,-,4世保生食ほ第101号,飲食店営業,令和4年4月27日,令和4年4月27日,令和10年4月30日
7042,東京都世田谷区南烏山一丁目３０番２号,-,ＴＲＡＴＴＯＲＩＡ　ＤＡ　ＣＡＮＤＡ,***,6304-6928,31世保生食ほ第1770号,飲食店営業,平成24年12月4日,令和2年1月1日,令和8年12月31日
7043,東京都世田谷区南烏山二丁目１番１号,-,セブンイレブン世田谷南烏山２丁目店,***,3326-4154,3世保生食ほ第493号,飲食店営業,令和3年6月22日,令和3年6月22日,令和10年6月30日
7044,東京都世田谷区南烏山二丁目４番６号,-,ドーミー烏山寮,株式会社ニッコクトラスト,03-6279-6411,7世保生食ほ第665号,飲食店営業,令和7年9月1日,令和7年9月1日,令和14年8月31日
7045,東京都世田谷区南烏山二丁目９番１７号,-,医療法人社団　下田緑眞会　世田谷北部病院,富士産業株式会社,03-3308-5221,7世保生食ほ第1830号,飲食店営業,令和8年3月30日,令和8年3月30日,令和15年3月31日
7046,東京都世田谷区南烏山二丁目１４番１８号,-,アミスタ南烏山,ＲＳＫアルファ株式会社,03-6909-0024,2世保生食ほ第862号,飲食店営業,令和2年8月25日,令和2年8月25日,令和9年8月31日
7047,東京都世田谷区南烏山二丁目１９番１号,-,エイジ・フリー・ハウス　世田谷南烏山,株式会社ラ・パスレル,03-3307-0710,6世保生食ほ第919号,飲食店営業,令和6年11月1日,令和6年11月1日,令和13年10月31日
7048,東京都世田谷区南烏山二丁目２４番６号,サンシモヤママンション１階,焼きたて食パン一本堂　世田谷烏山店,トリコ株式会社,03-3307-0773,3世保生食ほ第1958号,菓子製造業,令和4年2月12日,令和4年2月12日,令和10年2月29日
7049,東京都世田谷区南烏山二丁目２４番６号,サンシモヤマ１Ｆ,Ｃｏｃｏｒｉｒｅ,株式会社エクスモア,03-5314-9110,5世保生食ほ第685号,菓子製造業,令和5年8月3日,令和5年8月3日,令和11年8月31日
7050,東京都世田谷区南烏山二丁目２４番６号,サンシモヤマ１Ｆ,Ｃｏｃｏｒｉｒｅ,株式会社エクスモア,03-5314-9110,5世保生食ほ第689号,飲食店営業,令和5年8月3日,令和5年8月3日,令和11年8月31日
7051,東京都世田谷区南烏山二丁目２４番１３号,-,タワツイヤン,合同会社ワイ・ヴィラージュ,-,7世保生食ほ第167号,飲食店営業,令和7年5月21日,令和7年5月21日,令和13年5月31日
7052,東京都世田谷区南烏山二丁目３１番２６号,ウテナ本社ビル１階,株式会社成城石井　芦花公園店,株式会社成城石井,5315-5622,2世保生食ほ第26号,菓子製造業,令和2年4月27日,令和2年4月27日,令和9年4月30日
7053,東京都世田谷区南烏山二丁目３１番２６号,ウテナ本社ビル１階,株式会社成城石井　芦花公園店,株式会社成城石井,5315-5622,31世保生食ほ第2279号,菓子製造業,平成25年3月12日,令和2年4月1日,令和9年3月31日
7054,東京都世田谷区南烏山二丁目３１番２６号,ウテナ本社ビル１階,株式会社成城石井　芦花公園店,株式会社成城石井,5315-5622,31世保生食ほ第2281号,そうざい製造業,平成25年3月12日,令和2年4月1日,令和9年3月31日
7055,東京都世田谷区南烏山二丁目３１番２６号,１Ｆ,カレッジコート芦花公園,株式会社ＬＥＯＣ,03-6279-5730,2世保生食ほ第2868号,飲食店営業,平成26年3月25日,令和3年4月1日,令和10年3月31日
7056,東京都世田谷区南烏山二丁目３１番３１号,芦花公園プレステージュ３１８,クレエ,***,3307-3860,2世保生食ほ第1912号,菓子製造業,平成19年1月16日,令和3年2月1日,令和10年1月31日
7057,東京都世田谷区南烏山二丁目３１番３６号,-,カレッジコート芦花公園Ⅱ,株式会社ニッコクトラスト,03-5384-0514,4世保生食ほ第1929号,飲食店営業,令和5年4月1日,令和5年4月1日,令和12年3月31日
7058,東京都世田谷区南烏山二丁目３２番２８号,-,フローレンスケア芦花公園,工藤建設株式会社,03-5314-5116,4世保生食ほ第1843号,飲食店営業,令和5年4月1日,令和5年4月1日,令和12年3月31日
7059,東京都世田谷区南烏山二丁目３３番１８号,-,蘆花庵,***,03-3326-7841,7世保生食ほ第89号,飲食店営業,令和7年6月1日,令和7年6月1日,令和14年5月31日
7060,東京都世田谷区南烏山二丁目３５番６号,-,サミットストア芦花公園駅前店,サミット株式会社,03-5314-3310,31世保生食ほ第2456号,飲食店営業,平成18年3月6日,令和2年4月1日,令和9年3月31日
7061,東京都世田谷区南烏山二丁目３５番６号,-,サミットストア芦花公園駅前店,サミット株式会社,03-5314-3310,31世保生食ほ第2457号,飲食店営業,平成18年3月6日,令和2年4月1日,令和9年3月31日
7062,東京都世田谷区南烏山二丁目３５番６号,-,サミットストア芦花公園駅前店,サミット株式会社,03-5314-3310,31世保生食ほ第2458号,菓子製造業,平成18年3月6日,令和2年4月1日,令和9年3月31日
7063,東京都世田谷区南烏山二丁目３５番６号,-,サミットストア芦花公園駅前店,サミット株式会社,03-5314-3310,31世保生食ほ第2460号,食肉販売業,平成18年3月6日,令和2年4月1日,令和9年3月31日
7064,東京都世田谷区南烏山二丁目３５番６号,-,サミットストア芦花公園駅前店,サミット株式会社,03-5314-3310,31世保生食ほ第2461号,魚介類販売業,平成18年3月6日,令和2年4月1日,令和9年3月31日
7065,東京都世田谷区南烏山二丁目３５番６号,-,サミットストア芦花公園駅前店,サミット株式会社,03-5314-3310,5世保生食ほ第296号,飲食店営業,令和5年5月26日,令和5年5月26日,令和12年5月31日
7066,東京都世田谷区南烏山二丁目３５番６号,-,サミットストア芦花公園駅前店,サミット株式会社,03-5314-3310,6世保生食ほ第1718号,飲食店営業,令和7年4月1日,令和7年4月1日,令和14年3月31日
7067,東京都世田谷区南烏山二丁目３５番６号,-,サミットストア芦花公園駅前店,サミット株式会社,03-5314-3310,6世保生食ほ第1719号,飲食店営業,令和7年4月1日,令和7年4月1日,令和14年3月31日
7068,東京都世田谷区南烏山二丁目３５番６号,-,サミットストア芦花公園駅前店,サミット株式会社,03-5314-3310,6世保生食ほ第1720号,魚介類販売業,令和7年4月1日,令和7年4月1日,令和14年3月31日
7069,東京都世田谷区南烏山二丁目３５番６号,-,サミットストア芦花公園駅前店,サミット株式会社,03-5314-3310,6世保生食ほ第208号,飲食店営業,令和6年6月1日,令和6年6月1日,令和12年5月31日
7070,東京都世田谷区南烏山二丁目３５番６号,-,サミットストア芦花公園駅前店,サミット株式会社,03-5314-3310,31世保生食ほ第2463号,飲食店営業,平成18年3月6日,令和2年4月1日,令和9年3月31日
7071,東京都世田谷区南烏山二丁目３５番６号,-,サミットストア芦花公園駅前店,サミット株式会社,03-5314-3310,31世保生食ほ第2464号,菓子製造業,平成18年3月6日,令和2年4月1日,令和9年3月31日
7072,東京都世田谷区南烏山二丁目３６番１号,スクエアサイド芦花公園１階,ファミリーマート　芦花公園駅南店,相鉄ステーションリテール株式会社,03-5314-2632,7世保生食ほ第1663号,飲食店営業,令和8年3月1日,令和8年3月1日,令和15年2月28日
7073,東京都世田谷区南烏山三丁目１番１６号,-,アリマ,有限会社有馬屋,3300-1703,3世保生食ほ第961号,菓子製造業,令和3年8月13日,令和3年8月13日,令和9年8月31日
7074,東京都世田谷区南烏山三丁目２番１５号,-,川島屋宝寿司,***,03-3309-0151,31世保生食ほ第1904号,飲食店営業,令和元年12月6日,令和元年12月6日,令和8年12月31日
7075,東京都世田谷区南烏山三丁目２番１７号,-,ふるさと,***,-,2世保生食ほ第1957号,飲食店営業,令和3年1月13日,令和3年1月13日,令和9年1月31日
7076,東京都世田谷区南烏山三丁目４番１号,-,洋風居酒屋　金衛門,***,03-3308-9773,7世保生食ほ第1482号,飲食店営業,令和8年2月1日,令和8年2月1日,令和15年1月31日
7077,東京都世田谷区南烏山三丁目６番８号,-,ウテカンパＲＯＫＡ,***,-,7世保生食ほ第1281号,飲食店営業,令和7年12月11日,令和7年12月11日,令和13年12月31日
7078,東京都世田谷区南烏山三丁目１１番１７号,-,千歳ホテル,有限会社都筑アライアンス,3300-4867,2世保生食ほ第1440号,飲食店営業,昭和50年11月27日,令和2年12月1日,令和8年11月30日
7079,東京都世田谷区南烏山三丁目２１番３号,-,居酒屋　多食味,***,03-3305-7902,3世保生食ほ第1000号,飲食店営業,令和3年8月17日,令和3年8月17日,令和9年8月31日
7080,東京都世田谷区南烏山三丁目２３番２４号,-,小料理屋　こけし,***,03-3307-3883,3世保生食ほ第1926号,飲食店営業,令和4年2月8日,令和4年2月8日,令和10年2月29日
7081,東京都世田谷区南烏山三丁目２４番７号,丸美ストアー１Ｆ,Ｓｎａｃｋ．ＢＡＲ　Ｋｅｉ,***,03-3308-8688,7世保生食ほ第1540号,飲食店営業,令和8年3月1日,令和8年3月1日,令和14年2月29日
7082,東京都世田谷区南烏山四丁目２番６号,スリーエスビル１Ｆ,ＫＩＺＵＮＡ　ＰＡＲＴⅡ,***,-,7世保生食ほ第690号,飲食店営業,令和7年8月26日,令和7年8月26日,令和13年8月31日
7083,東京都世田谷区南烏山四丁目４番９号,-,キャンパスヴィレッジ千歳烏山,コンパスグループ・ジャパン株式会社,03-6382-9044,4世保生食ほ第1774号,飲食店営業,令和5年3月17日,令和5年3月17日,令和12年3月31日
7084,東京都世田谷区南烏山四丁目５番１７号,ミルドハイム１階,ピザハット千歳烏山店,株式会社ツリーハウス,03-5313-0141,5世保生食ほ第1048号,飲食店営業,令和5年11月1日,令和5年11月1日,令和12年10月31日
7085,東京都世田谷区南烏山四丁目６番４号,-,株式会社　なみき,株式会社なみき,3326-5312,2世保生食ほ第1362号,菓子製造業,平成20年10月16日,令和2年11月1日,令和8年10月31日
7086,東京都世田谷区南烏山四丁目９番１３号,-,串カツ田中　千歳烏山店,株式会社ギャラックス,6909-1779,3世保生食ほ第1693号,飲食店営業,令和3年12月1日,令和3年12月1日,令和9年11月30日
7087,東京都世田谷区南烏山四丁目９番１３号,-,ＳＵＳＡＮ’Ｓ,株式会社カラスヤマフードサービス,5969-9911,5世保生食ほ第887号,飲食店営業,令和5年9月22日,令和5年9月22日,令和11年9月30日
7088,東京都世田谷区南烏山四丁目９番１３号,-,ＳＵＳＡＮ’Ｓ,株式会社カラスヤマフードサービス,5969-9911,5世保生食ほ第888号,食肉販売業,令和5年9月22日,令和5年9月22日,令和11年9月30日
7089,東京都世田谷区南烏山四丁目９番１３号,-,ＳＵＳＡＮ’Ｓ,株式会社カラスヤマフードサービス,5969-9911,5世保生食ほ第889号,菓子製造業,令和5年9月22日,令和5年9月22日,令和11年9月30日
7090,東京都世田谷区南烏山四丁目９番１３号,-,ＳＵＳＡＮ’Ｓ,株式会社カラスヤマフードサービス,5969-9911,5世保生食ほ第890号,そうざい製造業,令和5年9月22日,令和5年9月22日,令和11年9月30日
7091,東京都世田谷区南烏山四丁目１０番２号,安田ビル　１階,Ｇｏｎ－Ｐｅｓｃｈｅ,Ｇｏｎ－Ｓｏｕｊｉｒｏｕ株式会社,5314-5200,31世保生食ほ第2053号,飲食店営業,平成25年1月15日,令和2年2月1日,令和9年1月31日
7092,東京都世田谷区南烏山四丁目１０番５号,ソリッドビル南烏山地下１階,ひろ家,***,3326-1238,4世保生食ほ第1773号,飲食店営業,令和5年4月1日,令和5年4月1日,令和11年3月31日
7093,東京都世田谷区南烏山四丁目１０番１４号,マノアコート１階,すみれ家　本舘,有限会社すみれ家,03-3300-3511,2世保生食ほ第2107号,飲食店営業,平成26年2月13日,令和3年3月1日,令和10年2月29日
7094,東京都世田谷区南烏山四丁目１０番１４号,マノアコートＢ１,すみれ家　別館,有限会社すみれ家,03-3300-3511,2世保生食ほ第2273号,飲食店営業,令和3年2月5日,令和3年2月5日,令和10年2月29日
7095,東京都世田谷区南烏山四丁目１１番３号,-,ｍ１００２０,シダックスコントラクトフードサービス株式会社,03-3307-3111,3世保生食ほ第710号,飲食店営業,令和3年6月23日,令和3年6月23日,令和10年6月30日
7096,東京都世田谷区南烏山四丁目１１番３号,１階,とんかつ新宿さぼてん,株式会社グリーンハウスフーズ,03-3326-0860,4世保生食ほ第1410号,飲食店営業,令和5年1月1日,令和5年1月1日,令和11年12月31日
7097,東京都世田谷区南烏山四丁目１２番４号,スギウラビル１Ｆ,松屋　マイカリー食堂　千歳烏山店,株式会社松屋フーズ,03-5315-2670,31世保生食ほ第2070号,飲食店営業,平成11年1月21日,令和2年2月1日,令和9年1月31日
7098,東京都世田谷区南烏山四丁目１２番４号,スギウラビル１階,ファミリーマート　千歳烏山駅東口店,有限会社エンライト,5314-1353,5世保生食ほ第1234号,飲食店営業,令和5年12月1日,令和5年12月1日,令和12年11月30日
7099,東京都世田谷区南烏山四丁目１２番４号,ワールド物産ビル２階,旨唐揚げと居酒メシ　ミライザカ　千歳烏山北口店,ワタミ株式会社,5314-1071,6世保生食ほ第1139号,飲食店営業,令和6年11月1日,令和6年11月1日,令和13年10月31日
7100,東京都世田谷区南烏山四丁目１２番５号,並木ビル２Ｆ,ステーキのくいしんぼ　千歳烏山店,株式会社翔,03-5384-5789,6世保生食ほ第533号,飲食店営業,令和6年8月1日,令和6年8月1日,令和12年7月31日
7101,東京都世田谷区南烏山四丁目１２番５号,-,島田宇平商店,シマダハウス株式会社,03-5315-8370,4世保生食ほ第1338号,飲食店営業,令和4年12月19日,令和4年12月19日,令和10年12月31日
7102,東京都世田谷区南烏山四丁目１２番６号,ＡＭビル２Ｆ,鳥貴族　千歳烏山店,株式会社鳥貴族東日本,03-5314-2499,31世保生食ほ第2661号,飲食店営業,平成20年3月26日,令和2年4月1日,令和8年3月31日
7103,東京都世田谷区南烏山四丁目１２番６号,ＡＭビル２Ｆ,鳥貴族　千歳烏山店,株式会社鳥貴族東日本,03-5314-2499,7世保生食ほ第1782号,飲食店営業,令和8年4月1日,令和8年4月1日,令和14年3月31日
7104,東京都世田谷区南烏山四丁目１２番６号,千歳烏山ＡＭビル,??野家千歳烏山北口店,株式会社吉野家,-,7世保生食ほ第1336号,飲食店営業,令和7年12月11日,令和7年12月11日,令和14年12月31日
7105,東京都世田谷区南烏山四丁目１２番７号,-,オオゼキ千歳烏山店,株式会社オオゼキ,0353143621,3世保生食ほ第1319号,飲食店営業,令和3年10月27日,令和3年10月27日,令和10年10月31日
7106,東京都世田谷区南烏山四丁目１２番７号,-,オオゼキ千歳烏山店,株式会社オオゼキ,0353143621,3世保生食ほ第1320号,食肉販売業,令和3年10月27日,令和3年10月27日,令和10年10月31日
7107,東京都世田谷区南烏山四丁目１２番７号,クレアビルＢ１,海鮮　花よし,川水産株式会社,5384-6221,3世保生食ほ第754号,飲食店営業,令和3年7月12日,令和3年7月12日,令和10年7月31日
7108,東京都世田谷区南烏山四丁目１２番７号,クレアビルＢ１,川水産,川水産株式会社,5384-6221,3世保生食ほ第755号,魚介類販売業,令和3年7月12日,令和3年7月12日,令和10年7月31日
7109,東京都世田谷区南烏山四丁目１２番７号,-,サーティーワン千歳烏山クレア店,有限会社成城ペガサス,3305-4331,5世保生食ほ第1877号,飲食店営業,令和6年5月1日,令和6年5月1日,令和12年4月30日
7110,東京都世田谷区南烏山四丁目１２番７号,クレアビル３Ｆ,コート・ダジュール　千歳烏山店,株式会社快活フロンティア,03-5969-2088,6世保生食ほ第425号,飲食店営業,令和6年7月1日,令和6年7月1日,令和13年6月30日
7111,東京都世田谷区南烏山四丁目１２番８号,-,祖　仁,***,3300-3876,3世保生食ほ第1335号,そうざい製造業,令和3年10月7日,令和3年10月7日,令和10年10月31日
7112,東京都世田谷区南烏山四丁目１２番８号,-,かつや千歳烏山店,株式会社かつや,03-6909-1685,4世保生食ほ第1352号,飲食店営業,令和4年11月25日,令和4年11月25日,令和10年11月30日
7113,東京都世田谷区南烏山四丁目１２番１０号,フロンティアビル１Ｆ,カフェ・ベローチェ千歳烏山店,Ｃ－Ｕｎｉｔｅｄ株式会社,03-3307-0970,2世保生食ほ第1867号,アイスクリーム類製造業,令和2年12月16日,令和2年12月16日,令和9年12月31日
7114,東京都世田谷区南烏山四丁目１２番１０号,フロンティアビル１Ｆ,カフェ・ベローチェ千歳烏山店,Ｃ－Ｕｎｉｔｅｄ株式会社,03-3307-0970,3世保生食ほ第991号,飲食店営業,令和3年10月1日,令和3年10月1日,令和10年9月30日
7115,東京都世田谷区南烏山四丁目１３番１号,-,鉄板魚串　ごち,株式会社Ｕｎｉｔｙ　ｗｏｒｌｄ　ｋｉｔｃｈｅｎ,6750-0508,5世保生食ほ第133号,飲食店営業,令和5年6月1日,令和5年6月1日,令和11年5月31日
7116,東京都世田谷区南烏山四丁目１３番３号,スターホームズ千歳烏山１１８（地下）,アトリエ・ベラーノ,***,-,3世保生食ほ第1601号,飲食店営業,令和3年12月1日,令和3年12月1日,令和9年11月30日
7117,東京都世田谷区南烏山四丁目１３番３号,スターホームズ千歳烏山１１７号,株式会社月,株式会社月,3300-9738,3世保生食ほ第1846号,飲食店営業,令和4年1月12日,令和4年1月12日,令和10年1月31日
7118,東京都世田谷区南烏山四丁目１３番５号,-,居酒屋　二舞烏,有限会社エッグ,3307-0755,2世保生食ほ第1389号,飲食店営業,平成8年11月29日,令和2年12月1日,令和8年11月30日
7119,東京都世田谷区南烏山四丁目１３番８号,-,香気　四川条　烏山店,株式会社オレンジタイム,6909-0255,31世保生食ほ第2208号,飲食店営業,令和2年2月10日,令和2年2月10日,令和9年2月28日
7120,東京都世田谷区南烏山四丁目１３番９号,カザマビル２０１,Ｎｏｖｅｌ　Ｃｒａｆｔ,***,6689-0989,2世保生食ほ第1078号,飲食店営業,平成26年9月12日,令和2年10月1日,令和8年9月30日
7121,東京都世田谷区南烏山四丁目１４番７号,１Ｆ、２Ｆ,松海寿司,***,03-3300-2091,7世保生食ほ第622号,飲食店営業,令和7年9月1日,令和7年9月1日,令和13年8月31日
7122,東京都世田谷区南烏山四丁目１４番１１号,ビューパレス宇田川１０１,焼鳥屋　優,株式会社Ｆ－ｓｔｙｌｅ,03-6909-0710,5世保生食ほ第1394号,飲食店営業,令和5年12月20日,令和5年12月20日,令和11年12月31日
7123,東京都世田谷区南烏山四丁目２０番４号,千歳屋ビル１０５,ＤＡＮＫＥ丼丸,***,3308-5633,4世保生食ほ第1541号,飲食店営業,令和5年2月1日,令和5年2月1日,令和12年1月31日
7124,東京都世田谷区南烏山四丁目２０番１５号,フィオ－レ１Ｆ,バーミヤン　千歳烏山店,株式会社すかいらーくレストランツ,03-5384-7641,6世保生食ほ第1712号,飲食店営業,令和7年4月1日,令和7年4月1日,令和14年3月31日
7125,東京都世田谷区南烏山四丁目２１番６号,-,居酒屋　宿場,***,-,2世保生食ほ第779号,飲食店営業,令和2年8月13日,令和2年8月13日,令和8年8月31日
7126,東京都世田谷区南烏山四丁目２２番１１号,-,ファミリーマート千歳烏山店,株式会社春日屋,03-5314-3326,7世保生食ほ第577号,飲食店営業,令和7年9月1日,令和7年9月1日,令和14年8月31日
7127,東京都世田谷区南烏山四丁目２５番９号,-,ワタリガラス,有限会社Ｌ・Ｍ・Ｍ,-,6世保生食ほ第454号,飲食店営業,令和6年7月5日,令和6年7月5日,令和12年7月31日
7128,東京都世田谷区南烏山四丁目２６番１号,-,世田谷区立烏山中学校内給食室,株式会社レパスト,03-3300-1192,3世保生食ほ第95号,飲食店営業,令和3年4月28日,令和3年4月28日,令和10年4月30日
7129,東京都世田谷区南烏山五丁目２５番２号,１Ｆ　新京ビル,昼耕夜鶏（ジュギョンヤタック）,株式会社栄進,03-5384-7108,3世保生食ほ第116号,飲食店営業,令和3年4月23日,令和3年4月23日,令和10年4月30日
7130,東京都世田谷区南烏山五丁目１番１０号,-,彩,***,5384-6775,4世保生食ほ第1004号,飲食店営業,令和4年11月1日,令和4年11月1日,令和10年10月31日
7131,東京都世田谷区南烏山五丁目１番１３号,-,地酒と地魚　あらた,株式会社ｆｏｇｏ,03-6750-1246,3世保生食ほ第903号,そうざい製造業,令和3年7月27日,令和3年7月27日,令和9年7月31日
7132,東京都世田谷区南烏山五丁目１番１３号,-,地酒と地魚　あらた,株式会社ｆｏｇｏ,03-6750-1246,7世保生食ほ第1727号,飲食店営業,令和8年3月1日,令和8年3月1日,令和14年2月29日
7133,東京都世田谷区南烏山五丁目１番１４号,-,有限会社　サガミ・ミート,有限会社サガミ・ミート,3326-1456,2世保生食ほ第884号,飲食店営業,昭和62年9月19日,令和2年10月1日,令和9年9月30日
7134,東京都世田谷区南烏山五丁目１番１４号,-,有限会社　サガミ・ミート,有限会社サガミ・ミート,3326-1456,2世保生食ほ第885号,食肉販売業,昭和62年9月19日,令和2年10月1日,令和9年9月30日
7135,東京都世田谷区南烏山五丁目３番３号,フローラコート世田谷１Ｆ,ＴＲＡＮＱＵＩＬＯ,***,03-3305-6817,7世保生食ほ第1144号,飲食店営業,令和7年12月1日,令和7年12月1日,令和14年11月30日
7136,東京都世田谷区南烏山五丁目３番８号,-,雄蕎庵　いせき,***,5315-9483,31世保生食ほ第402号,飲食店営業,令和元年8月6日,令和元年8月6日,令和8年8月31日
7137,東京都世田谷区南烏山五丁目７番１号,-,百花館,***,-,7世保生食ほ第1697号,飲食店営業,令和8年3月1日,令和8年3月1日,令和14年2月29日
7138,東京都世田谷区南烏山五丁目９番１号,-,川水,川水株式会社,03-3308-7600,7世保生食ほ第1308号,飲食店営業,令和8年1月1日,令和8年1月1日,令和14年12月31日
7139,東京都世田谷区南烏山五丁目９番１号,-,川水,川水株式会社,03-3308-7600,7世保生食ほ第1309号,魚介類販売業,令和8年1月1日,令和8年1月1日,令和14年12月31日
7140,東京都世田谷区南烏山五丁目１０番５号,-,シミズヤ烏山店　バックヤード,株式会社アドバンスクリヤマ,3309-7967,6世保生食ほ第129号,魚介類販売業,令和6年6月1日,令和6年6月1日,令和13年5月31日
7141,東京都世田谷区南烏山五丁目１０番５号,-,シミズヤ烏山店　バックヤード,株式会社アドバンスクリヤマ,3309-7967,6世保生食ほ第130号,食肉処理業,令和6年6月1日,令和6年6月1日,令和13年5月31日
7142,東京都世田谷区南烏山五丁目１１番２号,-,鳥ふぢ,***,6909-0367,2世保生食ほ第1904号,飲食店営業,平成27年1月28日,令和3年2月1日,令和9年1月31日
7143,東京都世田谷区南烏山五丁目１１番３号,トリアル烏山ビル１階,Ｐｉｚｚｅｒｉａ　Ｄｉｎｏ,***,03-5384-3339,3世保生食ほ第336号,飲食店営業,平成26年5月19日,令和3年6月1日,令和10年5月31日
7144,東京都世田谷区南烏山五丁目１１番３号,トモエビル２Ｆ,カラオケ　Ｄｅｅｐ　ＢＬＵＥ　千歳烏山店,有限会社フォーユー,-,5世保生食ほ第1568号,飲食店営業,令和6年2月1日,令和6年2月1日,令和13年1月31日
7145,東京都世田谷区南烏山五丁目１１番７号,-,ファミリー,***,3300-5035,2世保生食ほ第867号,飲食店営業,昭和59年8月11日,令和2年9月1日,令和8年8月31日
7146,東京都世田谷区南烏山五丁目１２番１号,-,堀田牛肉店,株式会社堀田牛肉店,5384-5290,2世保生食ほ第1314号,飲食店営業,平成16年10月19日,令和2年11月1日,令和10年10月31日
7147,東京都世田谷区南烏山五丁目１２番１号,-,堀田牛肉店,株式会社堀田牛肉店,5384-5290,2世保生食ほ第1315号,食肉販売業,平成16年10月19日,令和2年11月1日,令和10年10月31日
7148,東京都世田谷区南烏山五丁目１２番１号,安田ビル２Ｆ,おでんと肴　かど松,株式会社松屋不動産,-,6世保生食ほ第1504号,飲食店営業,令和7年1月31日,令和7年1月31日,令和14年1月31日
7149,東京都世田谷区南烏山五丁目１２番２号,１Ｆ２Ｆ,せい家　烏山店,株式会社トップアンドフレーバー,3307-8885,6世保生食ほ第1183号,飲食店営業,令和6年12月1日,令和6年12月1日,令和13年11月30日
7150,東京都世田谷区南烏山五丁目１２番３号,２Ｆ,スナック．京,***,3307-0028,2世保生食ほ第1326号,飲食店営業,平成3年10月30日,令和2年11月1日,令和8年10月31日
7151,東京都世田谷区南烏山五丁目１２番５号,-,ｔｈｅ　ＢＥＮＣＨ　ＣＯＦＦＥＥ　Ｓｔａｎｄ,***,-,4世保生食ほ第1261号,飲食店営業,令和4年11月29日,令和4年11月29日,令和10年11月30日
7152,東京都世田谷区南烏山五丁目１２番７号,橘花ビル２０１,あお山,***,3309-8381,5世保生食ほ第656号,飲食店営業,令和5年9月1日,令和5年9月1日,令和11年8月31日
7153,東京都世田谷区南烏山五丁目１２番７号,橘花ビル１０１,大昌園,有限会社トーシン,3307-3711,2世保生食ほ第317号,食肉販売業,令和2年5月15日,令和2年5月15日,令和8年12月31日
7154,東京都世田谷区南烏山五丁目１２番７号,橘花ビル１０１,大昌園,有限会社トーシン,3307-3711,31世保生食ほ第1750号,飲食店営業,令和元年12月3日,令和元年12月3日,令和8年12月31日
7155,東京都世田谷区南烏山五丁目１２番７号,橘花ビル２Ｆ　２０２,玄,***,6909-0551,4世保生食ほ第1908号,飲食店営業,令和5年5月1日,令和5年5月1日,令和11年4月30日
7156,東京都世田谷区南烏山五丁目１２番７号,-,れんげ食堂　Ｔｏｓｈｕ　烏山南口店,オリジン東秀株式会社,03-3307-3636,5世保生食ほ第1724号,飲食店営業,令和6年4月1日,令和6年4月1日,令和13年3月31日
7157,東京都世田谷区南烏山五丁目１２番８号,Ｋビル２０１,スナック　奈津子,***,-,6世保生食ほ第347号,飲食店営業,令和6年6月1日,令和6年6月1日,令和12年5月31日
7158,東京都世田谷区南烏山五丁目１２番１０号,-,なかよし亭,有限会社トクユウ,03-3309-7231,3世保生食ほ第1932号,飲食店営業,令和4年2月8日,令和4年2月8日,令和11年2月28日
7159,東京都世田谷区南烏山五丁目１２番１１号,宮本ビル１０１,うん間違いないっ！　南烏山店,株式会社ＩＬＡＳケア,6909-1160,31世保生食ほ第2880号,菓子製造業,令和2年4月27日,令和2年4月27日,令和9年4月30日
7160,東京都世田谷区南烏山五丁目１３番１号,２Ｆ,スナック　オリーブ,***,03-3300-7561,2世保生食ほ第2044号,飲食店営業,昭和55年1月16日,令和3年2月1日,令和9年1月31日
7161,東京都世田谷区南烏山五丁目１３番２号,-,キッチンオリジン　烏山駅前通り店,オリジン東秀株式会社,03-5314-1677,6世保生食ほ第1837号,飲食店営業,令和7年5月1日,令和7年5月1日,令和14年4月30日
7162,東京都世田谷区南烏山五丁目１３番２号,三松ビル２Ｆ,ネパ－ルインド料理　Ｋ．Ｃ．,株式会社ＯＭ　ＪＡＹ　ＥＮＴＥＲＰＲＩＳＥ,5384-5430,5世保生食ほ第1244号,飲食店営業,令和5年11月20日,令和5年11月20日,令和11年11月30日
7163,東京都世田谷区南烏山五丁目１３番３号,ミナミビル３Ｆ,わくわく,桜川合同会社,03-5384-4155,7世保生食ほ第1248号,飲食店営業,令和7年12月1日,令和7年12月1日,令和14年11月30日
7164,東京都世田谷区南烏山五丁目１３番４号,ニイツビル１Ｆ,もつ焼処　い志井,有限会社エスカンパニー,3308-4410,5世保生食ほ第543号,飲食店営業,令和5年8月1日,令和5年8月1日,令和11年7月31日
7165,東京都世田谷区南烏山五丁目１３番４号,パティオプラザ２Ｆ,瑞麟軒,鴻城合同会社,03-6382-9180,7世保生食ほ第676号,飲食店営業,令和7年10月1日,令和7年10月1日,令和14年9月30日
7166,東京都世田谷区南烏山五丁目１３番８号,清水ビル２階,ＧＹＵＧＹＵ／牛進,株式会社三徳,03-6382-9529,3世保生食ほ第2402号,飲食店営業,令和4年3月29日,令和4年3月29日,令和11年3月31日
7167,東京都世田谷区南烏山五丁目１３番８号,清水ビル２Ｆ,カビール　ケバブ　カレー＆ハラル　マート,株式会社アシフインターナショナル,-,7世保生食ほ第1087号,飲食店営業,令和7年11月4日,令和7年11月4日,令和14年11月30日
7168,東京都世田谷区南烏山五丁目１４番３号,-,シミズヤ　,株式会社アドバンスクリヤマ,03-3309-1331,6世保生食ほ第1209号,飲食店営業,令和6年12月1日,令和6年12月1日,令和13年11月30日
7169,東京都世田谷区南烏山五丁目１４番３号,-,シミズヤ　,株式会社アドバンスクリヤマ,03-3309-1331,6世保生食ほ第1210号,飲食店営業,令和6年12月1日,令和6年12月1日,令和13年11月30日
7170,東京都世田谷区南烏山五丁目１４番３号,-,シミズヤ　,株式会社アドバンスクリヤマ,03-3309-1331,7世保生食ほ第1607号,飲食店営業,令和8年3月1日,令和8年3月1日,令和15年2月28日
7171,東京都世田谷区南烏山五丁目１４番３号,-,シミズヤ　,株式会社アドバンスクリヤマ,03-3309-1331,7世保生食ほ第1608号,飲食店営業,令和8年3月1日,令和8年3月1日,令和15年2月28日
7172,東京都世田谷区南烏山五丁目１５番９号,-,北前そば　高田屋　烏山店,株式会社プロスペリティ１,03-5314-5675,31世保生食ほ第1178号,飲食店営業,令和元年10月1日,令和元年10月1日,令和8年9月30日
7173,東京都世田谷区南烏山五丁目１５番１０号,ＳＫＣビル,スターバックスコーヒー千歳烏山店,スターバックスコーヒージャパン株式会社,03-5314-9961,2世保生食ほ第277号,飲食店営業,令和2年5月18日,令和2年5月18日,令和8年5月31日
7174,東京都世田谷区南烏山五丁目１６番２号,-,ローソン南烏山五丁目店,株式会社日野屋,3305-7007,4世保生食ほ第1211号,飲食店営業,令和4年12月1日,令和4年12月1日,令和11年11月30日
7175,東京都世田谷区南烏山五丁目１６番１８号,３Ｆ,Ｂ＆Ｉ　１３６５,グリーンホスピタリティフードサービス株式会社,3300-6321,2世保生食ほ第2297号,飲食店営業,平成26年2月25日,令和3年3月1日,令和10年2月29日
7176,東京都世田谷区南烏山五丁目１６番２１号,ライオン堂ビル１Ｆ,松のや　千歳烏山店,株式会社松屋フーズ,-,7世保生食ほ第1569号,飲食店営業,令和8年2月1日,令和8年2月1日,令和15年1月31日
7177,東京都世田谷区南烏山五丁目１７番１１号,三栄ビル１階－Ｃ,夕焼け飯店　烏山店,有限会社夕焼け企画,5313-5069,3世保生食ほ第1431号,飲食店営業,令和3年11月1日,令和3年11月1日,令和9年10月31日
7178,東京都世田谷区南烏山五丁目１７番１１号,-,セブンイレブン　千歳烏山駅南店,***,3326-5411,3世保生食ほ第499号,飲食店営業,令和3年6月22日,令和3年6月22日,令和10年6月30日
7179,東京都世田谷区南烏山五丁目１７番１１号,三栄ビル３階,Ｌａｍｂｅｅｆｉｓｈ,***,-,4世保生食ほ第178号,飲食店営業,令和4年5月6日,令和4年5月6日,令和10年5月31日
7180,東京都世田谷区南烏山五丁目１７番１１号,三栄ビル１Ｆ,中華そばの店　りょうが,有限会社レガテック,03-6909-0061,4世保生食ほ第1071号,飲食店営業,令和4年10月7日,令和4年10月7日,令和11年10月31日
7181,東京都世田谷区南烏山五丁目１７番１２号,ハラシマパートⅢビル１階,箱根そば　千歳烏山店,株式会社小田急レストランシステム,03-5314-5632,7世保生食ほ第470号,飲食店営業,令和7年8月1日,令和7年8月1日,令和14年7月31日
7182,東京都世田谷区南烏山五丁目１７番１２号,ハラジマパートⅢビル２Ｆ,世田谷餃子,株式会社成城フードサービス,03-5315-9557,7世保生食ほ第1509号,飲食店営業,令和8年2月1日,令和8年2月1日,令和14年1月31日
7183,東京都世田谷区南烏山五丁目１７番１２号,-,池田郊平　坂内、会津喜多方ラーメン　千歳烏山店,有限会社壹番館,5384-5678,2世保生食ほ第389号,飲食店営業,令和2年5月26日,令和2年5月26日,令和8年5月31日
7184,東京都世田谷区南烏山五丁目１７番１３号,装和ビル３Ｆ,ラグタイム,***,03-3309-1460,2世保生食ほ第2724号,飲食店営業,昭和53年4月14日,令和3年5月1日,令和9年4月30日
7185,東京都世田谷区南烏山五丁目１７番１３号,町田ビル１Ｆ,ウラニワ千歳烏山店,株式会社ウラニワ,5314-1887,4世保生食ほ第675号,飲食店営業,令和4年7月29日,令和4年7月29日,令和11年7月31日
7186,東京都世田谷区南烏山五丁目１８番１４号,３Ｆ,Ｂａｒ　Ｃｒｏｗ,株式会社Ｃｒｏｗ,-,3世保生食ほ第1422号,飲食店営業,令和3年10月14日,令和3年10月14日,令和9年10月31日
7187,東京都世田谷区南烏山五丁目１８番１５号,-,たこぜん,合同会社ベストプレパレーション,-,2世保生食ほ第287号,飲食店営業,令和2年5月12日,令和2年5月12日,令和8年5月31日
7188,東京都世田谷区南烏山五丁目１８番１５号,ＡＮＯＡＴＨ南烏山４Ｆ,焼鳥屋　優,株式会社Ｆ－ｓｔｙｌｅ,03-6909-0028,4世保生食ほ第687号,飲食店営業,令和4年7月28日,令和4年7月28日,令和11年7月31日
7189,東京都世田谷区南烏山五丁目１８番１５号,２Ｆ,ｎｏｐｅ,株式会社ＳＵＢＳＴＡＮＣＥ,03-5969-9800,5世保生食ほ第248号,飲食店営業,令和5年6月30日,令和5年6月30日,令和11年6月30日
7190,東京都世田谷区南烏山五丁目１８番１５号,ＡＮＯＡＴＨ南烏山１Ｆ,夕焼け飯店　千歳烏山店,有限会社夕焼け企画,-,6世保生食ほ第461号,飲食店営業,令和6年7月8日,令和6年7月8日,令和13年7月31日
7191,東京都世田谷区南烏山五丁目１８番１５号,ＡＮＯＡＴＨ南烏山４Ｆ,居酒屋なや,***,-,7世保生食ほ第585号,飲食店営業,令和7年8月6日,令和7年8月6日,令和13年8月31日
7192,東京都世田谷区南烏山五丁目１８番１７号,-,武膳,有限会社アイアールツー,03-5315-3803,5世保生食ほ第1869号,飲食店営業,令和6年5月1日,令和6年5月1日,令和12年4月30日
7193,東京都世田谷区南烏山五丁目１８番１８号,-,中華料理　品香園,有限会社品香園,03-3307-4156,6世保生食ほ第779号,飲食店営業,令和6年10月1日,令和6年10月1日,令和13年9月30日
7194,東京都世田谷区南烏山五丁目１８番１９号,-,べこたん　千歳烏山店,***,03-6909-1211,2世保生食ほ第409号,飲食店営業,令和2年5月27日,令和2年5月27日,令和9年5月31日
7195,東京都世田谷区南烏山五丁目１８番１９号,-,洪記餃子,株式会社洪記,4362-0796,2世保生食ほ第1925号,飲食店営業,令和2年12月28日,令和2年12月28日,令和9年12月31日
7196,東京都世田谷区南烏山五丁目１８番１９号,多胡ビル１０２,烏山みくりや,***,03-3308-4406,7世保生食ほ第646号,飲食店営業,令和7年8月28日,令和7年8月28日,令和13年8月31日
7197,東京都世田谷区南烏山五丁目１９番７号,グランヴィレッジ千歳烏山１Ａ,鰻の成瀬　千歳烏山店,合同会社ヤマザワ,-,7世保生食ほ第435号,飲食店営業,令和7年7月7日,令和7年7月7日,令和14年7月31日
7198,東京都世田谷区南烏山五丁目１９番１１号,-,バーガーキング　千歳烏山店,株式会社ビーケー・ジャパン,5969-8756,2世保生食ほ第2016号,飲食店営業,令和3年1月21日,令和3年1月21日,令和10年1月31日
7199,東京都世田谷区南烏山五丁目１９番１１号,-,バーガーキング　千歳烏山店,株式会社ビーケー・ジャパン,5969-8756,2世保生食ほ第2017号,菓子製造業,令和3年1月21日,令和3年1月21日,令和10年1月31日
7200,東京都世田谷区南烏山五丁目１９番１１号,-,バーガーキング　千歳烏山店,株式会社ビーケー・ジャパン,5969-8756,2世保生食ほ第2018号,アイスクリーム類製造業,令和3年1月21日,令和3年1月21日,令和10年1月31日
7201,東京都世田谷区南烏山五丁目１９番１１号,ＭＥＦＵＬＬ千歳烏山Ｂ１Ｆ,ＩＫＵＫＯ　ＳＰＡ　千歳烏山,株式会社イクコイメージインターナショナル,03-3300-3008,3世保生食ほ第1331号,飲食店営業,令和3年10月14日,令和3年10月14日,令和10年10月31日
7202,東京都世田谷区南烏山五丁目２０番１６号,ヴィオーラ烏山１Ｆ,セブンイレブン世田谷南烏山５丁目店,***,3308-5971,6世保生食ほ第687号,飲食店営業,令和6年8月9日,令和6年8月9日,令和13年8月31日
7203,東京都世田谷区南烏山五丁目２１番１号,-,夏空,***,6883-3693,6世保生食ほ第630号,飲食店営業,令和6年9月1日,令和6年9月1日,令和13年8月31日
7204,東京都世田谷区南烏山五丁目２３番５号,１Ｆ,喫茶　パンセ,***,03-6909-0906,31世保生食ほ第2367号,飲食店営業,平成26年3月27日,令和2年4月1日,令和8年3月31日
7205,東京都世田谷区南烏山五丁目２３番５号,１Ｆ,喫茶　パンセ,***,03-6909-0906,7世保生食ほ第1643号,飲食店営業,令和8年4月1日,令和8年4月1日,令和14年3月31日
7206,東京都世田谷区南烏山五丁目２４番７号,第２幸栄ビルＢ１,やましな,***,5313-4322,4世保生食ほ第1959号,飲食店営業,令和5年4月1日,令和5年4月1日,令和11年3月31日
7207,東京都世田谷区南烏山五丁目２４番７号,第二幸栄ビルＢ１Ｆ,ＣＯＭＰＬＥＸ,***,03-6909-1969,31世保生食ほ第2729号,飲食店営業,平成26年3月27日,令和2年4月1日,令和8年3月31日
7208,東京都世田谷区南烏山五丁目２４番７号,第二幸栄ビルＢ１Ｆ,ＣＯＭＰＬＥＸ,***,03-6909-1969,7世保生食ほ第1701号,飲食店営業,令和8年4月1日,令和8年4月1日,令和14年3月31日
7209,東京都世田谷区南烏山五丁目２４番９号,-,Ｌａ　Ｃｏｃｉｎａ　Ｍｅｅ,***,3307-8832,6世保生食ほ第1830号,飲食店営業,令和7年4月1日,令和7年4月1日,令和13年3月31日
7210,東京都世田谷区南烏山五丁目２５番８号,下山ビル２Ｆ,リトルダイニング　ＫＩＳＳ’Ｎ,***,6689-3095,5世保生食ほ第218号,飲食店営業,令和5年6月1日,令和5年6月1日,令和11年5月31日
7211,東京都世田谷区南烏山五丁目２５番１２号,１、２Ｆ,ＹＵＭＭＹ’Ｓ,株式会社ＹＵＭＭＹ’ＳＥＮＴＥＲＴＡＩＮＭＥＮＴ,03-3307-2544,4世保生食ほ第730号,飲食店営業,令和4年8月9日,令和4年8月9日,令和10年8月31日
7212,東京都世田谷区南烏山五丁目３２番１号,-,ライフ千歳烏山店,株式会社ライフコーポレーション,3300-2151,2世保生食ほ第2003号,食肉販売業,平成12年1月25日,令和3年2月1日,令和10年1月31日
7213,東京都世田谷区南烏山五丁目３２番１号,-,ライフ千歳烏山店,株式会社ライフコーポレーション,3300-2151,2世保生食ほ第2004号,魚介類販売業,平成12年1月25日,令和3年2月1日,令和10年1月31日
7214,東京都世田谷区南烏山五丁目３２番１号,-,ライフ千歳烏山店,株式会社ライフコーポレーション,3300-2151,2世保生食ほ第2006号,飲食店営業,令和3年2月17日,令和3年2月17日,令和10年1月31日
7215,東京都世田谷区南烏山五丁目３２番１号,-,ライフ千歳烏山店,株式会社ライフコーポレーション,3300-2151,2世保生食ほ第2007号,飲食店営業,令和3年2月17日,令和3年2月17日,令和10年1月31日
7216,東京都世田谷区南烏山五丁目３２番１号,-,ライフ千歳烏山店,株式会社ライフコーポレーション,3300-2151,2世保生食ほ第2008号,菓子製造業,令和3年2月17日,令和3年2月17日,令和10年1月31日
7217,東京都世田谷区南烏山五丁目３２番１号,-,ライフ千歳烏山店,株式会社ライフコーポレーション,3300-2151,2世保生食ほ第2010号,飲食店営業,令和3年2月17日,令和3年2月17日,令和10年1月31日
7218,東京都世田谷区南烏山五丁目３２番６号,Ｂ１,遊和食　きときと,株式会社尋’ｓ　ｗｏｒｋ,3305-1077,5世保生食ほ第1833号,飲食店営業,令和6年4月1日,令和6年4月1日,令和13年3月31日
7219,東京都世田谷区南烏山五丁目３２番６号,サンマルシェⅢ　Ｂ１Ｆ,ワイン食堂コモン,***,03-6338-1656,2世保生食ほ第2717号,飲食店営業,平成27年4月3日,令和3年5月1日,令和9年4月30日
7220,東京都世田谷区南烏山五丁目３２番１４号,アルファビル２Ｆ,お食事処　かづさ,***,03-3309-1155,7世保生食ほ第544号,飲食店営業,令和7年9月1日,令和7年9月1日,令和14年8月31日
7221,東京都世田谷区南烏山五丁目３２番１４号,アルファビル１Ｆ　２号棟,ハワイアングリル　バンブー,***,3326-2689,31世保生食ほ第2731号,飲食店営業,平成14年5月7日,令和2年6月1日,令和8年5月31日
7222,東京都世田谷区南烏山五丁目３２番１４号,アルファビル２Ｆ,ＪＡＰＡＬＩＡＮＴＥ,***,03-5314-9680,7世保生食ほ第207号,飲食店営業,令和7年6月1日,令和7年6月1日,令和14年5月31日
7223,東京都世田谷区南烏山五丁目３２番１４号,-,ＰＯＦ　ＢＡＫＥＲＹ,***,03-6382-9391,7世保生食ほ第1306号,飲食店営業,令和8年1月1日,令和8年1月1日,令和13年12月31日
7224,東京都世田谷区南烏山五丁目３２番１４号,-,ＰＯＦ　ＢＡＫＥＲＹ,***,03-6382-9391,7世保生食ほ第1313号,菓子製造業,令和8年1月1日,令和8年1月1日,令和13年12月31日
7225,東京都世田谷区南烏山五丁目３２番１４号,-,ととなり,株式会社ネクストアール,03-6909-0318,2世保生食ほ第2099号,飲食店営業,令和3年1月29日,令和3年1月29日,令和9年1月31日
7226,東京都世田谷区南烏山五丁目３２番１４号,アルファビル２Ｆ,Ｎｏｉｒ,***,-,3世保生食ほ第410号,飲食店営業,令和3年5月25日,令和3年5月25日,令和10年5月31日
7227,東京都世田谷区南烏山五丁目３２番１４号,アルファビル１Ｆ,中華そば　ＴＯＲＩＣＯ,株式会社Ｘ－ＰＥＣＴ,03-5969-9023,4世保生食ほ第142号,飲食店営業,令和4年4月26日,令和4年4月26日,令和11年4月30日
7228,東京都世田谷区南烏山五丁目３２番１７号,-,ニックニック　ブランジェ,株式会社マルヤマコーポレーション,3309-8682,3世保生食ほ第1043号,菓子製造業,令和3年8月27日,令和3年8月27日,令和10年9月30日
7229,東京都世田谷区南烏山六丁目２番１号,駅前ビル２Ｆ,ポポラマーマ　千歳烏山店,株式会社ポポラマーマ,0333269903,7世保生食ほ第1172号,飲食店営業,令和8年1月1日,令和8年1月1日,令和14年12月31日
7230,東京都世田谷区南烏山六丁目２番３号,スバルビル１，２Ｆ,横浜家系らーめん　武蔵家,株式会社アストラーレ・コーポレーション,3305-7222,31世保生食ほ第741号,飲食店営業,平成24年7月9日,令和元年8月1日,令和8年7月31日
7231,東京都世田谷区南烏山六丁目２番３号,スバルビル１・２階,ＣＲＩＳＰＹ　ＣＨＩＣＫＥＮ　ｎ＇　ＴＯＭＡＴＯ　千歳烏山店,株式会社ＨＹＯ１ＤＥＳＩＧＮ,-,4世保生食ほ第253号,飲食店営業,令和4年5月13日,令和4年5月13日,令和11年5月31日
7232,東京都世田谷区南烏山六丁目２番３号,スバルビル２Ｆ,ガールズ・バスター,株式会社ユアーズプラン,-,5世保生食ほ第1449号,飲食店営業,令和5年12月20日,令和5年12月20日,令和11年12月31日
7233,東京都世田谷区南烏山六丁目２番４号,宍戸ビルＢ１,インドカレー　カビール,株式会社アシフインターナショナル,3307-8600,3世保生食ほ第1638号,飲食店営業,令和3年12月3日,令和3年12月3日,令和9年12月31日
7234,東京都世田谷区南烏山六丁目３番１号,-,奥吉ミート,有限会社高誠,3300-3875,31世保生食ほ第599号,食肉販売業,平成3年7月24日,令和元年8月1日,令和8年7月31日
7235,東京都世田谷区南烏山六丁目３番３号,-,居酒屋　つぼ八,有限会社桝や,03-3309-4331,30世保生食ほ第2353号,飲食店営業,平成12年3月31日,平成31年4月1日,令和8年3月31日
7236,東京都世田谷区南烏山六丁目３番３号,-,居酒屋　つぼ八,有限会社桝や,03-3309-4331,7世保生食ほ第1732号,飲食店営業,令和8年4月1日,令和8年4月1日,令和15年3月31日
7237,東京都世田谷区南烏山六丁目３番８号,エリーゼ吉野ビルＢ１Ｆ,あつみ,あつみ合同会社,03-3308-0255,5世保生食ほ第1743号,飲食店営業,令和6年2月28日,令和6年2月28日,令和12年2月28日
7238,東京都世田谷区南烏山六丁目３番８号,エリーゼ吉野ビル１Ｆ,ＡＬＣＡ　ＤＥＬＩ．,***,-,7世保生食ほ第1629号,飲食店営業,令和8年2月20日,令和8年2月20日,令和14年2月29日
7239,東京都世田谷区南烏山六丁目３番９号,-,Ｆｌｕｆｆｙ　Ｄｏｎｕｔｓ,株式会社Ｋａｓｙｕ　Ｌｉｎｋ,03-5315-9097,4世保生食ほ第1226号,飲食店営業,令和4年11月2日,令和4年11月2日,令和11年11月30日
7240,東京都世田谷区南烏山六丁目３番９号,ミール千歳烏山１０１号,すしの美登利　千歳烏山店,株式会社フーデックスホールディングス,03-5969-8380,5世保生食ほ第1983号,飲食店営業,令和6年4月22日,令和6年4月22日,令和13年4月30日
7241,東京都世田谷区南烏山六丁目３番１４号,-,茶々坊　千歳烏山店,株式会社レミナ,03-6261-0611,4世保生食ほ第1164号,飲食店営業,令和4年11月1日,令和4年11月1日,令和10年10月31日
7242,東京都世田谷区南烏山六丁目３番１５号,-,ジェノワーズ　烏山店,有限会社フードサプライズ,03-3309-5732,31世保生食ほ第2708号,喫茶店営業,平成20年5月1日,令和2年5月1日,令和8年4月30日
7243,東京都世田谷区南烏山六丁目３番１７号,ホワイトパークビル１Ｆ,てんや千歳烏山店,ロイヤルフードサービス株式会社,03-5314-5621,5世保生食ほ第795号,飲食店営業,令和5年10月1日,令和5年10月1日,令和12年9月30日
7244,東京都世田谷区南烏山六丁目４番１号,烏山かどやビル１Ｆ,松軒中華食堂　千歳烏山店,株式会社松屋フーズ,-,6世保生食ほ第709号,飲食店営業,令和6年9月1日,令和6年9月1日,令和13年8月31日
7245,東京都世田谷区南烏山六丁目４番２号,第一烏山ＫＳビル地下１階,イクサリー,合同会社ティーワイ,-,2世保生食ほ第312号,飲食店営業,令和2年5月21日,令和2年5月21日,令和9年5月31日
7246,東京都世田谷区南烏山六丁目４番２号,第１烏山ＫＳビル１Ｆ,ＣＬＵＢ　ＺＥＰＨＹＲ,株式会社ジニア,03-5314-9237,6世保生食ほ第43号,飲食店営業,令和6年4月23日,令和6年4月23日,令和13年4月30日
7247,東京都世田谷区南烏山六丁目４番３号,-,ＢＡＲ　Ｂｅｔｔｙ,***,3308-3876,3世保生食ほ第33号,飲食店営業,平成27年4月23日,令和3年5月1日,令和9年4月30日
7248,東京都世田谷区南烏山六丁目４番５号,-,セブン－イレブン　千歳烏山駅西口店,***,3308-0056,3世保生食ほ第477号,飲食店営業,令和3年6月22日,令和3年6月22日,令和10年6月30日
7249,東京都世田谷区南烏山六丁目４番６号,リバービル２Ｆ,のんとろっぽ,***,5313-3339,5世保生食ほ第1165号,飲食店営業,令和5年11月1日,令和5年11月1日,令和11年10月31日
7250,東京都世田谷区南烏山六丁目４番６号,リバービルⅡ・１階,からすやま食堂,桃李株式会社,03-6311-1719,6世保生食ほ第1498号,飲食店営業,令和7年3月1日,令和7年3月1日,令和14年2月29日
7251,東京都世田谷区南烏山六丁目４番６号,リバービルⅡ・１階,からすやま食堂,桃李株式会社,03-6311-1719,7世保生食ほ第1006号,そうざい製造業,令和7年10月16日,令和7年10月16日,令和14年10月31日
7252,東京都世田谷区南烏山六丁目４番６号,リバービルⅡ　３Ｆ,バル酒場　エバデリ,合同会社ＭＥＤＩＡ　ＨＡＣＫ,-,5世保生食ほ第1775号,飲食店営業,令和6年3月21日,令和6年3月21日,令和12年3月31日
7253,東京都世田谷区南烏山六丁目４番７号,-,だんごの美好,株式会社ハント,03-3300-0902,7世保生食ほ第779号,菓子製造業,令和7年10月1日,令和7年10月1日,令和14年9月30日
7254,東京都世田谷区南烏山六丁目４番７号,プラザ六番館１Ｆ,Ｊ‐ｍｏｏｄ,有限会社パパエックス,6881-0343,6世保生食ほ第1819号,飲食店営業,令和7年4月1日,令和7年4月1日,令和13年3月31日
7255,東京都世田谷区南烏山六丁目４番１０号,スギタビル２Ｆ,ＳＫＩＤ　ＲＯＡＤ,株式会社カラスヤマフードサービス,03-5314-9939,5世保生食ほ第882号,飲食店営業,令和5年9月21日,令和5年9月21日,令和11年9月30日
7256,東京都世田谷区南烏山六丁目４番１２号,第５野萩ビルＢ１Ｆ,ビリヤード　アドバンス,***,3300-9838,31世保生食ほ第238号,飲食店営業,平成25年5月16日,令和元年6月1日,令和8年5月31日
7257,東京都世田谷区南烏山六丁目４番１２号,第五野萩ビル２Ｆ,すなっく　吟,***,3305-4417,4世保生食ほ第240号,飲食店営業,令和4年6月1日,令和4年6月1日,令和10年5月31日
7258,東京都世田谷区南烏山六丁目４番１２号,サンハイツ烏山１０２,みの吉,***,3307-3352,2世保生食ほ第2815号,飲食店営業,平成15年4月21日,令和3年5月1日,令和9年4月30日
7259,東京都世田谷区南烏山六丁目４番１２号,サンハイツ烏山２０３号,ＶＩＰ　ＲＯＯＭ　０８,***,6909-1080,31世保生食ほ第1640号,飲食店営業,令和元年11月8日,令和元年11月8日,令和8年11月30日
7260,東京都世田谷区南烏山六丁目４番１２号,第５野萩ビル２０３号室,ＲＯＯＴ,***,-,2世保生食ほ第308号,飲食店営業,令和2年6月3日,令和2年6月3日,令和8年6月30日
7261,東京都世田谷区南烏山六丁目４番１２号,-,カフェ　ｂｌｕｅ　ｍｏｏｎ３７,***,03-5969-0737,2世保生食ほ第2834号,飲食店営業,令和3年3月30日,令和3年3月30日,令和9年3月31日
7262,東京都世田谷区南烏山六丁目４番１２号,第５野萩ビル２階２０１号室,Ａｍｕｓｅｍｅｎｔ　ＢＡＲ　Ａｉｍｉｎｇ,***,03-5969-0737,4世保生食ほ第1512号,飲食店営業,令和4年12月27日,令和4年12月27日,令和10年12月31日
7263,東京都世田谷区南烏山六丁目４番１３号,エルデ６地下１階,Ｃｌｕｂ　Ｒ,***,3307-9919,2世保生食ほ第2298号,飲食店営業,平成21年2月2日,令和3年3月1日,令和9年2月28日
7264,東京都世田谷区南烏山六丁目４番１３号,-,天陽,有限会社後藤ファクトリー,3307-6677,2世保生食ほ第2065号,飲食店営業,平成21年1月5日,令和3年2月1日,令和9年1月31日
7265,東京都世田谷区南烏山六丁目４番１４号,-,長寿庵,有限会社鶴長,03-3309-1177,3世保生食ほ第1007号,飲食店営業,令和3年8月20日,令和3年8月20日,令和10年8月31日
7266,東京都世田谷区南烏山六丁目４番１４号,ライオンズステーションプラザ千歳烏山１０５,ｓｏｕｎｄｔｅｒｉａ,***,5313-0053,6世保生食ほ第1224号,飲食店営業,令和7年1月1日,令和7年1月1日,令和12年12月31日
7267,東京都世田谷区南烏山六丁目４番１８号,宇田川ビル２Ｆ,焼肉　東京苑,株式会社ＴＮＴ,5384-1129,2世保生食ほ第2752号,飲食店営業,平成26年4月2日,令和3年5月1日,令和10年4月30日
7268,東京都世田谷区南烏山六丁目４番２１号,１Ｆ,千歳烏山　鶏唐揚専賣店,株式会社ブランニュー,5313-8018,4世保生食ほ第1527号,飲食店営業,令和5年2月1日,令和5年2月1日,令和11年1月31日
7269,東京都世田谷区南烏山六丁目４番２２号,-,福家,***,03-3305-8520,5世保生食ほ第1146号,飲食店営業,令和6年6月5日,令和6年6月5日,令和13年6月30日
7270,東京都世田谷区南烏山六丁目４番２２号,-,株式会社西友　千歳烏山店　若菜,株式会社西友,03-5384-7051,5世保生食ほ第1159号,飲食店営業,令和5年11月16日,令和5年11月16日,令和12年11月30日
7271,東京都世田谷区南烏山六丁目４番２２号,-,株式会社西友　千歳烏山店,株式会社西友,03-5384-7051,5世保生食ほ第1161号,魚介類販売業,令和5年11月16日,令和5年11月16日,令和12年11月30日
7272,東京都世田谷区南烏山六丁目４番２２号,Ｈｏｒｉｂａｔａ　Ｔｅｒｒａｃｅ１階,うな祐,有限会社うな祐,3300-7007,5世保生食ほ第1408号,飲食店営業,令和5年12月14日,令和5年12月14日,令和12年12月31日
7273,東京都世田谷区南烏山六丁目４番２６号,第２倉林ビル１階,成城石井　千歳烏山店,株式会社成城石井,03-6909-0680,3世保生食ほ第674号,食肉販売業,令和3年7月19日,令和3年7月19日,令和10年7月31日
7274,東京都世田谷区南烏山六丁目４番２８号,パラッツォ烏山２Ｆ,大戸屋　千歳烏山店,***,3309-2984,2世保生食ほ第816号,飲食店営業,平成25年9月26日,令和2年10月1日,令和9年9月30日
7275,東京都世田谷区南烏山六丁目４番３０号,-,ヴィ・ド・フランス千歳烏山店,株式会社ヴィ・ド・フランス,03-3309-4616,4世保生食ほ第1786号,飲食店営業,令和5年4月1日,令和5年4月1日,令和12年3月31日
7276,東京都世田谷区南烏山六丁目４番３０号,-,ケンタッキーフライドチキン千歳烏山店,株式会社さわやか,-,6世保生食ほ第1374号,飲食店営業,令和7年1月1日,令和7年1月1日,令和13年12月31日
7277,東京都世田谷区南烏山六丁目４番３２号,-,深大寺門前そば千歳烏山駅前店,有限会社門前,3300-2174,4世保生食ほ第860号,飲食店営業,令和4年10月1日,令和4年10月1日,令和10年9月30日
7278,東京都世田谷区南烏山六丁目５番３号,田谷野ビル１Ｆ,煮干しそば　虎希,株式会社一丸,-,3世保生食ほ第1448号,飲食店営業,令和3年11月5日,令和3年11月5日,令和9年11月30日
7279,東京都世田谷区南烏山六丁目５番３号,田谷野ビル１０２号,からす屋,株式会社ネクストアール,-,4世保生食ほ第1482号,飲食店営業,令和5年1月4日,令和5年1月4日,令和11年1月31日
7280,東京都世田谷区南烏山六丁目５番６号,プレイハウスＢ１,Ｆｏｏｌ　Ｇｕｙ,***,5384-2336,5世保生食ほ第954号,飲食店営業,令和5年11月1日,令和5年11月1日,令和11年10月31日
7281,東京都世田谷区南烏山六丁目５番６号,プレイハウスＢ１,あすなろ,***,03-5313-3188,7世保生食ほ第212号,飲食店営業,令和7年6月1日,令和7年6月1日,令和13年5月31日
7282,東京都世田谷区南烏山六丁目５番７号,明光ビル新館Ｂ－１０１,ｖａｎｉｌｌａ　ｉｃｅ,***,3300-9889,2世保生食ほ第2048号,飲食店営業,令和3年1月27日,令和3年1月27日,令和9年1月31日
7283,東京都世田谷区南烏山六丁目５番１１号,明光ビル新館１０２,食堂居場所,株式会社ｉｂａｓｈｏ,03-6909-0230,5世保生食ほ第87号,飲食店営業,令和5年4月24日,令和5年4月24日,令和11年4月30日
7284,東京都世田谷区南烏山六丁目５番１３号,-,Ａｎｅｌａ　Ｂｏｗｌｓ（アネラボウルズ）千歳烏山店,株式会社ＳＧフードサービスジャパン,-,7世保生食ほ第481号,飲食店営業,令和7年7月15日,令和7年7月15日,令和13年7月31日
7285,東京都世田谷区南烏山六丁目５番１５号,中央駅前ビル２Ｆ,ドウ・ピューレ,***,3307-4685,2世保生食ほ第184号,飲食店営業,平成14年4月5日,令和2年5月1日,令和8年4月30日
7286,東京都世田谷区南烏山六丁目６番２号,-,四季の家,***,5313-2155,5世保生食ほ第603号,飲食店営業,令和5年9月1日,令和5年9月1日,令和12年8月31日
7287,東京都世田谷区南烏山六丁目６番２号,サンマルシェビル　Ｂ１階,まんが喫茶ゲラゲラ　千歳烏山店,株式会社ＬＡＶＡ　Ｉｎｔｅｒｎａｔｉｏｎａｌ,3326-8911,2世保生食ほ第1777号,飲食店営業,平成20年12月11日,令和3年1月1日,令和8年12月31日
7288,東京都世田谷区南烏山六丁目６番１５号,-,鳥　誠,***,3309-4760,3世保生食ほ第1303号,飲食店営業,令和3年9月29日,令和3年9月29日,令和9年10月31日
7289,東京都世田谷区南烏山六丁目６番１５号,-,肉ぞう,Ｅｔｅｒｎａｌ　Ｈｅａｒｔ　株式会社,-,3世保生食ほ第444号,飲食店営業,令和3年6月3日,令和3年6月3日,令和9年6月30日
7290,東京都世田谷区南烏山六丁目６番１５号,-,肉ぞう,Ｅｔｅｒｎａｌ　Ｈｅａｒｔ　株式会社,-,5世保生食ほ第1303号,食肉販売業,令和5年11月16日,令和5年11月16日,令和11年11月30日
7291,東京都世田谷区南烏山六丁目６番１５号,-,肉ぞう,Ｅｔｅｒｎａｌ　Ｈｅａｒｔ　株式会社,-,5世保生食ほ第1304号,食品の小分け業,令和5年11月16日,令和5年11月16日,令和11年11月30日
7292,東京都世田谷区南烏山六丁目６番２４号,サンマルシェビル１０９,大漁,***,03-3326-3570,31世保生食ほ第2730号,飲食店営業,平成26年3月20日,令和2年4月1日,令和8年3月31日
7293,東京都世田谷区南烏山六丁目６番２４号,サンマルシェビル１０９,大漁,***,03-3326-3570,7世保生食ほ第1702号,飲食店営業,令和8年4月1日,令和8年4月1日,令和14年3月31日
7294,東京都世田谷区南烏山六丁目６番２４号,サンマルシェビル１０５,話食ダイニング　男魚魚,***,03-3326-1358,7世保生食ほ第721号,飲食店営業,令和7年10月1日,令和7年10月1日,令和13年9月30日
7295,東京都世田谷区南烏山六丁目６番２４号,サンマルシェビル１０８号室,ＳＡＫＡＳＡ,株式会社カラスヤマフードサービス,6279-5339,5世保生食ほ第886号,飲食店営業,令和5年9月28日,令和5年9月28日,令和11年9月30日
7296,東京都世田谷区南烏山六丁目６番２４号,サンマルシェビル１号２号,串むすび・らじゅ,株式会社ラホス,03-6279-6292,6世保生食ほ第1466号,飲食店営業,令和7年1月27日,令和7年1月27日,令和14年1月31日
7297,東京都世田谷区南烏山六丁目７番１号,森田ビル１０１,シミュレーションゴルフ＆バー　Ａｎｇｅ,Ａｎｇｅ株式会社,-,7世保生食ほ第686号,飲食店営業,令和7年8月22日,令和7年8月22日,令和14年8月31日
7298,東京都世田谷区南烏山六丁目７番１３号,-,有限会社　大勝軒,有限会社大勝軒,3309-6140,3世保生食ほ第1648号,飲食店営業,令和3年12月10日,令和3年12月10日,令和9年12月31日
7299,東京都世田谷区南烏山六丁目７番１５号,山盛ビル１Ｆ,カレーハウスＣｏＣｏ壱番屋　京王千歳烏山駅６番街,株式会社サクラ,03-5315-5178,7世保生食ほ第815号,飲食店営業,令和7年10月1日,令和7年10月1日,令和14年9月30日
7300,東京都世田谷区南烏山六丁目７番１５号,-,さんきち酒場,Ｄｒａｇｏｎ貿易合同会社,03-5314-9133,7世保生食ほ第529号,飲食店営業,令和7年7月14日,令和7年7月14日,令和13年7月31日
7301,東京都世田谷区南烏山六丁目７番１５号,堀井ビル２Ｆ,炭火焼　居酒屋　笑広,株式会社ＭＪＩＪ,03-6750-2140,3世保生食ほ第1470号,飲食店営業,令和3年10月28日,令和3年10月28日,令和9年10月31日
7302,東京都世田谷区南烏山六丁目７番１６号,-,おきゃく家宴～ｕｔａｇｅ～,桃李株式会社,6364-0300,31世保生食ほ第2531号,飲食店営業,令和2年3月26日,令和2年3月26日,令和9年3月31日
7303,東京都世田谷区南烏山六丁目７番１７号,ファミリア千歳烏山１０１,ムスビガーデン千歳烏山店,ムソー株式会社,03-5969-8070,5世保生食ほ第160号,魚介類販売業,令和5年5月18日,令和5年5月18日,令和12年5月31日
7304,東京都世田谷区南烏山六丁目７番１８号,丸杉ビル１階,れんげ食堂Ｔｏｓｈｕ　烏山西口店,オリジン東秀株式会社,03-5384-3021,4世保生食ほ第661号,飲食店営業,令和4年9月1日,令和4年9月1日,令和11年8月31日
7305,東京都世田谷区南烏山六丁目７番１９号,１Ｆ,手仕込のやきとり　鬼金棒,株式会社ＷＥ　Ｗｏｒｋｓ,03-3305-0888,3世保生食ほ第73号,飲食店営業,令和3年4月13日,令和3年4月13日,令和9年4月30日
7306,東京都世田谷区南烏山六丁目８番７号,１Ｆ,星　屋,***,5313-0153,5世保生食ほ第1384号,飲食店営業,令和5年12月7日,令和5年12月7日,令和11年12月31日
7307,東京都世田谷区南烏山六丁目１０番９号,コーシャハイム千歳烏山９号棟,Ｔ－２０６７４,フジ産業株式会社,03-5314-9505,2世保生食ほ第2704号,飲食店営業,平成26年3月20日,令和3年4月1日,令和10年3月31日
7308,東京都世田谷区南烏山六丁目１２番１２号,コーシャハイム千歳烏山１２号棟１Ｆ,コミュニティカフェななつのこ,一般社団法人ななつのこ,03-5969-8457,4世保生食ほ第398号,飲食店営業,令和4年7月1日,令和4年7月1日,令和10年6月30日
7309,東京都世田谷区南烏山六丁目１８番２１号,-,美鈴コーヒー株式会社,美鈴コーヒー株式会社,6279-5821,2世保生食ほ第462号,食肉販売業,令和2年6月10日,令和2年6月10日,令和8年6月30日
7310,東京都世田谷区南烏山六丁目１８番２１号,-,美鈴コーヒー株式会社,美鈴コーヒー株式会社,6279-5821,2世保生食ほ第463号,魚介類販売業,令和2年6月10日,令和2年6月10日,令和8年6月30日
7311,東京都世田谷区南烏山六丁目１８番２１号,-,美鈴コーヒー株式会社,美鈴コーヒー株式会社,6279-5821,6世保生食ほ第1133号,飲食店営業,令和6年12月1日,令和6年12月1日,令和12年11月30日
7312,東京都世田谷区南烏山六丁目２５番１１号,セラグリオ烏山１０１号室,和風イタリアン　村上食堂,***,03-6279-5146,2世保生食ほ第1782号,飲食店営業,平成25年12月26日,令和3年1月1日,令和9年12月31日
7313,東京都世田谷区南烏山六丁目２７番１号,パールビル２Ｆ,彩花,***,-,6世保生食ほ第59号,飲食店営業,令和6年5月1日,令和6年5月1日,令和12年4月30日
7314,東京都世田谷区南烏山六丁目２７番１号,１Ｆ,３８　さんぱち食堂,***,6909-1738,2世保生食ほ第1580号,飲食店営業,平成26年12月17日,令和3年1月1日,令和8年11月30日
7315,東京都世田谷区南烏山六丁目２７番１号,１Ｆ,３８　さんぱち食堂,***,6909-1738,2世保生食ほ第1581号,食肉処理業,令和2年11月6日,令和2年11月6日,令和8年11月30日
7316,東京都世田谷区南烏山六丁目２７番３号,ウインド烏山Ｂ１０１号室,スナック　白ゆり,***,-,7世保生食ほ第1533号,飲食店営業,令和8年2月1日,令和8年2月1日,令和14年1月31日
7317,東京都世田谷区南烏山六丁目２７番３号,ウインド烏山１０１,アボカド・キッチン・シャカリキ,***,5969-9908,2世保生食ほ第2019号,飲食店営業,令和3年1月21日,令和3年1月21日,令和9年1月31日
7318,東京都世田谷区南烏山六丁目２７番３号,ウインド烏山１０２,よりみち,***,03-6909-0879,7世保生食ほ第129号,飲食店営業,令和7年4月28日,令和7年4月28日,令和13年4月30日
7319,東京都世田谷区南烏山六丁目２７番３号,高橋ビル１階１０２,田舎道　シゴルギル,株式会社ＳＩＧＯＬＧＩＬ,03-6279-5483,7世保生食ほ第656号,飲食店営業,令和7年8月14日,令和7年8月14日,令和13年8月31日
7320,東京都世田谷区南烏山六丁目２７番３号,ウインド烏山１０１号室,花味亭,***,-,7世保生食ほ第961号,飲食店営業,令和7年10月6日,令和7年10月6日,令和14年10月31日
7321,東京都世田谷区南烏山六丁目２７番９号,グレースＹＫ１０１,モカジャバ,有限会社モカジャバコーヒーロースター,0353155228,4世保生食ほ第875号,飲食店営業,令和4年9月1日,令和4年9月1日,令和10年8月31日
7322,東京都世田谷区南烏山六丁目２７番１３号,ロイヤルハイツ１ーＡ,すぱろー,***,3300-3489,5世保生食ほ第1460号,飲食店営業,令和6年2月1日,令和6年2月1日,令和12年1月31日
7323,東京都世田谷区南烏山六丁目２８番１号,アグリタウン千歳烏山２Ｆ,ＪＡ東京中央ファーマーズマーケット千歳烏山店,一般社団法人北沢おせっかいクラブ,03-5313-7771,4世保生食ほ第308号,そうざい製造業,令和4年5月25日,令和4年5月25日,令和10年5月31日
7324,東京都世田谷区南烏山六丁目２８番１号,-,ファーマーズマーケット千歳烏山,東京中央農業協同組合,03-5313-7711,5世保生食ほ第1824号,飲食店営業,令和6年3月7日,令和6年3月7日,令和12年3月31日
7325,東京都世田谷区南烏山六丁目２８番４号,-,ちとせ家,株式会社ＭＲＮ,03-6909-0969,7世保生食ほ第1739号,飲食店営業,令和8年3月1日,令和8年3月1日,令和15年2月28日
7326,東京都世田谷区南烏山六丁目２８番４号,南烏山ｋビル２Ｆ,ビストロシノワＴＡＫＡＮＡＲＩ,***,3326-2525,31世保生食ほ第2052号,飲食店営業,平成18年1月23日,令和2年2月1日,令和9年1月31日
7327,東京都世田谷区南烏山六丁目２８番５号,ミルフィーユ１－１Ｆ,イタリア料理と千歳烏山,***,03-6909-1689,6世保生食ほ第288号,飲食店営業,令和6年5月24日,令和6年5月24日,令和13年5月31日
7328,東京都世田谷区南烏山六丁目２８番１２号,-,バー　ミシェル,***,-,2世保生食ほ第183号,飲食店営業,平成20年6月16日,令和2年7月1日,令和8年6月30日
7329,東京都世田谷区南烏山六丁目２８番１２号,青木ビル１０２号,宗寿司,***,5384-2468,2世保生食ほ第1953号,飲食店営業,平成8年12月26日,令和3年1月1日,令和8年12月31日
7330,東京都世田谷区南烏山六丁目２８番１２号,青木ビル１０３,おこめの弐八,***,03-3326-5734,6世保生食ほ第389号,飲食店営業,令和6年7月1日,令和6年7月1日,令和12年6月30日
7331,東京都世田谷区南烏山六丁目２８番１２号,-,ｓａｐｅｌｅ,株式会社カラスヤマフードサービス,03-5969-8327,5世保生食ほ第885号,飲食店営業,令和5年9月21日,令和5年9月21日,令和11年9月30日
7332,東京都世田谷区南烏山六丁目２８番１３号,シオンミナミ１Ｆ,パティスリー　ユウ　ササゲ,株式会社ササジュ,5315-9090,31世保生食ほ第363号,菓子製造業,令和元年5月22日,令和元年5月22日,令和8年5月31日
7333,東京都世田谷区南烏山六丁目２８番１４号,エステェビル３０１,Ｋ＆Ｋ　Ｃｒｅａｔｉｖｅ　Ｌａｂｏ合同会社,Ｋ＆Ｋ　Ｃｒｅａｔｉｖｅ　Ｌａｂｏ合同会社,-,4世保生食ほ第1377号,飲食店営業,令和4年11月25日,令和4年11月25日,令和10年11月30日
7334,東京都世田谷区南烏山六丁目２８番１４号,エステェビル１０１,居酒屋　まとや,***,-,5世保生食ほ第1563号,飲食店営業,令和6年1月25日,令和6年1月25日,令和13年1月31日
7335,東京都世田谷区南烏山六丁目２８番１５号,Ｃ．ＭＦ烏山１０３号,Ｓｉｄｅ　Ｂ,***,-,7世保生食ほ第1757号,飲食店営業,令和8年4月13日,令和8年4月13日,令和14年4月30日
7336,東京都世田谷区南烏山六丁目２９番１号,クオーレフェリーチェ,忠や　総本店,合同会社忠や,03-5969-0565,30世保生食ほ第2348号,飲食店営業,平成31年3月11日,平成31年3月11日,令和8年3月31日
7337,東京都世田谷区南烏山六丁目２９番１号,クオーレフェリーチェ,忠や　総本店,合同会社忠や,03-5969-0565,7世保生食ほ第1689号,飲食店営業,令和8年4月1日,令和8年4月1日,令和15年3月31日
7338,東京都世田谷区南烏山六丁目２９番２号,第３いずみコーポ１０１,居酒屋　山ちゃん,***,03-3308-5868,7世保生食ほ第302号,飲食店営業,令和7年7月1日,令和7年7月1日,令和13年6月30日
7339,東京都世田谷区南烏山六丁目２９番２号,第３イズミコ－ポ１０２号,ＨＯ,***,5384-5388,31世保生食ほ第935号,飲食店営業,平成17年8月8日,令和元年9月1日,令和8年8月31日
7340,東京都世田谷区南烏山六丁目２９番２号,プラタナスタカサゴＢ０１,ｈａｌｌｅｌｕｊａｈ,株式会社ＩＮＧ,3307-1661,3世保生食ほ第1030号,飲食店営業,令和3年9月16日,令和3年9月16日,令和9年9月30日
7341,東京都世田谷区南烏山六丁目２９番２号,１０３,スナック　Ｔｉｎａ　ティナ,***,-,6世保生食ほ第313号,飲食店営業,令和6年7月1日,令和6年7月1日,令和12年6月30日
7342,東京都世田谷区南烏山六丁目２９番２号,ディライトビルディング２０１,Ｔｒａｔｔｏｒｉａ　ｅ　Ｐａｓｔｉｃｃｅｒｉａ　イタリア家庭料理と郷土菓子　Ｍａｎｇｉａ！　ｄａ　ｃａｆｅ　ＬＯＦＡＨ,***,-,2世保生食ほ第1223号,飲食店営業,令和2年10月5日,令和2年10月5日,令和8年10月31日
7343,東京都世田谷区南烏山六丁目２９番２号,ディライトビルディング２０１,Ｔｒａｔｔｏｒｉａ　ｅ　Ｐａｓｔｉｃｃｅｒｉａ　イタリア家庭料理と郷土菓子　Ｍａｎｇｉａ！　ｄａ　ｃａｆｅ　ＬＯＦＡＨ,***,-,2世保生食ほ第1224号,菓子製造業,令和2年10月5日,令和2年10月5日,令和8年10月31日
7344,東京都世田谷区南烏山六丁目２９番２号,プラタナスタカサゴ１０２,酒場　アカボシ,株式会社ｐｌｏｗ,03-6279-6263,2世保生食ほ第1822号,飲食店営業,令和2年12月22日,令和2年12月22日,令和9年12月31日
7345,東京都世田谷区南烏山六丁目２９番２号,ディライトビルディング１０２号,八輪,株式会社八輪,03-5313-8029,5世保生食ほ第883号,飲食店営業,令和5年9月22日,令和5年9月22日,令和11年9月30日
7346,東京都世田谷区南烏山六丁目２９番２号,ディライトビルディング１０２号,八輪,株式会社八輪,03-5313-8029,5世保生食ほ第884号,食肉販売業,令和5年9月22日,令和5年9月22日,令和11年9月30日
7347,東京都世田谷区南烏山六丁目２９番８号,金子ビル１Ｆ,Ｂｏｎｄ　Ｂａｒ,***,6382-9770,6世保生食ほ第1658号,飲食店営業,令和7年3月1日,令和7年3月1日,令和13年2月28日
7348,東京都世田谷区南烏山六丁目２９番８号,金子ビル２Ｆ,季節料理　びぃぼ,***,3326-8240,2世保生食ほ第944号,飲食店営業,平成25年9月10日,令和2年10月1日,令和9年9月30日
7349,東京都世田谷区南烏山六丁目２９番８号,朝倉ビル１０２,スナック　よりみち,***,03-6279-5830,31世保生食ほ第2952号,飲食店営業,令和2年4月3日,令和2年4月3日,令和8年4月30日
7350,東京都世田谷区南烏山六丁目２９番８号,朝倉ビル１０２,スナック　よりみち,***,03-6279-5830,7世保生食ほ第1940号,飲食店営業,令和8年5月1日,令和8年5月1日,令和14年4月30日
7351,東京都世田谷区南烏山六丁目２９番９号,コーポ長沢１Ｆ,スナック　ターブルー,***,03-5969-9198,5世保生食ほ第114号,飲食店営業,令和5年5月1日,令和5年5月1日,令和11年4月30日
7352,東京都世田谷区南烏山六丁目２９番１３号,-,我舎我舎,合同会社オフィスｇ２,3305-2323,2世保生食ほ第1107号,飲食店営業,令和2年9月25日,令和2年9月25日,令和8年9月30日
7353,東京都世田谷区南烏山六丁目３０番７号,１Ｆ２Ｆ,ＰＵＬＣＩＮＯ,***,3300-5026,3世保生食ほ第1528号,飲食店営業,令和3年11月10日,令和3年11月10日,令和9年11月30日
7354,東京都世田谷区南烏山六丁目３０番８号,辻ビル１階,スナック　エデル,***,03-3307-3895,6世保生食ほ第1360号,飲食店営業,令和7年2月1日,令和7年2月1日,令和13年1月31日
7355,東京都世田谷区南烏山六丁目３０番８号,辻ビル２階,ＡＫＡＳＡＢＩ,***,03-3307-7778,7世保生食ほ第1311号,飲食店営業,令和8年1月1日,令和8年1月1日,令和13年12月31日
7356,東京都世田谷区南烏山六丁目３３番３２号,第２ニイツビル　１Ｆ,Ｄｉｎｉｎｇ　Ｂａｒ　Ｔｏｒｔｕｇａ,***,6382-9066,2世保生食ほ第130号,飲食店営業,平成26年7月23日,令和2年8月1日,令和8年7月31日
7357,東京都世田谷区南烏山六丁目３３番３４号,ＹＫビル１０１,ＳＨＥＬＬＹ,ＳＡＫＡＥ合同会社,03-3308-3635,6世保生食ほ第1176号,飲食店営業,令和6年12月1日,令和6年12月1日,令和12年11月30日
7358,東京都世田谷区南烏山六丁目３３番３４号,ＹＫビル１０２,Ｐｕｂ＆Ｓｎａｃｋ　珠祈,***,6323-9306,2世保生食ほ第2618号,飲食店営業,平成27年3月27日,令和3年4月1日,令和9年3月31日
7359,東京都世田谷区南烏山六丁目３３番３４号,ＹＫビル２０１号,ラウンジ　ｙ,***,3305-0078,3世保生食ほ第1853号,飲食店営業,令和4年1月11日,令和4年1月11日,令和10年1月31日
7360,東京都世田谷区南烏山六丁目３３番３４号,ＹＫビルＢ１Ｆ,新鮮ホルモン自家製キムチの店　サランヘ,***,03-5314-9755,7世保生食ほ第130号,飲食店営業,令和7年6月1日,令和7年6月1日,令和14年5月31日
7361,東京都世田谷区南烏山六丁目３４番２号,-,ｃａｆｅ　ｓｕｎ　ｄｅｃｏ,***,03-3307-2857,7世保生食ほ第1700号,飲食店営業,令和8年2月25日,令和8年2月25日,令和15年2月28日
7362,東京都世田谷区南烏山六丁目３４番１６号,ハイムピア４－１０１,Ｃａｆ?～白?夢～,***,-,7世保生食ほ第427号,飲食店営業,令和7年6月30日,令和7年6月30日,令和13年6月30日
7363,東京都世田谷区給田一丁目１番１号,-,第一生命保険株式会社　女子陸上競技部寮,株式会社ＬＥＯＣ,-,31世保生食ほ第2798号,飲食店営業,令和2年3月19日,令和2年3月19日,令和9年3月31日
7364,東京都世田谷区給田一丁目１番２号,-,オウカス世田谷仙川,コンパスグループ・ジャパン株式会社,-,5世保生食ほ第635号,飲食店営業,令和5年7月28日,令和5年7月28日,令和12年7月31日
7365,東京都世田谷区給田一丁目１番１１号,-,オウカス世田谷仙川,野村不動産ウェルネス株式会社,03-6279-5316,5世保生食ほ第590号,飲食店営業,令和5年7月25日,令和5年7月25日,令和12年7月31日
7366,東京都世田谷区給田一丁目２番１号,-,世田谷区立烏山小学校,株式会社サンユー,03-3300-6158,3世保生食ほ第177号,飲食店営業,令和3年4月23日,令和3年4月23日,令和10年4月30日
7367,東京都世田谷区給田一丁目３番１０号,-,ウエリスアイビー世田谷仙川,コンパスグループ・ジャパン株式会社,-,4世保生食ほ第1775号,飲食店営業,令和5年3月15日,令和5年3月15日,令和12年3月31日
7368,東京都世田谷区給田一丁目３番４２号,-,Ｑｓ　ＡＮＯＴＨＥＲ　ＨＯＵＳＥ,株式会社第一ビルディング,-,4世保生食ほ第1815号,飲食店営業,令和5年3月1日,令和5年3月1日,令和11年2月28日
7369,東京都世田谷区給田二丁目１番１号,-,有限会社ケーエスサービス佼成学園店（食堂）,有限会社ケーエスサービス,03-3300-9255,2世保生食ほ第1564号,飲食店営業,令和2年11月17日,令和2年11月17日,令和9年11月30日
7370,東京都世田谷区給田三丁目５番２号,-,Ｂｒｅａｄａｌ　ｏｎｅ,***,3308-6599,6世保生食ほ第1436号,飲食店営業,令和7年5月1日,令和7年5月1日,令和14年4月30日
7371,東京都世田谷区給田三丁目５番２号,-,Ｂｒｅａｄａｌ　ｏｎｅ,***,3308-6599,6世保生食ほ第1437号,菓子製造業,令和7年5月1日,令和7年5月1日,令和14年4月30日
7372,東京都世田谷区給田三丁目５番２号,-,小林洋菓子店,***,3308-0522,4世保生食ほ第1446号,菓子製造業,令和5年1月1日,令和5年1月1日,令和10年12月31日
7373,東京都世田谷区給田三丁目７番１７号,-,ファミリーマートあぶらや給田三丁目,有限会社　あぶらや,03-3300-5805,31世保生食ほ第287号,飲食店営業,平成24年6月1日,令和元年6月1日,令和8年5月31日
7374,東京都世田谷区給田三丁目１６番７号,エステージ世田谷仙川１Ｆ,＊＊＊,***,3300-7269,2世保生食ほ第504号,菓子製造業,平成14年6月13日,令和2年7月1日,令和8年6月30日
7375,東京都世田谷区給田三丁目１６番１２号,-,有限会社　瀬間商店,有限会社瀬間商店,03-3309-1401,5世保生食ほ第604号,そうざい製造業,令和5年8月1日,令和5年8月1日,令和12年7月31日
7376,東京都世田谷区給田三丁目１６番１２号,-,有限会社　瀬間商店,有限会社瀬間商店,03-3309-1401,7世保生食ほ第1337号,菓子製造業,令和8年2月1日,令和8年2月1日,令和15年1月31日
7377,東京都世田谷区給田三丁目１７番１３号,-,ローソン世田谷給田三丁目店,株式会社日野屋,5313-6070,4世保生食ほ第1210号,飲食店営業,令和4年11月1日,令和4年11月1日,令和11年10月31日
7378,東京都世田谷区給田三丁目２９番１号,-,ガスト　世田谷給田店,株式会社すかいらーくレストランツ,03-5384-7275,5世保生食ほ第1466号,飲食店営業,令和6年1月1日,令和6年1月1日,令和11年12月31日
7379,東京都世田谷区給田三丁目３１番１７号,-,セブンイレブン世田谷給田３丁目店,***,3309-5711,3世保生食ほ第533号,飲食店営業,令和3年6月21日,令和3年6月21日,令和10年6月30日
7380,東京都世田谷区給田三丁目３１番２０号,Ｏｎｃｏ千歳烏山１０６号,緩,***,-,7世保生食ほ第1574号,飲食店営業,令和8年3月4日,令和8年3月4日,令和14年3月31日
7381,東京都世田谷区給田三丁目３１番２０号,Ｏｎｃｏ千歳烏山１０６号,緩,***,-,7世保生食ほ第1575号,菓子製造業,令和8年3月4日,令和8年3月4日,令和14年3月31日
7382,東京都世田谷区給田三丁目３２番３号,-,大むら,有限会社やまもと,3300-0816,2世保生食ほ第1395号,飲食店営業,昭和59年11月15日,令和2年12月1日,令和8年11月30日
7383,東京都世田谷区給田三丁目３３番１０号,-,有限会社　澤村食品,有限会社澤村食品,3326-4111,2世保生食ほ第678号,菓子製造業,平成14年8月29日,令和2年9月1日,令和8年8月31日
7384,東京都世田谷区給田三丁目３３番１９号,-,チャイニーズレストラン館,***,3305-7878,31世保生食ほ第1518号,飲食店営業,昭和63年11月8日,令和元年12月1日,令和8年11月30日
7385,東京都世田谷区給田三丁目３４番１号,ライオンズマンション１０６号室,Ｃａｆｅ　Ｂ１３,***,-,2世保生食ほ第2622号,飲食店営業,令和3年3月15日,令和3年3月15日,令和10年3月31日
7386,東京都世田谷区給田四丁目２０番８号,ガウディ１１,株式会社ウェルフェア　仙川事業所,株式会社ウェルフェア,03-6279-5707,2世保生食ほ第2562号,飲食店営業,平成26年3月3日,令和3年4月1日,令和10年3月31日
7387,東京都世田谷区給田四丁目２０番２３号,-,セブンイレブン世田谷給田４丁目店,***,03-3305-2977,2世保生食ほ第2372号,飲食店営業,平成26年2月18日,令和3年3月1日,令和10年2月29日
7388,東京都世田谷区給田四丁目２０番２３号,-,セブンイレブン世田谷給田４丁目店,***,03-3305-2977,2世保生食ほ第2373号,菓子製造業,平成26年2月18日,令和3年3月1日,令和10年2月29日
7389,東京都世田谷区給田四丁目２２番１号,-,あげた亭,***,03-3326-0919,2世保生食ほ第2694号,飲食店営業,昭和60年5月10日,令和3年6月1日,令和9年5月31日
7390,東京都世田谷区給田四丁目２４番１号,-,世田谷区立給田小学校,株式会社藤江,03-3308-5671,3世保生食ほ第380号,飲食店営業,令和3年5月18日,令和3年5月18日,令和10年5月31日
7391,東京都世田谷区給田四丁目３０番３号,-,ほっともっと世田谷給田店,***,5315-5022,3世保生食ほ第394号,飲食店営業,平成26年5月26日,令和3年6月1日,令和10年5月31日
7392,東京都世田谷区給田五丁目２番７号,-,世田谷区立給田福祉園,株式会社レクトン,3308-9361,2世保生食ほ第2443号,飲食店営業,令和3年3月15日,令和3年3月15日,令和10年3月31日
7393,東京都世田谷区給田五丁目３番５号,-,せたがや給田乃杜,日清医療食品株式会社,5315-5032,5世保生食ほ第1737号,飲食店営業,令和6年4月1日,令和6年4月1日,令和13年3月31日
7394,東京都世田谷区給田五丁目９番５号,-,特別養護老人ホーム　千歳敬心苑,日清医療食品株式会社,03-3307-1165,30世保生食ほ第2419号,飲食店営業,平成10年3月25日,平成31年4月1日,令和8年3月31日
7395,東京都世田谷区給田五丁目９番５号,-,特別養護老人ホーム　千歳敬心苑,日清医療食品株式会社,03-3307-1165,7世保生食ほ第1710号,飲食店営業,令和8年4月1日,令和8年4月1日,令和15年3月31日
7396,東京都世田谷区上祖師谷一丁目１１番１５号,メゾン・ド・コレイユ１０２,Ｉｔａｌｉａｎ　ｃａｆｅ＆ｄｉｎｉｎｇ　Ａｐｅｒｔｏ,合同会社　Ｆｏｒｔｕｎａ,5969-9771,3世保生食ほ第575号,飲食店営業,令和3年6月14日,令和3年6月14日,令和9年6月30日
7397,東京都世田谷区上祖師谷二丁目１番１０号,ガーデン・ヴィラ１０１号,Ｃａｆｆｅ．Ｔｅｒｒａｃｅ　ＨＡＲＵ　ＨＡＲＵ,***,-,30世保生食ほ第2435号,飲食店営業,平成31年4月15日,平成31年4月15日,令和8年4月30日
7398,東京都世田谷区上祖師谷二丁目１番１０号,ガーデン・ヴィラ１０１号,Ｃａｆｆｅ．Ｔｅｒｒａｃｅ　ＨＡＲＵ　ＨＡＲＵ,***,-,8世保生食ほ第25号,飲食店営業,令和8年5月1日,令和8年5月1日,令和15年4月30日
7399,東京都世田谷区上祖師谷二丁目１番２２号,-,マム　ザ　ヘッジホッグ,***,3307-8088,7世保生食ほ第1748号,飲食店営業,令和8年4月1日,令和8年4月1日,令和14年3月31日
7400,東京都世田谷区上祖師谷二丁目１番２２号,-,マム　ザ　ヘッジホッグ,***,3307-8088,7世保生食ほ第1749号,菓子製造業,令和8年4月1日,令和8年4月1日,令和14年3月31日
7401,東京都世田谷区上祖師谷二丁目８番３０号,-,学校法人駒澤大学硬式野球部寮,株式会社ＬＥＯＣ,3300-5424,6世保生食ほ第1561号,飲食店営業,令和7年3月1日,令和7年3月1日,令和14年2月29日
7402,東京都世田谷区上祖師谷二丁目９番１２号,-,花の夢,合同会社真輝商事,-,3世保生食ほ第1273号,飲食店営業,令和3年9月24日,令和3年9月24日,令和9年9月30日
7403,東京都世田谷区上祖師谷二丁目３３番３３号,-,魚久,***,3300-2556,3世保生食ほ第1463号,飲食店営業,令和3年12月1日,令和3年12月1日,令和9年11月30日
7404,東京都世田谷区上祖師谷二丁目３３番３３号,-,魚久,***,3300-2556,3世保生食ほ第1464号,魚介類販売業,令和3年12月1日,令和3年12月1日,令和9年11月30日
7405,東京都世田谷区上祖師谷二丁目３６番６号,-,給田ゴルフセンター,田中ゴルフ有限会社,3309-6358,2世保生食ほ第1088号,飲食店営業,平成元年9月28日,令和2年10月1日,令和8年9月30日
7406,東京都世田谷区上祖師谷三丁目１番５号,-,魚良支店,***,3483-1001,2世保生食ほ第5号,魚介類販売業,昭和37年6月7日,令和2年7月1日,令和8年6月30日
7407,東京都世田谷区上祖師谷四丁目６番７号,-,ミニストップ成城通店,***,03-3309-8978,31世保生食ほ第335号,飲食店営業,令和元年5月27日,令和元年5月27日,令和8年5月31日
7408,東京都世田谷区上祖師谷四丁目６番７号,-,ミニストップ成城通店,***,03-3309-8978,31世保生食ほ第336号,アイスクリーム類製造業,令和元年5月27日,令和元年5月27日,令和8年5月31日
7409,東京都世田谷区上祖師谷四丁目７番１号,-,宍戸園カフェ,有限会社宍戸園,-,7世保生食ほ第242号,飲食店営業,令和7年6月5日,令和7年6月5日,令和13年6月30日
7410,東京都世田谷区上祖師谷四丁目７番１号,-,宍戸園カフェ,有限会社宍戸園,-,7世保生食ほ第243号,菓子製造業,令和7年6月5日,令和7年6月5日,令和13年6月30日
7411,東京都世田谷区上祖師谷四丁目１９番１１号,-,セブンイレブン世田谷上祖師谷４丁目店,有限会社ステップコーポレーション,03-3305-7255,5世保生食ほ第1001号,飲食店営業,令和5年10月25日,令和5年10月25日,令和12年10月31日
7412,東京都世田谷区上祖師谷四丁目２０番１６号,イケダアニマルケアプレイス１階,Ｃａｆｅ　Ｂｕｅｎａ　Ｖｉｓｔａ,***,-,7世保生食ほ第1319号,菓子製造業,令和7年12月10日,令和7年12月10日,令和13年8月31日
7413,東京都世田谷区上祖師谷四丁目２０番１６号,イケダアニマルケアプレイス１階,Ｃａｆｅ　Ｂｕｅｎａ　Ｖｉｓｔａ,***,-,7世保生食ほ第603号,飲食店営業,令和7年8月14日,令和7年8月14日,令和13年8月31日
7414,東京都世田谷区上祖師谷四丁目２４番１５号,-,ｍ７８３５０,シダックスフードサービス株式会社,3309-7865,5世保生食ほ第937号,飲食店営業,令和5年11月1日,令和5年11月1日,令和12年10月31日
7415,東京都世田谷区上祖師谷四丁目３６番１６号,-,富士瓦斯株式会社,三和ベンドサービス株式会社,3305-3711,7世保生食ほ第1455号,調理の機能を有する自動販売機により食品を調理し、調理された食品を販売する営業,令和8年2月1日,令和8年2月1日,令和13年1月31日
7416,東京都世田谷区上祖師谷四丁目３８番１６号,-,グランドマスト成城北,株式会社やさしい手,5314-9214,2世保生食ほ第1551号,飲食店営業,令和2年10月30日,令和2年10月30日,令和9年10月31日
7417,東京都世田谷区上祖師谷五丁目１番２０号,-,ファミリーマート世田谷成城通り店,三英米菓株式会社,03-5315-5029,31世保生食ほ第2479号,飲食店営業,令和2年2月25日,令和2年2月25日,令和9年2月28日
7418,東京都世田谷区上祖師谷五丁目１番２０号,-,ファミリーマート世田谷成城通り店,三英米菓株式会社,03-5315-5029,31世保生食ほ第2480号,菓子製造業,令和2年2月25日,令和2年2月25日,令和9年2月28日
7419,東京都世田谷区上祖師谷五丁目９番２２号,-,バーミヤン　世田谷上祖師谷店,株式会社すかいらーくレストランツ,03-5315-6341,31世保生食ほ第1669号,飲食店営業,平成10年11月27日,令和元年12月1日,令和8年11月30日
7420,東京都世田谷区上祖師谷五丁目１９番１号,-,一般社団法人至誠会　至誠会第二病院,株式会社ＬＥＯＣ,03-3300-0366,4世保生食ほ第1735号,飲食店営業,令和5年3月1日,令和5年3月1日,令和12年2月28日
7421,東京都世田谷区上祖師谷五丁目３１番９号,-,Ｂａｒｂｅｒ　Ｇｒａｍ　Ｃａｆｅ,***,-,4世保生食ほ第338号,飲食店営業,令和4年6月27日,令和4年6月27日,令和10年6月30日
7422,東京都世田谷区上祖師谷六丁目７番１５号,-,コンパスグループ・ジャパン株式会社　まどか上祖師谷事業所,コンパスグループ・ジャパン株式会社,3308-3576,5世保生食ほ第1445号,飲食店営業,令和6年2月1日,令和6年2月1日,令和13年1月31日
7423,東京都世田谷区上祖師谷六丁目２９番１９号,-,ＨＣ上祖師谷,株式会社グリーンヘルスケアサービス,-,5世保生食ほ第1909号,飲食店営業,令和6年4月22日,令和6年4月22日,令和13年4月30日
7424,東京都世田谷区上祖師谷七丁目１番１号,-,特別養護老人ホーム　東京敬寿園,コンパスグループ・ジャパン株式会社,3309-2065,31世保生食ほ第209号,飲食店営業,平成17年5月11日,令和元年6月1日,令和8年5月31日
7425,東京都世田谷区上祖師谷七丁目１番１号,-,特別養護老人ホーム　東京敬寿園,日清医療食品株式会社,-,3世保生食ほ第2189号,飲食店営業,令和4年3月16日,令和4年3月16日,令和11年3月31日
7426,東京都世田谷区上祖師谷七丁目１０番１号,-,世田谷区立上祖師谷中学校内給食室,株式会社レパスト,3308-9691,3世保生食ほ第91号,飲食店営業,令和3年4月28日,令和3年4月28日,令和10年4月30日
7427,東京都世田谷区上祖師谷七丁目１９番１６号,荒井第１マンション１０３号,ミシンカフェ＆ラウンジ　ｎｉｃｏ,***,03-6279-6987,5世保生食ほ第934号,飲食店営業,令和5年10月1日,令和5年10月1日,令和11年9月30日
7428,東京都世田谷区上祖師谷七丁目３０番１０号,-,ｌａ　ｐｅｔｉｔｅ　ｐ?ｔｉｓｓｅｒｉｅ　ＫＡＯＲＩ,***,-,2世保生食ほ第21号,菓子製造業,令和2年4月24日,令和2年4月24日,令和8年4月30日
